INSERT INTO State (StateID, StateName, NationalityID, Active) VALUES (1, 'Karnataka', 1, 1);
INSERT INTO District (DistrictID, DistrictName, StateID, Active) VALUES (1, 'Bengaluru City', 1, 1);
INSERT INTO District (DistrictID, DistrictName, StateID, Active) VALUES (2, 'Mysuru City', 1, 1);
INSERT INTO District (DistrictID, DistrictName, StateID, Active) VALUES (3, 'Mangaluru City', 1, 1);
INSERT INTO District (DistrictID, DistrictName, StateID, Active) VALUES (4, 'Hubballi-Dharwad', 1, 1);
INSERT INTO District (DistrictID, DistrictName, StateID, Active) VALUES (5, 'Belagavi', 1, 1);
INSERT INTO District (DistrictID, DistrictName, StateID, Active) VALUES (6, 'Kalaburagi', 1, 1);
INSERT INTO UnitType (UnitTypeID, UnitTypeName, CityDistState, Hierarchy, Active) VALUES (1, 'Police Station', 'District', 1, 1);
INSERT INTO UnitType (UnitTypeID, UnitTypeName, CityDistState, Hierarchy, Active) VALUES (2, 'Circle Office', 'District', 1, 1);
INSERT INTO UnitType (UnitTypeID, UnitTypeName, CityDistState, Hierarchy, Active) VALUES (3, 'Commissionerate', 'City', 1, 1);
INSERT INTO Unit (UnitID, UnitName, TypeID, ParentUnit, NationalityID, StateID, DistrictID, Active) VALUES (1, 'Indiranagar Police Station', 1, NULL, 1, 1, 1, 1);
INSERT INTO Unit (UnitID, UnitName, TypeID, ParentUnit, NationalityID, StateID, DistrictID, Active) VALUES (2, 'Koramangala Police Station', 1, NULL, 1, 1, 1, 1);
INSERT INTO Unit (UnitID, UnitName, TypeID, ParentUnit, NationalityID, StateID, DistrictID, Active) VALUES (3, 'Whitefield Police Station', 1, NULL, 1, 1, 1, 1);
INSERT INTO Unit (UnitID, UnitName, TypeID, ParentUnit, NationalityID, StateID, DistrictID, Active) VALUES (4, 'Jayanagar Police Station', 1, NULL, 1, 1, 1, 1);
INSERT INTO Unit (UnitID, UnitName, TypeID, ParentUnit, NationalityID, StateID, DistrictID, Active) VALUES (5, 'Malleshwaram Police Station', 1, NULL, 1, 1, 1, 1);
INSERT INTO Unit (UnitID, UnitName, TypeID, ParentUnit, NationalityID, StateID, DistrictID, Active) VALUES (6, 'Devaraja Police Station', 1, NULL, 1, 1, 2, 1);
INSERT INTO Unit (UnitID, UnitName, TypeID, ParentUnit, NationalityID, StateID, DistrictID, Active) VALUES (7, 'Lashkar Police Station', 1, NULL, 1, 1, 2, 1);
INSERT INTO Unit (UnitID, UnitName, TypeID, ParentUnit, NationalityID, StateID, DistrictID, Active) VALUES (8, 'Vijayanagar Police Station Mysuru', 1, NULL, 1, 1, 2, 1);
INSERT INTO Unit (UnitID, UnitName, TypeID, ParentUnit, NationalityID, StateID, DistrictID, Active) VALUES (9, 'Kadri Police Station', 1, NULL, 1, 1, 3, 1);
INSERT INTO Unit (UnitID, UnitName, TypeID, ParentUnit, NationalityID, StateID, DistrictID, Active) VALUES (10, 'Pandeshwar Police Station', 1, NULL, 1, 1, 3, 1);
INSERT INTO Unit (UnitID, UnitName, TypeID, ParentUnit, NationalityID, StateID, DistrictID, Active) VALUES (11, 'Urwa Police Station', 1, NULL, 1, 1, 3, 1);
INSERT INTO Unit (UnitID, UnitName, TypeID, ParentUnit, NationalityID, StateID, DistrictID, Active) VALUES (12, 'Suburban Police Station Hubballi', 1, NULL, 1, 1, 4, 1);
INSERT INTO Unit (UnitID, UnitName, TypeID, ParentUnit, NationalityID, StateID, DistrictID, Active) VALUES (13, 'Vidyanagar Police Station Hubballi', 1, NULL, 1, 1, 4, 1);
INSERT INTO Unit (UnitID, UnitName, TypeID, ParentUnit, NationalityID, StateID, DistrictID, Active) VALUES (14, 'Suburban Police Station Dharwad', 1, NULL, 1, 1, 4, 1);
INSERT INTO Unit (UnitID, UnitName, TypeID, ParentUnit, NationalityID, StateID, DistrictID, Active) VALUES (15, 'Camp Police Station Belagavi', 1, NULL, 1, 1, 5, 1);
INSERT INTO Unit (UnitID, UnitName, TypeID, ParentUnit, NationalityID, StateID, DistrictID, Active) VALUES (16, 'Tilakwadi Police Station', 1, NULL, 1, 1, 5, 1);
INSERT INTO Unit (UnitID, UnitName, TypeID, ParentUnit, NationalityID, StateID, DistrictID, Active) VALUES (17, 'Shahapur Police Station', 1, NULL, 1, 1, 5, 1);
INSERT INTO Unit (UnitID, UnitName, TypeID, ParentUnit, NationalityID, StateID, DistrictID, Active) VALUES (18, 'Station Bazar Police Station', 1, NULL, 1, 1, 6, 1);
INSERT INTO Rank (RankID, RankName, Hierarchy, Active) VALUES (1, 'Police Constable', 1, 1);
INSERT INTO Rank (RankID, RankName, Hierarchy, Active) VALUES (2, 'Head Constable', 2, 1);
INSERT INTO Rank (RankID, RankName, Hierarchy, Active) VALUES (3, 'Assistant Sub-Inspector', 3, 1);
INSERT INTO Rank (RankID, RankName, Hierarchy, Active) VALUES (4, 'Police Sub-Inspector', 4, 1);
INSERT INTO Rank (RankID, RankName, Hierarchy, Active) VALUES (5, 'Police Inspector', 5, 1);
INSERT INTO Rank (RankID, RankName, Hierarchy, Active) VALUES (6, 'Deputy Superintendent of Police', 6, 1);
INSERT INTO Designation (DesignationID, DesignationName, Active, SortOrder) VALUES (1, 'Station House Officer', 1, 1);
INSERT INTO Designation (DesignationID, DesignationName, Active, SortOrder) VALUES (2, 'Investigating Officer', 1, 2);
INSERT INTO Designation (DesignationID, DesignationName, Active, SortOrder) VALUES (3, 'Crime Branch Officer', 1, 3);
INSERT INTO Designation (DesignationID, DesignationName, Active, SortOrder) VALUES (4, 'Beat Officer', 1, 4);
INSERT INTO Employee (EmployeeID, DistrictID, UnitID, RankID, DesignationID, KGID, FirstName, EmployeeDOB, GenderID, BloodGroupID, PhysicallyChallenged, AppointmentDate) VALUES (1, 1, 1, 5, 1, 'KGID-10001', 'Suresh Rao', '1985-05-15', 1, 1, 0, '2010-08-01');
INSERT INTO Employee (EmployeeID, DistrictID, UnitID, RankID, DesignationID, KGID, FirstName, EmployeeDOB, GenderID, BloodGroupID, PhysicallyChallenged, AppointmentDate) VALUES (2, 1, 1, 4, 2, 'KGID-10002', 'Sunil Rao', '1985-05-15', 1, 1, 0, '2010-08-01');
INSERT INTO Employee (EmployeeID, DistrictID, UnitID, RankID, DesignationID, KGID, FirstName, EmployeeDOB, GenderID, BloodGroupID, PhysicallyChallenged, AppointmentDate) VALUES (3, 1, 2, 5, 1, 'KGID-10003', 'Ganesh Nayak', '1985-05-15', 1, 1, 0, '2010-08-01');
INSERT INTO Employee (EmployeeID, DistrictID, UnitID, RankID, DesignationID, KGID, FirstName, EmployeeDOB, GenderID, BloodGroupID, PhysicallyChallenged, AppointmentDate) VALUES (4, 1, 2, 4, 2, 'KGID-10004', 'Kiran Rao', '1985-05-15', 1, 1, 0, '2010-08-01');
INSERT INTO Employee (EmployeeID, DistrictID, UnitID, RankID, DesignationID, KGID, FirstName, EmployeeDOB, GenderID, BloodGroupID, PhysicallyChallenged, AppointmentDate) VALUES (5, 1, 3, 5, 1, 'KGID-10005', 'Sunil Bhat', '1985-05-15', 1, 1, 0, '2010-08-01');
INSERT INTO Employee (EmployeeID, DistrictID, UnitID, RankID, DesignationID, KGID, FirstName, EmployeeDOB, GenderID, BloodGroupID, PhysicallyChallenged, AppointmentDate) VALUES (6, 1, 3, 4, 2, 'KGID-10006', 'Prakash Shetty', '1985-05-15', 1, 1, 0, '2010-08-01');
INSERT INTO Employee (EmployeeID, DistrictID, UnitID, RankID, DesignationID, KGID, FirstName, EmployeeDOB, GenderID, BloodGroupID, PhysicallyChallenged, AppointmentDate) VALUES (7, 1, 4, 5, 1, 'KGID-10007', 'Vijay Kulkarni', '1985-05-15', 1, 1, 0, '2010-08-01');
INSERT INTO Employee (EmployeeID, DistrictID, UnitID, RankID, DesignationID, KGID, FirstName, EmployeeDOB, GenderID, BloodGroupID, PhysicallyChallenged, AppointmentDate) VALUES (8, 1, 4, 4, 2, 'KGID-10008', 'Kiran Kambali', '1985-05-15', 1, 1, 0, '2010-08-01');
INSERT INTO Employee (EmployeeID, DistrictID, UnitID, RankID, DesignationID, KGID, FirstName, EmployeeDOB, GenderID, BloodGroupID, PhysicallyChallenged, AppointmentDate) VALUES (9, 1, 5, 5, 1, 'KGID-10009', 'Santosh Shetty', '1985-05-15', 1, 1, 0, '2010-08-01');
INSERT INTO Employee (EmployeeID, DistrictID, UnitID, RankID, DesignationID, KGID, FirstName, EmployeeDOB, GenderID, BloodGroupID, PhysicallyChallenged, AppointmentDate) VALUES (10, 1, 5, 4, 2, 'KGID-10010', 'Ganesh Rao', '1985-05-15', 1, 1, 0, '2010-08-01');
INSERT INTO Employee (EmployeeID, DistrictID, UnitID, RankID, DesignationID, KGID, FirstName, EmployeeDOB, GenderID, BloodGroupID, PhysicallyChallenged, AppointmentDate) VALUES (11, 2, 6, 5, 1, 'KGID-10011', 'Anitha Deshmukh', '1985-05-15', 1, 1, 0, '2010-08-01');
INSERT INTO Employee (EmployeeID, DistrictID, UnitID, RankID, DesignationID, KGID, FirstName, EmployeeDOB, GenderID, BloodGroupID, PhysicallyChallenged, AppointmentDate) VALUES (12, 2, 6, 4, 2, 'KGID-10012', 'Vijay Shetty', '1985-05-15', 1, 1, 0, '2010-08-01');
INSERT INTO Employee (EmployeeID, DistrictID, UnitID, RankID, DesignationID, KGID, FirstName, EmployeeDOB, GenderID, BloodGroupID, PhysicallyChallenged, AppointmentDate) VALUES (13, 2, 7, 5, 1, 'KGID-10013', 'Anil Kulkarni', '1985-05-15', 1, 1, 0, '2010-08-01');
INSERT INTO Employee (EmployeeID, DistrictID, UnitID, RankID, DesignationID, KGID, FirstName, EmployeeDOB, GenderID, BloodGroupID, PhysicallyChallenged, AppointmentDate) VALUES (14, 2, 7, 4, 2, 'KGID-10014', 'Santosh Hegde', '1985-05-15', 1, 1, 0, '2010-08-01');
INSERT INTO Employee (EmployeeID, DistrictID, UnitID, RankID, DesignationID, KGID, FirstName, EmployeeDOB, GenderID, BloodGroupID, PhysicallyChallenged, AppointmentDate) VALUES (15, 2, 8, 5, 1, 'KGID-10015', 'Kiran Jadhav', '1985-05-15', 1, 1, 0, '2010-08-01');
INSERT INTO Employee (EmployeeID, DistrictID, UnitID, RankID, DesignationID, KGID, FirstName, EmployeeDOB, GenderID, BloodGroupID, PhysicallyChallenged, AppointmentDate) VALUES (16, 2, 8, 4, 2, 'KGID-10016', 'Lakshmi Jadhav', '1985-05-15', 1, 1, 0, '2010-08-01');
INSERT INTO Employee (EmployeeID, DistrictID, UnitID, RankID, DesignationID, KGID, FirstName, EmployeeDOB, GenderID, BloodGroupID, PhysicallyChallenged, AppointmentDate) VALUES (17, 3, 9, 5, 1, 'KGID-10017', 'Anil Bhat', '1985-05-15', 1, 1, 0, '2010-08-01');
INSERT INTO Employee (EmployeeID, DistrictID, UnitID, RankID, DesignationID, KGID, FirstName, EmployeeDOB, GenderID, BloodGroupID, PhysicallyChallenged, AppointmentDate) VALUES (18, 3, 9, 4, 2, 'KGID-10018', 'Ramesh Jadhav', '1985-05-15', 1, 1, 0, '2010-08-01');
INSERT INTO Employee (EmployeeID, DistrictID, UnitID, RankID, DesignationID, KGID, FirstName, EmployeeDOB, GenderID, BloodGroupID, PhysicallyChallenged, AppointmentDate) VALUES (19, 3, 10, 5, 1, 'KGID-10019', 'Sunil Gowda', '1985-05-15', 1, 1, 0, '2010-08-01');
INSERT INTO Employee (EmployeeID, DistrictID, UnitID, RankID, DesignationID, KGID, FirstName, EmployeeDOB, GenderID, BloodGroupID, PhysicallyChallenged, AppointmentDate) VALUES (20, 3, 10, 4, 2, 'KGID-10020', 'Anil Kambali', '1985-05-15', 1, 1, 0, '2010-08-01');
INSERT INTO Employee (EmployeeID, DistrictID, UnitID, RankID, DesignationID, KGID, FirstName, EmployeeDOB, GenderID, BloodGroupID, PhysicallyChallenged, AppointmentDate) VALUES (21, 3, 11, 5, 1, 'KGID-10021', 'Anil Gowda', '1985-05-15', 1, 1, 0, '2010-08-01');
INSERT INTO Employee (EmployeeID, DistrictID, UnitID, RankID, DesignationID, KGID, FirstName, EmployeeDOB, GenderID, BloodGroupID, PhysicallyChallenged, AppointmentDate) VALUES (22, 3, 11, 4, 2, 'KGID-10022', 'Lakshmi Bhat', '1985-05-15', 1, 1, 0, '2010-08-01');
INSERT INTO Employee (EmployeeID, DistrictID, UnitID, RankID, DesignationID, KGID, FirstName, EmployeeDOB, GenderID, BloodGroupID, PhysicallyChallenged, AppointmentDate) VALUES (23, 4, 12, 5, 1, 'KGID-10023', 'Basavaraj Rao', '1985-05-15', 1, 1, 0, '2010-08-01');
INSERT INTO Employee (EmployeeID, DistrictID, UnitID, RankID, DesignationID, KGID, FirstName, EmployeeDOB, GenderID, BloodGroupID, PhysicallyChallenged, AppointmentDate) VALUES (24, 4, 12, 4, 2, 'KGID-10024', 'Mahesh Jadhav', '1985-05-15', 1, 1, 0, '2010-08-01');
INSERT INTO Employee (EmployeeID, DistrictID, UnitID, RankID, DesignationID, KGID, FirstName, EmployeeDOB, GenderID, BloodGroupID, PhysicallyChallenged, AppointmentDate) VALUES (25, 4, 13, 5, 1, 'KGID-10025', 'Shankar Rao', '1985-05-15', 1, 1, 0, '2010-08-01');
INSERT INTO Employee (EmployeeID, DistrictID, UnitID, RankID, DesignationID, KGID, FirstName, EmployeeDOB, GenderID, BloodGroupID, PhysicallyChallenged, AppointmentDate) VALUES (26, 4, 13, 4, 2, 'KGID-10026', 'Ganesh Patil', '1985-05-15', 1, 1, 0, '2010-08-01');
INSERT INTO Employee (EmployeeID, DistrictID, UnitID, RankID, DesignationID, KGID, FirstName, EmployeeDOB, GenderID, BloodGroupID, PhysicallyChallenged, AppointmentDate) VALUES (27, 4, 14, 5, 1, 'KGID-10027', 'Mahesh Bhat', '1985-05-15', 1, 1, 0, '2010-08-01');
INSERT INTO Employee (EmployeeID, DistrictID, UnitID, RankID, DesignationID, KGID, FirstName, EmployeeDOB, GenderID, BloodGroupID, PhysicallyChallenged, AppointmentDate) VALUES (28, 4, 14, 4, 2, 'KGID-10028', 'Ramesh Deshmukh', '1985-05-15', 1, 1, 0, '2010-08-01');
INSERT INTO Employee (EmployeeID, DistrictID, UnitID, RankID, DesignationID, KGID, FirstName, EmployeeDOB, GenderID, BloodGroupID, PhysicallyChallenged, AppointmentDate) VALUES (29, 5, 15, 5, 1, 'KGID-10029', 'Sunil Kambali', '1985-05-15', 1, 1, 0, '2010-08-01');
INSERT INTO Employee (EmployeeID, DistrictID, UnitID, RankID, DesignationID, KGID, FirstName, EmployeeDOB, GenderID, BloodGroupID, PhysicallyChallenged, AppointmentDate) VALUES (30, 5, 15, 4, 2, 'KGID-10030', 'Shankar Patil', '1985-05-15', 1, 1, 0, '2010-08-01');
INSERT INTO Employee (EmployeeID, DistrictID, UnitID, RankID, DesignationID, KGID, FirstName, EmployeeDOB, GenderID, BloodGroupID, PhysicallyChallenged, AppointmentDate) VALUES (31, 5, 16, 5, 1, 'KGID-10031', 'Prakash Patil', '1985-05-15', 1, 1, 0, '2010-08-01');
INSERT INTO Employee (EmployeeID, DistrictID, UnitID, RankID, DesignationID, KGID, FirstName, EmployeeDOB, GenderID, BloodGroupID, PhysicallyChallenged, AppointmentDate) VALUES (32, 5, 16, 4, 2, 'KGID-10032', 'Prakash Deshmukh', '1985-05-15', 1, 1, 0, '2010-08-01');
INSERT INTO Employee (EmployeeID, DistrictID, UnitID, RankID, DesignationID, KGID, FirstName, EmployeeDOB, GenderID, BloodGroupID, PhysicallyChallenged, AppointmentDate) VALUES (33, 5, 17, 5, 1, 'KGID-10033', 'Ramesh Deshmukh', '1985-05-15', 1, 1, 0, '2010-08-01');
INSERT INTO Employee (EmployeeID, DistrictID, UnitID, RankID, DesignationID, KGID, FirstName, EmployeeDOB, GenderID, BloodGroupID, PhysicallyChallenged, AppointmentDate) VALUES (34, 5, 17, 4, 2, 'KGID-10034', 'Shankar Gowda', '1985-05-15', 1, 1, 0, '2010-08-01');
INSERT INTO Employee (EmployeeID, DistrictID, UnitID, RankID, DesignationID, KGID, FirstName, EmployeeDOB, GenderID, BloodGroupID, PhysicallyChallenged, AppointmentDate) VALUES (35, 6, 18, 5, 1, 'KGID-10035', 'Mahesh Bhat', '1985-05-15', 1, 1, 0, '2010-08-01');
INSERT INTO Employee (EmployeeID, DistrictID, UnitID, RankID, DesignationID, KGID, FirstName, EmployeeDOB, GenderID, BloodGroupID, PhysicallyChallenged, AppointmentDate) VALUES (36, 6, 18, 4, 2, 'KGID-10036', 'Prakash Nayak', '1985-05-15', 1, 1, 0, '2010-08-01');
INSERT INTO CaseCategory (CaseCategoryID, LookupValue) VALUES (1, 'FIR');
INSERT INTO CaseCategory (CaseCategoryID, LookupValue) VALUES (2, 'UDR');
INSERT INTO CaseCategory (CaseCategoryID, LookupValue) VALUES (3, 'PAR');
INSERT INTO CaseCategory (CaseCategoryID, LookupValue) VALUES (4, 'Zero FIR');
INSERT INTO GravityOffence (GravityOffenceID, LookupValue) VALUES (1, 'Heinous');
INSERT INTO GravityOffence (GravityOffenceID, LookupValue) VALUES (2, 'Grave');
INSERT INTO GravityOffence (GravityOffenceID, LookupValue) VALUES (3, 'Non-Grave');
INSERT INTO CrimeHead (CrimeHeadID, CrimeGroupName, Active) VALUES (1, 'Crimes Against Property', 1);
INSERT INTO CrimeHead (CrimeHeadID, CrimeGroupName, Active) VALUES (2, 'Crimes Against Body', 1);
INSERT INTO CrimeHead (CrimeHeadID, CrimeGroupName, Active) VALUES (3, 'Cyber Crimes', 1);
INSERT INTO CrimeHead (CrimeHeadID, CrimeGroupName, Active) VALUES (4, 'Financial Offences', 1);
INSERT INTO CrimeHead (CrimeHeadID, CrimeGroupName, Active) VALUES (5, 'Narcotic Crimes', 1);
INSERT INTO CrimeSubHead (CrimeSubHeadID, CrimeHeadID, CrimeHeadName, SeqID) VALUES (1, 1, 'Automobile Theft', 1);
INSERT INTO CrimeSubHead (CrimeSubHeadID, CrimeHeadID, CrimeHeadName, SeqID) VALUES (2, 1, 'House Breaking Night', 2);
INSERT INTO CrimeSubHead (CrimeSubHeadID, CrimeHeadID, CrimeHeadName, SeqID) VALUES (3, 1, 'Chain Snatching', 3);
INSERT INTO CrimeSubHead (CrimeSubHeadID, CrimeHeadID, CrimeHeadName, SeqID) VALUES (4, 2, 'Murder', 4);
INSERT INTO CrimeSubHead (CrimeSubHeadID, CrimeHeadID, CrimeHeadName, SeqID) VALUES (5, 2, 'Grievous Hurt', 5);
INSERT INTO CrimeSubHead (CrimeSubHeadID, CrimeHeadID, CrimeHeadName, SeqID) VALUES (6, 3, 'Online Financial Fraud', 6);
INSERT INTO CrimeSubHead (CrimeSubHeadID, CrimeHeadID, CrimeHeadName, SeqID) VALUES (7, 3, 'Identity Theft', 7);
INSERT INTO CrimeSubHead (CrimeSubHeadID, CrimeHeadID, CrimeHeadName, SeqID) VALUES (8, 4, 'Cheating', 8);
INSERT INTO CrimeSubHead (CrimeSubHeadID, CrimeHeadID, CrimeHeadName, SeqID) VALUES (9, 5, 'Ganja Possession', 9);
INSERT INTO CrimeSubHead (CrimeSubHeadID, CrimeHeadID, CrimeHeadName, SeqID) VALUES (10, 1, 'Highway Robbery', 10);
INSERT INTO Act (ActCode, ActDescription, ShortName, Active) VALUES ('IPC', 'Indian Penal Code 1860', 'IPC', 1);
INSERT INTO Act (ActCode, ActDescription, ShortName, Active) VALUES ('IT_ACT', 'Information Technology Act 2000', 'IT Act', 1);
INSERT INTO Act (ActCode, ActDescription, ShortName, Active) VALUES ('NDPS', 'Narcotic Drugs & Psychotropic Substances Act', 'NDPS', 1);
INSERT INTO Act (ActCode, ActDescription, ShortName, Active) VALUES ('KPA', 'Karnataka Police Act 1963', 'KP Act', 1);
INSERT INTO Section (ActCode, SectionCode, SectionDescription, Active) VALUES ('IPC', '379', 'Theft', 1);
INSERT INTO Section (ActCode, SectionCode, SectionDescription, Active) VALUES ('IPC', '380', 'Theft in dwelling house', 1);
INSERT INTO Section (ActCode, SectionCode, SectionDescription, Active) VALUES ('IPC', '457', 'Lurking house-trespass by night', 1);
INSERT INTO Section (ActCode, SectionCode, SectionDescription, Active) VALUES ('IPC', '392', 'Robbery', 1);
INSERT INTO Section (ActCode, SectionCode, SectionDescription, Active) VALUES ('IPC', '302', 'Murder', 1);
INSERT INTO Section (ActCode, SectionCode, SectionDescription, Active) VALUES ('IPC', '326', 'Voluntarily causing grievous hurt', 1);
INSERT INTO Section (ActCode, SectionCode, SectionDescription, Active) VALUES ('IPC', '420', 'Cheating', 1);
INSERT INTO Section (ActCode, SectionCode, SectionDescription, Active) VALUES ('IT_ACT', '66D', 'Cheating by impersonation', 1);
INSERT INTO Section (ActCode, SectionCode, SectionDescription, Active) VALUES ('NDPS', '20', 'Cannabis offences', 1);
INSERT INTO Section (ActCode, SectionCode, SectionDescription, Active) VALUES ('IPC', '384', 'Extortion', 1);
INSERT INTO CrimeHeadActSection (CrimeHeadID, ActCode, SectionCode) VALUES (1, 'IPC', '379');
INSERT INTO CrimeHeadActSection (CrimeHeadID, ActCode, SectionCode) VALUES (1, 'IPC', '380');
INSERT INTO CrimeHeadActSection (CrimeHeadID, ActCode, SectionCode) VALUES (1, 'IPC', '457');
INSERT INTO CrimeHeadActSection (CrimeHeadID, ActCode, SectionCode) VALUES (2, 'IPC', '302');
INSERT INTO CrimeHeadActSection (CrimeHeadID, ActCode, SectionCode) VALUES (2, 'IPC', '326');
INSERT INTO CrimeHeadActSection (CrimeHeadID, ActCode, SectionCode) VALUES (3, 'IT_ACT', '66D');
INSERT INTO CrimeHeadActSection (CrimeHeadID, ActCode, SectionCode) VALUES (4, 'IPC', '420');
INSERT INTO CrimeHeadActSection (CrimeHeadID, ActCode, SectionCode) VALUES (5, 'NDPS', '20');
INSERT INTO Court (CourtID, CourtName, DistrictID, StateID, Active) VALUES (1, '1st ACMM Court Bengaluru', 1, 1, 1);
INSERT INTO Court (CourtID, CourtName, DistrictID, StateID, Active) VALUES (2, 'JMFC 1st Court Mysuru', 2, 1, 1);
INSERT INTO Court (CourtID, CourtName, DistrictID, StateID, Active) VALUES (3, 'JMFC 1st Court Mangaluru', 3, 1, 1);
INSERT INTO Court (CourtID, CourtName, DistrictID, StateID, Active) VALUES (4, 'JMFC 1st Court Hubballi', 4, 1, 1);
INSERT INTO Court (CourtID, CourtName, DistrictID, StateID, Active) VALUES (5, 'JMFC 1st Court Belagavi', 5, 1, 1);
INSERT INTO Court (CourtID, CourtName, DistrictID, StateID, Active) VALUES (6, 'JMFC 1st Court Kalaburagi', 6, 1, 1);
INSERT INTO CaseStatusMaster (CaseStatusID, CaseStatusName) VALUES (1, 'Under Investigation');
INSERT INTO CaseStatusMaster (CaseStatusID, CaseStatusName) VALUES (2, 'Charge Sheeted');
INSERT INTO CaseStatusMaster (CaseStatusID, CaseStatusName) VALUES (3, 'Pending Trial');
INSERT INTO CaseStatusMaster (CaseStatusID, CaseStatusName) VALUES (4, 'Closed');
INSERT INTO CaseStatusMaster (CaseStatusID, CaseStatusName) VALUES (5, 'Cancelled');
INSERT INTO CasteMaster (caste_master_id, caste_master_name) VALUES (1, 'General');
INSERT INTO CasteMaster (caste_master_id, caste_master_name) VALUES (2, 'OBC');
INSERT INTO CasteMaster (caste_master_id, caste_master_name) VALUES (3, 'SC');
INSERT INTO CasteMaster (caste_master_id, caste_master_name) VALUES (4, 'ST');
INSERT INTO CasteMaster (caste_master_id, caste_master_name) VALUES (5, 'Unspecified');
INSERT INTO ReligionMaster (ReligionID, ReligionName) VALUES (1, 'Hindu');
INSERT INTO ReligionMaster (ReligionID, ReligionName) VALUES (2, 'Muslim');
INSERT INTO ReligionMaster (ReligionID, ReligionName) VALUES (3, 'Christian');
INSERT INTO ReligionMaster (ReligionID, ReligionName) VALUES (4, 'Jain');
INSERT INTO ReligionMaster (ReligionID, ReligionName) VALUES (5, 'Sikh');
INSERT INTO OccupationMaster (OccupationID, OccupationName) VALUES (1, 'Business');
INSERT INTO OccupationMaster (OccupationID, OccupationName) VALUES (2, 'Private Employee');
INSERT INTO OccupationMaster (OccupationID, OccupationName) VALUES (3, 'Daily Wager');
INSERT INTO OccupationMaster (OccupationID, OccupationName) VALUES (4, 'Student');
INSERT INTO OccupationMaster (OccupationID, OccupationName) VALUES (5, 'Agriculture');
INSERT INTO OccupationMaster (OccupationID, OccupationName) VALUES (6, 'Unemployed');
INSERT INTO OccupationMaster (OccupationID, OccupationName) VALUES (7, 'Driver');
INSERT INTO CaseMaster (CaseMasterID, CrimeNo, CaseNo, CrimeRegisteredDate, PolicePersonID, PoliceStationID, CaseCategoryID, GravityOffenceID, CrimeMajorHeadID, CrimeMinorHeadID, CaseStatusID, CourtID, IncidentFromDate, IncidentToDate, InfoReceivedPSDate, latitude, longitude, BriefFacts) VALUES (1, '100010001202400001', '202400001', '2024-02-02', 1, 1, 1, 1, 1, 1, 1, 1, '2024-02-02 01:00:00', '2024-02-02 03:00:00', '2024-02-02 01:00:00', 12.969400, 77.631800, 'Incident reported at Indiranagar Police Station. Initial investigation launched by IO Suresh Rao.');
INSERT INTO Inv_OccuranceTime (CaseMasterID, IncidentFromDate, IncidentToDate, latitude, longitude, PlaceOfOccurrence) VALUES (1, '2024-02-02 01:00:00', '2024-02-02 03:00:00', 12.969400, 77.631800, 'Near Junction, Indiranagar');
INSERT INTO ComplainantDetails (ComplainantID, CaseMasterID, ComplainantName, AgeYear, OccupationID, ReligionID, CasteID, GenderID) VALUES (1, 1, 'Anand Bhat', 56, 2, 1, 1, 1);
INSERT INTO ActSectionAssociation (CaseMasterID, ActID, SectionID, ActOrderID, SectionOrderID) VALUES (1, 'IPC', '379', 1, 1);
INSERT INTO Victim (VictimMasterID, CaseMasterID, VictimName, AgeYear, GenderID, VictimPolice) VALUES (1, 1, 'Kiran Naik', 30, 1, '0');
INSERT INTO Accused (AccusedMasterID, CaseMasterID, AccusedName, AgeYear, GenderID, PersonID) VALUES (1, 1, 'Jagga Singh', 24, 1, 'A1');
INSERT INTO CaseMaster (CaseMasterID, CrimeNo, CaseNo, CrimeRegisteredDate, PolicePersonID, PoliceStationID, CaseCategoryID, GravityOffenceID, CrimeMajorHeadID, CrimeMinorHeadID, CaseStatusID, CourtID, IncidentFromDate, IncidentToDate, InfoReceivedPSDate, latitude, longitude, BriefFacts) VALUES (2, '100020007202400002', '202400002', '2024-03-03', 13, 7, 2, 2, 1, 2, 2, 2, '2024-03-03 02:00:00', '2024-03-03 04:00:00', '2024-03-03 02:00:00', 12.304000, 76.650000, 'Incident reported at Lashkar Police Station. Initial investigation launched by IO Anil Kulkarni.');
INSERT INTO Inv_OccuranceTime (CaseMasterID, IncidentFromDate, IncidentToDate, latitude, longitude, PlaceOfOccurrence) VALUES (2, '2024-03-03 02:00:00', '2024-03-03 04:00:00', 12.304000, 76.650000, 'Near Junction, Lashkar');
INSERT INTO ComplainantDetails (ComplainantID, CaseMasterID, ComplainantName, AgeYear, OccupationID, ReligionID, CasteID, GenderID) VALUES (2, 2, 'Anand Kulkarni', 52, 2, 1, 1, 1);
INSERT INTO ActSectionAssociation (CaseMasterID, ActID, SectionID, ActOrderID, SectionOrderID) VALUES (2, 'IPC', '379', 1, 1);
INSERT INTO Victim (VictimMasterID, CaseMasterID, VictimName, AgeYear, GenderID, VictimPolice) VALUES (2, 2, 'Rajesh Joshi', 47, 1, '0');
INSERT INTO Accused (AccusedMasterID, CaseMasterID, AccusedName, AgeYear, GenderID, PersonID) VALUES (2, 2, 'Imtiaz Khan', 28, 1, 'A1');
INSERT INTO ArrestSurrender (ArrestSurrenderID, CaseMasterID, ArrestSurrenderTypeID, ArrestSurrenderDate, ArrestSurrenderStateId, ArrestSurrenderDistrictId, PoliceStationID, IOID, CourtID, AccusedMasterID, IsAccused, IsComplainantAccused) VALUES (1, 2, 1, '2024-03-03', 1, 2, 7, 13, 2, 2, 1, 0);
INSERT INTO inv_arrestsurrenderaccused (ArrestSurrenderID, AccusedMasterID) VALUES (1, 2);
INSERT INTO CaseMaster (CaseMasterID, CrimeNo, CaseNo, CrimeRegisteredDate, PolicePersonID, PoliceStationID, CaseCategoryID, GravityOffenceID, CrimeMajorHeadID, CrimeMinorHeadID, CaseStatusID, CourtID, IncidentFromDate, IncidentToDate, InfoReceivedPSDate, latitude, longitude, BriefFacts) VALUES (3, '100030011202400003', '202400003', '2024-04-04', 21, 11, 3, 3, 1, 3, 3, 3, '2024-04-04 03:00:00', '2024-04-04 05:00:00', '2024-04-04 03:00:00', 12.882000, 74.824000, 'Incident reported at Urwa Police Station. Initial investigation launched by IO Anil Gowda.');
INSERT INTO Inv_OccuranceTime (CaseMasterID, IncidentFromDate, IncidentToDate, latitude, longitude, PlaceOfOccurrence) VALUES (3, '2024-04-04 03:00:00', '2024-04-04 05:00:00', 12.882000, 74.824000, 'Near Junction, Urwa');
INSERT INTO ComplainantDetails (ComplainantID, CaseMasterID, ComplainantName, AgeYear, OccupationID, ReligionID, CasteID, GenderID) VALUES (3, 3, 'Latha Kulkarni', 42, 2, 1, 1, 1);
INSERT INTO ActSectionAssociation (CaseMasterID, ActID, SectionID, ActOrderID, SectionOrderID) VALUES (3, 'IPC', '379', 1, 1);
INSERT INTO Victim (VictimMasterID, CaseMasterID, VictimName, AgeYear, GenderID, VictimPolice) VALUES (3, 3, 'Nikhil Naik', 47, 1, '0');
INSERT INTO Accused (AccusedMasterID, CaseMasterID, AccusedName, AgeYear, GenderID, PersonID) VALUES (3, 3, 'Yogesh Singh', 33, 1, 'A1');
INSERT INTO Accused (AccusedMasterID, CaseMasterID, AccusedName, AgeYear, GenderID, PersonID) VALUES (4, 3, 'Babloo Verma', 29, 1, 'A2');
INSERT INTO ChargesheetDetails (CSID, CaseMasterID, csdate, cstype, PolicePersonID) VALUES (1, 3, '2024-04-04 03:00:00', 'A', 21);
INSERT INTO CaseMaster (CaseMasterID, CrimeNo, CaseNo, CrimeRegisteredDate, PolicePersonID, PoliceStationID, CaseCategoryID, GravityOffenceID, CrimeMajorHeadID, CrimeMinorHeadID, CaseStatusID, CourtID, IncidentFromDate, IncidentToDate, InfoReceivedPSDate, latitude, longitude, BriefFacts) VALUES (4, '100040012202400004', '202400004', '2024-05-05', 23, 12, 4, 1, 2, 4, 4, 4, '2024-05-05 04:00:00', '2024-05-05 06:00:00', '2024-05-05 04:00:00', 15.346000, 75.135000, 'Incident reported at Suburban Police Station Hubballi. Initial investigation launched by IO Basavaraj Rao.');
INSERT INTO Inv_OccuranceTime (CaseMasterID, IncidentFromDate, IncidentToDate, latitude, longitude, PlaceOfOccurrence) VALUES (4, '2024-05-05 04:00:00', '2024-05-05 06:00:00', 15.346000, 75.135000, 'Near Junction, Suburban Hubballi');
INSERT INTO ComplainantDetails (ComplainantID, CaseMasterID, ComplainantName, AgeYear, OccupationID, ReligionID, CasteID, GenderID) VALUES (4, 4, 'Shilpa Bhat', 36, 2, 1, 1, 1);
INSERT INTO ActSectionAssociation (CaseMasterID, ActID, SectionID, ActOrderID, SectionOrderID) VALUES (4, 'IPC', '302', 1, 1);
INSERT INTO Victim (VictimMasterID, CaseMasterID, VictimName, AgeYear, GenderID, VictimPolice) VALUES (4, 4, 'Chaitra Hegde', 24, 1, '0');
INSERT INTO Accused (AccusedMasterID, CaseMasterID, AccusedName, AgeYear, GenderID, PersonID) VALUES (5, 4, 'Shiva Singh', 34, 1, 'A1');
INSERT INTO ArrestSurrender (ArrestSurrenderID, CaseMasterID, ArrestSurrenderTypeID, ArrestSurrenderDate, ArrestSurrenderStateId, ArrestSurrenderDistrictId, PoliceStationID, IOID, CourtID, AccusedMasterID, IsAccused, IsComplainantAccused) VALUES (2, 4, 1, '2024-05-05', 1, 4, 12, 23, 4, 5, 1, 0);
INSERT INTO inv_arrestsurrenderaccused (ArrestSurrenderID, AccusedMasterID) VALUES (2, 5);
INSERT INTO CaseMaster (CaseMasterID, CrimeNo, CaseNo, CrimeRegisteredDate, PolicePersonID, PoliceStationID, CaseCategoryID, GravityOffenceID, CrimeMajorHeadID, CrimeMinorHeadID, CaseStatusID, CourtID, IncidentFromDate, IncidentToDate, InfoReceivedPSDate, latitude, longitude, BriefFacts) VALUES (5, '100050016202400005', '202400005', '2024-06-06', 31, 16, 1, 2, 2, 5, 5, 5, '2024-06-06 05:00:00', '2024-06-06 07:00:00', '2024-06-06 05:00:00', 15.839000, 74.503000, 'Incident reported at Tilakwadi Police Station. Initial investigation launched by IO Prakash Patil.');
INSERT INTO Inv_OccuranceTime (CaseMasterID, IncidentFromDate, IncidentToDate, latitude, longitude, PlaceOfOccurrence) VALUES (5, '2024-06-06 05:00:00', '2024-06-06 07:00:00', 15.839000, 74.503000, 'Near Junction, Tilakwadi');
INSERT INTO ComplainantDetails (ComplainantID, CaseMasterID, ComplainantName, AgeYear, OccupationID, ReligionID, CasteID, GenderID) VALUES (5, 5, 'Bharath Hegde', 41, 2, 1, 1, 1);
INSERT INTO ActSectionAssociation (CaseMasterID, ActID, SectionID, ActOrderID, SectionOrderID) VALUES (5, 'IPC', '302', 1, 1);
INSERT INTO Victim (VictimMasterID, CaseMasterID, VictimName, AgeYear, GenderID, VictimPolice) VALUES (5, 5, 'Nikhil Shetty', 39, 1, '0');
INSERT INTO Accused (AccusedMasterID, CaseMasterID, AccusedName, AgeYear, GenderID, PersonID) VALUES (6, 5, 'Tukaram Alias', 28, 1, 'A1');
INSERT INTO CaseMaster (CaseMasterID, CrimeNo, CaseNo, CrimeRegisteredDate, PolicePersonID, PoliceStationID, CaseCategoryID, GravityOffenceID, CrimeMajorHeadID, CrimeMinorHeadID, CaseStatusID, CourtID, IncidentFromDate, IncidentToDate, InfoReceivedPSDate, latitude, longitude, BriefFacts) VALUES (6, '100060018202400006', '202400006', '2024-07-07', 35, 18, 2, 3, 3, 6, 1, 6, '2024-07-07 06:00:00', '2024-07-07 08:00:00', '2024-07-07 06:00:00', 17.325000, 76.830000, 'Incident reported at Station Bazar Police Station. Initial investigation launched by IO Mahesh Bhat.');
INSERT INTO Inv_OccuranceTime (CaseMasterID, IncidentFromDate, IncidentToDate, latitude, longitude, PlaceOfOccurrence) VALUES (6, '2024-07-07 06:00:00', '2024-07-07 08:00:00', 17.325000, 76.830000, 'Near Junction, Station Bazar');
INSERT INTO ComplainantDetails (ComplainantID, CaseMasterID, ComplainantName, AgeYear, OccupationID, ReligionID, CasteID, GenderID) VALUES (6, 6, 'Jagadish Shetty', 50, 2, 1, 1, 1);
INSERT INTO ActSectionAssociation (CaseMasterID, ActID, SectionID, ActOrderID, SectionOrderID) VALUES (6, 'IT_ACT', '66D', 1, 1);
INSERT INTO Victim (VictimMasterID, CaseMasterID, VictimName, AgeYear, GenderID, VictimPolice) VALUES (6, 6, 'Kiran Rao', 31, 1, '0');
INSERT INTO Accused (AccusedMasterID, CaseMasterID, AccusedName, AgeYear, GenderID, PersonID) VALUES (7, 6, 'Shiva Pashan', 35, 1, 'A1');
INSERT INTO Accused (AccusedMasterID, CaseMasterID, AccusedName, AgeYear, GenderID, PersonID) VALUES (8, 6, 'Dharma Salim', 40, 1, 'A2');
INSERT INTO ArrestSurrender (ArrestSurrenderID, CaseMasterID, ArrestSurrenderTypeID, ArrestSurrenderDate, ArrestSurrenderStateId, ArrestSurrenderDistrictId, PoliceStationID, IOID, CourtID, AccusedMasterID, IsAccused, IsComplainantAccused) VALUES (3, 6, 1, '2024-07-07', 1, 6, 18, 35, 6, 7, 1, 0);
INSERT INTO inv_arrestsurrenderaccused (ArrestSurrenderID, AccusedMasterID) VALUES (3, 7);
INSERT INTO inv_arrestsurrenderaccused (ArrestSurrenderID, AccusedMasterID) VALUES (3, 8);
INSERT INTO ChargesheetDetails (CSID, CaseMasterID, csdate, cstype, PolicePersonID) VALUES (2, 6, '2024-07-07 06:00:00', 'A', 35);
INSERT INTO CaseMaster (CaseMasterID, CrimeNo, CaseNo, CrimeRegisteredDate, PolicePersonID, PoliceStationID, CaseCategoryID, GravityOffenceID, CrimeMajorHeadID, CrimeMinorHeadID, CaseStatusID, CourtID, IncidentFromDate, IncidentToDate, InfoReceivedPSDate, latitude, longitude, BriefFacts) VALUES (7, '100010002202400007', '202400007', '2024-08-08', 3, 2, 3, 1, 3, 7, 2, 1, '2024-08-08 07:00:00', '2024-08-08 09:00:00', '2024-08-08 07:00:00', 12.932200, 77.621500, 'Incident reported at Koramangala Police Station. Initial investigation launched by IO Ganesh Nayak.');
INSERT INTO Inv_OccuranceTime (CaseMasterID, IncidentFromDate, IncidentToDate, latitude, longitude, PlaceOfOccurrence) VALUES (7, '2024-08-08 07:00:00', '2024-08-08 09:00:00', 12.932200, 77.621500, 'Near Junction, Koramangala');
INSERT INTO ComplainantDetails (ComplainantID, CaseMasterID, ComplainantName, AgeYear, OccupationID, ReligionID, CasteID, GenderID) VALUES (7, 7, 'Pooja Bhat', 45, 2, 1, 1, 1);
INSERT INTO ActSectionAssociation (CaseMasterID, ActID, SectionID, ActOrderID, SectionOrderID) VALUES (7, 'IT_ACT', '66D', 1, 1);
INSERT INTO Victim (VictimMasterID, CaseMasterID, VictimName, AgeYear, GenderID, VictimPolice) VALUES (7, 7, 'Kiran Bhat', 30, 1, '0');
INSERT INTO Accused (AccusedMasterID, CaseMasterID, AccusedName, AgeYear, GenderID, PersonID) VALUES (9, 7, 'Babloo Singh', 28, 1, 'A1');
INSERT INTO CaseMaster (CaseMasterID, CrimeNo, CaseNo, CrimeRegisteredDate, PolicePersonID, PoliceStationID, CaseCategoryID, GravityOffenceID, CrimeMajorHeadID, CrimeMinorHeadID, CaseStatusID, CourtID, IncidentFromDate, IncidentToDate, InfoReceivedPSDate, latitude, longitude, BriefFacts) VALUES (8, '100020007202400008', '202400008', '2024-09-09', 13, 7, 4, 2, 4, 8, 3, 2, '2024-09-09 08:00:00', '2024-09-09 10:00:00', '2024-09-09 08:00:00', 12.310000, 76.656000, 'Incident reported at Lashkar Police Station. Initial investigation launched by IO Anil Kulkarni.');
INSERT INTO Inv_OccuranceTime (CaseMasterID, IncidentFromDate, IncidentToDate, latitude, longitude, PlaceOfOccurrence) VALUES (8, '2024-09-09 08:00:00', '2024-09-09 10:00:00', 12.310000, 76.656000, 'Near Junction, Lashkar');
INSERT INTO ComplainantDetails (ComplainantID, CaseMasterID, ComplainantName, AgeYear, OccupationID, ReligionID, CasteID, GenderID) VALUES (8, 8, 'Eshwar Shetty', 61, 2, 1, 1, 1);
INSERT INTO ActSectionAssociation (CaseMasterID, ActID, SectionID, ActOrderID, SectionOrderID) VALUES (8, 'IPC', '420', 1, 1);
INSERT INTO Victim (VictimMasterID, CaseMasterID, VictimName, AgeYear, GenderID, VictimPolice) VALUES (8, 8, 'Divya Deshpande', 29, 1, '0');
INSERT INTO Accused (AccusedMasterID, CaseMasterID, AccusedName, AgeYear, GenderID, PersonID) VALUES (10, 8, 'Babloo Reddy', 20, 1, 'A1');
INSERT INTO ArrestSurrender (ArrestSurrenderID, CaseMasterID, ArrestSurrenderTypeID, ArrestSurrenderDate, ArrestSurrenderStateId, ArrestSurrenderDistrictId, PoliceStationID, IOID, CourtID, AccusedMasterID, IsAccused, IsComplainantAccused) VALUES (4, 8, 1, '2024-09-09', 1, 2, 7, 13, 2, 10, 1, 0);
INSERT INTO inv_arrestsurrenderaccused (ArrestSurrenderID, AccusedMasterID) VALUES (4, 10);
INSERT INTO CaseMaster (CaseMasterID, CrimeNo, CaseNo, CrimeRegisteredDate, PolicePersonID, PoliceStationID, CaseCategoryID, GravityOffenceID, CrimeMajorHeadID, CrimeMinorHeadID, CaseStatusID, CourtID, IncidentFromDate, IncidentToDate, InfoReceivedPSDate, latitude, longitude, BriefFacts) VALUES (9, '100030011202400009', '202400009', '2024-10-10', 21, 11, 1, 3, 5, 9, 4, 3, '2024-10-10 09:00:00', '2024-10-10 11:00:00', '2024-10-10 09:00:00', 12.888000, 74.830000, 'Incident reported at Urwa Police Station. Initial investigation launched by IO Anil Gowda.');
INSERT INTO Inv_OccuranceTime (CaseMasterID, IncidentFromDate, IncidentToDate, latitude, longitude, PlaceOfOccurrence) VALUES (9, '2024-10-10 09:00:00', '2024-10-10 11:00:00', 12.888000, 74.830000, 'Near Junction, Urwa');
INSERT INTO ComplainantDetails (ComplainantID, CaseMasterID, ComplainantName, AgeYear, OccupationID, ReligionID, CasteID, GenderID) VALUES (9, 9, 'Chetan Shetty', 43, 2, 1, 1, 1);
INSERT INTO ActSectionAssociation (CaseMasterID, ActID, SectionID, ActOrderID, SectionOrderID) VALUES (9, 'NDPS', '20', 1, 1);
INSERT INTO Victim (VictimMasterID, CaseMasterID, VictimName, AgeYear, GenderID, VictimPolice) VALUES (9, 9, 'Kiran Rao', 28, 1, '0');
INSERT INTO Accused (AccusedMasterID, CaseMasterID, AccusedName, AgeYear, GenderID, PersonID) VALUES (11, 9, 'Yogesh Salim', 27, 1, 'A1');
INSERT INTO Accused (AccusedMasterID, CaseMasterID, AccusedName, AgeYear, GenderID, PersonID) VALUES (12, 9, 'Imtiaz Salim', 21, 1, 'A2');
INSERT INTO ChargesheetDetails (CSID, CaseMasterID, csdate, cstype, PolicePersonID) VALUES (3, 9, '2024-10-10 09:00:00', 'A', 21);
INSERT INTO CaseMaster (CaseMasterID, CrimeNo, CaseNo, CrimeRegisteredDate, PolicePersonID, PoliceStationID, CaseCategoryID, GravityOffenceID, CrimeMajorHeadID, CrimeMinorHeadID, CaseStatusID, CourtID, IncidentFromDate, IncidentToDate, InfoReceivedPSDate, latitude, longitude, BriefFacts) VALUES (10, '100010005202400010', '202400010', '2024-11-11', 9, 5, 2, 1, 1, 10, 5, 1, '2024-11-11 10:00:00', '2024-11-11 12:00:00', '2024-11-11 10:00:00', 13.003100, 77.564300, 'Incident reported at Malleshwaram Police Station. Initial investigation launched by IO Santosh Shetty.');
INSERT INTO Inv_OccuranceTime (CaseMasterID, IncidentFromDate, IncidentToDate, latitude, longitude, PlaceOfOccurrence) VALUES (10, '2024-11-11 10:00:00', '2024-11-11 12:00:00', 13.003100, 77.564300, 'Near Junction, Malleshwaram');
INSERT INTO ComplainantDetails (ComplainantID, CaseMasterID, ComplainantName, AgeYear, OccupationID, ReligionID, CasteID, GenderID) VALUES (10, 10, 'Pooja Naik', 39, 2, 1, 1, 1);
INSERT INTO ActSectionAssociation (CaseMasterID, ActID, SectionID, ActOrderID, SectionOrderID) VALUES (10, 'IPC', '379', 1, 1);
INSERT INTO Victim (VictimMasterID, CaseMasterID, VictimName, AgeYear, GenderID, VictimPolice) VALUES (10, 10, 'Sangeetha Naik', 39, 1, '0');
INSERT INTO Accused (AccusedMasterID, CaseMasterID, AccusedName, AgeYear, GenderID, PersonID) VALUES (13, 10, 'Nagaraj @ ''Snake'' Nagi', 34, 1, 'A1');
INSERT INTO ArrestSurrender (ArrestSurrenderID, CaseMasterID, ArrestSurrenderTypeID, ArrestSurrenderDate, ArrestSurrenderStateId, ArrestSurrenderDistrictId, PoliceStationID, IOID, CourtID, AccusedMasterID, IsAccused, IsComplainantAccused) VALUES (5, 10, 1, '2024-11-11', 1, 1, 5, 9, 1, 13, 1, 0);
INSERT INTO inv_arrestsurrenderaccused (ArrestSurrenderID, AccusedMasterID) VALUES (5, 13);
INSERT INTO CaseMaster (CaseMasterID, CrimeNo, CaseNo, CrimeRegisteredDate, PolicePersonID, PoliceStationID, CaseCategoryID, GravityOffenceID, CrimeMajorHeadID, CrimeMinorHeadID, CaseStatusID, CourtID, IncidentFromDate, IncidentToDate, InfoReceivedPSDate, latitude, longitude, BriefFacts) VALUES (11, '100050016202400011', '202400011', '2024-12-12', 31, 16, 3, 2, 1, 1, 1, 5, '2024-12-12 11:00:00', '2024-12-12 13:00:00', '2024-12-12 11:00:00', 15.845000, 74.509000, 'Incident reported at Tilakwadi Police Station. Initial investigation launched by IO Prakash Patil.');
INSERT INTO Inv_OccuranceTime (CaseMasterID, IncidentFromDate, IncidentToDate, latitude, longitude, PlaceOfOccurrence) VALUES (11, '2024-12-12 11:00:00', '2024-12-12 13:00:00', 15.845000, 74.509000, 'Near Junction, Tilakwadi');
INSERT INTO ComplainantDetails (ComplainantID, CaseMasterID, ComplainantName, AgeYear, OccupationID, ReligionID, CasteID, GenderID) VALUES (11, 11, 'Radha Deshpande', 27, 2, 1, 1, 1);
INSERT INTO ActSectionAssociation (CaseMasterID, ActID, SectionID, ActOrderID, SectionOrderID) VALUES (11, 'IPC', '379', 1, 1);
INSERT INTO Victim (VictimMasterID, CaseMasterID, VictimName, AgeYear, GenderID, VictimPolice) VALUES (11, 11, 'Nikhil Bhat', 30, 1, '0');
INSERT INTO Accused (AccusedMasterID, CaseMasterID, AccusedName, AgeYear, GenderID, PersonID) VALUES (14, 11, 'Babloo Reddy', 23, 1, 'A1');
INSERT INTO CaseMaster (CaseMasterID, CrimeNo, CaseNo, CrimeRegisteredDate, PolicePersonID, PoliceStationID, CaseCategoryID, GravityOffenceID, CrimeMajorHeadID, CrimeMinorHeadID, CaseStatusID, CourtID, IncidentFromDate, IncidentToDate, InfoReceivedPSDate, latitude, longitude, BriefFacts) VALUES (12, '100060018202400012', '202400012', '2024-01-13', 35, 18, 4, 3, 1, 2, 2, 6, '2024-01-13 12:00:00', '2024-01-13 14:00:00', '2024-01-13 12:00:00', 17.331000, 76.836000, 'Incident reported at Station Bazar Police Station. Initial investigation launched by IO Mahesh Bhat.');
INSERT INTO Inv_OccuranceTime (CaseMasterID, IncidentFromDate, IncidentToDate, latitude, longitude, PlaceOfOccurrence) VALUES (12, '2024-01-13 12:00:00', '2024-01-13 14:00:00', 17.331000, 76.836000, 'Near Junction, Station Bazar');
INSERT INTO ComplainantDetails (ComplainantID, CaseMasterID, ComplainantName, AgeYear, OccupationID, ReligionID, CasteID, GenderID) VALUES (12, 12, 'Deepak Joshi', 48, 2, 1, 1, 1);
INSERT INTO ActSectionAssociation (CaseMasterID, ActID, SectionID, ActOrderID, SectionOrderID) VALUES (12, 'IPC', '379', 1, 1);
INSERT INTO Victim (VictimMasterID, CaseMasterID, VictimName, AgeYear, GenderID, VictimPolice) VALUES (12, 12, 'Sangeetha Kulkarni', 25, 1, '0');
INSERT INTO Accused (AccusedMasterID, CaseMasterID, AccusedName, AgeYear, GenderID, PersonID) VALUES (15, 12, 'Vicky Khan', 30, 1, 'A1');
INSERT INTO Accused (AccusedMasterID, CaseMasterID, AccusedName, AgeYear, GenderID, PersonID) VALUES (16, 12, 'Yogesh Reddy', 32, 1, 'A2');
INSERT INTO ArrestSurrender (ArrestSurrenderID, CaseMasterID, ArrestSurrenderTypeID, ArrestSurrenderDate, ArrestSurrenderStateId, ArrestSurrenderDistrictId, PoliceStationID, IOID, CourtID, AccusedMasterID, IsAccused, IsComplainantAccused) VALUES (6, 12, 1, '2024-01-13', 1, 6, 18, 35, 6, 15, 1, 0);
INSERT INTO inv_arrestsurrenderaccused (ArrestSurrenderID, AccusedMasterID) VALUES (6, 15);
INSERT INTO inv_arrestsurrenderaccused (ArrestSurrenderID, AccusedMasterID) VALUES (6, 16);
INSERT INTO ChargesheetDetails (CSID, CaseMasterID, csdate, cstype, PolicePersonID) VALUES (4, 12, '2024-01-13 12:00:00', 'A', 35);
INSERT INTO CaseMaster (CaseMasterID, CrimeNo, CaseNo, CrimeRegisteredDate, PolicePersonID, PoliceStationID, CaseCategoryID, GravityOffenceID, CrimeMajorHeadID, CrimeMinorHeadID, CaseStatusID, CourtID, IncidentFromDate, IncidentToDate, InfoReceivedPSDate, latitude, longitude, BriefFacts) VALUES (13, '100010003202400013', '202400013', '2024-02-14', 5, 3, 1, 1, 1, 3, 3, 1, '2024-02-14 13:00:00', '2024-02-14 15:00:00', '2024-02-14 13:00:00', 12.972800, 77.752900, 'Incident reported at Whitefield Police Station. Initial investigation launched by IO Sunil Bhat.');
INSERT INTO Inv_OccuranceTime (CaseMasterID, IncidentFromDate, IncidentToDate, latitude, longitude, PlaceOfOccurrence) VALUES (13, '2024-02-14 13:00:00', '2024-02-14 15:00:00', 12.972800, 77.752900, 'Near Junction, Whitefield');
INSERT INTO ComplainantDetails (ComplainantID, CaseMasterID, ComplainantName, AgeYear, OccupationID, ReligionID, CasteID, GenderID) VALUES (13, 13, 'Anand Deshpande', 38, 2, 1, 1, 1);
INSERT INTO ActSectionAssociation (CaseMasterID, ActID, SectionID, ActOrderID, SectionOrderID) VALUES (13, 'IPC', '379', 1, 1);
INSERT INTO Victim (VictimMasterID, CaseMasterID, VictimName, AgeYear, GenderID, VictimPolice) VALUES (13, 13, 'Vinay Hegde', 34, 1, '0');
INSERT INTO Accused (AccusedMasterID, CaseMasterID, AccusedName, AgeYear, GenderID, PersonID) VALUES (17, 13, 'Imtiaz Singh', 35, 1, 'A1');
INSERT INTO CaseMaster (CaseMasterID, CrimeNo, CaseNo, CrimeRegisteredDate, PolicePersonID, PoliceStationID, CaseCategoryID, GravityOffenceID, CrimeMajorHeadID, CrimeMinorHeadID, CaseStatusID, CourtID, IncidentFromDate, IncidentToDate, InfoReceivedPSDate, latitude, longitude, BriefFacts) VALUES (14, '100020007202400014', '202400014', '2024-03-15', 13, 7, 2, 2, 2, 4, 4, 2, '2024-03-15 14:00:00', '2024-03-15 16:00:00', '2024-03-15 14:00:00', 12.316000, 76.662000, 'Incident reported at Lashkar Police Station. Initial investigation launched by IO Anil Kulkarni.');
INSERT INTO Inv_OccuranceTime (CaseMasterID, IncidentFromDate, IncidentToDate, latitude, longitude, PlaceOfOccurrence) VALUES (14, '2024-03-15 14:00:00', '2024-03-15 16:00:00', 12.316000, 76.662000, 'Near Junction, Lashkar');
INSERT INTO ComplainantDetails (ComplainantID, CaseMasterID, ComplainantName, AgeYear, OccupationID, ReligionID, CasteID, GenderID) VALUES (14, 14, 'Anand Kulkarni', 43, 2, 1, 1, 1);
INSERT INTO ActSectionAssociation (CaseMasterID, ActID, SectionID, ActOrderID, SectionOrderID) VALUES (14, 'IPC', '302', 1, 1);
INSERT INTO Victim (VictimMasterID, CaseMasterID, VictimName, AgeYear, GenderID, VictimPolice) VALUES (14, 14, 'Manoj Gowda', 34, 1, '0');
INSERT INTO Accused (AccusedMasterID, CaseMasterID, AccusedName, AgeYear, GenderID, PersonID) VALUES (18, 14, 'Yogesh Singh', 38, 1, 'A1');
INSERT INTO ArrestSurrender (ArrestSurrenderID, CaseMasterID, ArrestSurrenderTypeID, ArrestSurrenderDate, ArrestSurrenderStateId, ArrestSurrenderDistrictId, PoliceStationID, IOID, CourtID, AccusedMasterID, IsAccused, IsComplainantAccused) VALUES (7, 14, 1, '2024-03-15', 1, 2, 7, 13, 2, 18, 1, 0);
INSERT INTO inv_arrestsurrenderaccused (ArrestSurrenderID, AccusedMasterID) VALUES (7, 18);
INSERT INTO CaseMaster (CaseMasterID, CrimeNo, CaseNo, CrimeRegisteredDate, PolicePersonID, PoliceStationID, CaseCategoryID, GravityOffenceID, CrimeMajorHeadID, CrimeMinorHeadID, CaseStatusID, CourtID, IncidentFromDate, IncidentToDate, InfoReceivedPSDate, latitude, longitude, BriefFacts) VALUES (15, '100030011202400015', '202400015', '2024-04-16', 21, 11, 3, 3, 2, 5, 5, 3, '2024-04-16 15:00:00', '2024-04-16 17:00:00', '2024-04-16 15:00:00', 12.894000, 74.836000, 'Incident reported at Urwa Police Station. Initial investigation launched by IO Anil Gowda.');
INSERT INTO Inv_OccuranceTime (CaseMasterID, IncidentFromDate, IncidentToDate, latitude, longitude, PlaceOfOccurrence) VALUES (15, '2024-04-16 15:00:00', '2024-04-16 17:00:00', 12.894000, 74.836000, 'Near Junction, Urwa');
INSERT INTO ComplainantDetails (ComplainantID, CaseMasterID, ComplainantName, AgeYear, OccupationID, ReligionID, CasteID, GenderID) VALUES (15, 15, 'Nandini Deshpande', 25, 2, 1, 1, 1);
INSERT INTO ActSectionAssociation (CaseMasterID, ActID, SectionID, ActOrderID, SectionOrderID) VALUES (15, 'IPC', '302', 1, 1);
INSERT INTO Victim (VictimMasterID, CaseMasterID, VictimName, AgeYear, GenderID, VictimPolice) VALUES (15, 15, 'Praveen Hegde', 52, 1, '0');
INSERT INTO Accused (AccusedMasterID, CaseMasterID, AccusedName, AgeYear, GenderID, PersonID) VALUES (19, 15, 'Dharma Salim', 38, 1, 'A1');
INSERT INTO Accused (AccusedMasterID, CaseMasterID, AccusedName, AgeYear, GenderID, PersonID) VALUES (20, 15, 'Altaf Singh', 26, 1, 'A2');
INSERT INTO ChargesheetDetails (CSID, CaseMasterID, csdate, cstype, PolicePersonID) VALUES (5, 15, '2024-04-16 15:00:00', 'A', 21);
INSERT INTO CaseMaster (CaseMasterID, CrimeNo, CaseNo, CrimeRegisteredDate, PolicePersonID, PoliceStationID, CaseCategoryID, GravityOffenceID, CrimeMajorHeadID, CrimeMinorHeadID, CaseStatusID, CourtID, IncidentFromDate, IncidentToDate, InfoReceivedPSDate, latitude, longitude, BriefFacts) VALUES (16, '100040012202400016', '202400016', '2024-05-17', 23, 12, 4, 1, 3, 6, 1, 4, '2024-05-17 16:00:00', '2024-05-17 18:00:00', '2024-05-17 16:00:00', 15.358000, 75.147000, 'Incident reported at Suburban Police Station Hubballi. Initial investigation launched by IO Basavaraj Rao.');
INSERT INTO Inv_OccuranceTime (CaseMasterID, IncidentFromDate, IncidentToDate, latitude, longitude, PlaceOfOccurrence) VALUES (16, '2024-05-17 16:00:00', '2024-05-17 18:00:00', 15.358000, 75.147000, 'Near Junction, Suburban Hubballi');
INSERT INTO ComplainantDetails (ComplainantID, CaseMasterID, ComplainantName, AgeYear, OccupationID, ReligionID, CasteID, GenderID) VALUES (16, 16, 'Anand Joshi', 42, 2, 1, 1, 1);
INSERT INTO ActSectionAssociation (CaseMasterID, ActID, SectionID, ActOrderID, SectionOrderID) VALUES (16, 'IT_ACT', '66D', 1, 1);
INSERT INTO Victim (VictimMasterID, CaseMasterID, VictimName, AgeYear, GenderID, VictimPolice) VALUES (16, 16, 'Arun Shetty', 22, 1, '0');
INSERT INTO Accused (AccusedMasterID, CaseMasterID, AccusedName, AgeYear, GenderID, PersonID) VALUES (21, 16, 'Mantu Verma', 40, 1, 'A1');
INSERT INTO ArrestSurrender (ArrestSurrenderID, CaseMasterID, ArrestSurrenderTypeID, ArrestSurrenderDate, ArrestSurrenderStateId, ArrestSurrenderDistrictId, PoliceStationID, IOID, CourtID, AccusedMasterID, IsAccused, IsComplainantAccused) VALUES (8, 16, 1, '2024-05-17', 1, 4, 12, 23, 4, 21, 1, 0);
INSERT INTO inv_arrestsurrenderaccused (ArrestSurrenderID, AccusedMasterID) VALUES (8, 21);
INSERT INTO CaseMaster (CaseMasterID, CrimeNo, CaseNo, CrimeRegisteredDate, PolicePersonID, PoliceStationID, CaseCategoryID, GravityOffenceID, CrimeMajorHeadID, CrimeMinorHeadID, CaseStatusID, CourtID, IncidentFromDate, IncidentToDate, InfoReceivedPSDate, latitude, longitude, BriefFacts) VALUES (17, '100050016202400017', '202400017', '2024-06-18', 31, 16, 1, 2, 3, 7, 2, 5, '2024-06-18 17:00:00', '2024-06-18 19:00:00', '2024-06-18 17:00:00', 15.851000, 74.515000, 'Incident reported at Tilakwadi Police Station. Initial investigation launched by IO Prakash Patil.');
INSERT INTO Inv_OccuranceTime (CaseMasterID, IncidentFromDate, IncidentToDate, latitude, longitude, PlaceOfOccurrence) VALUES (17, '2024-06-18 17:00:00', '2024-06-18 19:00:00', 15.851000, 74.515000, 'Near Junction, Tilakwadi');
INSERT INTO ComplainantDetails (ComplainantID, CaseMasterID, ComplainantName, AgeYear, OccupationID, ReligionID, CasteID, GenderID) VALUES (17, 17, 'Pooja Kulkarni', 54, 2, 1, 1, 1);
INSERT INTO ActSectionAssociation (CaseMasterID, ActID, SectionID, ActOrderID, SectionOrderID) VALUES (17, 'IT_ACT', '66D', 1, 1);
INSERT INTO Victim (VictimMasterID, CaseMasterID, VictimName, AgeYear, GenderID, VictimPolice) VALUES (17, 17, 'Ganesh Kulkarni', 32, 1, '0');
INSERT INTO Accused (AccusedMasterID, CaseMasterID, AccusedName, AgeYear, GenderID, PersonID) VALUES (22, 17, 'Babloo Kumar', 45, 1, 'A1');
INSERT INTO CaseMaster (CaseMasterID, CrimeNo, CaseNo, CrimeRegisteredDate, PolicePersonID, PoliceStationID, CaseCategoryID, GravityOffenceID, CrimeMajorHeadID, CrimeMinorHeadID, CaseStatusID, CourtID, IncidentFromDate, IncidentToDate, InfoReceivedPSDate, latitude, longitude, BriefFacts) VALUES (18, '100060018202400018', '202400018', '2024-07-19', 35, 18, 2, 3, 4, 8, 3, 6, '2024-07-19 18:00:00', '2024-07-19 20:00:00', '2024-07-19 18:00:00', 17.337000, 76.842000, 'Incident reported at Station Bazar Police Station. Initial investigation launched by IO Mahesh Bhat.');
INSERT INTO Inv_OccuranceTime (CaseMasterID, IncidentFromDate, IncidentToDate, latitude, longitude, PlaceOfOccurrence) VALUES (18, '2024-07-19 18:00:00', '2024-07-19 20:00:00', 17.337000, 76.842000, 'Near Junction, Station Bazar');
INSERT INTO ComplainantDetails (ComplainantID, CaseMasterID, ComplainantName, AgeYear, OccupationID, ReligionID, CasteID, GenderID) VALUES (18, 18, 'Shilpa Shetty', 39, 2, 1, 1, 1);
INSERT INTO ActSectionAssociation (CaseMasterID, ActID, SectionID, ActOrderID, SectionOrderID) VALUES (18, 'IPC', '420', 1, 1);
INSERT INTO Victim (VictimMasterID, CaseMasterID, VictimName, AgeYear, GenderID, VictimPolice) VALUES (18, 18, 'Arun Murthy', 49, 1, '0');
INSERT INTO Accused (AccusedMasterID, CaseMasterID, AccusedName, AgeYear, GenderID, PersonID) VALUES (23, 18, 'Tukaram Kumar', 41, 1, 'A1');
INSERT INTO Accused (AccusedMasterID, CaseMasterID, AccusedName, AgeYear, GenderID, PersonID) VALUES (24, 18, 'Tukaram Reddy', 30, 1, 'A2');
INSERT INTO ArrestSurrender (ArrestSurrenderID, CaseMasterID, ArrestSurrenderTypeID, ArrestSurrenderDate, ArrestSurrenderStateId, ArrestSurrenderDistrictId, PoliceStationID, IOID, CourtID, AccusedMasterID, IsAccused, IsComplainantAccused) VALUES (9, 18, 1, '2024-07-19', 1, 6, 18, 35, 6, 23, 1, 0);
INSERT INTO inv_arrestsurrenderaccused (ArrestSurrenderID, AccusedMasterID) VALUES (9, 23);
INSERT INTO inv_arrestsurrenderaccused (ArrestSurrenderID, AccusedMasterID) VALUES (9, 24);
INSERT INTO ChargesheetDetails (CSID, CaseMasterID, csdate, cstype, PolicePersonID) VALUES (6, 18, '2024-07-19 18:00:00', 'A', 35);
INSERT INTO CaseMaster (CaseMasterID, CrimeNo, CaseNo, CrimeRegisteredDate, PolicePersonID, PoliceStationID, CaseCategoryID, GravityOffenceID, CrimeMajorHeadID, CrimeMinorHeadID, CaseStatusID, CourtID, IncidentFromDate, IncidentToDate, InfoReceivedPSDate, latitude, longitude, BriefFacts) VALUES (19, '100010004202400019', '202400019', '2024-08-20', 7, 4, 3, 1, 5, 9, 4, 1, '2024-08-20 19:00:00', '2024-08-20 21:00:00', '2024-08-20 19:00:00', 12.934000, 77.602800, 'Incident reported at Jayanagar Police Station. Initial investigation launched by IO Vijay Kulkarni.');
INSERT INTO Inv_OccuranceTime (CaseMasterID, IncidentFromDate, IncidentToDate, latitude, longitude, PlaceOfOccurrence) VALUES (19, '2024-08-20 19:00:00', '2024-08-20 21:00:00', 12.934000, 77.602800, 'Near Junction, Jayanagar');
INSERT INTO ComplainantDetails (ComplainantID, CaseMasterID, ComplainantName, AgeYear, OccupationID, ReligionID, CasteID, GenderID) VALUES (19, 19, 'Shilpa Murthy', 29, 2, 1, 1, 1);
INSERT INTO ActSectionAssociation (CaseMasterID, ActID, SectionID, ActOrderID, SectionOrderID) VALUES (19, 'NDPS', '20', 1, 1);
INSERT INTO Victim (VictimMasterID, CaseMasterID, VictimName, AgeYear, GenderID, VictimPolice) VALUES (19, 19, 'Sangeetha Gowda', 51, 1, '0');
INSERT INTO Accused (AccusedMasterID, CaseMasterID, AccusedName, AgeYear, GenderID, PersonID) VALUES (25, 19, 'Vicky Pashan', 40, 1, 'A1');
INSERT INTO CaseMaster (CaseMasterID, CrimeNo, CaseNo, CrimeRegisteredDate, PolicePersonID, PoliceStationID, CaseCategoryID, GravityOffenceID, CrimeMajorHeadID, CrimeMinorHeadID, CaseStatusID, CourtID, IncidentFromDate, IncidentToDate, InfoReceivedPSDate, latitude, longitude, BriefFacts) VALUES (20, '100020007202400020', '202400020', '2024-09-21', 13, 7, 4, 2, 1, 10, 5, 2, '2024-09-21 20:00:00', '2024-09-21 22:00:00', '2024-09-21 20:00:00', 12.302000, 76.648000, 'Incident reported at Lashkar Police Station. Initial investigation launched by IO Anil Kulkarni.');
INSERT INTO Inv_OccuranceTime (CaseMasterID, IncidentFromDate, IncidentToDate, latitude, longitude, PlaceOfOccurrence) VALUES (20, '2024-09-21 20:00:00', '2024-09-21 22:00:00', 12.302000, 76.648000, 'Near Junction, Lashkar');
INSERT INTO ComplainantDetails (ComplainantID, CaseMasterID, ComplainantName, AgeYear, OccupationID, ReligionID, CasteID, GenderID) VALUES (20, 20, 'Eshwar Kulkarni', 51, 2, 1, 1, 1);
INSERT INTO ActSectionAssociation (CaseMasterID, ActID, SectionID, ActOrderID, SectionOrderID) VALUES (20, 'IPC', '379', 1, 1);
INSERT INTO Victim (VictimMasterID, CaseMasterID, VictimName, AgeYear, GenderID, VictimPolice) VALUES (20, 20, 'Bhavya Rao', 55, 1, '0');
INSERT INTO Accused (AccusedMasterID, CaseMasterID, AccusedName, AgeYear, GenderID, PersonID) VALUES (26, 20, 'Vicky Kumar', 38, 1, 'A1');
INSERT INTO ArrestSurrender (ArrestSurrenderID, CaseMasterID, ArrestSurrenderTypeID, ArrestSurrenderDate, ArrestSurrenderStateId, ArrestSurrenderDistrictId, PoliceStationID, IOID, CourtID, AccusedMasterID, IsAccused, IsComplainantAccused) VALUES (10, 20, 1, '2024-09-21', 1, 2, 7, 13, 2, 26, 1, 0);
INSERT INTO inv_arrestsurrenderaccused (ArrestSurrenderID, AccusedMasterID) VALUES (10, 26);
INSERT INTO CaseMaster (CaseMasterID, CrimeNo, CaseNo, CrimeRegisteredDate, PolicePersonID, PoliceStationID, CaseCategoryID, GravityOffenceID, CrimeMajorHeadID, CrimeMinorHeadID, CaseStatusID, CourtID, IncidentFromDate, IncidentToDate, InfoReceivedPSDate, latitude, longitude, BriefFacts) VALUES (21, '100030011202400021', '202400021', '2024-10-22', 21, 11, 1, 3, 1, 1, 1, 3, '2024-10-22 21:00:00', '2024-10-22 23:00:00', '2024-10-22 21:00:00', 12.880000, 74.822000, 'Incident reported at Urwa Police Station. Initial investigation launched by IO Anil Gowda.');
INSERT INTO Inv_OccuranceTime (CaseMasterID, IncidentFromDate, IncidentToDate, latitude, longitude, PlaceOfOccurrence) VALUES (21, '2024-10-22 21:00:00', '2024-10-22 23:00:00', 12.880000, 74.822000, 'Near Junction, Urwa');
INSERT INTO ComplainantDetails (ComplainantID, CaseMasterID, ComplainantName, AgeYear, OccupationID, ReligionID, CasteID, GenderID) VALUES (21, 21, 'Meena Joshi', 54, 2, 1, 1, 1);
INSERT INTO ActSectionAssociation (CaseMasterID, ActID, SectionID, ActOrderID, SectionOrderID) VALUES (21, 'IPC', '379', 1, 1);
INSERT INTO Victim (VictimMasterID, CaseMasterID, VictimName, AgeYear, GenderID, VictimPolice) VALUES (21, 21, 'Manoj Deshpande', 43, 1, '0');
INSERT INTO Accused (AccusedMasterID, CaseMasterID, AccusedName, AgeYear, GenderID, PersonID) VALUES (27, 21, 'Imtiaz Verma', 20, 1, 'A1');
INSERT INTO Accused (AccusedMasterID, CaseMasterID, AccusedName, AgeYear, GenderID, PersonID) VALUES (28, 21, 'Tukaram Khan', 24, 1, 'A2');
INSERT INTO ChargesheetDetails (CSID, CaseMasterID, csdate, cstype, PolicePersonID) VALUES (7, 21, '2024-10-22 21:00:00', 'A', 21);
INSERT INTO CaseMaster (CaseMasterID, CrimeNo, CaseNo, CrimeRegisteredDate, PolicePersonID, PoliceStationID, CaseCategoryID, GravityOffenceID, CrimeMajorHeadID, CrimeMinorHeadID, CaseStatusID, CourtID, IncidentFromDate, IncidentToDate, InfoReceivedPSDate, latitude, longitude, BriefFacts) VALUES (22, '100040012202400022', '202400022', '2024-11-23', 23, 12, 2, 1, 1, 2, 2, 4, '2024-11-23 22:00:00', '2024-11-23 00:00:00', '2024-11-23 22:00:00', 15.344000, 75.133000, 'Incident reported at Suburban Police Station Hubballi. Initial investigation launched by IO Basavaraj Rao.');
INSERT INTO Inv_OccuranceTime (CaseMasterID, IncidentFromDate, IncidentToDate, latitude, longitude, PlaceOfOccurrence) VALUES (22, '2024-11-23 22:00:00', '2024-11-23 00:00:00', 15.344000, 75.133000, 'Near Junction, Suburban Hubballi');
INSERT INTO ComplainantDetails (ComplainantID, CaseMasterID, ComplainantName, AgeYear, OccupationID, ReligionID, CasteID, GenderID) VALUES (22, 22, 'Radha Naik', 56, 2, 1, 1, 1);
INSERT INTO ActSectionAssociation (CaseMasterID, ActID, SectionID, ActOrderID, SectionOrderID) VALUES (22, 'IPC', '379', 1, 1);
INSERT INTO Victim (VictimMasterID, CaseMasterID, VictimName, AgeYear, GenderID, VictimPolice) VALUES (22, 22, 'Ganesh Naik', 37, 1, '0');
INSERT INTO Accused (AccusedMasterID, CaseMasterID, AccusedName, AgeYear, GenderID, PersonID) VALUES (29, 22, 'Vicky Singh', 42, 1, 'A1');
INSERT INTO ArrestSurrender (ArrestSurrenderID, CaseMasterID, ArrestSurrenderTypeID, ArrestSurrenderDate, ArrestSurrenderStateId, ArrestSurrenderDistrictId, PoliceStationID, IOID, CourtID, AccusedMasterID, IsAccused, IsComplainantAccused) VALUES (11, 22, 1, '2024-11-23', 1, 4, 12, 23, 4, 29, 1, 0);
INSERT INTO inv_arrestsurrenderaccused (ArrestSurrenderID, AccusedMasterID) VALUES (11, 29);
INSERT INTO CaseMaster (CaseMasterID, CrimeNo, CaseNo, CrimeRegisteredDate, PolicePersonID, PoliceStationID, CaseCategoryID, GravityOffenceID, CrimeMajorHeadID, CrimeMinorHeadID, CaseStatusID, CourtID, IncidentFromDate, IncidentToDate, InfoReceivedPSDate, latitude, longitude, BriefFacts) VALUES (23, '100050016202400023', '202400023', '2024-12-24', 31, 16, 3, 2, 1, 3, 3, 5, '2024-12-24 23:00:00', '2024-12-24 01:00:00', '2024-12-24 23:00:00', 15.837000, 74.501000, 'Incident reported at Tilakwadi Police Station. Initial investigation launched by IO Prakash Patil.');
INSERT INTO Inv_OccuranceTime (CaseMasterID, IncidentFromDate, IncidentToDate, latitude, longitude, PlaceOfOccurrence) VALUES (23, '2024-12-24 23:00:00', '2024-12-24 01:00:00', 15.837000, 74.501000, 'Near Junction, Tilakwadi');
INSERT INTO ComplainantDetails (ComplainantID, CaseMasterID, ComplainantName, AgeYear, OccupationID, ReligionID, CasteID, GenderID) VALUES (23, 23, 'Shilpa Bhat', 63, 2, 1, 1, 1);
INSERT INTO ActSectionAssociation (CaseMasterID, ActID, SectionID, ActOrderID, SectionOrderID) VALUES (23, 'IPC', '379', 1, 1);
INSERT INTO Victim (VictimMasterID, CaseMasterID, VictimName, AgeYear, GenderID, VictimPolice) VALUES (23, 23, 'Ganesh Deshpande', 24, 1, '0');
INSERT INTO Accused (AccusedMasterID, CaseMasterID, AccusedName, AgeYear, GenderID, PersonID) VALUES (30, 23, 'Mantu Khan', 33, 1, 'A1');
INSERT INTO CaseMaster (CaseMasterID, CrimeNo, CaseNo, CrimeRegisteredDate, PolicePersonID, PoliceStationID, CaseCategoryID, GravityOffenceID, CrimeMajorHeadID, CrimeMinorHeadID, CaseStatusID, CourtID, IncidentFromDate, IncidentToDate, InfoReceivedPSDate, latitude, longitude, BriefFacts) VALUES (24, '100060018202400024', '202400024', '2024-01-25', 35, 18, 4, 3, 2, 4, 4, 6, '2024-01-25 00:00:00', '2024-01-25 02:00:00', '2024-01-25 00:00:00', 17.323000, 76.828000, 'Incident reported at Station Bazar Police Station. Initial investigation launched by IO Mahesh Bhat.');
INSERT INTO Inv_OccuranceTime (CaseMasterID, IncidentFromDate, IncidentToDate, latitude, longitude, PlaceOfOccurrence) VALUES (24, '2024-01-25 00:00:00', '2024-01-25 02:00:00', 17.323000, 76.828000, 'Near Junction, Station Bazar');
INSERT INTO ComplainantDetails (ComplainantID, CaseMasterID, ComplainantName, AgeYear, OccupationID, ReligionID, CasteID, GenderID) VALUES (24, 24, 'Deepak Murthy', 29, 2, 1, 1, 1);
INSERT INTO ActSectionAssociation (CaseMasterID, ActID, SectionID, ActOrderID, SectionOrderID) VALUES (24, 'IPC', '302', 1, 1);
INSERT INTO Victim (VictimMasterID, CaseMasterID, VictimName, AgeYear, GenderID, VictimPolice) VALUES (24, 24, 'Kiran Gowda', 27, 1, '0');
INSERT INTO Accused (AccusedMasterID, CaseMasterID, AccusedName, AgeYear, GenderID, PersonID) VALUES (31, 24, 'Raja Alias', 44, 1, 'A1');
INSERT INTO Accused (AccusedMasterID, CaseMasterID, AccusedName, AgeYear, GenderID, PersonID) VALUES (32, 24, 'Pandu Reddy', 29, 1, 'A2');
INSERT INTO ArrestSurrender (ArrestSurrenderID, CaseMasterID, ArrestSurrenderTypeID, ArrestSurrenderDate, ArrestSurrenderStateId, ArrestSurrenderDistrictId, PoliceStationID, IOID, CourtID, AccusedMasterID, IsAccused, IsComplainantAccused) VALUES (12, 24, 1, '2024-01-25', 1, 6, 18, 35, 6, 31, 1, 0);
INSERT INTO inv_arrestsurrenderaccused (ArrestSurrenderID, AccusedMasterID) VALUES (12, 31);
INSERT INTO inv_arrestsurrenderaccused (ArrestSurrenderID, AccusedMasterID) VALUES (12, 32);
INSERT INTO ChargesheetDetails (CSID, CaseMasterID, csdate, cstype, PolicePersonID) VALUES (8, 24, '2024-01-25 00:00:00', 'A', 35);
INSERT INTO CaseMaster (CaseMasterID, CrimeNo, CaseNo, CrimeRegisteredDate, PolicePersonID, PoliceStationID, CaseCategoryID, GravityOffenceID, CrimeMajorHeadID, CrimeMinorHeadID, CaseStatusID, CourtID, IncidentFromDate, IncidentToDate, InfoReceivedPSDate, latitude, longitude, BriefFacts) VALUES (25, '100010005202400025', '202400025', '2024-02-26', 9, 5, 1, 1, 2, 5, 5, 1, '2024-02-26 01:00:00', '2024-02-26 03:00:00', '2024-02-26 01:00:00', 12.998100, 77.559300, 'Incident reported at Malleshwaram Police Station. Initial investigation launched by IO Santosh Shetty.');
INSERT INTO Inv_OccuranceTime (CaseMasterID, IncidentFromDate, IncidentToDate, latitude, longitude, PlaceOfOccurrence) VALUES (25, '2024-02-26 01:00:00', '2024-02-26 03:00:00', 12.998100, 77.559300, 'Near Junction, Malleshwaram');
INSERT INTO ComplainantDetails (ComplainantID, CaseMasterID, ComplainantName, AgeYear, OccupationID, ReligionID, CasteID, GenderID) VALUES (25, 25, 'Anand Bhat', 44, 2, 1, 1, 1);
INSERT INTO ActSectionAssociation (CaseMasterID, ActID, SectionID, ActOrderID, SectionOrderID) VALUES (25, 'IPC', '302', 1, 1);
INSERT INTO Victim (VictimMasterID, CaseMasterID, VictimName, AgeYear, GenderID, VictimPolice) VALUES (25, 25, 'Chaitra Deshpande', 28, 1, '0');
INSERT INTO Accused (AccusedMasterID, CaseMasterID, AccusedName, AgeYear, GenderID, PersonID) VALUES (33, 25, 'Syed ''Jaguar'' Imran', 29, 1, 'A1');
INSERT INTO Accused (AccusedMasterID, CaseMasterID, AccusedName, AgeYear, GenderID, PersonID) VALUES (34, 25, 'Kiran ''Bullet'' Gowda', 29, 1, 'A2');
INSERT INTO Accused (AccusedMasterID, CaseMasterID, AccusedName, AgeYear, GenderID, PersonID) VALUES (35, 25, 'Pradeep ''Chotta'' Kumar', 29, 1, 'A3');
INSERT INTO ArrestSurrender (ArrestSurrenderID, CaseMasterID, ArrestSurrenderTypeID, ArrestSurrenderDate, ArrestSurrenderStateId, ArrestSurrenderDistrictId, PoliceStationID, IOID, CourtID, AccusedMasterID, IsAccused, IsComplainantAccused) VALUES (13, 25, 1, '2024-02-26', 1, 1, 5, 9, 1, 33, 1, 0);
INSERT INTO inv_arrestsurrenderaccused (ArrestSurrenderID, AccusedMasterID) VALUES (13, 33);
INSERT INTO inv_arrestsurrenderaccused (ArrestSurrenderID, AccusedMasterID) VALUES (13, 34);
INSERT INTO inv_arrestsurrenderaccused (ArrestSurrenderID, AccusedMasterID) VALUES (13, 35);
INSERT INTO ChargesheetDetails (CSID, CaseMasterID, csdate, cstype, PolicePersonID) VALUES (9, 25, '2024-02-26 01:00:00', 'A', 9);
INSERT INTO CaseMaster (CaseMasterID, CrimeNo, CaseNo, CrimeRegisteredDate, PolicePersonID, PoliceStationID, CaseCategoryID, GravityOffenceID, CrimeMajorHeadID, CrimeMinorHeadID, CaseStatusID, CourtID, IncidentFromDate, IncidentToDate, InfoReceivedPSDate, latitude, longitude, BriefFacts) VALUES (26, '100020007202400026', '202400026', '2024-03-27', 13, 7, 2, 2, 3, 6, 1, 2, '2024-03-27 02:00:00', '2024-03-27 04:00:00', '2024-03-27 02:00:00', 12.308000, 76.654000, 'Incident reported at Lashkar Police Station. Initial investigation launched by IO Anil Kulkarni.');
INSERT INTO Inv_OccuranceTime (CaseMasterID, IncidentFromDate, IncidentToDate, latitude, longitude, PlaceOfOccurrence) VALUES (26, '2024-03-27 02:00:00', '2024-03-27 04:00:00', 12.308000, 76.654000, 'Near Junction, Lashkar');
INSERT INTO ComplainantDetails (ComplainantID, CaseMasterID, ComplainantName, AgeYear, OccupationID, ReligionID, CasteID, GenderID) VALUES (26, 26, 'Kavitha Gowda', 28, 2, 1, 1, 1);
INSERT INTO ActSectionAssociation (CaseMasterID, ActID, SectionID, ActOrderID, SectionOrderID) VALUES (26, 'IT_ACT', '66D', 1, 1);
INSERT INTO Victim (VictimMasterID, CaseMasterID, VictimName, AgeYear, GenderID, VictimPolice) VALUES (26, 26, 'Sangeetha Gowda', 59, 1, '0');
INSERT INTO Accused (AccusedMasterID, CaseMasterID, AccusedName, AgeYear, GenderID, PersonID) VALUES (36, 26, 'Imtiaz Singh', 37, 1, 'A1');
INSERT INTO ArrestSurrender (ArrestSurrenderID, CaseMasterID, ArrestSurrenderTypeID, ArrestSurrenderDate, ArrestSurrenderStateId, ArrestSurrenderDistrictId, PoliceStationID, IOID, CourtID, AccusedMasterID, IsAccused, IsComplainantAccused) VALUES (14, 26, 1, '2024-03-27', 1, 2, 7, 13, 2, 36, 1, 0);
INSERT INTO inv_arrestsurrenderaccused (ArrestSurrenderID, AccusedMasterID) VALUES (14, 36);
INSERT INTO CaseMaster (CaseMasterID, CrimeNo, CaseNo, CrimeRegisteredDate, PolicePersonID, PoliceStationID, CaseCategoryID, GravityOffenceID, CrimeMajorHeadID, CrimeMinorHeadID, CaseStatusID, CourtID, IncidentFromDate, IncidentToDate, InfoReceivedPSDate, latitude, longitude, BriefFacts) VALUES (27, '100030011202400027', '202400027', '2024-04-28', 21, 11, 3, 3, 3, 7, 2, 3, '2024-04-28 03:00:00', '2024-04-28 05:00:00', '2024-04-28 03:00:00', 12.886000, 74.828000, 'Incident reported at Urwa Police Station. Initial investigation launched by IO Anil Gowda.');
INSERT INTO Inv_OccuranceTime (CaseMasterID, IncidentFromDate, IncidentToDate, latitude, longitude, PlaceOfOccurrence) VALUES (27, '2024-04-28 03:00:00', '2024-04-28 05:00:00', 12.886000, 74.828000, 'Near Junction, Urwa');
INSERT INTO ComplainantDetails (ComplainantID, CaseMasterID, ComplainantName, AgeYear, OccupationID, ReligionID, CasteID, GenderID) VALUES (27, 27, 'Deepak Naik', 29, 2, 1, 1, 1);
INSERT INTO ActSectionAssociation (CaseMasterID, ActID, SectionID, ActOrderID, SectionOrderID) VALUES (27, 'IT_ACT', '66D', 1, 1);
INSERT INTO Victim (VictimMasterID, CaseMasterID, VictimName, AgeYear, GenderID, VictimPolice) VALUES (27, 27, 'Nikhil Gowda', 52, 1, '0');
INSERT INTO Accused (AccusedMasterID, CaseMasterID, AccusedName, AgeYear, GenderID, PersonID) VALUES (37, 27, 'Vicky Pashan', 23, 1, 'A1');
INSERT INTO Accused (AccusedMasterID, CaseMasterID, AccusedName, AgeYear, GenderID, PersonID) VALUES (38, 27, 'Altaf Kumar', 24, 1, 'A2');
INSERT INTO ChargesheetDetails (CSID, CaseMasterID, csdate, cstype, PolicePersonID) VALUES (10, 27, '2024-04-28 03:00:00', 'A', 21);
INSERT INTO CaseMaster (CaseMasterID, CrimeNo, CaseNo, CrimeRegisteredDate, PolicePersonID, PoliceStationID, CaseCategoryID, GravityOffenceID, CrimeMajorHeadID, CrimeMinorHeadID, CaseStatusID, CourtID, IncidentFromDate, IncidentToDate, InfoReceivedPSDate, latitude, longitude, BriefFacts) VALUES (28, '100040012202400028', '202400028', '2024-05-01', 23, 12, 4, 1, 4, 8, 3, 4, '2024-05-01 04:00:00', '2024-05-01 06:00:00', '2024-05-01 04:00:00', 15.350000, 75.139000, 'Incident reported at Suburban Police Station Hubballi. Initial investigation launched by IO Basavaraj Rao.');
INSERT INTO Inv_OccuranceTime (CaseMasterID, IncidentFromDate, IncidentToDate, latitude, longitude, PlaceOfOccurrence) VALUES (28, '2024-05-01 04:00:00', '2024-05-01 06:00:00', 15.350000, 75.139000, 'Near Junction, Suburban Hubballi');
INSERT INTO ComplainantDetails (ComplainantID, CaseMasterID, ComplainantName, AgeYear, OccupationID, ReligionID, CasteID, GenderID) VALUES (28, 28, 'Nandini Gowda', 27, 2, 1, 1, 1);
INSERT INTO ActSectionAssociation (CaseMasterID, ActID, SectionID, ActOrderID, SectionOrderID) VALUES (28, 'IPC', '420', 1, 1);
INSERT INTO Victim (VictimMasterID, CaseMasterID, VictimName, AgeYear, GenderID, VictimPolice) VALUES (28, 28, 'Manoj Murthy', 46, 1, '0');
INSERT INTO Accused (AccusedMasterID, CaseMasterID, AccusedName, AgeYear, GenderID, PersonID) VALUES (39, 28, 'Vicky Verma', 39, 1, 'A1');
INSERT INTO ArrestSurrender (ArrestSurrenderID, CaseMasterID, ArrestSurrenderTypeID, ArrestSurrenderDate, ArrestSurrenderStateId, ArrestSurrenderDistrictId, PoliceStationID, IOID, CourtID, AccusedMasterID, IsAccused, IsComplainantAccused) VALUES (15, 28, 1, '2024-05-01', 1, 4, 12, 23, 4, 39, 1, 0);
INSERT INTO inv_arrestsurrenderaccused (ArrestSurrenderID, AccusedMasterID) VALUES (15, 39);
INSERT INTO CaseMaster (CaseMasterID, CrimeNo, CaseNo, CrimeRegisteredDate, PolicePersonID, PoliceStationID, CaseCategoryID, GravityOffenceID, CrimeMajorHeadID, CrimeMinorHeadID, CaseStatusID, CourtID, IncidentFromDate, IncidentToDate, InfoReceivedPSDate, latitude, longitude, BriefFacts) VALUES (29, '100050016202400029', '202400029', '2024-06-02', 31, 16, 1, 2, 5, 9, 4, 5, '2024-06-02 05:00:00', '2024-06-02 07:00:00', '2024-06-02 05:00:00', 15.843000, 74.507000, 'Incident reported at Tilakwadi Police Station. Initial investigation launched by IO Prakash Patil.');
INSERT INTO Inv_OccuranceTime (CaseMasterID, IncidentFromDate, IncidentToDate, latitude, longitude, PlaceOfOccurrence) VALUES (29, '2024-06-02 05:00:00', '2024-06-02 07:00:00', 15.843000, 74.507000, 'Near Junction, Tilakwadi');
INSERT INTO ComplainantDetails (ComplainantID, CaseMasterID, ComplainantName, AgeYear, OccupationID, ReligionID, CasteID, GenderID) VALUES (29, 29, 'Jagadish Murthy', 54, 2, 1, 1, 1);
INSERT INTO ActSectionAssociation (CaseMasterID, ActID, SectionID, ActOrderID, SectionOrderID) VALUES (29, 'NDPS', '20', 1, 1);
INSERT INTO Victim (VictimMasterID, CaseMasterID, VictimName, AgeYear, GenderID, VictimPolice) VALUES (29, 29, 'Praveen Bhat', 25, 1, '0');
INSERT INTO Accused (AccusedMasterID, CaseMasterID, AccusedName, AgeYear, GenderID, PersonID) VALUES (40, 29, 'Pandu Pashan', 31, 1, 'A1');
INSERT INTO CaseMaster (CaseMasterID, CrimeNo, CaseNo, CrimeRegisteredDate, PolicePersonID, PoliceStationID, CaseCategoryID, GravityOffenceID, CrimeMajorHeadID, CrimeMinorHeadID, CaseStatusID, CourtID, IncidentFromDate, IncidentToDate, InfoReceivedPSDate, latitude, longitude, BriefFacts) VALUES (30, '100060018202400030', '202400030', '2024-07-03', 35, 18, 2, 3, 1, 10, 5, 6, '2024-07-03 06:00:00', '2024-07-03 08:00:00', '2024-07-03 06:00:00', 17.329000, 76.834000, 'Incident reported at Station Bazar Police Station. Initial investigation launched by IO Mahesh Bhat.');
INSERT INTO Inv_OccuranceTime (CaseMasterID, IncidentFromDate, IncidentToDate, latitude, longitude, PlaceOfOccurrence) VALUES (30, '2024-07-03 06:00:00', '2024-07-03 08:00:00', 17.329000, 76.834000, 'Near Junction, Station Bazar');
INSERT INTO ComplainantDetails (ComplainantID, CaseMasterID, ComplainantName, AgeYear, OccupationID, ReligionID, CasteID, GenderID) VALUES (30, 30, 'Shilpa Rao', 62, 2, 1, 1, 1);
INSERT INTO ActSectionAssociation (CaseMasterID, ActID, SectionID, ActOrderID, SectionOrderID) VALUES (30, 'IPC', '379', 1, 1);
INSERT INTO Victim (VictimMasterID, CaseMasterID, VictimName, AgeYear, GenderID, VictimPolice) VALUES (30, 30, 'Rajesh Bhat', 51, 1, '0');
INSERT INTO Accused (AccusedMasterID, CaseMasterID, AccusedName, AgeYear, GenderID, PersonID) VALUES (41, 30, 'Altaf Khan', 38, 1, 'A1');
INSERT INTO Accused (AccusedMasterID, CaseMasterID, AccusedName, AgeYear, GenderID, PersonID) VALUES (42, 30, 'Pandu Salim', 37, 1, 'A2');
INSERT INTO ArrestSurrender (ArrestSurrenderID, CaseMasterID, ArrestSurrenderTypeID, ArrestSurrenderDate, ArrestSurrenderStateId, ArrestSurrenderDistrictId, PoliceStationID, IOID, CourtID, AccusedMasterID, IsAccused, IsComplainantAccused) VALUES (16, 30, 1, '2024-07-03', 1, 6, 18, 35, 6, 41, 1, 0);
INSERT INTO inv_arrestsurrenderaccused (ArrestSurrenderID, AccusedMasterID) VALUES (16, 41);
INSERT INTO inv_arrestsurrenderaccused (ArrestSurrenderID, AccusedMasterID) VALUES (16, 42);
INSERT INTO ChargesheetDetails (CSID, CaseMasterID, csdate, cstype, PolicePersonID) VALUES (11, 30, '2024-07-03 06:00:00', 'A', 35);
INSERT INTO CaseMaster (CaseMasterID, CrimeNo, CaseNo, CrimeRegisteredDate, PolicePersonID, PoliceStationID, CaseCategoryID, GravityOffenceID, CrimeMajorHeadID, CrimeMinorHeadID, CaseStatusID, CourtID, IncidentFromDate, IncidentToDate, InfoReceivedPSDate, latitude, longitude, BriefFacts) VALUES (31, '100010001202400031', '202400031', '2024-08-04', 1, 1, 3, 1, 1, 1, 1, 1, '2024-08-04 07:00:00', '2024-08-04 09:00:00', '2024-08-04 07:00:00', 12.979400, 77.641800, 'Incident reported at Indiranagar Police Station. Initial investigation launched by IO Suresh Rao.');
INSERT INTO Inv_OccuranceTime (CaseMasterID, IncidentFromDate, IncidentToDate, latitude, longitude, PlaceOfOccurrence) VALUES (31, '2024-08-04 07:00:00', '2024-08-04 09:00:00', 12.979400, 77.641800, 'Near Junction, Indiranagar');
INSERT INTO ComplainantDetails (ComplainantID, CaseMasterID, ComplainantName, AgeYear, OccupationID, ReligionID, CasteID, GenderID) VALUES (31, 31, 'Suma Joshi', 29, 2, 1, 1, 1);
INSERT INTO ActSectionAssociation (CaseMasterID, ActID, SectionID, ActOrderID, SectionOrderID) VALUES (31, 'IPC', '379', 1, 1);
INSERT INTO Victim (VictimMasterID, CaseMasterID, VictimName, AgeYear, GenderID, VictimPolice) VALUES (31, 31, 'Praveen Shetty', 59, 1, '0');
INSERT INTO Accused (AccusedMasterID, CaseMasterID, AccusedName, AgeYear, GenderID, PersonID) VALUES (43, 31, 'Pandu Khan', 26, 1, 'A1');
INSERT INTO CaseMaster (CaseMasterID, CrimeNo, CaseNo, CrimeRegisteredDate, PolicePersonID, PoliceStationID, CaseCategoryID, GravityOffenceID, CrimeMajorHeadID, CrimeMinorHeadID, CaseStatusID, CourtID, IncidentFromDate, IncidentToDate, InfoReceivedPSDate, latitude, longitude, BriefFacts) VALUES (32, '100020007202400032', '202400032', '2024-09-05', 13, 7, 4, 2, 1, 2, 2, 2, '2024-09-05 08:00:00', '2024-09-05 10:00:00', '2024-09-05 08:00:00', 12.314000, 76.660000, 'Incident reported at Lashkar Police Station. Initial investigation launched by IO Anil Kulkarni.');
INSERT INTO Inv_OccuranceTime (CaseMasterID, IncidentFromDate, IncidentToDate, latitude, longitude, PlaceOfOccurrence) VALUES (32, '2024-09-05 08:00:00', '2024-09-05 10:00:00', 12.314000, 76.660000, 'Near Junction, Lashkar');
INSERT INTO ComplainantDetails (ComplainantID, CaseMasterID, ComplainantName, AgeYear, OccupationID, ReligionID, CasteID, GenderID) VALUES (32, 32, 'Latha Shetty', 42, 2, 1, 1, 1);
INSERT INTO ActSectionAssociation (CaseMasterID, ActID, SectionID, ActOrderID, SectionOrderID) VALUES (32, 'IPC', '379', 1, 1);
INSERT INTO Victim (VictimMasterID, CaseMasterID, VictimName, AgeYear, GenderID, VictimPolice) VALUES (32, 32, 'Ganesh Shetty', 31, 1, '0');
INSERT INTO Accused (AccusedMasterID, CaseMasterID, AccusedName, AgeYear, GenderID, PersonID) VALUES (44, 32, 'Tukaram Salim', 36, 1, 'A1');
INSERT INTO ArrestSurrender (ArrestSurrenderID, CaseMasterID, ArrestSurrenderTypeID, ArrestSurrenderDate, ArrestSurrenderStateId, ArrestSurrenderDistrictId, PoliceStationID, IOID, CourtID, AccusedMasterID, IsAccused, IsComplainantAccused) VALUES (17, 32, 1, '2024-09-05', 1, 2, 7, 13, 2, 44, 1, 0);
INSERT INTO inv_arrestsurrenderaccused (ArrestSurrenderID, AccusedMasterID) VALUES (17, 44);
INSERT INTO CaseMaster (CaseMasterID, CrimeNo, CaseNo, CrimeRegisteredDate, PolicePersonID, PoliceStationID, CaseCategoryID, GravityOffenceID, CrimeMajorHeadID, CrimeMinorHeadID, CaseStatusID, CourtID, IncidentFromDate, IncidentToDate, InfoReceivedPSDate, latitude, longitude, BriefFacts) VALUES (33, '100030011202400033', '202400033', '2024-10-06', 21, 11, 1, 3, 1, 3, 3, 3, '2024-10-06 09:00:00', '2024-10-06 11:00:00', '2024-10-06 09:00:00', 12.892000, 74.834000, 'Incident reported at Urwa Police Station. Initial investigation launched by IO Anil Gowda.');
INSERT INTO Inv_OccuranceTime (CaseMasterID, IncidentFromDate, IncidentToDate, latitude, longitude, PlaceOfOccurrence) VALUES (33, '2024-10-06 09:00:00', '2024-10-06 11:00:00', 12.892000, 74.834000, 'Near Junction, Urwa');
INSERT INTO ComplainantDetails (ComplainantID, CaseMasterID, ComplainantName, AgeYear, OccupationID, ReligionID, CasteID, GenderID) VALUES (33, 33, 'Girish Bhat', 57, 2, 1, 1, 1);
INSERT INTO ActSectionAssociation (CaseMasterID, ActID, SectionID, ActOrderID, SectionOrderID) VALUES (33, 'IPC', '379', 1, 1);
INSERT INTO Victim (VictimMasterID, CaseMasterID, VictimName, AgeYear, GenderID, VictimPolice) VALUES (33, 33, 'Rajesh Gowda', 21, 1, '0');
INSERT INTO Accused (AccusedMasterID, CaseMasterID, AccusedName, AgeYear, GenderID, PersonID) VALUES (45, 33, 'Yogesh Pashan', 44, 1, 'A1');
INSERT INTO Accused (AccusedMasterID, CaseMasterID, AccusedName, AgeYear, GenderID, PersonID) VALUES (46, 33, 'Raja Reddy', 25, 1, 'A2');
INSERT INTO ChargesheetDetails (CSID, CaseMasterID, csdate, cstype, PolicePersonID) VALUES (12, 33, '2024-10-06 09:00:00', 'A', 21);
INSERT INTO CaseMaster (CaseMasterID, CrimeNo, CaseNo, CrimeRegisteredDate, PolicePersonID, PoliceStationID, CaseCategoryID, GravityOffenceID, CrimeMajorHeadID, CrimeMinorHeadID, CaseStatusID, CourtID, IncidentFromDate, IncidentToDate, InfoReceivedPSDate, latitude, longitude, BriefFacts) VALUES (34, '100040012202400034', '202400034', '2024-11-07', 23, 12, 2, 1, 2, 4, 4, 4, '2024-11-07 10:00:00', '2024-11-07 12:00:00', '2024-11-07 10:00:00', 15.356000, 75.145000, 'Incident reported at Suburban Police Station Hubballi. Initial investigation launched by IO Basavaraj Rao.');
INSERT INTO Inv_OccuranceTime (CaseMasterID, IncidentFromDate, IncidentToDate, latitude, longitude, PlaceOfOccurrence) VALUES (34, '2024-11-07 10:00:00', '2024-11-07 12:00:00', 15.356000, 75.145000, 'Near Junction, Suburban Hubballi');
INSERT INTO ComplainantDetails (ComplainantID, CaseMasterID, ComplainantName, AgeYear, OccupationID, ReligionID, CasteID, GenderID) VALUES (34, 34, 'Radha Naik', 47, 2, 1, 1, 1);
INSERT INTO ActSectionAssociation (CaseMasterID, ActID, SectionID, ActOrderID, SectionOrderID) VALUES (34, 'IPC', '302', 1, 1);
INSERT INTO Victim (VictimMasterID, CaseMasterID, VictimName, AgeYear, GenderID, VictimPolice) VALUES (34, 34, 'Manoj Joshi', 40, 1, '0');
INSERT INTO Accused (AccusedMasterID, CaseMasterID, AccusedName, AgeYear, GenderID, PersonID) VALUES (47, 34, 'Babloo Pashan', 28, 1, 'A1');
INSERT INTO ArrestSurrender (ArrestSurrenderID, CaseMasterID, ArrestSurrenderTypeID, ArrestSurrenderDate, ArrestSurrenderStateId, ArrestSurrenderDistrictId, PoliceStationID, IOID, CourtID, AccusedMasterID, IsAccused, IsComplainantAccused) VALUES (18, 34, 1, '2024-11-07', 1, 4, 12, 23, 4, 47, 1, 0);
INSERT INTO inv_arrestsurrenderaccused (ArrestSurrenderID, AccusedMasterID) VALUES (18, 47);
INSERT INTO CaseMaster (CaseMasterID, CrimeNo, CaseNo, CrimeRegisteredDate, PolicePersonID, PoliceStationID, CaseCategoryID, GravityOffenceID, CrimeMajorHeadID, CrimeMinorHeadID, CaseStatusID, CourtID, IncidentFromDate, IncidentToDate, InfoReceivedPSDate, latitude, longitude, BriefFacts) VALUES (35, '100050016202400035', '202400035', '2024-12-08', 31, 16, 3, 2, 2, 5, 5, 5, '2024-12-08 11:00:00', '2024-12-08 13:00:00', '2024-12-08 11:00:00', 15.849000, 74.513000, 'Incident reported at Tilakwadi Police Station. Initial investigation launched by IO Prakash Patil.');
INSERT INTO Inv_OccuranceTime (CaseMasterID, IncidentFromDate, IncidentToDate, latitude, longitude, PlaceOfOccurrence) VALUES (35, '2024-12-08 11:00:00', '2024-12-08 13:00:00', 15.849000, 74.513000, 'Near Junction, Tilakwadi');
INSERT INTO ComplainantDetails (ComplainantID, CaseMasterID, ComplainantName, AgeYear, OccupationID, ReligionID, CasteID, GenderID) VALUES (35, 35, 'Bharath Hegde', 46, 2, 1, 1, 1);
INSERT INTO ActSectionAssociation (CaseMasterID, ActID, SectionID, ActOrderID, SectionOrderID) VALUES (35, 'IPC', '302', 1, 1);
INSERT INTO Victim (VictimMasterID, CaseMasterID, VictimName, AgeYear, GenderID, VictimPolice) VALUES (35, 35, 'Divya Gowda', 26, 1, '0');
INSERT INTO Accused (AccusedMasterID, CaseMasterID, AccusedName, AgeYear, GenderID, PersonID) VALUES (48, 35, 'Dharma Kumar', 35, 1, 'A1');
INSERT INTO CaseMaster (CaseMasterID, CrimeNo, CaseNo, CrimeRegisteredDate, PolicePersonID, PoliceStationID, CaseCategoryID, GravityOffenceID, CrimeMajorHeadID, CrimeMinorHeadID, CaseStatusID, CourtID, IncidentFromDate, IncidentToDate, InfoReceivedPSDate, latitude, longitude, BriefFacts) VALUES (36, '100060018202400036', '202400036', '2024-01-09', 35, 18, 4, 3, 3, 6, 1, 6, '2024-01-09 12:00:00', '2024-01-09 14:00:00', '2024-01-09 12:00:00', 17.335000, 76.840000, 'Incident reported at Station Bazar Police Station. Initial investigation launched by IO Mahesh Bhat.');
INSERT INTO Inv_OccuranceTime (CaseMasterID, IncidentFromDate, IncidentToDate, latitude, longitude, PlaceOfOccurrence) VALUES (36, '2024-01-09 12:00:00', '2024-01-09 14:00:00', 17.335000, 76.840000, 'Near Junction, Station Bazar');
INSERT INTO ComplainantDetails (ComplainantID, CaseMasterID, ComplainantName, AgeYear, OccupationID, ReligionID, CasteID, GenderID) VALUES (36, 36, 'Meena Naik', 42, 2, 1, 1, 1);
INSERT INTO ActSectionAssociation (CaseMasterID, ActID, SectionID, ActOrderID, SectionOrderID) VALUES (36, 'IT_ACT', '66D', 1, 1);
INSERT INTO Victim (VictimMasterID, CaseMasterID, VictimName, AgeYear, GenderID, VictimPolice) VALUES (36, 36, 'Kiran Naik', 23, 1, '0');
INSERT INTO Accused (AccusedMasterID, CaseMasterID, AccusedName, AgeYear, GenderID, PersonID) VALUES (49, 36, 'Imtiaz Reddy', 42, 1, 'A1');
INSERT INTO Accused (AccusedMasterID, CaseMasterID, AccusedName, AgeYear, GenderID, PersonID) VALUES (50, 36, 'Altaf Alias', 24, 1, 'A2');
INSERT INTO ArrestSurrender (ArrestSurrenderID, CaseMasterID, ArrestSurrenderTypeID, ArrestSurrenderDate, ArrestSurrenderStateId, ArrestSurrenderDistrictId, PoliceStationID, IOID, CourtID, AccusedMasterID, IsAccused, IsComplainantAccused) VALUES (19, 36, 1, '2024-01-09', 1, 6, 18, 35, 6, 49, 1, 0);
INSERT INTO inv_arrestsurrenderaccused (ArrestSurrenderID, AccusedMasterID) VALUES (19, 49);
INSERT INTO inv_arrestsurrenderaccused (ArrestSurrenderID, AccusedMasterID) VALUES (19, 50);
INSERT INTO ChargesheetDetails (CSID, CaseMasterID, csdate, cstype, PolicePersonID) VALUES (13, 36, '2024-01-09 12:00:00', 'A', 35);
INSERT INTO CaseMaster (CaseMasterID, CrimeNo, CaseNo, CrimeRegisteredDate, PolicePersonID, PoliceStationID, CaseCategoryID, GravityOffenceID, CrimeMajorHeadID, CrimeMinorHeadID, CaseStatusID, CourtID, IncidentFromDate, IncidentToDate, InfoReceivedPSDate, latitude, longitude, BriefFacts) VALUES (37, '100010002202400037', '202400037', '2024-02-10', 3, 2, 1, 1, 3, 7, 2, 1, '2024-02-10 13:00:00', '2024-02-10 15:00:00', '2024-02-10 13:00:00', 12.942200, 77.631500, 'Incident reported at Koramangala Police Station. Initial investigation launched by IO Ganesh Nayak.');
INSERT INTO Inv_OccuranceTime (CaseMasterID, IncidentFromDate, IncidentToDate, latitude, longitude, PlaceOfOccurrence) VALUES (37, '2024-02-10 13:00:00', '2024-02-10 15:00:00', 12.942200, 77.631500, 'Near Junction, Koramangala');
INSERT INTO ComplainantDetails (ComplainantID, CaseMasterID, ComplainantName, AgeYear, OccupationID, ReligionID, CasteID, GenderID) VALUES (37, 37, 'Anand Deshpande', 45, 2, 1, 1, 1);
INSERT INTO ActSectionAssociation (CaseMasterID, ActID, SectionID, ActOrderID, SectionOrderID) VALUES (37, 'IT_ACT', '66D', 1, 1);
INSERT INTO Victim (VictimMasterID, CaseMasterID, VictimName, AgeYear, GenderID, VictimPolice) VALUES (37, 37, 'Chaitra Rao', 41, 1, '0');
INSERT INTO Accused (AccusedMasterID, CaseMasterID, AccusedName, AgeYear, GenderID, PersonID) VALUES (51, 37, 'Babloo Khan', 40, 1, 'A1');
INSERT INTO CaseMaster (CaseMasterID, CrimeNo, CaseNo, CrimeRegisteredDate, PolicePersonID, PoliceStationID, CaseCategoryID, GravityOffenceID, CrimeMajorHeadID, CrimeMinorHeadID, CaseStatusID, CourtID, IncidentFromDate, IncidentToDate, InfoReceivedPSDate, latitude, longitude, BriefFacts) VALUES (38, '100020007202400038', '202400038', '2024-03-11', 13, 7, 2, 2, 4, 8, 3, 2, '2024-03-11 14:00:00', '2024-03-11 16:00:00', '2024-03-11 14:00:00', 12.320000, 76.666000, 'Incident reported at Lashkar Police Station. Initial investigation launched by IO Anil Kulkarni.');
INSERT INTO Inv_OccuranceTime (CaseMasterID, IncidentFromDate, IncidentToDate, latitude, longitude, PlaceOfOccurrence) VALUES (38, '2024-03-11 14:00:00', '2024-03-11 16:00:00', 12.320000, 76.666000, 'Near Junction, Lashkar');
INSERT INTO ComplainantDetails (ComplainantID, CaseMasterID, ComplainantName, AgeYear, OccupationID, ReligionID, CasteID, GenderID) VALUES (38, 38, 'Latha Deshpande', 43, 2, 1, 1, 1);
INSERT INTO ActSectionAssociation (CaseMasterID, ActID, SectionID, ActOrderID, SectionOrderID) VALUES (38, 'IPC', '420', 1, 1);
INSERT INTO Victim (VictimMasterID, CaseMasterID, VictimName, AgeYear, GenderID, VictimPolice) VALUES (38, 38, 'Sangeetha Hegde', 56, 1, '0');
INSERT INTO Accused (AccusedMasterID, CaseMasterID, AccusedName, AgeYear, GenderID, PersonID) VALUES (52, 38, 'Dharma Kumar', 27, 1, 'A1');
INSERT INTO ArrestSurrender (ArrestSurrenderID, CaseMasterID, ArrestSurrenderTypeID, ArrestSurrenderDate, ArrestSurrenderStateId, ArrestSurrenderDistrictId, PoliceStationID, IOID, CourtID, AccusedMasterID, IsAccused, IsComplainantAccused) VALUES (20, 38, 1, '2024-03-11', 1, 2, 7, 13, 2, 52, 1, 0);
INSERT INTO inv_arrestsurrenderaccused (ArrestSurrenderID, AccusedMasterID) VALUES (20, 52);
INSERT INTO CaseMaster (CaseMasterID, CrimeNo, CaseNo, CrimeRegisteredDate, PolicePersonID, PoliceStationID, CaseCategoryID, GravityOffenceID, CrimeMajorHeadID, CrimeMinorHeadID, CaseStatusID, CourtID, IncidentFromDate, IncidentToDate, InfoReceivedPSDate, latitude, longitude, BriefFacts) VALUES (39, '100030011202400039', '202400039', '2024-04-12', 21, 11, 3, 3, 5, 9, 4, 3, '2024-04-12 15:00:00', '2024-04-12 17:00:00', '2024-04-12 15:00:00', 12.898000, 74.840000, 'Incident reported at Urwa Police Station. Initial investigation launched by IO Anil Gowda.');
INSERT INTO Inv_OccuranceTime (CaseMasterID, IncidentFromDate, IncidentToDate, latitude, longitude, PlaceOfOccurrence) VALUES (39, '2024-04-12 15:00:00', '2024-04-12 17:00:00', 12.898000, 74.840000, 'Near Junction, Urwa');
INSERT INTO ComplainantDetails (ComplainantID, CaseMasterID, ComplainantName, AgeYear, OccupationID, ReligionID, CasteID, GenderID) VALUES (39, 39, 'Shilpa Hegde', 28, 2, 1, 1, 1);
INSERT INTO ActSectionAssociation (CaseMasterID, ActID, SectionID, ActOrderID, SectionOrderID) VALUES (39, 'NDPS', '20', 1, 1);
INSERT INTO Victim (VictimMasterID, CaseMasterID, VictimName, AgeYear, GenderID, VictimPolice) VALUES (39, 39, 'Sangeetha Shetty', 32, 1, '0');
INSERT INTO Accused (AccusedMasterID, CaseMasterID, AccusedName, AgeYear, GenderID, PersonID) VALUES (53, 39, 'Jagga Reddy', 42, 1, 'A1');
INSERT INTO Accused (AccusedMasterID, CaseMasterID, AccusedName, AgeYear, GenderID, PersonID) VALUES (54, 39, 'Tukaram Alias', 45, 1, 'A2');
INSERT INTO ChargesheetDetails (CSID, CaseMasterID, csdate, cstype, PolicePersonID) VALUES (14, 39, '2024-04-12 15:00:00', 'A', 21);
INSERT INTO CaseMaster (CaseMasterID, CrimeNo, CaseNo, CrimeRegisteredDate, PolicePersonID, PoliceStationID, CaseCategoryID, GravityOffenceID, CrimeMajorHeadID, CrimeMinorHeadID, CaseStatusID, CourtID, IncidentFromDate, IncidentToDate, InfoReceivedPSDate, latitude, longitude, BriefFacts) VALUES (40, '100040012202400040', '202400040', '2024-05-13', 23, 12, 4, 1, 1, 10, 5, 4, '2024-05-13 16:00:00', '2024-05-13 18:00:00', '2024-05-13 16:00:00', 15.342000, 75.131000, 'Incident reported at Suburban Police Station Hubballi. Initial investigation launched by IO Basavaraj Rao.');
INSERT INTO Inv_OccuranceTime (CaseMasterID, IncidentFromDate, IncidentToDate, latitude, longitude, PlaceOfOccurrence) VALUES (40, '2024-05-13 16:00:00', '2024-05-13 18:00:00', 15.342000, 75.131000, 'Near Junction, Suburban Hubballi');
INSERT INTO ComplainantDetails (ComplainantID, CaseMasterID, ComplainantName, AgeYear, OccupationID, ReligionID, CasteID, GenderID) VALUES (40, 40, 'Shilpa Kulkarni', 25, 2, 1, 1, 1);
INSERT INTO ActSectionAssociation (CaseMasterID, ActID, SectionID, ActOrderID, SectionOrderID) VALUES (40, 'IPC', '379', 1, 1);
INSERT INTO Victim (VictimMasterID, CaseMasterID, VictimName, AgeYear, GenderID, VictimPolice) VALUES (40, 40, 'Rajesh Shetty', 49, 1, '0');
INSERT INTO Accused (AccusedMasterID, CaseMasterID, AccusedName, AgeYear, GenderID, PersonID) VALUES (55, 40, 'Tukaram Reddy', 44, 1, 'A1');
INSERT INTO ArrestSurrender (ArrestSurrenderID, CaseMasterID, ArrestSurrenderTypeID, ArrestSurrenderDate, ArrestSurrenderStateId, ArrestSurrenderDistrictId, PoliceStationID, IOID, CourtID, AccusedMasterID, IsAccused, IsComplainantAccused) VALUES (21, 40, 1, '2024-05-13', 1, 4, 12, 23, 4, 55, 1, 0);
INSERT INTO inv_arrestsurrenderaccused (ArrestSurrenderID, AccusedMasterID) VALUES (21, 55);
INSERT INTO CaseMaster (CaseMasterID, CrimeNo, CaseNo, CrimeRegisteredDate, PolicePersonID, PoliceStationID, CaseCategoryID, GravityOffenceID, CrimeMajorHeadID, CrimeMinorHeadID, CaseStatusID, CourtID, IncidentFromDate, IncidentToDate, InfoReceivedPSDate, latitude, longitude, BriefFacts) VALUES (41, '100050016202400041', '202400041', '2024-06-14', 31, 16, 1, 2, 1, 1, 1, 5, '2024-06-14 17:00:00', '2024-06-14 19:00:00', '2024-06-14 17:00:00', 15.835000, 74.499000, 'Incident reported at Tilakwadi Police Station. Initial investigation launched by IO Prakash Patil.');
INSERT INTO Inv_OccuranceTime (CaseMasterID, IncidentFromDate, IncidentToDate, latitude, longitude, PlaceOfOccurrence) VALUES (41, '2024-06-14 17:00:00', '2024-06-14 19:00:00', 15.835000, 74.499000, 'Near Junction, Tilakwadi');
INSERT INTO ComplainantDetails (ComplainantID, CaseMasterID, ComplainantName, AgeYear, OccupationID, ReligionID, CasteID, GenderID) VALUES (41, 41, 'Kavitha Shetty', 65, 2, 1, 1, 1);
INSERT INTO ActSectionAssociation (CaseMasterID, ActID, SectionID, ActOrderID, SectionOrderID) VALUES (41, 'IPC', '379', 1, 1);
INSERT INTO Victim (VictimMasterID, CaseMasterID, VictimName, AgeYear, GenderID, VictimPolice) VALUES (41, 41, 'Divya Naik', 34, 1, '0');
INSERT INTO Accused (AccusedMasterID, CaseMasterID, AccusedName, AgeYear, GenderID, PersonID) VALUES (56, 41, 'Dharma Singh', 35, 1, 'A1');
INSERT INTO CaseMaster (CaseMasterID, CrimeNo, CaseNo, CrimeRegisteredDate, PolicePersonID, PoliceStationID, CaseCategoryID, GravityOffenceID, CrimeMajorHeadID, CrimeMinorHeadID, CaseStatusID, CourtID, IncidentFromDate, IncidentToDate, InfoReceivedPSDate, latitude, longitude, BriefFacts) VALUES (42, '100060018202400042', '202400042', '2024-07-15', 35, 18, 2, 3, 1, 2, 2, 6, '2024-07-15 18:00:00', '2024-07-15 20:00:00', '2024-07-15 18:00:00', 17.321000, 76.826000, 'Incident reported at Station Bazar Police Station. Initial investigation launched by IO Mahesh Bhat.');
INSERT INTO Inv_OccuranceTime (CaseMasterID, IncidentFromDate, IncidentToDate, latitude, longitude, PlaceOfOccurrence) VALUES (42, '2024-07-15 18:00:00', '2024-07-15 20:00:00', 17.321000, 76.826000, 'Near Junction, Station Bazar');
INSERT INTO ComplainantDetails (ComplainantID, CaseMasterID, ComplainantName, AgeYear, OccupationID, ReligionID, CasteID, GenderID) VALUES (42, 42, 'Suma Bhat', 45, 2, 1, 1, 1);
INSERT INTO ActSectionAssociation (CaseMasterID, ActID, SectionID, ActOrderID, SectionOrderID) VALUES (42, 'IPC', '379', 1, 1);
INSERT INTO Victim (VictimMasterID, CaseMasterID, VictimName, AgeYear, GenderID, VictimPolice) VALUES (42, 42, 'Ganesh Bhat', 33, 1, '0');
INSERT INTO Accused (AccusedMasterID, CaseMasterID, AccusedName, AgeYear, GenderID, PersonID) VALUES (57, 42, 'Tukaram Reddy', 34, 1, 'A1');
INSERT INTO Accused (AccusedMasterID, CaseMasterID, AccusedName, AgeYear, GenderID, PersonID) VALUES (58, 42, 'Tukaram Alias', 36, 1, 'A2');
INSERT INTO ArrestSurrender (ArrestSurrenderID, CaseMasterID, ArrestSurrenderTypeID, ArrestSurrenderDate, ArrestSurrenderStateId, ArrestSurrenderDistrictId, PoliceStationID, IOID, CourtID, AccusedMasterID, IsAccused, IsComplainantAccused) VALUES (22, 42, 1, '2024-07-15', 1, 6, 18, 35, 6, 57, 1, 0);
INSERT INTO inv_arrestsurrenderaccused (ArrestSurrenderID, AccusedMasterID) VALUES (22, 57);
INSERT INTO inv_arrestsurrenderaccused (ArrestSurrenderID, AccusedMasterID) VALUES (22, 58);
INSERT INTO ChargesheetDetails (CSID, CaseMasterID, csdate, cstype, PolicePersonID) VALUES (15, 42, '2024-07-15 18:00:00', 'A', 35);
INSERT INTO CaseMaster (CaseMasterID, CrimeNo, CaseNo, CrimeRegisteredDate, PolicePersonID, PoliceStationID, CaseCategoryID, GravityOffenceID, CrimeMajorHeadID, CrimeMinorHeadID, CaseStatusID, CourtID, IncidentFromDate, IncidentToDate, InfoReceivedPSDate, latitude, longitude, BriefFacts) VALUES (43, '100010003202400043', '202400043', '2024-08-16', 5, 3, 3, 1, 1, 3, 3, 1, '2024-08-16 19:00:00', '2024-08-16 21:00:00', '2024-08-16 19:00:00', 12.962800, 77.742900, 'Incident reported at Whitefield Police Station. Initial investigation launched by IO Sunil Bhat.');
INSERT INTO Inv_OccuranceTime (CaseMasterID, IncidentFromDate, IncidentToDate, latitude, longitude, PlaceOfOccurrence) VALUES (43, '2024-08-16 19:00:00', '2024-08-16 21:00:00', 12.962800, 77.742900, 'Near Junction, Whitefield');
INSERT INTO ComplainantDetails (ComplainantID, CaseMasterID, ComplainantName, AgeYear, OccupationID, ReligionID, CasteID, GenderID) VALUES (43, 43, 'Anand Shetty', 31, 2, 1, 1, 1);
INSERT INTO ActSectionAssociation (CaseMasterID, ActID, SectionID, ActOrderID, SectionOrderID) VALUES (43, 'IPC', '379', 1, 1);
INSERT INTO Victim (VictimMasterID, CaseMasterID, VictimName, AgeYear, GenderID, VictimPolice) VALUES (43, 43, 'Manoj Deshpande', 24, 1, '0');
INSERT INTO Accused (AccusedMasterID, CaseMasterID, AccusedName, AgeYear, GenderID, PersonID) VALUES (59, 43, 'Tukaram Pashan', 26, 1, 'A1');
INSERT INTO CaseMaster (CaseMasterID, CrimeNo, CaseNo, CrimeRegisteredDate, PolicePersonID, PoliceStationID, CaseCategoryID, GravityOffenceID, CrimeMajorHeadID, CrimeMinorHeadID, CaseStatusID, CourtID, IncidentFromDate, IncidentToDate, InfoReceivedPSDate, latitude, longitude, BriefFacts) VALUES (44, '100020007202400044', '202400044', '2024-09-17', 13, 7, 4, 2, 2, 4, 4, 2, '2024-09-17 20:00:00', '2024-09-17 22:00:00', '2024-09-17 20:00:00', 12.306000, 76.652000, 'Incident reported at Lashkar Police Station. Initial investigation launched by IO Anil Kulkarni.');
INSERT INTO Inv_OccuranceTime (CaseMasterID, IncidentFromDate, IncidentToDate, latitude, longitude, PlaceOfOccurrence) VALUES (44, '2024-09-17 20:00:00', '2024-09-17 22:00:00', 12.306000, 76.652000, 'Near Junction, Lashkar');
INSERT INTO ComplainantDetails (ComplainantID, CaseMasterID, ComplainantName, AgeYear, OccupationID, ReligionID, CasteID, GenderID) VALUES (44, 44, 'Harish Murthy', 52, 2, 1, 1, 1);
INSERT INTO ActSectionAssociation (CaseMasterID, ActID, SectionID, ActOrderID, SectionOrderID) VALUES (44, 'IPC', '302', 1, 1);
INSERT INTO Victim (VictimMasterID, CaseMasterID, VictimName, AgeYear, GenderID, VictimPolice) VALUES (44, 44, 'Chaitra Murthy', 44, 1, '0');
INSERT INTO Accused (AccusedMasterID, CaseMasterID, AccusedName, AgeYear, GenderID, PersonID) VALUES (60, 44, 'Raja Singh', 30, 1, 'A1');
INSERT INTO ArrestSurrender (ArrestSurrenderID, CaseMasterID, ArrestSurrenderTypeID, ArrestSurrenderDate, ArrestSurrenderStateId, ArrestSurrenderDistrictId, PoliceStationID, IOID, CourtID, AccusedMasterID, IsAccused, IsComplainantAccused) VALUES (23, 44, 1, '2024-09-17', 1, 2, 7, 13, 2, 60, 1, 0);
INSERT INTO inv_arrestsurrenderaccused (ArrestSurrenderID, AccusedMasterID) VALUES (23, 60);
INSERT INTO CaseMaster (CaseMasterID, CrimeNo, CaseNo, CrimeRegisteredDate, PolicePersonID, PoliceStationID, CaseCategoryID, GravityOffenceID, CrimeMajorHeadID, CrimeMinorHeadID, CaseStatusID, CourtID, IncidentFromDate, IncidentToDate, InfoReceivedPSDate, latitude, longitude, BriefFacts) VALUES (45, '100010005202400045', '202400045', '2024-10-18', 9, 5, 1, 3, 2, 5, 5, 1, '2024-10-18 21:00:00', '2024-10-18 23:00:00', '2024-10-18 21:00:00', 12.998100, 77.559300, 'Incident reported at Malleshwaram Police Station. Initial investigation launched by IO Santosh Shetty.');
INSERT INTO Inv_OccuranceTime (CaseMasterID, IncidentFromDate, IncidentToDate, latitude, longitude, PlaceOfOccurrence) VALUES (45, '2024-10-18 21:00:00', '2024-10-18 23:00:00', 12.998100, 77.559300, 'Near Junction, Malleshwaram');
INSERT INTO ComplainantDetails (ComplainantID, CaseMasterID, ComplainantName, AgeYear, OccupationID, ReligionID, CasteID, GenderID) VALUES (45, 45, 'Bharath Joshi', 56, 2, 1, 1, 1);
INSERT INTO ActSectionAssociation (CaseMasterID, ActID, SectionID, ActOrderID, SectionOrderID) VALUES (45, 'IPC', '302', 1, 1);
INSERT INTO Victim (VictimMasterID, CaseMasterID, VictimName, AgeYear, GenderID, VictimPolice) VALUES (45, 45, 'Praveen Deshpande', 55, 1, '0');
INSERT INTO Accused (AccusedMasterID, CaseMasterID, AccusedName, AgeYear, GenderID, PersonID) VALUES (61, 45, 'Nagaraj @ ''Snake'' Nagi', 34, 1, 'A1');
INSERT INTO ArrestSurrender (ArrestSurrenderID, CaseMasterID, ArrestSurrenderTypeID, ArrestSurrenderDate, ArrestSurrenderStateId, ArrestSurrenderDistrictId, PoliceStationID, IOID, CourtID, AccusedMasterID, IsAccused, IsComplainantAccused) VALUES (24, 45, 1, '2024-10-18', 1, 1, 5, 9, 1, 61, 1, 0);
INSERT INTO inv_arrestsurrenderaccused (ArrestSurrenderID, AccusedMasterID) VALUES (24, 61);
INSERT INTO ChargesheetDetails (CSID, CaseMasterID, csdate, cstype, PolicePersonID) VALUES (16, 45, '2024-10-18 21:00:00', 'A', 9);
INSERT INTO CaseMaster (CaseMasterID, CrimeNo, CaseNo, CrimeRegisteredDate, PolicePersonID, PoliceStationID, CaseCategoryID, GravityOffenceID, CrimeMajorHeadID, CrimeMinorHeadID, CaseStatusID, CourtID, IncidentFromDate, IncidentToDate, InfoReceivedPSDate, latitude, longitude, BriefFacts) VALUES (46, '100040012202400046', '202400046', '2024-11-19', 23, 12, 2, 1, 3, 6, 1, 4, '2024-11-19 22:00:00', '2024-11-19 00:00:00', '2024-11-19 22:00:00', 15.348000, 75.137000, 'Incident reported at Suburban Police Station Hubballi. Initial investigation launched by IO Basavaraj Rao.');
INSERT INTO Inv_OccuranceTime (CaseMasterID, IncidentFromDate, IncidentToDate, latitude, longitude, PlaceOfOccurrence) VALUES (46, '2024-11-19 22:00:00', '2024-11-19 00:00:00', 15.348000, 75.137000, 'Near Junction, Suburban Hubballi');
INSERT INTO ComplainantDetails (ComplainantID, CaseMasterID, ComplainantName, AgeYear, OccupationID, ReligionID, CasteID, GenderID) VALUES (46, 46, 'Radha Kulkarni', 47, 2, 1, 1, 1);
INSERT INTO ActSectionAssociation (CaseMasterID, ActID, SectionID, ActOrderID, SectionOrderID) VALUES (46, 'IT_ACT', '66D', 1, 1);
INSERT INTO Victim (VictimMasterID, CaseMasterID, VictimName, AgeYear, GenderID, VictimPolice) VALUES (46, 46, 'Bhavya Naik', 25, 1, '0');
INSERT INTO Accused (AccusedMasterID, CaseMasterID, AccusedName, AgeYear, GenderID, PersonID) VALUES (62, 46, 'Jagga Salim', 43, 1, 'A1');
INSERT INTO ArrestSurrender (ArrestSurrenderID, CaseMasterID, ArrestSurrenderTypeID, ArrestSurrenderDate, ArrestSurrenderStateId, ArrestSurrenderDistrictId, PoliceStationID, IOID, CourtID, AccusedMasterID, IsAccused, IsComplainantAccused) VALUES (25, 46, 1, '2024-11-19', 1, 4, 12, 23, 4, 62, 1, 0);
INSERT INTO inv_arrestsurrenderaccused (ArrestSurrenderID, AccusedMasterID) VALUES (25, 62);
INSERT INTO CaseMaster (CaseMasterID, CrimeNo, CaseNo, CrimeRegisteredDate, PolicePersonID, PoliceStationID, CaseCategoryID, GravityOffenceID, CrimeMajorHeadID, CrimeMinorHeadID, CaseStatusID, CourtID, IncidentFromDate, IncidentToDate, InfoReceivedPSDate, latitude, longitude, BriefFacts) VALUES (47, '100050016202400047', '202400047', '2024-12-20', 31, 16, 3, 2, 3, 7, 2, 5, '2024-12-20 23:00:00', '2024-12-20 01:00:00', '2024-12-20 23:00:00', 15.841000, 74.505000, 'Incident reported at Tilakwadi Police Station. Initial investigation launched by IO Prakash Patil.');
INSERT INTO Inv_OccuranceTime (CaseMasterID, IncidentFromDate, IncidentToDate, latitude, longitude, PlaceOfOccurrence) VALUES (47, '2024-12-20 23:00:00', '2024-12-20 01:00:00', 15.841000, 74.505000, 'Near Junction, Tilakwadi');
INSERT INTO ComplainantDetails (ComplainantID, CaseMasterID, ComplainantName, AgeYear, OccupationID, ReligionID, CasteID, GenderID) VALUES (47, 47, 'Harish Deshpande', 33, 2, 1, 1, 1);
INSERT INTO ActSectionAssociation (CaseMasterID, ActID, SectionID, ActOrderID, SectionOrderID) VALUES (47, 'IT_ACT', '66D', 1, 1);
INSERT INTO Victim (VictimMasterID, CaseMasterID, VictimName, AgeYear, GenderID, VictimPolice) VALUES (47, 47, 'Bhavya Hegde', 30, 1, '0');
INSERT INTO Accused (AccusedMasterID, CaseMasterID, AccusedName, AgeYear, GenderID, PersonID) VALUES (63, 47, 'Jagga Khan', 29, 1, 'A1');
INSERT INTO CaseMaster (CaseMasterID, CrimeNo, CaseNo, CrimeRegisteredDate, PolicePersonID, PoliceStationID, CaseCategoryID, GravityOffenceID, CrimeMajorHeadID, CrimeMinorHeadID, CaseStatusID, CourtID, IncidentFromDate, IncidentToDate, InfoReceivedPSDate, latitude, longitude, BriefFacts) VALUES (48, '100060018202400048', '202400048', '2024-01-21', 35, 18, 4, 3, 4, 8, 3, 6, '2024-01-21 00:00:00', '2024-01-21 02:00:00', '2024-01-21 00:00:00', 17.327000, 76.832000, 'Incident reported at Station Bazar Police Station. Initial investigation launched by IO Mahesh Bhat.');
INSERT INTO Inv_OccuranceTime (CaseMasterID, IncidentFromDate, IncidentToDate, latitude, longitude, PlaceOfOccurrence) VALUES (48, '2024-01-21 00:00:00', '2024-01-21 02:00:00', 17.327000, 76.832000, 'Near Junction, Station Bazar');
INSERT INTO ComplainantDetails (ComplainantID, CaseMasterID, ComplainantName, AgeYear, OccupationID, ReligionID, CasteID, GenderID) VALUES (48, 48, 'Harish Murthy', 51, 2, 1, 1, 1);
INSERT INTO ActSectionAssociation (CaseMasterID, ActID, SectionID, ActOrderID, SectionOrderID) VALUES (48, 'IPC', '420', 1, 1);
INSERT INTO Victim (VictimMasterID, CaseMasterID, VictimName, AgeYear, GenderID, VictimPolice) VALUES (48, 48, 'Nikhil Kulkarni', 34, 1, '0');
INSERT INTO Accused (AccusedMasterID, CaseMasterID, AccusedName, AgeYear, GenderID, PersonID) VALUES (64, 48, 'Jagga Khan', 45, 1, 'A1');
INSERT INTO Accused (AccusedMasterID, CaseMasterID, AccusedName, AgeYear, GenderID, PersonID) VALUES (65, 48, 'Altaf Reddy', 30, 1, 'A2');
INSERT INTO ArrestSurrender (ArrestSurrenderID, CaseMasterID, ArrestSurrenderTypeID, ArrestSurrenderDate, ArrestSurrenderStateId, ArrestSurrenderDistrictId, PoliceStationID, IOID, CourtID, AccusedMasterID, IsAccused, IsComplainantAccused) VALUES (26, 48, 1, '2024-01-21', 1, 6, 18, 35, 6, 64, 1, 0);
INSERT INTO inv_arrestsurrenderaccused (ArrestSurrenderID, AccusedMasterID) VALUES (26, 64);
INSERT INTO inv_arrestsurrenderaccused (ArrestSurrenderID, AccusedMasterID) VALUES (26, 65);
INSERT INTO ChargesheetDetails (CSID, CaseMasterID, csdate, cstype, PolicePersonID) VALUES (17, 48, '2024-01-21 00:00:00', 'A', 35);
INSERT INTO CaseMaster (CaseMasterID, CrimeNo, CaseNo, CrimeRegisteredDate, PolicePersonID, PoliceStationID, CaseCategoryID, GravityOffenceID, CrimeMajorHeadID, CrimeMinorHeadID, CaseStatusID, CourtID, IncidentFromDate, IncidentToDate, InfoReceivedPSDate, latitude, longitude, BriefFacts) VALUES (49, '100010004202400049', '202400049', '2024-02-22', 7, 4, 1, 1, 5, 9, 4, 1, '2024-02-22 01:00:00', '2024-02-22 03:00:00', '2024-02-22 01:00:00', 12.924000, 77.592800, 'Incident reported at Jayanagar Police Station. Initial investigation launched by IO Vijay Kulkarni.');
INSERT INTO Inv_OccuranceTime (CaseMasterID, IncidentFromDate, IncidentToDate, latitude, longitude, PlaceOfOccurrence) VALUES (49, '2024-02-22 01:00:00', '2024-02-22 03:00:00', 12.924000, 77.592800, 'Near Junction, Jayanagar');
INSERT INTO ComplainantDetails (ComplainantID, CaseMasterID, ComplainantName, AgeYear, OccupationID, ReligionID, CasteID, GenderID) VALUES (49, 49, 'Deepak Rao', 47, 2, 1, 1, 1);
INSERT INTO ActSectionAssociation (CaseMasterID, ActID, SectionID, ActOrderID, SectionOrderID) VALUES (49, 'NDPS', '20', 1, 1);
INSERT INTO Victim (VictimMasterID, CaseMasterID, VictimName, AgeYear, GenderID, VictimPolice) VALUES (49, 49, 'Bhavya Kulkarni', 56, 1, '0');
INSERT INTO Accused (AccusedMasterID, CaseMasterID, AccusedName, AgeYear, GenderID, PersonID) VALUES (66, 49, 'Dharma Khan', 40, 1, 'A1');
INSERT INTO CaseMaster (CaseMasterID, CrimeNo, CaseNo, CrimeRegisteredDate, PolicePersonID, PoliceStationID, CaseCategoryID, GravityOffenceID, CrimeMajorHeadID, CrimeMinorHeadID, CaseStatusID, CourtID, IncidentFromDate, IncidentToDate, InfoReceivedPSDate, latitude, longitude, BriefFacts) VALUES (50, '100020007202400050', '202400050', '2024-03-23', 13, 7, 2, 2, 1, 10, 5, 2, '2024-03-23 02:00:00', '2024-03-23 04:00:00', '2024-03-23 02:00:00', 12.312000, 76.658000, 'Incident reported at Lashkar Police Station. Initial investigation launched by IO Anil Kulkarni.');
INSERT INTO Inv_OccuranceTime (CaseMasterID, IncidentFromDate, IncidentToDate, latitude, longitude, PlaceOfOccurrence) VALUES (50, '2024-03-23 02:00:00', '2024-03-23 04:00:00', 12.312000, 76.658000, 'Near Junction, Lashkar');
INSERT INTO ComplainantDetails (ComplainantID, CaseMasterID, ComplainantName, AgeYear, OccupationID, ReligionID, CasteID, GenderID) VALUES (50, 50, 'Radha Bhat', 37, 2, 1, 1, 1);
INSERT INTO ActSectionAssociation (CaseMasterID, ActID, SectionID, ActOrderID, SectionOrderID) VALUES (50, 'IPC', '379', 1, 1);
INSERT INTO Victim (VictimMasterID, CaseMasterID, VictimName, AgeYear, GenderID, VictimPolice) VALUES (50, 50, 'Nikhil Joshi', 33, 1, '0');
INSERT INTO Accused (AccusedMasterID, CaseMasterID, AccusedName, AgeYear, GenderID, PersonID) VALUES (67, 50, 'Mantu Reddy', 44, 1, 'A1');
INSERT INTO ArrestSurrender (ArrestSurrenderID, CaseMasterID, ArrestSurrenderTypeID, ArrestSurrenderDate, ArrestSurrenderStateId, ArrestSurrenderDistrictId, PoliceStationID, IOID, CourtID, AccusedMasterID, IsAccused, IsComplainantAccused) VALUES (27, 50, 1, '2024-03-23', 1, 2, 7, 13, 2, 67, 1, 0);
INSERT INTO inv_arrestsurrenderaccused (ArrestSurrenderID, AccusedMasterID) VALUES (27, 67);
INSERT INTO CaseMaster (CaseMasterID, CrimeNo, CaseNo, CrimeRegisteredDate, PolicePersonID, PoliceStationID, CaseCategoryID, GravityOffenceID, CrimeMajorHeadID, CrimeMinorHeadID, CaseStatusID, CourtID, IncidentFromDate, IncidentToDate, InfoReceivedPSDate, latitude, longitude, BriefFacts) VALUES (51, '100030011202400051', '202400051', '2024-04-24', 21, 11, 3, 3, 1, 1, 1, 3, '2024-04-24 03:00:00', '2024-04-24 05:00:00', '2024-04-24 03:00:00', 12.890000, 74.832000, 'Incident reported at Urwa Police Station. Initial investigation launched by IO Anil Gowda.');
INSERT INTO Inv_OccuranceTime (CaseMasterID, IncidentFromDate, IncidentToDate, latitude, longitude, PlaceOfOccurrence) VALUES (51, '2024-04-24 03:00:00', '2024-04-24 05:00:00', 12.890000, 74.832000, 'Near Junction, Urwa');
INSERT INTO ComplainantDetails (ComplainantID, CaseMasterID, ComplainantName, AgeYear, OccupationID, ReligionID, CasteID, GenderID) VALUES (51, 51, 'Bharath Hegde', 34, 2, 1, 1, 1);
INSERT INTO ActSectionAssociation (CaseMasterID, ActID, SectionID, ActOrderID, SectionOrderID) VALUES (51, 'IPC', '379', 1, 1);
INSERT INTO Victim (VictimMasterID, CaseMasterID, VictimName, AgeYear, GenderID, VictimPolice) VALUES (51, 51, 'Chaitra Bhat', 41, 1, '0');
INSERT INTO Accused (AccusedMasterID, CaseMasterID, AccusedName, AgeYear, GenderID, PersonID) VALUES (68, 51, 'Altaf Pashan', 45, 1, 'A1');
INSERT INTO Accused (AccusedMasterID, CaseMasterID, AccusedName, AgeYear, GenderID, PersonID) VALUES (69, 51, 'Yogesh Singh', 32, 1, 'A2');
INSERT INTO ChargesheetDetails (CSID, CaseMasterID, csdate, cstype, PolicePersonID) VALUES (18, 51, '2024-04-24 03:00:00', 'A', 21);
INSERT INTO CaseMaster (CaseMasterID, CrimeNo, CaseNo, CrimeRegisteredDate, PolicePersonID, PoliceStationID, CaseCategoryID, GravityOffenceID, CrimeMajorHeadID, CrimeMinorHeadID, CaseStatusID, CourtID, IncidentFromDate, IncidentToDate, InfoReceivedPSDate, latitude, longitude, BriefFacts) VALUES (52, '100040012202400052', '202400052', '2024-05-25', 23, 12, 4, 1, 1, 2, 2, 4, '2024-05-25 04:00:00', '2024-05-25 06:00:00', '2024-05-25 04:00:00', 15.354000, 75.143000, 'Incident reported at Suburban Police Station Hubballi. Initial investigation launched by IO Basavaraj Rao.');
INSERT INTO Inv_OccuranceTime (CaseMasterID, IncidentFromDate, IncidentToDate, latitude, longitude, PlaceOfOccurrence) VALUES (52, '2024-05-25 04:00:00', '2024-05-25 06:00:00', 15.354000, 75.143000, 'Near Junction, Suburban Hubballi');
INSERT INTO ComplainantDetails (ComplainantID, CaseMasterID, ComplainantName, AgeYear, OccupationID, ReligionID, CasteID, GenderID) VALUES (52, 52, 'Latha Joshi', 31, 2, 1, 1, 1);
INSERT INTO ActSectionAssociation (CaseMasterID, ActID, SectionID, ActOrderID, SectionOrderID) VALUES (52, 'IPC', '379', 1, 1);
INSERT INTO Victim (VictimMasterID, CaseMasterID, VictimName, AgeYear, GenderID, VictimPolice) VALUES (52, 52, 'Chaitra Deshpande', 26, 1, '0');
INSERT INTO Accused (AccusedMasterID, CaseMasterID, AccusedName, AgeYear, GenderID, PersonID) VALUES (70, 52, 'Imtiaz Kumar', 39, 1, 'A1');
INSERT INTO ArrestSurrender (ArrestSurrenderID, CaseMasterID, ArrestSurrenderTypeID, ArrestSurrenderDate, ArrestSurrenderStateId, ArrestSurrenderDistrictId, PoliceStationID, IOID, CourtID, AccusedMasterID, IsAccused, IsComplainantAccused) VALUES (28, 52, 1, '2024-05-25', 1, 4, 12, 23, 4, 70, 1, 0);
INSERT INTO inv_arrestsurrenderaccused (ArrestSurrenderID, AccusedMasterID) VALUES (28, 70);
INSERT INTO CaseMaster (CaseMasterID, CrimeNo, CaseNo, CrimeRegisteredDate, PolicePersonID, PoliceStationID, CaseCategoryID, GravityOffenceID, CrimeMajorHeadID, CrimeMinorHeadID, CaseStatusID, CourtID, IncidentFromDate, IncidentToDate, InfoReceivedPSDate, latitude, longitude, BriefFacts) VALUES (53, '100050016202400053', '202400053', '2024-06-26', 31, 16, 1, 2, 1, 3, 3, 5, '2024-06-26 05:00:00', '2024-06-26 07:00:00', '2024-06-26 05:00:00', 15.847000, 74.511000, 'Incident reported at Tilakwadi Police Station. Initial investigation launched by IO Prakash Patil.');
INSERT INTO Inv_OccuranceTime (CaseMasterID, IncidentFromDate, IncidentToDate, latitude, longitude, PlaceOfOccurrence) VALUES (53, '2024-06-26 05:00:00', '2024-06-26 07:00:00', 15.847000, 74.511000, 'Near Junction, Tilakwadi');
INSERT INTO ComplainantDetails (ComplainantID, CaseMasterID, ComplainantName, AgeYear, OccupationID, ReligionID, CasteID, GenderID) VALUES (53, 53, 'Nandini Shetty', 32, 2, 1, 1, 1);
INSERT INTO ActSectionAssociation (CaseMasterID, ActID, SectionID, ActOrderID, SectionOrderID) VALUES (53, 'IPC', '379', 1, 1);
INSERT INTO Victim (VictimMasterID, CaseMasterID, VictimName, AgeYear, GenderID, VictimPolice) VALUES (53, 53, 'Bhavya Bhat', 32, 1, '0');
INSERT INTO Accused (AccusedMasterID, CaseMasterID, AccusedName, AgeYear, GenderID, PersonID) VALUES (71, 53, 'Tukaram Kumar', 26, 1, 'A1');
INSERT INTO CaseMaster (CaseMasterID, CrimeNo, CaseNo, CrimeRegisteredDate, PolicePersonID, PoliceStationID, CaseCategoryID, GravityOffenceID, CrimeMajorHeadID, CrimeMinorHeadID, CaseStatusID, CourtID, IncidentFromDate, IncidentToDate, InfoReceivedPSDate, latitude, longitude, BriefFacts) VALUES (54, '100060018202400054', '202400054', '2024-07-27', 35, 18, 2, 3, 2, 4, 4, 6, '2024-07-27 06:00:00', '2024-07-27 08:00:00', '2024-07-27 06:00:00', 17.333000, 76.838000, 'Incident reported at Station Bazar Police Station. Initial investigation launched by IO Mahesh Bhat.');
INSERT INTO Inv_OccuranceTime (CaseMasterID, IncidentFromDate, IncidentToDate, latitude, longitude, PlaceOfOccurrence) VALUES (54, '2024-07-27 06:00:00', '2024-07-27 08:00:00', 17.333000, 76.838000, 'Near Junction, Station Bazar');
INSERT INTO ComplainantDetails (ComplainantID, CaseMasterID, ComplainantName, AgeYear, OccupationID, ReligionID, CasteID, GenderID) VALUES (54, 54, 'Anand Rao', 50, 2, 1, 1, 1);
INSERT INTO ActSectionAssociation (CaseMasterID, ActID, SectionID, ActOrderID, SectionOrderID) VALUES (54, 'IPC', '302', 1, 1);
INSERT INTO Victim (VictimMasterID, CaseMasterID, VictimName, AgeYear, GenderID, VictimPolice) VALUES (54, 54, 'Ganesh Bhat', 52, 1, '0');
INSERT INTO Accused (AccusedMasterID, CaseMasterID, AccusedName, AgeYear, GenderID, PersonID) VALUES (72, 54, 'Mantu Reddy', 39, 1, 'A1');
INSERT INTO Accused (AccusedMasterID, CaseMasterID, AccusedName, AgeYear, GenderID, PersonID) VALUES (73, 54, 'Pandu Kumar', 44, 1, 'A2');
INSERT INTO ArrestSurrender (ArrestSurrenderID, CaseMasterID, ArrestSurrenderTypeID, ArrestSurrenderDate, ArrestSurrenderStateId, ArrestSurrenderDistrictId, PoliceStationID, IOID, CourtID, AccusedMasterID, IsAccused, IsComplainantAccused) VALUES (29, 54, 1, '2024-07-27', 1, 6, 18, 35, 6, 72, 1, 0);
INSERT INTO inv_arrestsurrenderaccused (ArrestSurrenderID, AccusedMasterID) VALUES (29, 72);
INSERT INTO inv_arrestsurrenderaccused (ArrestSurrenderID, AccusedMasterID) VALUES (29, 73);
INSERT INTO ChargesheetDetails (CSID, CaseMasterID, csdate, cstype, PolicePersonID) VALUES (19, 54, '2024-07-27 06:00:00', 'A', 35);
INSERT INTO CaseMaster (CaseMasterID, CrimeNo, CaseNo, CrimeRegisteredDate, PolicePersonID, PoliceStationID, CaseCategoryID, GravityOffenceID, CrimeMajorHeadID, CrimeMinorHeadID, CaseStatusID, CourtID, IncidentFromDate, IncidentToDate, InfoReceivedPSDate, latitude, longitude, BriefFacts) VALUES (55, '100010005202400055', '202400055', '2024-08-28', 9, 5, 3, 1, 2, 5, 5, 1, '2024-08-28 07:00:00', '2024-08-28 09:00:00', '2024-08-28 07:00:00', 13.008100, 77.569300, 'Incident reported at Malleshwaram Police Station. Initial investigation launched by IO Santosh Shetty.');
INSERT INTO Inv_OccuranceTime (CaseMasterID, IncidentFromDate, IncidentToDate, latitude, longitude, PlaceOfOccurrence) VALUES (55, '2024-08-28 07:00:00', '2024-08-28 09:00:00', 13.008100, 77.569300, 'Near Junction, Malleshwaram');
INSERT INTO ComplainantDetails (ComplainantID, CaseMasterID, ComplainantName, AgeYear, OccupationID, ReligionID, CasteID, GenderID) VALUES (55, 55, 'Radha Rao', 32, 2, 1, 1, 1);
INSERT INTO ActSectionAssociation (CaseMasterID, ActID, SectionID, ActOrderID, SectionOrderID) VALUES (55, 'IPC', '302', 1, 1);
INSERT INTO Victim (VictimMasterID, CaseMasterID, VictimName, AgeYear, GenderID, VictimPolice) VALUES (55, 55, 'Praveen Naik', 59, 1, '0');
INSERT INTO Accused (AccusedMasterID, CaseMasterID, AccusedName, AgeYear, GenderID, PersonID) VALUES (74, 55, 'Pandu Kumar', 36, 1, 'A1');
INSERT INTO CaseMaster (CaseMasterID, CrimeNo, CaseNo, CrimeRegisteredDate, PolicePersonID, PoliceStationID, CaseCategoryID, GravityOffenceID, CrimeMajorHeadID, CrimeMinorHeadID, CaseStatusID, CourtID, IncidentFromDate, IncidentToDate, InfoReceivedPSDate, latitude, longitude, BriefFacts) VALUES (56, '100020007202400056', '202400056', '2024-09-01', 13, 7, 4, 2, 3, 6, 1, 2, '2024-09-01 08:00:00', '2024-09-01 10:00:00', '2024-09-01 08:00:00', 12.318000, 76.664000, 'Incident reported at Lashkar Police Station. Initial investigation launched by IO Anil Kulkarni.');
INSERT INTO Inv_OccuranceTime (CaseMasterID, IncidentFromDate, IncidentToDate, latitude, longitude, PlaceOfOccurrence) VALUES (56, '2024-09-01 08:00:00', '2024-09-01 10:00:00', 12.318000, 76.664000, 'Near Junction, Lashkar');
INSERT INTO ComplainantDetails (ComplainantID, CaseMasterID, ComplainantName, AgeYear, OccupationID, ReligionID, CasteID, GenderID) VALUES (56, 56, 'Suma Deshpande', 58, 2, 1, 1, 1);
INSERT INTO ActSectionAssociation (CaseMasterID, ActID, SectionID, ActOrderID, SectionOrderID) VALUES (56, 'IT_ACT', '66D', 1, 1);
INSERT INTO Victim (VictimMasterID, CaseMasterID, VictimName, AgeYear, GenderID, VictimPolice) VALUES (56, 56, 'Praveen Gowda', 53, 1, '0');
INSERT INTO Accused (AccusedMasterID, CaseMasterID, AccusedName, AgeYear, GenderID, PersonID) VALUES (75, 56, 'Babloo Verma', 30, 1, 'A1');
INSERT INTO ArrestSurrender (ArrestSurrenderID, CaseMasterID, ArrestSurrenderTypeID, ArrestSurrenderDate, ArrestSurrenderStateId, ArrestSurrenderDistrictId, PoliceStationID, IOID, CourtID, AccusedMasterID, IsAccused, IsComplainantAccused) VALUES (30, 56, 1, '2024-09-01', 1, 2, 7, 13, 2, 75, 1, 0);
INSERT INTO inv_arrestsurrenderaccused (ArrestSurrenderID, AccusedMasterID) VALUES (30, 75);
INSERT INTO CaseMaster (CaseMasterID, CrimeNo, CaseNo, CrimeRegisteredDate, PolicePersonID, PoliceStationID, CaseCategoryID, GravityOffenceID, CrimeMajorHeadID, CrimeMinorHeadID, CaseStatusID, CourtID, IncidentFromDate, IncidentToDate, InfoReceivedPSDate, latitude, longitude, BriefFacts) VALUES (57, '100030011202400057', '202400057', '2024-10-02', 21, 11, 1, 3, 3, 7, 2, 3, '2024-10-02 09:00:00', '2024-10-02 11:00:00', '2024-10-02 09:00:00', 12.896000, 74.838000, 'Incident reported at Urwa Police Station. Initial investigation launched by IO Anil Gowda.');
INSERT INTO Inv_OccuranceTime (CaseMasterID, IncidentFromDate, IncidentToDate, latitude, longitude, PlaceOfOccurrence) VALUES (57, '2024-10-02 09:00:00', '2024-10-02 11:00:00', 12.896000, 74.838000, 'Near Junction, Urwa');
INSERT INTO ComplainantDetails (ComplainantID, CaseMasterID, ComplainantName, AgeYear, OccupationID, ReligionID, CasteID, GenderID) VALUES (57, 57, 'Girish Murthy', 25, 2, 1, 1, 1);
INSERT INTO ActSectionAssociation (CaseMasterID, ActID, SectionID, ActOrderID, SectionOrderID) VALUES (57, 'IT_ACT', '66D', 1, 1);
INSERT INTO Victim (VictimMasterID, CaseMasterID, VictimName, AgeYear, GenderID, VictimPolice) VALUES (57, 57, 'Sangeetha Joshi', 29, 1, '0');
INSERT INTO Accused (AccusedMasterID, CaseMasterID, AccusedName, AgeYear, GenderID, PersonID) VALUES (76, 57, 'Yogesh Kumar', 24, 1, 'A1');
INSERT INTO Accused (AccusedMasterID, CaseMasterID, AccusedName, AgeYear, GenderID, PersonID) VALUES (77, 57, 'Raja Kumar', 33, 1, 'A2');
INSERT INTO ChargesheetDetails (CSID, CaseMasterID, csdate, cstype, PolicePersonID) VALUES (20, 57, '2024-10-02 09:00:00', 'A', 21);
INSERT INTO CaseMaster (CaseMasterID, CrimeNo, CaseNo, CrimeRegisteredDate, PolicePersonID, PoliceStationID, CaseCategoryID, GravityOffenceID, CrimeMajorHeadID, CrimeMinorHeadID, CaseStatusID, CourtID, IncidentFromDate, IncidentToDate, InfoReceivedPSDate, latitude, longitude, BriefFacts) VALUES (58, '100040012202400058', '202400058', '2024-11-03', 23, 12, 2, 1, 4, 8, 3, 4, '2024-11-03 10:00:00', '2024-11-03 12:00:00', '2024-11-03 10:00:00', 15.360000, 75.149000, 'Incident reported at Suburban Police Station Hubballi. Initial investigation launched by IO Basavaraj Rao.');
INSERT INTO Inv_OccuranceTime (CaseMasterID, IncidentFromDate, IncidentToDate, latitude, longitude, PlaceOfOccurrence) VALUES (58, '2024-11-03 10:00:00', '2024-11-03 12:00:00', 15.360000, 75.149000, 'Near Junction, Suburban Hubballi');
INSERT INTO ComplainantDetails (ComplainantID, CaseMasterID, ComplainantName, AgeYear, OccupationID, ReligionID, CasteID, GenderID) VALUES (58, 58, 'Nandini Joshi', 34, 2, 1, 1, 1);
INSERT INTO ActSectionAssociation (CaseMasterID, ActID, SectionID, ActOrderID, SectionOrderID) VALUES (58, 'IPC', '420', 1, 1);
INSERT INTO Victim (VictimMasterID, CaseMasterID, VictimName, AgeYear, GenderID, VictimPolice) VALUES (58, 58, 'Bhavya Naik', 41, 1, '0');
INSERT INTO Accused (AccusedMasterID, CaseMasterID, AccusedName, AgeYear, GenderID, PersonID) VALUES (78, 58, 'Altaf Pashan', 44, 1, 'A1');
INSERT INTO ArrestSurrender (ArrestSurrenderID, CaseMasterID, ArrestSurrenderTypeID, ArrestSurrenderDate, ArrestSurrenderStateId, ArrestSurrenderDistrictId, PoliceStationID, IOID, CourtID, AccusedMasterID, IsAccused, IsComplainantAccused) VALUES (31, 58, 1, '2024-11-03', 1, 4, 12, 23, 4, 78, 1, 0);
INSERT INTO inv_arrestsurrenderaccused (ArrestSurrenderID, AccusedMasterID) VALUES (31, 78);
INSERT INTO CaseMaster (CaseMasterID, CrimeNo, CaseNo, CrimeRegisteredDate, PolicePersonID, PoliceStationID, CaseCategoryID, GravityOffenceID, CrimeMajorHeadID, CrimeMinorHeadID, CaseStatusID, CourtID, IncidentFromDate, IncidentToDate, InfoReceivedPSDate, latitude, longitude, BriefFacts) VALUES (59, '100050016202400059', '202400059', '2024-12-04', 31, 16, 3, 2, 5, 9, 4, 5, '2024-12-04 11:00:00', '2024-12-04 13:00:00', '2024-12-04 11:00:00', 15.853000, 74.517000, 'Incident reported at Tilakwadi Police Station. Initial investigation launched by IO Prakash Patil.');
INSERT INTO Inv_OccuranceTime (CaseMasterID, IncidentFromDate, IncidentToDate, latitude, longitude, PlaceOfOccurrence) VALUES (59, '2024-12-04 11:00:00', '2024-12-04 13:00:00', 15.853000, 74.517000, 'Near Junction, Tilakwadi');
INSERT INTO ComplainantDetails (ComplainantID, CaseMasterID, ComplainantName, AgeYear, OccupationID, ReligionID, CasteID, GenderID) VALUES (59, 59, 'Harish Rao', 62, 2, 1, 1, 1);
INSERT INTO ActSectionAssociation (CaseMasterID, ActID, SectionID, ActOrderID, SectionOrderID) VALUES (59, 'NDPS', '20', 1, 1);
INSERT INTO Victim (VictimMasterID, CaseMasterID, VictimName, AgeYear, GenderID, VictimPolice) VALUES (59, 59, 'Chaitra Naik', 34, 1, '0');
INSERT INTO Accused (AccusedMasterID, CaseMasterID, AccusedName, AgeYear, GenderID, PersonID) VALUES (79, 59, 'Imtiaz Kumar', 31, 1, 'A1');
INSERT INTO CaseMaster (CaseMasterID, CrimeNo, CaseNo, CrimeRegisteredDate, PolicePersonID, PoliceStationID, CaseCategoryID, GravityOffenceID, CrimeMajorHeadID, CrimeMinorHeadID, CaseStatusID, CourtID, IncidentFromDate, IncidentToDate, InfoReceivedPSDate, latitude, longitude, BriefFacts) VALUES (60, '100060018202400060', '202400060', '2024-01-05', 35, 18, 4, 3, 1, 10, 5, 6, '2024-01-05 12:00:00', '2024-01-05 14:00:00', '2024-01-05 12:00:00', 17.319000, 76.824000, 'Incident reported at Station Bazar Police Station. Initial investigation launched by IO Mahesh Bhat.');
INSERT INTO Inv_OccuranceTime (CaseMasterID, IncidentFromDate, IncidentToDate, latitude, longitude, PlaceOfOccurrence) VALUES (60, '2024-01-05 12:00:00', '2024-01-05 14:00:00', 17.319000, 76.824000, 'Near Junction, Station Bazar');
INSERT INTO ComplainantDetails (ComplainantID, CaseMasterID, ComplainantName, AgeYear, OccupationID, ReligionID, CasteID, GenderID) VALUES (60, 60, 'Eshwar Rao', 42, 2, 1, 1, 1);
INSERT INTO ActSectionAssociation (CaseMasterID, ActID, SectionID, ActOrderID, SectionOrderID) VALUES (60, 'IPC', '379', 1, 1);
INSERT INTO Victim (VictimMasterID, CaseMasterID, VictimName, AgeYear, GenderID, VictimPolice) VALUES (60, 60, 'Praveen Rao', 22, 1, '0');
INSERT INTO Accused (AccusedMasterID, CaseMasterID, AccusedName, AgeYear, GenderID, PersonID) VALUES (80, 60, 'Jagga Singh', 44, 1, 'A1');
INSERT INTO Accused (AccusedMasterID, CaseMasterID, AccusedName, AgeYear, GenderID, PersonID) VALUES (81, 60, 'Dharma Verma', 34, 1, 'A2');
INSERT INTO ArrestSurrender (ArrestSurrenderID, CaseMasterID, ArrestSurrenderTypeID, ArrestSurrenderDate, ArrestSurrenderStateId, ArrestSurrenderDistrictId, PoliceStationID, IOID, CourtID, AccusedMasterID, IsAccused, IsComplainantAccused) VALUES (32, 60, 1, '2024-01-05', 1, 6, 18, 35, 6, 80, 1, 0);
INSERT INTO inv_arrestsurrenderaccused (ArrestSurrenderID, AccusedMasterID) VALUES (32, 80);
INSERT INTO inv_arrestsurrenderaccused (ArrestSurrenderID, AccusedMasterID) VALUES (32, 81);
INSERT INTO ChargesheetDetails (CSID, CaseMasterID, csdate, cstype, PolicePersonID) VALUES (21, 60, '2024-01-05 12:00:00', 'A', 35);
INSERT INTO CaseMaster (CaseMasterID, CrimeNo, CaseNo, CrimeRegisteredDate, PolicePersonID, PoliceStationID, CaseCategoryID, GravityOffenceID, CrimeMajorHeadID, CrimeMinorHeadID, CaseStatusID, CourtID, IncidentFromDate, IncidentToDate, InfoReceivedPSDate, latitude, longitude, BriefFacts) VALUES (61, '100010001202400061', '202400061', '2024-02-06', 1, 1, 1, 1, 1, 1, 1, 1, '2024-02-06 13:00:00', '2024-02-06 15:00:00', '2024-02-06 13:00:00', 12.969400, 77.631800, 'Incident reported at Indiranagar Police Station. Initial investigation launched by IO Suresh Rao.');
INSERT INTO Inv_OccuranceTime (CaseMasterID, IncidentFromDate, IncidentToDate, latitude, longitude, PlaceOfOccurrence) VALUES (61, '2024-02-06 13:00:00', '2024-02-06 15:00:00', 12.969400, 77.631800, 'Near Junction, Indiranagar');
INSERT INTO ComplainantDetails (ComplainantID, CaseMasterID, ComplainantName, AgeYear, OccupationID, ReligionID, CasteID, GenderID) VALUES (61, 61, 'Bharath Joshi', 28, 2, 1, 1, 1);
INSERT INTO ActSectionAssociation (CaseMasterID, ActID, SectionID, ActOrderID, SectionOrderID) VALUES (61, 'IPC', '379', 1, 1);
INSERT INTO Victim (VictimMasterID, CaseMasterID, VictimName, AgeYear, GenderID, VictimPolice) VALUES (61, 61, 'Chaitra Shetty', 32, 1, '0');
INSERT INTO Accused (AccusedMasterID, CaseMasterID, AccusedName, AgeYear, GenderID, PersonID) VALUES (82, 61, 'Tukaram Alias', 39, 1, 'A1');
INSERT INTO CaseMaster (CaseMasterID, CrimeNo, CaseNo, CrimeRegisteredDate, PolicePersonID, PoliceStationID, CaseCategoryID, GravityOffenceID, CrimeMajorHeadID, CrimeMinorHeadID, CaseStatusID, CourtID, IncidentFromDate, IncidentToDate, InfoReceivedPSDate, latitude, longitude, BriefFacts) VALUES (62, '100020007202400062', '202400062', '2024-03-07', 13, 7, 2, 2, 1, 2, 2, 2, '2024-03-07 14:00:00', '2024-03-07 16:00:00', '2024-03-07 14:00:00', 12.304000, 76.650000, 'Incident reported at Lashkar Police Station. Initial investigation launched by IO Anil Kulkarni.');
INSERT INTO Inv_OccuranceTime (CaseMasterID, IncidentFromDate, IncidentToDate, latitude, longitude, PlaceOfOccurrence) VALUES (62, '2024-03-07 14:00:00', '2024-03-07 16:00:00', 12.304000, 76.650000, 'Near Junction, Lashkar');
INSERT INTO ComplainantDetails (ComplainantID, CaseMasterID, ComplainantName, AgeYear, OccupationID, ReligionID, CasteID, GenderID) VALUES (62, 62, 'Meena Deshpande', 29, 2, 1, 1, 1);
INSERT INTO ActSectionAssociation (CaseMasterID, ActID, SectionID, ActOrderID, SectionOrderID) VALUES (62, 'IPC', '379', 1, 1);
INSERT INTO Victim (VictimMasterID, CaseMasterID, VictimName, AgeYear, GenderID, VictimPolice) VALUES (62, 62, 'Nikhil Gowda', 28, 1, '0');
INSERT INTO Accused (AccusedMasterID, CaseMasterID, AccusedName, AgeYear, GenderID, PersonID) VALUES (83, 62, 'Pandu Salim', 42, 1, 'A1');
INSERT INTO ArrestSurrender (ArrestSurrenderID, CaseMasterID, ArrestSurrenderTypeID, ArrestSurrenderDate, ArrestSurrenderStateId, ArrestSurrenderDistrictId, PoliceStationID, IOID, CourtID, AccusedMasterID, IsAccused, IsComplainantAccused) VALUES (33, 62, 1, '2024-03-07', 1, 2, 7, 13, 2, 83, 1, 0);
INSERT INTO inv_arrestsurrenderaccused (ArrestSurrenderID, AccusedMasterID) VALUES (33, 83);
INSERT INTO CaseMaster (CaseMasterID, CrimeNo, CaseNo, CrimeRegisteredDate, PolicePersonID, PoliceStationID, CaseCategoryID, GravityOffenceID, CrimeMajorHeadID, CrimeMinorHeadID, CaseStatusID, CourtID, IncidentFromDate, IncidentToDate, InfoReceivedPSDate, latitude, longitude, BriefFacts) VALUES (63, '100030011202400063', '202400063', '2024-04-08', 21, 11, 3, 3, 1, 3, 3, 3, '2024-04-08 15:00:00', '2024-04-08 17:00:00', '2024-04-08 15:00:00', 12.882000, 74.824000, 'Incident reported at Urwa Police Station. Initial investigation launched by IO Anil Gowda.');
INSERT INTO Inv_OccuranceTime (CaseMasterID, IncidentFromDate, IncidentToDate, latitude, longitude, PlaceOfOccurrence) VALUES (63, '2024-04-08 15:00:00', '2024-04-08 17:00:00', 12.882000, 74.824000, 'Near Junction, Urwa');
INSERT INTO ComplainantDetails (ComplainantID, CaseMasterID, ComplainantName, AgeYear, OccupationID, ReligionID, CasteID, GenderID) VALUES (63, 63, 'Harish Murthy', 44, 2, 1, 1, 1);
INSERT INTO ActSectionAssociation (CaseMasterID, ActID, SectionID, ActOrderID, SectionOrderID) VALUES (63, 'IPC', '379', 1, 1);
INSERT INTO Victim (VictimMasterID, CaseMasterID, VictimName, AgeYear, GenderID, VictimPolice) VALUES (63, 63, 'Praveen Joshi', 28, 1, '0');
INSERT INTO Accused (AccusedMasterID, CaseMasterID, AccusedName, AgeYear, GenderID, PersonID) VALUES (84, 63, 'Mantu Alias', 38, 1, 'A1');
INSERT INTO Accused (AccusedMasterID, CaseMasterID, AccusedName, AgeYear, GenderID, PersonID) VALUES (85, 63, 'Babloo Singh', 32, 1, 'A2');
INSERT INTO ChargesheetDetails (CSID, CaseMasterID, csdate, cstype, PolicePersonID) VALUES (22, 63, '2024-04-08 15:00:00', 'A', 21);
INSERT INTO CaseMaster (CaseMasterID, CrimeNo, CaseNo, CrimeRegisteredDate, PolicePersonID, PoliceStationID, CaseCategoryID, GravityOffenceID, CrimeMajorHeadID, CrimeMinorHeadID, CaseStatusID, CourtID, IncidentFromDate, IncidentToDate, InfoReceivedPSDate, latitude, longitude, BriefFacts) VALUES (64, '100040012202400064', '202400064', '2024-05-09', 23, 12, 4, 1, 2, 4, 4, 4, '2024-05-09 16:00:00', '2024-05-09 18:00:00', '2024-05-09 16:00:00', 15.346000, 75.135000, 'Incident reported at Suburban Police Station Hubballi. Initial investigation launched by IO Basavaraj Rao.');
INSERT INTO Inv_OccuranceTime (CaseMasterID, IncidentFromDate, IncidentToDate, latitude, longitude, PlaceOfOccurrence) VALUES (64, '2024-05-09 16:00:00', '2024-05-09 18:00:00', 15.346000, 75.135000, 'Near Junction, Suburban Hubballi');
INSERT INTO ComplainantDetails (ComplainantID, CaseMasterID, ComplainantName, AgeYear, OccupationID, ReligionID, CasteID, GenderID) VALUES (64, 64, 'Girish Joshi', 32, 2, 1, 1, 1);
INSERT INTO ActSectionAssociation (CaseMasterID, ActID, SectionID, ActOrderID, SectionOrderID) VALUES (64, 'IPC', '302', 1, 1);
INSERT INTO Victim (VictimMasterID, CaseMasterID, VictimName, AgeYear, GenderID, VictimPolice) VALUES (64, 64, 'Praveen Kulkarni', 56, 1, '0');
INSERT INTO Accused (AccusedMasterID, CaseMasterID, AccusedName, AgeYear, GenderID, PersonID) VALUES (86, 64, 'Raja Salim', 30, 1, 'A1');
INSERT INTO ArrestSurrender (ArrestSurrenderID, CaseMasterID, ArrestSurrenderTypeID, ArrestSurrenderDate, ArrestSurrenderStateId, ArrestSurrenderDistrictId, PoliceStationID, IOID, CourtID, AccusedMasterID, IsAccused, IsComplainantAccused) VALUES (34, 64, 1, '2024-05-09', 1, 4, 12, 23, 4, 86, 1, 0);
INSERT INTO inv_arrestsurrenderaccused (ArrestSurrenderID, AccusedMasterID) VALUES (34, 86);
INSERT INTO CaseMaster (CaseMasterID, CrimeNo, CaseNo, CrimeRegisteredDate, PolicePersonID, PoliceStationID, CaseCategoryID, GravityOffenceID, CrimeMajorHeadID, CrimeMinorHeadID, CaseStatusID, CourtID, IncidentFromDate, IncidentToDate, InfoReceivedPSDate, latitude, longitude, BriefFacts) VALUES (65, '100050016202400065', '202400065', '2024-06-10', 31, 16, 1, 2, 2, 5, 5, 5, '2024-06-10 17:00:00', '2024-06-10 19:00:00', '2024-06-10 17:00:00', 15.839000, 74.503000, 'Incident reported at Tilakwadi Police Station. Initial investigation launched by IO Prakash Patil.');
INSERT INTO Inv_OccuranceTime (CaseMasterID, IncidentFromDate, IncidentToDate, latitude, longitude, PlaceOfOccurrence) VALUES (65, '2024-06-10 17:00:00', '2024-06-10 19:00:00', 15.839000, 74.503000, 'Near Junction, Tilakwadi');
INSERT INTO ComplainantDetails (ComplainantID, CaseMasterID, ComplainantName, AgeYear, OccupationID, ReligionID, CasteID, GenderID) VALUES (65, 65, 'Chetan Naik', 62, 2, 1, 1, 1);
INSERT INTO ActSectionAssociation (CaseMasterID, ActID, SectionID, ActOrderID, SectionOrderID) VALUES (65, 'IPC', '302', 1, 1);
INSERT INTO Victim (VictimMasterID, CaseMasterID, VictimName, AgeYear, GenderID, VictimPolice) VALUES (65, 65, 'Chaitra Rao', 32, 1, '0');
INSERT INTO Accused (AccusedMasterID, CaseMasterID, AccusedName, AgeYear, GenderID, PersonID) VALUES (87, 65, 'Yogesh Pashan', 44, 1, 'A1');
INSERT INTO CaseMaster (CaseMasterID, CrimeNo, CaseNo, CrimeRegisteredDate, PolicePersonID, PoliceStationID, CaseCategoryID, GravityOffenceID, CrimeMajorHeadID, CrimeMinorHeadID, CaseStatusID, CourtID, IncidentFromDate, IncidentToDate, InfoReceivedPSDate, latitude, longitude, BriefFacts) VALUES (66, '100060018202400066', '202400066', '2024-07-11', 35, 18, 2, 3, 3, 6, 1, 6, '2024-07-11 18:00:00', '2024-07-11 20:00:00', '2024-07-11 18:00:00', 17.325000, 76.830000, 'Incident reported at Station Bazar Police Station. Initial investigation launched by IO Mahesh Bhat.');
INSERT INTO Inv_OccuranceTime (CaseMasterID, IncidentFromDate, IncidentToDate, latitude, longitude, PlaceOfOccurrence) VALUES (66, '2024-07-11 18:00:00', '2024-07-11 20:00:00', 17.325000, 76.830000, 'Near Junction, Station Bazar');
INSERT INTO ComplainantDetails (ComplainantID, CaseMasterID, ComplainantName, AgeYear, OccupationID, ReligionID, CasteID, GenderID) VALUES (66, 66, 'Deepak Hegde', 61, 2, 1, 1, 1);
INSERT INTO ActSectionAssociation (CaseMasterID, ActID, SectionID, ActOrderID, SectionOrderID) VALUES (66, 'IT_ACT', '66D', 1, 1);
INSERT INTO Victim (VictimMasterID, CaseMasterID, VictimName, AgeYear, GenderID, VictimPolice) VALUES (66, 66, 'Sangeetha Joshi', 34, 1, '0');
INSERT INTO Accused (AccusedMasterID, CaseMasterID, AccusedName, AgeYear, GenderID, PersonID) VALUES (88, 66, 'Shiva Reddy', 30, 1, 'A1');
INSERT INTO Accused (AccusedMasterID, CaseMasterID, AccusedName, AgeYear, GenderID, PersonID) VALUES (89, 66, 'Raja Singh', 42, 1, 'A2');
INSERT INTO ArrestSurrender (ArrestSurrenderID, CaseMasterID, ArrestSurrenderTypeID, ArrestSurrenderDate, ArrestSurrenderStateId, ArrestSurrenderDistrictId, PoliceStationID, IOID, CourtID, AccusedMasterID, IsAccused, IsComplainantAccused) VALUES (35, 66, 1, '2024-07-11', 1, 6, 18, 35, 6, 88, 1, 0);
INSERT INTO inv_arrestsurrenderaccused (ArrestSurrenderID, AccusedMasterID) VALUES (35, 88);
INSERT INTO inv_arrestsurrenderaccused (ArrestSurrenderID, AccusedMasterID) VALUES (35, 89);
INSERT INTO ChargesheetDetails (CSID, CaseMasterID, csdate, cstype, PolicePersonID) VALUES (23, 66, '2024-07-11 18:00:00', 'A', 35);
INSERT INTO CaseMaster (CaseMasterID, CrimeNo, CaseNo, CrimeRegisteredDate, PolicePersonID, PoliceStationID, CaseCategoryID, GravityOffenceID, CrimeMajorHeadID, CrimeMinorHeadID, CaseStatusID, CourtID, IncidentFromDate, IncidentToDate, InfoReceivedPSDate, latitude, longitude, BriefFacts) VALUES (67, '100010002202400067', '202400067', '2024-08-12', 3, 2, 3, 1, 3, 7, 2, 1, '2024-08-12 19:00:00', '2024-08-12 21:00:00', '2024-08-12 19:00:00', 12.932200, 77.621500, 'Incident reported at Koramangala Police Station. Initial investigation launched by IO Ganesh Nayak.');
INSERT INTO Inv_OccuranceTime (CaseMasterID, IncidentFromDate, IncidentToDate, latitude, longitude, PlaceOfOccurrence) VALUES (67, '2024-08-12 19:00:00', '2024-08-12 21:00:00', 12.932200, 77.621500, 'Near Junction, Koramangala');
INSERT INTO ComplainantDetails (ComplainantID, CaseMasterID, ComplainantName, AgeYear, OccupationID, ReligionID, CasteID, GenderID) VALUES (67, 67, 'Harish Rao', 34, 2, 1, 1, 1);
INSERT INTO ActSectionAssociation (CaseMasterID, ActID, SectionID, ActOrderID, SectionOrderID) VALUES (67, 'IT_ACT', '66D', 1, 1);
INSERT INTO Victim (VictimMasterID, CaseMasterID, VictimName, AgeYear, GenderID, VictimPolice) VALUES (67, 67, 'Sangeetha Gowda', 43, 1, '0');
INSERT INTO Accused (AccusedMasterID, CaseMasterID, AccusedName, AgeYear, GenderID, PersonID) VALUES (90, 67, 'Mantu Singh', 36, 1, 'A1');
INSERT INTO CaseMaster (CaseMasterID, CrimeNo, CaseNo, CrimeRegisteredDate, PolicePersonID, PoliceStationID, CaseCategoryID, GravityOffenceID, CrimeMajorHeadID, CrimeMinorHeadID, CaseStatusID, CourtID, IncidentFromDate, IncidentToDate, InfoReceivedPSDate, latitude, longitude, BriefFacts) VALUES (68, '100020007202400068', '202400068', '2024-09-13', 13, 7, 4, 2, 4, 8, 3, 2, '2024-09-13 20:00:00', '2024-09-13 22:00:00', '2024-09-13 20:00:00', 12.310000, 76.656000, 'Incident reported at Lashkar Police Station. Initial investigation launched by IO Anil Kulkarni.');
INSERT INTO Inv_OccuranceTime (CaseMasterID, IncidentFromDate, IncidentToDate, latitude, longitude, PlaceOfOccurrence) VALUES (68, '2024-09-13 20:00:00', '2024-09-13 22:00:00', 12.310000, 76.656000, 'Near Junction, Lashkar');
INSERT INTO ComplainantDetails (ComplainantID, CaseMasterID, ComplainantName, AgeYear, OccupationID, ReligionID, CasteID, GenderID) VALUES (68, 68, 'Chetan Murthy', 40, 2, 1, 1, 1);
INSERT INTO ActSectionAssociation (CaseMasterID, ActID, SectionID, ActOrderID, SectionOrderID) VALUES (68, 'IPC', '420', 1, 1);
INSERT INTO Victim (VictimMasterID, CaseMasterID, VictimName, AgeYear, GenderID, VictimPolice) VALUES (68, 68, 'Kiran Kulkarni', 50, 1, '0');
INSERT INTO Accused (AccusedMasterID, CaseMasterID, AccusedName, AgeYear, GenderID, PersonID) VALUES (91, 68, 'Imtiaz Reddy', 24, 1, 'A1');
INSERT INTO ArrestSurrender (ArrestSurrenderID, CaseMasterID, ArrestSurrenderTypeID, ArrestSurrenderDate, ArrestSurrenderStateId, ArrestSurrenderDistrictId, PoliceStationID, IOID, CourtID, AccusedMasterID, IsAccused, IsComplainantAccused) VALUES (36, 68, 1, '2024-09-13', 1, 2, 7, 13, 2, 91, 1, 0);
INSERT INTO inv_arrestsurrenderaccused (ArrestSurrenderID, AccusedMasterID) VALUES (36, 91);
INSERT INTO CaseMaster (CaseMasterID, CrimeNo, CaseNo, CrimeRegisteredDate, PolicePersonID, PoliceStationID, CaseCategoryID, GravityOffenceID, CrimeMajorHeadID, CrimeMinorHeadID, CaseStatusID, CourtID, IncidentFromDate, IncidentToDate, InfoReceivedPSDate, latitude, longitude, BriefFacts) VALUES (69, '100030011202400069', '202400069', '2024-10-14', 21, 11, 1, 3, 5, 9, 4, 3, '2024-10-14 21:00:00', '2024-10-14 23:00:00', '2024-10-14 21:00:00', 12.888000, 74.830000, 'Incident reported at Urwa Police Station. Initial investigation launched by IO Anil Gowda.');
INSERT INTO Inv_OccuranceTime (CaseMasterID, IncidentFromDate, IncidentToDate, latitude, longitude, PlaceOfOccurrence) VALUES (69, '2024-10-14 21:00:00', '2024-10-14 23:00:00', 12.888000, 74.830000, 'Near Junction, Urwa');
INSERT INTO ComplainantDetails (ComplainantID, CaseMasterID, ComplainantName, AgeYear, OccupationID, ReligionID, CasteID, GenderID) VALUES (69, 69, 'Suma Gowda', 52, 2, 1, 1, 1);
INSERT INTO ActSectionAssociation (CaseMasterID, ActID, SectionID, ActOrderID, SectionOrderID) VALUES (69, 'NDPS', '20', 1, 1);
INSERT INTO Victim (VictimMasterID, CaseMasterID, VictimName, AgeYear, GenderID, VictimPolice) VALUES (69, 69, 'Ganesh Shetty', 40, 1, '0');
INSERT INTO Accused (AccusedMasterID, CaseMasterID, AccusedName, AgeYear, GenderID, PersonID) VALUES (92, 69, 'Yogesh Pashan', 25, 1, 'A1');
INSERT INTO Accused (AccusedMasterID, CaseMasterID, AccusedName, AgeYear, GenderID, PersonID) VALUES (93, 69, 'Pandu Alias', 35, 1, 'A2');
INSERT INTO ChargesheetDetails (CSID, CaseMasterID, csdate, cstype, PolicePersonID) VALUES (24, 69, '2024-10-14 21:00:00', 'A', 21);
INSERT INTO CaseMaster (CaseMasterID, CrimeNo, CaseNo, CrimeRegisteredDate, PolicePersonID, PoliceStationID, CaseCategoryID, GravityOffenceID, CrimeMajorHeadID, CrimeMinorHeadID, CaseStatusID, CourtID, IncidentFromDate, IncidentToDate, InfoReceivedPSDate, latitude, longitude, BriefFacts) VALUES (70, '100040012202400070', '202400070', '2024-11-15', 23, 12, 2, 1, 1, 10, 5, 4, '2024-11-15 22:00:00', '2024-11-15 00:00:00', '2024-11-15 22:00:00', 15.352000, 75.141000, 'Incident reported at Suburban Police Station Hubballi. Initial investigation launched by IO Basavaraj Rao.');
INSERT INTO Inv_OccuranceTime (CaseMasterID, IncidentFromDate, IncidentToDate, latitude, longitude, PlaceOfOccurrence) VALUES (70, '2024-11-15 22:00:00', '2024-11-15 00:00:00', 15.352000, 75.141000, 'Near Junction, Suburban Hubballi');
INSERT INTO ComplainantDetails (ComplainantID, CaseMasterID, ComplainantName, AgeYear, OccupationID, ReligionID, CasteID, GenderID) VALUES (70, 70, 'Anand Naik', 47, 2, 1, 1, 1);
INSERT INTO ActSectionAssociation (CaseMasterID, ActID, SectionID, ActOrderID, SectionOrderID) VALUES (70, 'IPC', '379', 1, 1);
INSERT INTO Victim (VictimMasterID, CaseMasterID, VictimName, AgeYear, GenderID, VictimPolice) VALUES (70, 70, 'Ganesh Kulkarni', 35, 1, '0');
INSERT INTO Accused (AccusedMasterID, CaseMasterID, AccusedName, AgeYear, GenderID, PersonID) VALUES (94, 70, 'Vicky Reddy', 27, 1, 'A1');
INSERT INTO ArrestSurrender (ArrestSurrenderID, CaseMasterID, ArrestSurrenderTypeID, ArrestSurrenderDate, ArrestSurrenderStateId, ArrestSurrenderDistrictId, PoliceStationID, IOID, CourtID, AccusedMasterID, IsAccused, IsComplainantAccused) VALUES (37, 70, 1, '2024-11-15', 1, 4, 12, 23, 4, 94, 1, 0);
INSERT INTO inv_arrestsurrenderaccused (ArrestSurrenderID, AccusedMasterID) VALUES (37, 94);
INSERT INTO CaseMaster (CaseMasterID, CrimeNo, CaseNo, CrimeRegisteredDate, PolicePersonID, PoliceStationID, CaseCategoryID, GravityOffenceID, CrimeMajorHeadID, CrimeMinorHeadID, CaseStatusID, CourtID, IncidentFromDate, IncidentToDate, InfoReceivedPSDate, latitude, longitude, BriefFacts) VALUES (71, '100050016202400071', '202400071', '2024-12-16', 31, 16, 3, 2, 1, 1, 1, 5, '2024-12-16 23:00:00', '2024-12-16 01:00:00', '2024-12-16 23:00:00', 15.845000, 74.509000, 'Incident reported at Tilakwadi Police Station. Initial investigation launched by IO Prakash Patil.');
INSERT INTO Inv_OccuranceTime (CaseMasterID, IncidentFromDate, IncidentToDate, latitude, longitude, PlaceOfOccurrence) VALUES (71, '2024-12-16 23:00:00', '2024-12-16 01:00:00', 15.845000, 74.509000, 'Near Junction, Tilakwadi');
INSERT INTO ComplainantDetails (ComplainantID, CaseMasterID, ComplainantName, AgeYear, OccupationID, ReligionID, CasteID, GenderID) VALUES (71, 71, 'Nandini Naik', 47, 2, 1, 1, 1);
INSERT INTO ActSectionAssociation (CaseMasterID, ActID, SectionID, ActOrderID, SectionOrderID) VALUES (71, 'IPC', '379', 1, 1);
INSERT INTO Victim (VictimMasterID, CaseMasterID, VictimName, AgeYear, GenderID, VictimPolice) VALUES (71, 71, 'Sangeetha Joshi', 21, 1, '0');
INSERT INTO Accused (AccusedMasterID, CaseMasterID, AccusedName, AgeYear, GenderID, PersonID) VALUES (95, 71, 'Babloo Pashan', 37, 1, 'A1');
INSERT INTO CaseMaster (CaseMasterID, CrimeNo, CaseNo, CrimeRegisteredDate, PolicePersonID, PoliceStationID, CaseCategoryID, GravityOffenceID, CrimeMajorHeadID, CrimeMinorHeadID, CaseStatusID, CourtID, IncidentFromDate, IncidentToDate, InfoReceivedPSDate, latitude, longitude, BriefFacts) VALUES (72, '100060018202400072', '202400072', '2024-01-17', 35, 18, 4, 3, 1, 2, 2, 6, '2024-01-17 00:00:00', '2024-01-17 02:00:00', '2024-01-17 00:00:00', 17.331000, 76.836000, 'Incident reported at Station Bazar Police Station. Initial investigation launched by IO Mahesh Bhat.');
INSERT INTO Inv_OccuranceTime (CaseMasterID, IncidentFromDate, IncidentToDate, latitude, longitude, PlaceOfOccurrence) VALUES (72, '2024-01-17 00:00:00', '2024-01-17 02:00:00', 17.331000, 76.836000, 'Near Junction, Station Bazar');
INSERT INTO ComplainantDetails (ComplainantID, CaseMasterID, ComplainantName, AgeYear, OccupationID, ReligionID, CasteID, GenderID) VALUES (72, 72, 'Chetan Rao', 31, 2, 1, 1, 1);
INSERT INTO ActSectionAssociation (CaseMasterID, ActID, SectionID, ActOrderID, SectionOrderID) VALUES (72, 'IPC', '379', 1, 1);
INSERT INTO Victim (VictimMasterID, CaseMasterID, VictimName, AgeYear, GenderID, VictimPolice) VALUES (72, 72, 'Chaitra Bhat', 40, 1, '0');
INSERT INTO Accused (AccusedMasterID, CaseMasterID, AccusedName, AgeYear, GenderID, PersonID) VALUES (96, 72, 'Dharma Verma', 34, 1, 'A1');
INSERT INTO Accused (AccusedMasterID, CaseMasterID, AccusedName, AgeYear, GenderID, PersonID) VALUES (97, 72, 'Tukaram Khan', 40, 1, 'A2');
INSERT INTO ArrestSurrender (ArrestSurrenderID, CaseMasterID, ArrestSurrenderTypeID, ArrestSurrenderDate, ArrestSurrenderStateId, ArrestSurrenderDistrictId, PoliceStationID, IOID, CourtID, AccusedMasterID, IsAccused, IsComplainantAccused) VALUES (38, 72, 1, '2024-01-17', 1, 6, 18, 35, 6, 96, 1, 0);
INSERT INTO inv_arrestsurrenderaccused (ArrestSurrenderID, AccusedMasterID) VALUES (38, 96);
INSERT INTO inv_arrestsurrenderaccused (ArrestSurrenderID, AccusedMasterID) VALUES (38, 97);
INSERT INTO ChargesheetDetails (CSID, CaseMasterID, csdate, cstype, PolicePersonID) VALUES (25, 72, '2024-01-17 00:00:00', 'A', 35);
INSERT INTO CaseMaster (CaseMasterID, CrimeNo, CaseNo, CrimeRegisteredDate, PolicePersonID, PoliceStationID, CaseCategoryID, GravityOffenceID, CrimeMajorHeadID, CrimeMinorHeadID, CaseStatusID, CourtID, IncidentFromDate, IncidentToDate, InfoReceivedPSDate, latitude, longitude, BriefFacts) VALUES (73, '100010003202400073', '202400073', '2024-02-18', 5, 3, 1, 1, 1, 3, 3, 1, '2024-02-18 01:00:00', '2024-02-18 03:00:00', '2024-02-18 01:00:00', 12.972800, 77.752900, 'Incident reported at Whitefield Police Station. Initial investigation launched by IO Sunil Bhat.');
INSERT INTO Inv_OccuranceTime (CaseMasterID, IncidentFromDate, IncidentToDate, latitude, longitude, PlaceOfOccurrence) VALUES (73, '2024-02-18 01:00:00', '2024-02-18 03:00:00', 12.972800, 77.752900, 'Near Junction, Whitefield');
INSERT INTO ComplainantDetails (ComplainantID, CaseMasterID, ComplainantName, AgeYear, OccupationID, ReligionID, CasteID, GenderID) VALUES (73, 73, 'Pooja Shetty', 28, 2, 1, 1, 1);
INSERT INTO ActSectionAssociation (CaseMasterID, ActID, SectionID, ActOrderID, SectionOrderID) VALUES (73, 'IPC', '379', 1, 1);
INSERT INTO Victim (VictimMasterID, CaseMasterID, VictimName, AgeYear, GenderID, VictimPolice) VALUES (73, 73, 'Praveen Deshpande', 49, 1, '0');
INSERT INTO Accused (AccusedMasterID, CaseMasterID, AccusedName, AgeYear, GenderID, PersonID) VALUES (98, 73, 'Vicky Verma', 23, 1, 'A1');
INSERT INTO CaseMaster (CaseMasterID, CrimeNo, CaseNo, CrimeRegisteredDate, PolicePersonID, PoliceStationID, CaseCategoryID, GravityOffenceID, CrimeMajorHeadID, CrimeMinorHeadID, CaseStatusID, CourtID, IncidentFromDate, IncidentToDate, InfoReceivedPSDate, latitude, longitude, BriefFacts) VALUES (74, '100020007202400074', '202400074', '2024-03-19', 13, 7, 2, 2, 2, 4, 4, 2, '2024-03-19 02:00:00', '2024-03-19 04:00:00', '2024-03-19 02:00:00', 12.316000, 76.662000, 'Incident reported at Lashkar Police Station. Initial investigation launched by IO Anil Kulkarni.');
INSERT INTO Inv_OccuranceTime (CaseMasterID, IncidentFromDate, IncidentToDate, latitude, longitude, PlaceOfOccurrence) VALUES (74, '2024-03-19 02:00:00', '2024-03-19 04:00:00', 12.316000, 76.662000, 'Near Junction, Lashkar');
INSERT INTO ComplainantDetails (ComplainantID, CaseMasterID, ComplainantName, AgeYear, OccupationID, ReligionID, CasteID, GenderID) VALUES (74, 74, 'Chetan Murthy', 62, 2, 1, 1, 1);
INSERT INTO ActSectionAssociation (CaseMasterID, ActID, SectionID, ActOrderID, SectionOrderID) VALUES (74, 'IPC', '302', 1, 1);
INSERT INTO Victim (VictimMasterID, CaseMasterID, VictimName, AgeYear, GenderID, VictimPolice) VALUES (74, 74, 'Arun Deshpande', 60, 1, '0');
INSERT INTO Accused (AccusedMasterID, CaseMasterID, AccusedName, AgeYear, GenderID, PersonID) VALUES (99, 74, 'Mantu Verma', 30, 1, 'A1');
INSERT INTO ArrestSurrender (ArrestSurrenderID, CaseMasterID, ArrestSurrenderTypeID, ArrestSurrenderDate, ArrestSurrenderStateId, ArrestSurrenderDistrictId, PoliceStationID, IOID, CourtID, AccusedMasterID, IsAccused, IsComplainantAccused) VALUES (39, 74, 1, '2024-03-19', 1, 2, 7, 13, 2, 99, 1, 0);
INSERT INTO inv_arrestsurrenderaccused (ArrestSurrenderID, AccusedMasterID) VALUES (39, 99);
INSERT INTO CaseMaster (CaseMasterID, CrimeNo, CaseNo, CrimeRegisteredDate, PolicePersonID, PoliceStationID, CaseCategoryID, GravityOffenceID, CrimeMajorHeadID, CrimeMinorHeadID, CaseStatusID, CourtID, IncidentFromDate, IncidentToDate, InfoReceivedPSDate, latitude, longitude, BriefFacts) VALUES (75, '100030011202400075', '202400075', '2024-04-20', 21, 11, 3, 3, 2, 5, 5, 3, '2024-04-20 03:00:00', '2024-04-20 05:00:00', '2024-04-20 03:00:00', 12.894000, 74.836000, 'Incident reported at Urwa Police Station. Initial investigation launched by IO Anil Gowda.');
INSERT INTO Inv_OccuranceTime (CaseMasterID, IncidentFromDate, IncidentToDate, latitude, longitude, PlaceOfOccurrence) VALUES (75, '2024-04-20 03:00:00', '2024-04-20 05:00:00', 12.894000, 74.836000, 'Near Junction, Urwa');
INSERT INTO ComplainantDetails (ComplainantID, CaseMasterID, ComplainantName, AgeYear, OccupationID, ReligionID, CasteID, GenderID) VALUES (75, 75, 'Suma Kulkarni', 36, 2, 1, 1, 1);
INSERT INTO ActSectionAssociation (CaseMasterID, ActID, SectionID, ActOrderID, SectionOrderID) VALUES (75, 'IPC', '302', 1, 1);
INSERT INTO Victim (VictimMasterID, CaseMasterID, VictimName, AgeYear, GenderID, VictimPolice) VALUES (75, 75, 'Sangeetha Murthy', 35, 1, '0');
INSERT INTO Accused (AccusedMasterID, CaseMasterID, AccusedName, AgeYear, GenderID, PersonID) VALUES (100, 75, 'Raja Khan', 36, 1, 'A1');
INSERT INTO Accused (AccusedMasterID, CaseMasterID, AccusedName, AgeYear, GenderID, PersonID) VALUES (101, 75, 'Vicky Salim', 42, 1, 'A2');
INSERT INTO ChargesheetDetails (CSID, CaseMasterID, csdate, cstype, PolicePersonID) VALUES (26, 75, '2024-04-20 03:00:00', 'A', 21);
INSERT INTO CaseMaster (CaseMasterID, CrimeNo, CaseNo, CrimeRegisteredDate, PolicePersonID, PoliceStationID, CaseCategoryID, GravityOffenceID, CrimeMajorHeadID, CrimeMinorHeadID, CaseStatusID, CourtID, IncidentFromDate, IncidentToDate, InfoReceivedPSDate, latitude, longitude, BriefFacts) VALUES (76, '100040012202400076', '202400076', '2024-05-21', 23, 12, 4, 1, 3, 6, 1, 4, '2024-05-21 04:00:00', '2024-05-21 06:00:00', '2024-05-21 04:00:00', 15.358000, 75.147000, 'Incident reported at Suburban Police Station Hubballi. Initial investigation launched by IO Basavaraj Rao.');
INSERT INTO Inv_OccuranceTime (CaseMasterID, IncidentFromDate, IncidentToDate, latitude, longitude, PlaceOfOccurrence) VALUES (76, '2024-05-21 04:00:00', '2024-05-21 06:00:00', 15.358000, 75.147000, 'Near Junction, Suburban Hubballi');
INSERT INTO ComplainantDetails (ComplainantID, CaseMasterID, ComplainantName, AgeYear, OccupationID, ReligionID, CasteID, GenderID) VALUES (76, 76, 'Eshwar Bhat', 55, 2, 1, 1, 1);
INSERT INTO ActSectionAssociation (CaseMasterID, ActID, SectionID, ActOrderID, SectionOrderID) VALUES (76, 'IT_ACT', '66D', 1, 1);
INSERT INTO Victim (VictimMasterID, CaseMasterID, VictimName, AgeYear, GenderID, VictimPolice) VALUES (76, 76, 'Ganesh Kulkarni', 22, 1, '0');
INSERT INTO Accused (AccusedMasterID, CaseMasterID, AccusedName, AgeYear, GenderID, PersonID) VALUES (102, 76, 'Tukaram Alias', 22, 1, 'A1');
INSERT INTO ArrestSurrender (ArrestSurrenderID, CaseMasterID, ArrestSurrenderTypeID, ArrestSurrenderDate, ArrestSurrenderStateId, ArrestSurrenderDistrictId, PoliceStationID, IOID, CourtID, AccusedMasterID, IsAccused, IsComplainantAccused) VALUES (40, 76, 1, '2024-05-21', 1, 4, 12, 23, 4, 102, 1, 0);
INSERT INTO inv_arrestsurrenderaccused (ArrestSurrenderID, AccusedMasterID) VALUES (40, 102);
INSERT INTO CaseMaster (CaseMasterID, CrimeNo, CaseNo, CrimeRegisteredDate, PolicePersonID, PoliceStationID, CaseCategoryID, GravityOffenceID, CrimeMajorHeadID, CrimeMinorHeadID, CaseStatusID, CourtID, IncidentFromDate, IncidentToDate, InfoReceivedPSDate, latitude, longitude, BriefFacts) VALUES (77, '100050016202400077', '202400077', '2024-06-22', 31, 16, 1, 2, 3, 7, 2, 5, '2024-06-22 05:00:00', '2024-06-22 07:00:00', '2024-06-22 05:00:00', 15.851000, 74.515000, 'Incident reported at Tilakwadi Police Station. Initial investigation launched by IO Prakash Patil.');
INSERT INTO Inv_OccuranceTime (CaseMasterID, IncidentFromDate, IncidentToDate, latitude, longitude, PlaceOfOccurrence) VALUES (77, '2024-06-22 05:00:00', '2024-06-22 07:00:00', 15.851000, 74.515000, 'Near Junction, Tilakwadi');
INSERT INTO ComplainantDetails (ComplainantID, CaseMasterID, ComplainantName, AgeYear, OccupationID, ReligionID, CasteID, GenderID) VALUES (77, 77, 'Anand Rao', 63, 2, 1, 1, 1);
INSERT INTO ActSectionAssociation (CaseMasterID, ActID, SectionID, ActOrderID, SectionOrderID) VALUES (77, 'IT_ACT', '66D', 1, 1);
INSERT INTO Victim (VictimMasterID, CaseMasterID, VictimName, AgeYear, GenderID, VictimPolice) VALUES (77, 77, 'Chaitra Naik', 52, 1, '0');
INSERT INTO Accused (AccusedMasterID, CaseMasterID, AccusedName, AgeYear, GenderID, PersonID) VALUES (103, 77, 'Jagga Khan', 41, 1, 'A1');
INSERT INTO CaseMaster (CaseMasterID, CrimeNo, CaseNo, CrimeRegisteredDate, PolicePersonID, PoliceStationID, CaseCategoryID, GravityOffenceID, CrimeMajorHeadID, CrimeMinorHeadID, CaseStatusID, CourtID, IncidentFromDate, IncidentToDate, InfoReceivedPSDate, latitude, longitude, BriefFacts) VALUES (78, '100060018202400078', '202400078', '2024-07-23', 35, 18, 2, 3, 4, 8, 3, 6, '2024-07-23 06:00:00', '2024-07-23 08:00:00', '2024-07-23 06:00:00', 17.337000, 76.842000, 'Incident reported at Station Bazar Police Station. Initial investigation launched by IO Mahesh Bhat.');
INSERT INTO Inv_OccuranceTime (CaseMasterID, IncidentFromDate, IncidentToDate, latitude, longitude, PlaceOfOccurrence) VALUES (78, '2024-07-23 06:00:00', '2024-07-23 08:00:00', 17.337000, 76.842000, 'Near Junction, Station Bazar');
INSERT INTO ComplainantDetails (ComplainantID, CaseMasterID, ComplainantName, AgeYear, OccupationID, ReligionID, CasteID, GenderID) VALUES (78, 78, 'Bharath Deshpande', 61, 2, 1, 1, 1);
INSERT INTO ActSectionAssociation (CaseMasterID, ActID, SectionID, ActOrderID, SectionOrderID) VALUES (78, 'IPC', '420', 1, 1);
INSERT INTO Victim (VictimMasterID, CaseMasterID, VictimName, AgeYear, GenderID, VictimPolice) VALUES (78, 78, 'Vinay Kulkarni', 46, 1, '0');
INSERT INTO Accused (AccusedMasterID, CaseMasterID, AccusedName, AgeYear, GenderID, PersonID) VALUES (104, 78, 'Pandu Khan', 32, 1, 'A1');
INSERT INTO Accused (AccusedMasterID, CaseMasterID, AccusedName, AgeYear, GenderID, PersonID) VALUES (105, 78, 'Altaf Verma', 40, 1, 'A2');
INSERT INTO ArrestSurrender (ArrestSurrenderID, CaseMasterID, ArrestSurrenderTypeID, ArrestSurrenderDate, ArrestSurrenderStateId, ArrestSurrenderDistrictId, PoliceStationID, IOID, CourtID, AccusedMasterID, IsAccused, IsComplainantAccused) VALUES (41, 78, 1, '2024-07-23', 1, 6, 18, 35, 6, 104, 1, 0);
INSERT INTO inv_arrestsurrenderaccused (ArrestSurrenderID, AccusedMasterID) VALUES (41, 104);
INSERT INTO inv_arrestsurrenderaccused (ArrestSurrenderID, AccusedMasterID) VALUES (41, 105);
INSERT INTO ChargesheetDetails (CSID, CaseMasterID, csdate, cstype, PolicePersonID) VALUES (27, 78, '2024-07-23 06:00:00', 'A', 35);
INSERT INTO CaseMaster (CaseMasterID, CrimeNo, CaseNo, CrimeRegisteredDate, PolicePersonID, PoliceStationID, CaseCategoryID, GravityOffenceID, CrimeMajorHeadID, CrimeMinorHeadID, CaseStatusID, CourtID, IncidentFromDate, IncidentToDate, InfoReceivedPSDate, latitude, longitude, BriefFacts) VALUES (79, '100010004202400079', '202400079', '2024-08-24', 7, 4, 3, 1, 5, 9, 4, 1, '2024-08-24 07:00:00', '2024-08-24 09:00:00', '2024-08-24 07:00:00', 12.934000, 77.602800, 'Incident reported at Jayanagar Police Station. Initial investigation launched by IO Vijay Kulkarni.');
INSERT INTO Inv_OccuranceTime (CaseMasterID, IncidentFromDate, IncidentToDate, latitude, longitude, PlaceOfOccurrence) VALUES (79, '2024-08-24 07:00:00', '2024-08-24 09:00:00', 12.934000, 77.602800, 'Near Junction, Jayanagar');
INSERT INTO ComplainantDetails (ComplainantID, CaseMasterID, ComplainantName, AgeYear, OccupationID, ReligionID, CasteID, GenderID) VALUES (79, 79, 'Shilpa Joshi', 42, 2, 1, 1, 1);
INSERT INTO ActSectionAssociation (CaseMasterID, ActID, SectionID, ActOrderID, SectionOrderID) VALUES (79, 'NDPS', '20', 1, 1);
INSERT INTO Victim (VictimMasterID, CaseMasterID, VictimName, AgeYear, GenderID, VictimPolice) VALUES (79, 79, 'Ganesh Gowda', 43, 1, '0');
INSERT INTO Accused (AccusedMasterID, CaseMasterID, AccusedName, AgeYear, GenderID, PersonID) VALUES (106, 79, 'Yogesh Alias', 38, 1, 'A1');
INSERT INTO CaseMaster (CaseMasterID, CrimeNo, CaseNo, CrimeRegisteredDate, PolicePersonID, PoliceStationID, CaseCategoryID, GravityOffenceID, CrimeMajorHeadID, CrimeMinorHeadID, CaseStatusID, CourtID, IncidentFromDate, IncidentToDate, InfoReceivedPSDate, latitude, longitude, BriefFacts) VALUES (80, '100010005202400080', '202400080', '2024-09-25', 9, 5, 4, 2, 1, 10, 5, 1, '2024-09-25 08:00:00', '2024-09-25 10:00:00', '2024-09-25 08:00:00', 12.993100, 77.554300, 'Incident reported at Malleshwaram Police Station. Initial investigation launched by IO Santosh Shetty.');
INSERT INTO Inv_OccuranceTime (CaseMasterID, IncidentFromDate, IncidentToDate, latitude, longitude, PlaceOfOccurrence) VALUES (80, '2024-09-25 08:00:00', '2024-09-25 10:00:00', 12.993100, 77.554300, 'Near Junction, Malleshwaram');
INSERT INTO ComplainantDetails (ComplainantID, CaseMasterID, ComplainantName, AgeYear, OccupationID, ReligionID, CasteID, GenderID) VALUES (80, 80, 'Meena Kulkarni', 65, 2, 1, 1, 1);
INSERT INTO ActSectionAssociation (CaseMasterID, ActID, SectionID, ActOrderID, SectionOrderID) VALUES (80, 'IPC', '379', 1, 1);
INSERT INTO Victim (VictimMasterID, CaseMasterID, VictimName, AgeYear, GenderID, VictimPolice) VALUES (80, 80, 'Manoj Gowda', 31, 1, '0');
INSERT INTO Accused (AccusedMasterID, CaseMasterID, AccusedName, AgeYear, GenderID, PersonID) VALUES (107, 80, 'Nagaraj @ ''Snake'' Nagi', 34, 1, 'A1');
INSERT INTO ArrestSurrender (ArrestSurrenderID, CaseMasterID, ArrestSurrenderTypeID, ArrestSurrenderDate, ArrestSurrenderStateId, ArrestSurrenderDistrictId, PoliceStationID, IOID, CourtID, AccusedMasterID, IsAccused, IsComplainantAccused) VALUES (42, 80, 1, '2024-09-25', 1, 1, 5, 9, 1, 107, 1, 0);
INSERT INTO inv_arrestsurrenderaccused (ArrestSurrenderID, AccusedMasterID) VALUES (42, 107);
INSERT INTO CaseMaster (CaseMasterID, CrimeNo, CaseNo, CrimeRegisteredDate, PolicePersonID, PoliceStationID, CaseCategoryID, GravityOffenceID, CrimeMajorHeadID, CrimeMinorHeadID, CaseStatusID, CourtID, IncidentFromDate, IncidentToDate, InfoReceivedPSDate, latitude, longitude, BriefFacts) VALUES (81, '100030011202400081', '202400081', '2024-10-26', 21, 11, 1, 3, 1, 1, 1, 3, '2024-10-26 09:00:00', '2024-10-26 11:00:00', '2024-10-26 09:00:00', 12.880000, 74.822000, 'Incident reported at Urwa Police Station. Initial investigation launched by IO Anil Gowda.');
INSERT INTO Inv_OccuranceTime (CaseMasterID, IncidentFromDate, IncidentToDate, latitude, longitude, PlaceOfOccurrence) VALUES (81, '2024-10-26 09:00:00', '2024-10-26 11:00:00', 12.880000, 74.822000, 'Near Junction, Urwa');
INSERT INTO ComplainantDetails (ComplainantID, CaseMasterID, ComplainantName, AgeYear, OccupationID, ReligionID, CasteID, GenderID) VALUES (81, 81, 'Nandini Naik', 45, 2, 1, 1, 1);
INSERT INTO ActSectionAssociation (CaseMasterID, ActID, SectionID, ActOrderID, SectionOrderID) VALUES (81, 'IPC', '379', 1, 1);
INSERT INTO Victim (VictimMasterID, CaseMasterID, VictimName, AgeYear, GenderID, VictimPolice) VALUES (81, 81, 'Vinay Murthy', 34, 1, '0');
INSERT INTO Accused (AccusedMasterID, CaseMasterID, AccusedName, AgeYear, GenderID, PersonID) VALUES (108, 81, 'Jagga Salim', 22, 1, 'A1');
INSERT INTO Accused (AccusedMasterID, CaseMasterID, AccusedName, AgeYear, GenderID, PersonID) VALUES (109, 81, 'Shiva Salim', 25, 1, 'A2');
INSERT INTO ChargesheetDetails (CSID, CaseMasterID, csdate, cstype, PolicePersonID) VALUES (28, 81, '2024-10-26 09:00:00', 'A', 21);
INSERT INTO CaseMaster (CaseMasterID, CrimeNo, CaseNo, CrimeRegisteredDate, PolicePersonID, PoliceStationID, CaseCategoryID, GravityOffenceID, CrimeMajorHeadID, CrimeMinorHeadID, CaseStatusID, CourtID, IncidentFromDate, IncidentToDate, InfoReceivedPSDate, latitude, longitude, BriefFacts) VALUES (82, '100040012202400082', '202400082', '2024-11-27', 23, 12, 2, 1, 1, 2, 2, 4, '2024-11-27 10:00:00', '2024-11-27 12:00:00', '2024-11-27 10:00:00', 15.344000, 75.133000, 'Incident reported at Suburban Police Station Hubballi. Initial investigation launched by IO Basavaraj Rao.');
INSERT INTO Inv_OccuranceTime (CaseMasterID, IncidentFromDate, IncidentToDate, latitude, longitude, PlaceOfOccurrence) VALUES (82, '2024-11-27 10:00:00', '2024-11-27 12:00:00', 15.344000, 75.133000, 'Near Junction, Suburban Hubballi');
INSERT INTO ComplainantDetails (ComplainantID, CaseMasterID, ComplainantName, AgeYear, OccupationID, ReligionID, CasteID, GenderID) VALUES (82, 82, 'Latha Hegde', 59, 2, 1, 1, 1);
INSERT INTO ActSectionAssociation (CaseMasterID, ActID, SectionID, ActOrderID, SectionOrderID) VALUES (82, 'IPC', '379', 1, 1);
INSERT INTO Victim (VictimMasterID, CaseMasterID, VictimName, AgeYear, GenderID, VictimPolice) VALUES (82, 82, 'Chaitra Hegde', 35, 1, '0');
INSERT INTO Accused (AccusedMasterID, CaseMasterID, AccusedName, AgeYear, GenderID, PersonID) VALUES (110, 82, 'Yogesh Singh', 32, 1, 'A1');
INSERT INTO ArrestSurrender (ArrestSurrenderID, CaseMasterID, ArrestSurrenderTypeID, ArrestSurrenderDate, ArrestSurrenderStateId, ArrestSurrenderDistrictId, PoliceStationID, IOID, CourtID, AccusedMasterID, IsAccused, IsComplainantAccused) VALUES (43, 82, 1, '2024-11-27', 1, 4, 12, 23, 4, 110, 1, 0);
INSERT INTO inv_arrestsurrenderaccused (ArrestSurrenderID, AccusedMasterID) VALUES (43, 110);
INSERT INTO CaseMaster (CaseMasterID, CrimeNo, CaseNo, CrimeRegisteredDate, PolicePersonID, PoliceStationID, CaseCategoryID, GravityOffenceID, CrimeMajorHeadID, CrimeMinorHeadID, CaseStatusID, CourtID, IncidentFromDate, IncidentToDate, InfoReceivedPSDate, latitude, longitude, BriefFacts) VALUES (83, '100050016202400083', '202400083', '2024-12-28', 31, 16, 3, 2, 1, 3, 3, 5, '2024-12-28 11:00:00', '2024-12-28 13:00:00', '2024-12-28 11:00:00', 15.837000, 74.501000, 'Incident reported at Tilakwadi Police Station. Initial investigation launched by IO Prakash Patil.');
INSERT INTO Inv_OccuranceTime (CaseMasterID, IncidentFromDate, IncidentToDate, latitude, longitude, PlaceOfOccurrence) VALUES (83, '2024-12-28 11:00:00', '2024-12-28 13:00:00', 15.837000, 74.501000, 'Near Junction, Tilakwadi');
INSERT INTO ComplainantDetails (ComplainantID, CaseMasterID, ComplainantName, AgeYear, OccupationID, ReligionID, CasteID, GenderID) VALUES (83, 83, 'Radha Bhat', 49, 2, 1, 1, 1);
INSERT INTO ActSectionAssociation (CaseMasterID, ActID, SectionID, ActOrderID, SectionOrderID) VALUES (83, 'IPC', '379', 1, 1);
INSERT INTO Victim (VictimMasterID, CaseMasterID, VictimName, AgeYear, GenderID, VictimPolice) VALUES (83, 83, 'Chaitra Deshpande', 36, 1, '0');
INSERT INTO Accused (AccusedMasterID, CaseMasterID, AccusedName, AgeYear, GenderID, PersonID) VALUES (111, 83, 'Vicky Salim', 27, 1, 'A1');
INSERT INTO CaseMaster (CaseMasterID, CrimeNo, CaseNo, CrimeRegisteredDate, PolicePersonID, PoliceStationID, CaseCategoryID, GravityOffenceID, CrimeMajorHeadID, CrimeMinorHeadID, CaseStatusID, CourtID, IncidentFromDate, IncidentToDate, InfoReceivedPSDate, latitude, longitude, BriefFacts) VALUES (84, '100060018202400084', '202400084', '2024-01-01', 35, 18, 4, 3, 2, 4, 4, 6, '2024-01-01 12:00:00', '2024-01-01 14:00:00', '2024-01-01 12:00:00', 17.323000, 76.828000, 'Incident reported at Station Bazar Police Station. Initial investigation launched by IO Mahesh Bhat.');
INSERT INTO Inv_OccuranceTime (CaseMasterID, IncidentFromDate, IncidentToDate, latitude, longitude, PlaceOfOccurrence) VALUES (84, '2024-01-01 12:00:00', '2024-01-01 14:00:00', 17.323000, 76.828000, 'Near Junction, Station Bazar');
INSERT INTO ComplainantDetails (ComplainantID, CaseMasterID, ComplainantName, AgeYear, OccupationID, ReligionID, CasteID, GenderID) VALUES (84, 84, 'Chetan Bhat', 26, 2, 1, 1, 1);
INSERT INTO ActSectionAssociation (CaseMasterID, ActID, SectionID, ActOrderID, SectionOrderID) VALUES (84, 'IPC', '302', 1, 1);
INSERT INTO Victim (VictimMasterID, CaseMasterID, VictimName, AgeYear, GenderID, VictimPolice) VALUES (84, 84, 'Chaitra Joshi', 43, 1, '0');
INSERT INTO Accused (AccusedMasterID, CaseMasterID, AccusedName, AgeYear, GenderID, PersonID) VALUES (112, 84, 'Raja Singh', 24, 1, 'A1');
INSERT INTO Accused (AccusedMasterID, CaseMasterID, AccusedName, AgeYear, GenderID, PersonID) VALUES (113, 84, 'Yogesh Kumar', 39, 1, 'A2');
INSERT INTO ArrestSurrender (ArrestSurrenderID, CaseMasterID, ArrestSurrenderTypeID, ArrestSurrenderDate, ArrestSurrenderStateId, ArrestSurrenderDistrictId, PoliceStationID, IOID, CourtID, AccusedMasterID, IsAccused, IsComplainantAccused) VALUES (44, 84, 1, '2024-01-01', 1, 6, 18, 35, 6, 112, 1, 0);
INSERT INTO inv_arrestsurrenderaccused (ArrestSurrenderID, AccusedMasterID) VALUES (44, 112);
INSERT INTO inv_arrestsurrenderaccused (ArrestSurrenderID, AccusedMasterID) VALUES (44, 113);
INSERT INTO ChargesheetDetails (CSID, CaseMasterID, csdate, cstype, PolicePersonID) VALUES (29, 84, '2024-01-01 12:00:00', 'A', 35);
INSERT INTO CaseMaster (CaseMasterID, CrimeNo, CaseNo, CrimeRegisteredDate, PolicePersonID, PoliceStationID, CaseCategoryID, GravityOffenceID, CrimeMajorHeadID, CrimeMinorHeadID, CaseStatusID, CourtID, IncidentFromDate, IncidentToDate, InfoReceivedPSDate, latitude, longitude, BriefFacts) VALUES (85, '100010005202400085', '202400085', '2024-02-02', 9, 5, 1, 1, 2, 5, 5, 1, '2024-02-02 13:00:00', '2024-02-02 15:00:00', '2024-02-02 13:00:00', 12.998100, 77.559300, 'Incident reported at Malleshwaram Police Station. Initial investigation launched by IO Santosh Shetty.');
INSERT INTO Inv_OccuranceTime (CaseMasterID, IncidentFromDate, IncidentToDate, latitude, longitude, PlaceOfOccurrence) VALUES (85, '2024-02-02 13:00:00', '2024-02-02 15:00:00', 12.998100, 77.559300, 'Near Junction, Malleshwaram');
INSERT INTO ComplainantDetails (ComplainantID, CaseMasterID, ComplainantName, AgeYear, OccupationID, ReligionID, CasteID, GenderID) VALUES (85, 85, 'Bharath Kulkarni', 48, 2, 1, 1, 1);
INSERT INTO ActSectionAssociation (CaseMasterID, ActID, SectionID, ActOrderID, SectionOrderID) VALUES (85, 'IPC', '302', 1, 1);
INSERT INTO Victim (VictimMasterID, CaseMasterID, VictimName, AgeYear, GenderID, VictimPolice) VALUES (85, 85, 'Nikhil Murthy', 24, 1, '0');
INSERT INTO Accused (AccusedMasterID, CaseMasterID, AccusedName, AgeYear, GenderID, PersonID) VALUES (114, 85, 'Yogesh Pashan', 20, 1, 'A1');
INSERT INTO CaseMaster (CaseMasterID, CrimeNo, CaseNo, CrimeRegisteredDate, PolicePersonID, PoliceStationID, CaseCategoryID, GravityOffenceID, CrimeMajorHeadID, CrimeMinorHeadID, CaseStatusID, CourtID, IncidentFromDate, IncidentToDate, InfoReceivedPSDate, latitude, longitude, BriefFacts) VALUES (86, '100020007202400086', '202400086', '2024-03-03', 13, 7, 2, 2, 3, 6, 1, 2, '2024-03-03 14:00:00', '2024-03-03 16:00:00', '2024-03-03 14:00:00', 12.308000, 76.654000, 'Incident reported at Lashkar Police Station. Initial investigation launched by IO Anil Kulkarni.');
INSERT INTO Inv_OccuranceTime (CaseMasterID, IncidentFromDate, IncidentToDate, latitude, longitude, PlaceOfOccurrence) VALUES (86, '2024-03-03 14:00:00', '2024-03-03 16:00:00', 12.308000, 76.654000, 'Near Junction, Lashkar');
INSERT INTO ComplainantDetails (ComplainantID, CaseMasterID, ComplainantName, AgeYear, OccupationID, ReligionID, CasteID, GenderID) VALUES (86, 86, 'Harish Hegde', 35, 2, 1, 1, 1);
INSERT INTO ActSectionAssociation (CaseMasterID, ActID, SectionID, ActOrderID, SectionOrderID) VALUES (86, 'IT_ACT', '66D', 1, 1);
INSERT INTO Victim (VictimMasterID, CaseMasterID, VictimName, AgeYear, GenderID, VictimPolice) VALUES (86, 86, 'Praveen Bhat', 57, 1, '0');
INSERT INTO Accused (AccusedMasterID, CaseMasterID, AccusedName, AgeYear, GenderID, PersonID) VALUES (115, 86, 'Vicky Reddy', 45, 1, 'A1');
INSERT INTO ArrestSurrender (ArrestSurrenderID, CaseMasterID, ArrestSurrenderTypeID, ArrestSurrenderDate, ArrestSurrenderStateId, ArrestSurrenderDistrictId, PoliceStationID, IOID, CourtID, AccusedMasterID, IsAccused, IsComplainantAccused) VALUES (45, 86, 1, '2024-03-03', 1, 2, 7, 13, 2, 115, 1, 0);
INSERT INTO inv_arrestsurrenderaccused (ArrestSurrenderID, AccusedMasterID) VALUES (45, 115);
INSERT INTO CaseMaster (CaseMasterID, CrimeNo, CaseNo, CrimeRegisteredDate, PolicePersonID, PoliceStationID, CaseCategoryID, GravityOffenceID, CrimeMajorHeadID, CrimeMinorHeadID, CaseStatusID, CourtID, IncidentFromDate, IncidentToDate, InfoReceivedPSDate, latitude, longitude, BriefFacts) VALUES (87, '100030011202400087', '202400087', '2024-04-04', 21, 11, 3, 3, 3, 7, 2, 3, '2024-04-04 15:00:00', '2024-04-04 17:00:00', '2024-04-04 15:00:00', 12.886000, 74.828000, 'Incident reported at Urwa Police Station. Initial investigation launched by IO Anil Gowda.');
INSERT INTO Inv_OccuranceTime (CaseMasterID, IncidentFromDate, IncidentToDate, latitude, longitude, PlaceOfOccurrence) VALUES (87, '2024-04-04 15:00:00', '2024-04-04 17:00:00', 12.886000, 74.828000, 'Near Junction, Urwa');
INSERT INTO ComplainantDetails (ComplainantID, CaseMasterID, ComplainantName, AgeYear, OccupationID, ReligionID, CasteID, GenderID) VALUES (87, 87, 'Nandini Naik', 57, 2, 1, 1, 1);
INSERT INTO ActSectionAssociation (CaseMasterID, ActID, SectionID, ActOrderID, SectionOrderID) VALUES (87, 'IT_ACT', '66D', 1, 1);
INSERT INTO Victim (VictimMasterID, CaseMasterID, VictimName, AgeYear, GenderID, VictimPolice) VALUES (87, 87, 'Chaitra Gowda', 36, 1, '0');
INSERT INTO Accused (AccusedMasterID, CaseMasterID, AccusedName, AgeYear, GenderID, PersonID) VALUES (116, 87, 'Raja Alias', 36, 1, 'A1');
INSERT INTO Accused (AccusedMasterID, CaseMasterID, AccusedName, AgeYear, GenderID, PersonID) VALUES (117, 87, 'Altaf Alias', 21, 1, 'A2');
INSERT INTO ChargesheetDetails (CSID, CaseMasterID, csdate, cstype, PolicePersonID) VALUES (30, 87, '2024-04-04 15:00:00', 'A', 21);
INSERT INTO CaseMaster (CaseMasterID, CrimeNo, CaseNo, CrimeRegisteredDate, PolicePersonID, PoliceStationID, CaseCategoryID, GravityOffenceID, CrimeMajorHeadID, CrimeMinorHeadID, CaseStatusID, CourtID, IncidentFromDate, IncidentToDate, InfoReceivedPSDate, latitude, longitude, BriefFacts) VALUES (88, '100040012202400088', '202400088', '2024-05-05', 23, 12, 4, 1, 4, 8, 3, 4, '2024-05-05 16:00:00', '2024-05-05 18:00:00', '2024-05-05 16:00:00', 15.350000, 75.139000, 'Incident reported at Suburban Police Station Hubballi. Initial investigation launched by IO Basavaraj Rao.');
INSERT INTO Inv_OccuranceTime (CaseMasterID, IncidentFromDate, IncidentToDate, latitude, longitude, PlaceOfOccurrence) VALUES (88, '2024-05-05 16:00:00', '2024-05-05 18:00:00', 15.350000, 75.139000, 'Near Junction, Suburban Hubballi');
INSERT INTO ComplainantDetails (ComplainantID, CaseMasterID, ComplainantName, AgeYear, OccupationID, ReligionID, CasteID, GenderID) VALUES (88, 88, 'Jagadish Hegde', 35, 2, 1, 1, 1);
INSERT INTO ActSectionAssociation (CaseMasterID, ActID, SectionID, ActOrderID, SectionOrderID) VALUES (88, 'IPC', '420', 1, 1);
INSERT INTO Victim (VictimMasterID, CaseMasterID, VictimName, AgeYear, GenderID, VictimPolice) VALUES (88, 88, 'Rajesh Joshi', 41, 1, '0');
INSERT INTO Accused (AccusedMasterID, CaseMasterID, AccusedName, AgeYear, GenderID, PersonID) VALUES (118, 88, 'Imtiaz Salim', 33, 1, 'A1');
INSERT INTO ArrestSurrender (ArrestSurrenderID, CaseMasterID, ArrestSurrenderTypeID, ArrestSurrenderDate, ArrestSurrenderStateId, ArrestSurrenderDistrictId, PoliceStationID, IOID, CourtID, AccusedMasterID, IsAccused, IsComplainantAccused) VALUES (46, 88, 1, '2024-05-05', 1, 4, 12, 23, 4, 118, 1, 0);
INSERT INTO inv_arrestsurrenderaccused (ArrestSurrenderID, AccusedMasterID) VALUES (46, 118);
INSERT INTO CaseMaster (CaseMasterID, CrimeNo, CaseNo, CrimeRegisteredDate, PolicePersonID, PoliceStationID, CaseCategoryID, GravityOffenceID, CrimeMajorHeadID, CrimeMinorHeadID, CaseStatusID, CourtID, IncidentFromDate, IncidentToDate, InfoReceivedPSDate, latitude, longitude, BriefFacts) VALUES (89, '100050016202400089', '202400089', '2024-06-06', 31, 16, 1, 2, 5, 9, 4, 5, '2024-06-06 17:00:00', '2024-06-06 19:00:00', '2024-06-06 17:00:00', 15.843000, 74.507000, 'Incident reported at Tilakwadi Police Station. Initial investigation launched by IO Prakash Patil.');
INSERT INTO Inv_OccuranceTime (CaseMasterID, IncidentFromDate, IncidentToDate, latitude, longitude, PlaceOfOccurrence) VALUES (89, '2024-06-06 17:00:00', '2024-06-06 19:00:00', 15.843000, 74.507000, 'Near Junction, Tilakwadi');
INSERT INTO ComplainantDetails (ComplainantID, CaseMasterID, ComplainantName, AgeYear, OccupationID, ReligionID, CasteID, GenderID) VALUES (89, 89, 'Anand Rao', 65, 2, 1, 1, 1);
INSERT INTO ActSectionAssociation (CaseMasterID, ActID, SectionID, ActOrderID, SectionOrderID) VALUES (89, 'NDPS', '20', 1, 1);
INSERT INTO Victim (VictimMasterID, CaseMasterID, VictimName, AgeYear, GenderID, VictimPolice) VALUES (89, 89, 'Rajesh Bhat', 47, 1, '0');
INSERT INTO Accused (AccusedMasterID, CaseMasterID, AccusedName, AgeYear, GenderID, PersonID) VALUES (119, 89, 'Dharma Khan', 39, 1, 'A1');
INSERT INTO CaseMaster (CaseMasterID, CrimeNo, CaseNo, CrimeRegisteredDate, PolicePersonID, PoliceStationID, CaseCategoryID, GravityOffenceID, CrimeMajorHeadID, CrimeMinorHeadID, CaseStatusID, CourtID, IncidentFromDate, IncidentToDate, InfoReceivedPSDate, latitude, longitude, BriefFacts) VALUES (90, '100060018202400090', '202400090', '2024-07-07', 35, 18, 2, 3, 1, 10, 5, 6, '2024-07-07 18:00:00', '2024-07-07 20:00:00', '2024-07-07 18:00:00', 17.329000, 76.834000, 'Incident reported at Station Bazar Police Station. Initial investigation launched by IO Mahesh Bhat.');
INSERT INTO Inv_OccuranceTime (CaseMasterID, IncidentFromDate, IncidentToDate, latitude, longitude, PlaceOfOccurrence) VALUES (90, '2024-07-07 18:00:00', '2024-07-07 20:00:00', 17.329000, 76.834000, 'Near Junction, Station Bazar');
INSERT INTO ComplainantDetails (ComplainantID, CaseMasterID, ComplainantName, AgeYear, OccupationID, ReligionID, CasteID, GenderID) VALUES (90, 90, 'Anand Murthy', 38, 2, 1, 1, 1);
INSERT INTO ActSectionAssociation (CaseMasterID, ActID, SectionID, ActOrderID, SectionOrderID) VALUES (90, 'IPC', '379', 1, 1);
INSERT INTO Victim (VictimMasterID, CaseMasterID, VictimName, AgeYear, GenderID, VictimPolice) VALUES (90, 90, 'Rajesh Rao', 27, 1, '0');
INSERT INTO Accused (AccusedMasterID, CaseMasterID, AccusedName, AgeYear, GenderID, PersonID) VALUES (120, 90, 'Jagga Kumar', 23, 1, 'A1');
INSERT INTO Accused (AccusedMasterID, CaseMasterID, AccusedName, AgeYear, GenderID, PersonID) VALUES (121, 90, 'Altaf Alias', 33, 1, 'A2');
INSERT INTO ArrestSurrender (ArrestSurrenderID, CaseMasterID, ArrestSurrenderTypeID, ArrestSurrenderDate, ArrestSurrenderStateId, ArrestSurrenderDistrictId, PoliceStationID, IOID, CourtID, AccusedMasterID, IsAccused, IsComplainantAccused) VALUES (47, 90, 1, '2024-07-07', 1, 6, 18, 35, 6, 120, 1, 0);
INSERT INTO inv_arrestsurrenderaccused (ArrestSurrenderID, AccusedMasterID) VALUES (47, 120);
INSERT INTO inv_arrestsurrenderaccused (ArrestSurrenderID, AccusedMasterID) VALUES (47, 121);
INSERT INTO ChargesheetDetails (CSID, CaseMasterID, csdate, cstype, PolicePersonID) VALUES (31, 90, '2024-07-07 18:00:00', 'A', 35);
INSERT INTO CaseMaster (CaseMasterID, CrimeNo, CaseNo, CrimeRegisteredDate, PolicePersonID, PoliceStationID, CaseCategoryID, GravityOffenceID, CrimeMajorHeadID, CrimeMinorHeadID, CaseStatusID, CourtID, IncidentFromDate, IncidentToDate, InfoReceivedPSDate, latitude, longitude, BriefFacts) VALUES (91, '100010001202400091', '202400091', '2024-08-08', 1, 1, 3, 1, 1, 1, 1, 1, '2024-08-08 19:00:00', '2024-08-08 21:00:00', '2024-08-08 19:00:00', 12.979400, 77.641800, 'Incident reported at Indiranagar Police Station. Initial investigation launched by IO Suresh Rao.');
INSERT INTO Inv_OccuranceTime (CaseMasterID, IncidentFromDate, IncidentToDate, latitude, longitude, PlaceOfOccurrence) VALUES (91, '2024-08-08 19:00:00', '2024-08-08 21:00:00', 12.979400, 77.641800, 'Near Junction, Indiranagar');
INSERT INTO ComplainantDetails (ComplainantID, CaseMasterID, ComplainantName, AgeYear, OccupationID, ReligionID, CasteID, GenderID) VALUES (91, 91, 'Shilpa Hegde', 36, 2, 1, 1, 1);
INSERT INTO ActSectionAssociation (CaseMasterID, ActID, SectionID, ActOrderID, SectionOrderID) VALUES (91, 'IPC', '379', 1, 1);
INSERT INTO Victim (VictimMasterID, CaseMasterID, VictimName, AgeYear, GenderID, VictimPolice) VALUES (91, 91, 'Divya Hegde', 38, 1, '0');
INSERT INTO Accused (AccusedMasterID, CaseMasterID, AccusedName, AgeYear, GenderID, PersonID) VALUES (122, 91, 'Dharma Alias', 28, 1, 'A1');
INSERT INTO CaseMaster (CaseMasterID, CrimeNo, CaseNo, CrimeRegisteredDate, PolicePersonID, PoliceStationID, CaseCategoryID, GravityOffenceID, CrimeMajorHeadID, CrimeMinorHeadID, CaseStatusID, CourtID, IncidentFromDate, IncidentToDate, InfoReceivedPSDate, latitude, longitude, BriefFacts) VALUES (92, '100020007202400092', '202400092', '2024-09-09', 13, 7, 4, 2, 1, 2, 2, 2, '2024-09-09 20:00:00', '2024-09-09 22:00:00', '2024-09-09 20:00:00', 12.314000, 76.660000, 'Incident reported at Lashkar Police Station. Initial investigation launched by IO Anil Kulkarni.');
INSERT INTO Inv_OccuranceTime (CaseMasterID, IncidentFromDate, IncidentToDate, latitude, longitude, PlaceOfOccurrence) VALUES (92, '2024-09-09 20:00:00', '2024-09-09 22:00:00', 12.314000, 76.660000, 'Near Junction, Lashkar');
INSERT INTO ComplainantDetails (ComplainantID, CaseMasterID, ComplainantName, AgeYear, OccupationID, ReligionID, CasteID, GenderID) VALUES (92, 92, 'Kavitha Kulkarni', 64, 2, 1, 1, 1);
INSERT INTO ActSectionAssociation (CaseMasterID, ActID, SectionID, ActOrderID, SectionOrderID) VALUES (92, 'IPC', '379', 1, 1);
INSERT INTO Victim (VictimMasterID, CaseMasterID, VictimName, AgeYear, GenderID, VictimPolice) VALUES (92, 92, 'Rajesh Rao', 45, 1, '0');
INSERT INTO Accused (AccusedMasterID, CaseMasterID, AccusedName, AgeYear, GenderID, PersonID) VALUES (123, 92, 'Altaf Alias', 23, 1, 'A1');
INSERT INTO ArrestSurrender (ArrestSurrenderID, CaseMasterID, ArrestSurrenderTypeID, ArrestSurrenderDate, ArrestSurrenderStateId, ArrestSurrenderDistrictId, PoliceStationID, IOID, CourtID, AccusedMasterID, IsAccused, IsComplainantAccused) VALUES (48, 92, 1, '2024-09-09', 1, 2, 7, 13, 2, 123, 1, 0);
INSERT INTO inv_arrestsurrenderaccused (ArrestSurrenderID, AccusedMasterID) VALUES (48, 123);
INSERT INTO CaseMaster (CaseMasterID, CrimeNo, CaseNo, CrimeRegisteredDate, PolicePersonID, PoliceStationID, CaseCategoryID, GravityOffenceID, CrimeMajorHeadID, CrimeMinorHeadID, CaseStatusID, CourtID, IncidentFromDate, IncidentToDate, InfoReceivedPSDate, latitude, longitude, BriefFacts) VALUES (93, '100030011202400093', '202400093', '2024-10-10', 21, 11, 1, 3, 1, 3, 3, 3, '2024-10-10 21:00:00', '2024-10-10 23:00:00', '2024-10-10 21:00:00', 12.892000, 74.834000, 'Incident reported at Urwa Police Station. Initial investigation launched by IO Anil Gowda.');
INSERT INTO Inv_OccuranceTime (CaseMasterID, IncidentFromDate, IncidentToDate, latitude, longitude, PlaceOfOccurrence) VALUES (93, '2024-10-10 21:00:00', '2024-10-10 23:00:00', 12.892000, 74.834000, 'Near Junction, Urwa');
INSERT INTO ComplainantDetails (ComplainantID, CaseMasterID, ComplainantName, AgeYear, OccupationID, ReligionID, CasteID, GenderID) VALUES (93, 93, 'Shilpa Hegde', 53, 2, 1, 1, 1);
INSERT INTO ActSectionAssociation (CaseMasterID, ActID, SectionID, ActOrderID, SectionOrderID) VALUES (93, 'IPC', '379', 1, 1);
INSERT INTO Victim (VictimMasterID, CaseMasterID, VictimName, AgeYear, GenderID, VictimPolice) VALUES (93, 93, 'Arun Bhat', 51, 1, '0');
INSERT INTO Accused (AccusedMasterID, CaseMasterID, AccusedName, AgeYear, GenderID, PersonID) VALUES (124, 93, 'Shiva Pashan', 43, 1, 'A1');
INSERT INTO Accused (AccusedMasterID, CaseMasterID, AccusedName, AgeYear, GenderID, PersonID) VALUES (125, 93, 'Imtiaz Reddy', 36, 1, 'A2');
INSERT INTO ChargesheetDetails (CSID, CaseMasterID, csdate, cstype, PolicePersonID) VALUES (32, 93, '2024-10-10 21:00:00', 'A', 21);
INSERT INTO CaseMaster (CaseMasterID, CrimeNo, CaseNo, CrimeRegisteredDate, PolicePersonID, PoliceStationID, CaseCategoryID, GravityOffenceID, CrimeMajorHeadID, CrimeMinorHeadID, CaseStatusID, CourtID, IncidentFromDate, IncidentToDate, InfoReceivedPSDate, latitude, longitude, BriefFacts) VALUES (94, '100040012202400094', '202400094', '2024-11-11', 23, 12, 2, 1, 2, 4, 4, 4, '2024-11-11 22:00:00', '2024-11-11 00:00:00', '2024-11-11 22:00:00', 15.356000, 75.145000, 'Incident reported at Suburban Police Station Hubballi. Initial investigation launched by IO Basavaraj Rao.');
INSERT INTO Inv_OccuranceTime (CaseMasterID, IncidentFromDate, IncidentToDate, latitude, longitude, PlaceOfOccurrence) VALUES (94, '2024-11-11 22:00:00', '2024-11-11 00:00:00', 15.356000, 75.145000, 'Near Junction, Suburban Hubballi');
INSERT INTO ComplainantDetails (ComplainantID, CaseMasterID, ComplainantName, AgeYear, OccupationID, ReligionID, CasteID, GenderID) VALUES (94, 94, 'Radha Joshi', 61, 2, 1, 1, 1);
INSERT INTO ActSectionAssociation (CaseMasterID, ActID, SectionID, ActOrderID, SectionOrderID) VALUES (94, 'IPC', '302', 1, 1);
INSERT INTO Victim (VictimMasterID, CaseMasterID, VictimName, AgeYear, GenderID, VictimPolice) VALUES (94, 94, 'Praveen Bhat', 26, 1, '0');
INSERT INTO Accused (AccusedMasterID, CaseMasterID, AccusedName, AgeYear, GenderID, PersonID) VALUES (126, 94, 'Raja Alias', 24, 1, 'A1');
INSERT INTO ArrestSurrender (ArrestSurrenderID, CaseMasterID, ArrestSurrenderTypeID, ArrestSurrenderDate, ArrestSurrenderStateId, ArrestSurrenderDistrictId, PoliceStationID, IOID, CourtID, AccusedMasterID, IsAccused, IsComplainantAccused) VALUES (49, 94, 1, '2024-11-11', 1, 4, 12, 23, 4, 126, 1, 0);
INSERT INTO inv_arrestsurrenderaccused (ArrestSurrenderID, AccusedMasterID) VALUES (49, 126);
INSERT INTO CaseMaster (CaseMasterID, CrimeNo, CaseNo, CrimeRegisteredDate, PolicePersonID, PoliceStationID, CaseCategoryID, GravityOffenceID, CrimeMajorHeadID, CrimeMinorHeadID, CaseStatusID, CourtID, IncidentFromDate, IncidentToDate, InfoReceivedPSDate, latitude, longitude, BriefFacts) VALUES (95, '100050016202400095', '202400095', '2024-12-12', 31, 16, 3, 2, 2, 5, 5, 5, '2024-12-12 23:00:00', '2024-12-12 01:00:00', '2024-12-12 23:00:00', 15.849000, 74.513000, 'Incident reported at Tilakwadi Police Station. Initial investigation launched by IO Prakash Patil.');
INSERT INTO Inv_OccuranceTime (CaseMasterID, IncidentFromDate, IncidentToDate, latitude, longitude, PlaceOfOccurrence) VALUES (95, '2024-12-12 23:00:00', '2024-12-12 01:00:00', 15.849000, 74.513000, 'Near Junction, Tilakwadi');
INSERT INTO ComplainantDetails (ComplainantID, CaseMasterID, ComplainantName, AgeYear, OccupationID, ReligionID, CasteID, GenderID) VALUES (95, 95, 'Radha Deshpande', 39, 2, 1, 1, 1);
INSERT INTO ActSectionAssociation (CaseMasterID, ActID, SectionID, ActOrderID, SectionOrderID) VALUES (95, 'IPC', '302', 1, 1);
INSERT INTO Victim (VictimMasterID, CaseMasterID, VictimName, AgeYear, GenderID, VictimPolice) VALUES (95, 95, 'Vinay Gowda', 46, 1, '0');
INSERT INTO Accused (AccusedMasterID, CaseMasterID, AccusedName, AgeYear, GenderID, PersonID) VALUES (127, 95, 'Tukaram Kumar', 39, 1, 'A1');
INSERT INTO CaseMaster (CaseMasterID, CrimeNo, CaseNo, CrimeRegisteredDate, PolicePersonID, PoliceStationID, CaseCategoryID, GravityOffenceID, CrimeMajorHeadID, CrimeMinorHeadID, CaseStatusID, CourtID, IncidentFromDate, IncidentToDate, InfoReceivedPSDate, latitude, longitude, BriefFacts) VALUES (96, '100060018202400096', '202400096', '2024-01-13', 35, 18, 4, 3, 3, 6, 1, 6, '2024-01-13 00:00:00', '2024-01-13 02:00:00', '2024-01-13 00:00:00', 17.335000, 76.840000, 'Incident reported at Station Bazar Police Station. Initial investigation launched by IO Mahesh Bhat.');
INSERT INTO Inv_OccuranceTime (CaseMasterID, IncidentFromDate, IncidentToDate, latitude, longitude, PlaceOfOccurrence) VALUES (96, '2024-01-13 00:00:00', '2024-01-13 02:00:00', 17.335000, 76.840000, 'Near Junction, Station Bazar');
INSERT INTO ComplainantDetails (ComplainantID, CaseMasterID, ComplainantName, AgeYear, OccupationID, ReligionID, CasteID, GenderID) VALUES (96, 96, 'Pooja Gowda', 36, 2, 1, 1, 1);
INSERT INTO ActSectionAssociation (CaseMasterID, ActID, SectionID, ActOrderID, SectionOrderID) VALUES (96, 'IT_ACT', '66D', 1, 1);
INSERT INTO Victim (VictimMasterID, CaseMasterID, VictimName, AgeYear, GenderID, VictimPolice) VALUES (96, 96, 'Bhavya Joshi', 38, 1, '0');
INSERT INTO Accused (AccusedMasterID, CaseMasterID, AccusedName, AgeYear, GenderID, PersonID) VALUES (128, 96, 'Yogesh Khan', 30, 1, 'A1');
INSERT INTO Accused (AccusedMasterID, CaseMasterID, AccusedName, AgeYear, GenderID, PersonID) VALUES (129, 96, 'Mantu Salim', 35, 1, 'A2');
INSERT INTO ArrestSurrender (ArrestSurrenderID, CaseMasterID, ArrestSurrenderTypeID, ArrestSurrenderDate, ArrestSurrenderStateId, ArrestSurrenderDistrictId, PoliceStationID, IOID, CourtID, AccusedMasterID, IsAccused, IsComplainantAccused) VALUES (50, 96, 1, '2024-01-13', 1, 6, 18, 35, 6, 128, 1, 0);
INSERT INTO inv_arrestsurrenderaccused (ArrestSurrenderID, AccusedMasterID) VALUES (50, 128);
INSERT INTO inv_arrestsurrenderaccused (ArrestSurrenderID, AccusedMasterID) VALUES (50, 129);
INSERT INTO ChargesheetDetails (CSID, CaseMasterID, csdate, cstype, PolicePersonID) VALUES (33, 96, '2024-01-13 00:00:00', 'A', 35);
INSERT INTO CaseMaster (CaseMasterID, CrimeNo, CaseNo, CrimeRegisteredDate, PolicePersonID, PoliceStationID, CaseCategoryID, GravityOffenceID, CrimeMajorHeadID, CrimeMinorHeadID, CaseStatusID, CourtID, IncidentFromDate, IncidentToDate, InfoReceivedPSDate, latitude, longitude, BriefFacts) VALUES (97, '100010002202400097', '202400097', '2024-02-14', 3, 2, 1, 1, 3, 7, 2, 1, '2024-02-14 01:00:00', '2024-02-14 03:00:00', '2024-02-14 01:00:00', 12.942200, 77.631500, 'Incident reported at Koramangala Police Station. Initial investigation launched by IO Ganesh Nayak.');
INSERT INTO Inv_OccuranceTime (CaseMasterID, IncidentFromDate, IncidentToDate, latitude, longitude, PlaceOfOccurrence) VALUES (97, '2024-02-14 01:00:00', '2024-02-14 03:00:00', 12.942200, 77.631500, 'Near Junction, Koramangala');
INSERT INTO ComplainantDetails (ComplainantID, CaseMasterID, ComplainantName, AgeYear, OccupationID, ReligionID, CasteID, GenderID) VALUES (97, 97, 'Jagadish Joshi', 64, 2, 1, 1, 1);
INSERT INTO ActSectionAssociation (CaseMasterID, ActID, SectionID, ActOrderID, SectionOrderID) VALUES (97, 'IT_ACT', '66D', 1, 1);
INSERT INTO Victim (VictimMasterID, CaseMasterID, VictimName, AgeYear, GenderID, VictimPolice) VALUES (97, 97, 'Arun Shetty', 39, 1, '0');
INSERT INTO Accused (AccusedMasterID, CaseMasterID, AccusedName, AgeYear, GenderID, PersonID) VALUES (130, 97, 'Raja Singh', 25, 1, 'A1');
INSERT INTO CaseMaster (CaseMasterID, CrimeNo, CaseNo, CrimeRegisteredDate, PolicePersonID, PoliceStationID, CaseCategoryID, GravityOffenceID, CrimeMajorHeadID, CrimeMinorHeadID, CaseStatusID, CourtID, IncidentFromDate, IncidentToDate, InfoReceivedPSDate, latitude, longitude, BriefFacts) VALUES (98, '100020007202400098', '202400098', '2024-03-15', 13, 7, 2, 2, 4, 8, 3, 2, '2024-03-15 02:00:00', '2024-03-15 04:00:00', '2024-03-15 02:00:00', 12.320000, 76.666000, 'Incident reported at Lashkar Police Station. Initial investigation launched by IO Anil Kulkarni.');
INSERT INTO Inv_OccuranceTime (CaseMasterID, IncidentFromDate, IncidentToDate, latitude, longitude, PlaceOfOccurrence) VALUES (98, '2024-03-15 02:00:00', '2024-03-15 04:00:00', 12.320000, 76.666000, 'Near Junction, Lashkar');
INSERT INTO ComplainantDetails (ComplainantID, CaseMasterID, ComplainantName, AgeYear, OccupationID, ReligionID, CasteID, GenderID) VALUES (98, 98, 'Eshwar Bhat', 28, 2, 1, 1, 1);
INSERT INTO ActSectionAssociation (CaseMasterID, ActID, SectionID, ActOrderID, SectionOrderID) VALUES (98, 'IPC', '420', 1, 1);
INSERT INTO Victim (VictimMasterID, CaseMasterID, VictimName, AgeYear, GenderID, VictimPolice) VALUES (98, 98, 'Rajesh Hegde', 41, 1, '0');
INSERT INTO Accused (AccusedMasterID, CaseMasterID, AccusedName, AgeYear, GenderID, PersonID) VALUES (131, 98, 'Babloo Kumar', 45, 1, 'A1');
INSERT INTO ArrestSurrender (ArrestSurrenderID, CaseMasterID, ArrestSurrenderTypeID, ArrestSurrenderDate, ArrestSurrenderStateId, ArrestSurrenderDistrictId, PoliceStationID, IOID, CourtID, AccusedMasterID, IsAccused, IsComplainantAccused) VALUES (51, 98, 1, '2024-03-15', 1, 2, 7, 13, 2, 131, 1, 0);
INSERT INTO inv_arrestsurrenderaccused (ArrestSurrenderID, AccusedMasterID) VALUES (51, 131);
INSERT INTO CaseMaster (CaseMasterID, CrimeNo, CaseNo, CrimeRegisteredDate, PolicePersonID, PoliceStationID, CaseCategoryID, GravityOffenceID, CrimeMajorHeadID, CrimeMinorHeadID, CaseStatusID, CourtID, IncidentFromDate, IncidentToDate, InfoReceivedPSDate, latitude, longitude, BriefFacts) VALUES (99, '100030011202400099', '202400099', '2024-04-16', 21, 11, 3, 3, 5, 9, 4, 3, '2024-04-16 03:00:00', '2024-04-16 05:00:00', '2024-04-16 03:00:00', 12.898000, 74.840000, 'Incident reported at Urwa Police Station. Initial investigation launched by IO Anil Gowda.');
INSERT INTO Inv_OccuranceTime (CaseMasterID, IncidentFromDate, IncidentToDate, latitude, longitude, PlaceOfOccurrence) VALUES (99, '2024-04-16 03:00:00', '2024-04-16 05:00:00', 12.898000, 74.840000, 'Near Junction, Urwa');
INSERT INTO ComplainantDetails (ComplainantID, CaseMasterID, ComplainantName, AgeYear, OccupationID, ReligionID, CasteID, GenderID) VALUES (99, 99, 'Latha Kulkarni', 47, 2, 1, 1, 1);
INSERT INTO ActSectionAssociation (CaseMasterID, ActID, SectionID, ActOrderID, SectionOrderID) VALUES (99, 'NDPS', '20', 1, 1);
INSERT INTO Victim (VictimMasterID, CaseMasterID, VictimName, AgeYear, GenderID, VictimPolice) VALUES (99, 99, 'Divya Murthy', 27, 1, '0');
INSERT INTO Accused (AccusedMasterID, CaseMasterID, AccusedName, AgeYear, GenderID, PersonID) VALUES (132, 99, 'Shiva Verma', 26, 1, 'A1');
INSERT INTO Accused (AccusedMasterID, CaseMasterID, AccusedName, AgeYear, GenderID, PersonID) VALUES (133, 99, 'Pandu Kumar', 24, 1, 'A2');
INSERT INTO ChargesheetDetails (CSID, CaseMasterID, csdate, cstype, PolicePersonID) VALUES (34, 99, '2024-04-16 03:00:00', 'A', 21);
INSERT INTO CaseMaster (CaseMasterID, CrimeNo, CaseNo, CrimeRegisteredDate, PolicePersonID, PoliceStationID, CaseCategoryID, GravityOffenceID, CrimeMajorHeadID, CrimeMinorHeadID, CaseStatusID, CourtID, IncidentFromDate, IncidentToDate, InfoReceivedPSDate, latitude, longitude, BriefFacts) VALUES (100, '100040012202400100', '202400100', '2024-05-17', 23, 12, 4, 1, 1, 10, 5, 4, '2024-05-17 04:00:00', '2024-05-17 06:00:00', '2024-05-17 04:00:00', 15.342000, 75.131000, 'Incident reported at Suburban Police Station Hubballi. Initial investigation launched by IO Basavaraj Rao.');
INSERT INTO Inv_OccuranceTime (CaseMasterID, IncidentFromDate, IncidentToDate, latitude, longitude, PlaceOfOccurrence) VALUES (100, '2024-05-17 04:00:00', '2024-05-17 06:00:00', 15.342000, 75.131000, 'Near Junction, Suburban Hubballi');
INSERT INTO ComplainantDetails (ComplainantID, CaseMasterID, ComplainantName, AgeYear, OccupationID, ReligionID, CasteID, GenderID) VALUES (100, 100, 'Meena Joshi', 25, 2, 1, 1, 1);
INSERT INTO ActSectionAssociation (CaseMasterID, ActID, SectionID, ActOrderID, SectionOrderID) VALUES (100, 'IPC', '379', 1, 1);
INSERT INTO Victim (VictimMasterID, CaseMasterID, VictimName, AgeYear, GenderID, VictimPolice) VALUES (100, 100, 'Arun Bhat', 59, 1, '0');
INSERT INTO Accused (AccusedMasterID, CaseMasterID, AccusedName, AgeYear, GenderID, PersonID) VALUES (134, 100, 'Jagga Salim', 24, 1, 'A1');
INSERT INTO ArrestSurrender (ArrestSurrenderID, CaseMasterID, ArrestSurrenderTypeID, ArrestSurrenderDate, ArrestSurrenderStateId, ArrestSurrenderDistrictId, PoliceStationID, IOID, CourtID, AccusedMasterID, IsAccused, IsComplainantAccused) VALUES (52, 100, 1, '2024-05-17', 1, 4, 12, 23, 4, 134, 1, 0);
INSERT INTO inv_arrestsurrenderaccused (ArrestSurrenderID, AccusedMasterID) VALUES (52, 134);
INSERT INTO CaseMaster (CaseMasterID, CrimeNo, CaseNo, CrimeRegisteredDate, PolicePersonID, PoliceStationID, CaseCategoryID, GravityOffenceID, CrimeMajorHeadID, CrimeMinorHeadID, CaseStatusID, CourtID, IncidentFromDate, IncidentToDate, InfoReceivedPSDate, latitude, longitude, BriefFacts) VALUES (101, '100050016202400101', '202400101', '2024-06-18', 31, 16, 1, 2, 1, 1, 1, 5, '2024-06-18 05:00:00', '2024-06-18 07:00:00', '2024-06-18 05:00:00', 15.835000, 74.499000, 'Incident reported at Tilakwadi Police Station. Initial investigation launched by IO Prakash Patil.');
INSERT INTO Inv_OccuranceTime (CaseMasterID, IncidentFromDate, IncidentToDate, latitude, longitude, PlaceOfOccurrence) VALUES (101, '2024-06-18 05:00:00', '2024-06-18 07:00:00', 15.835000, 74.499000, 'Near Junction, Tilakwadi');
INSERT INTO ComplainantDetails (ComplainantID, CaseMasterID, ComplainantName, AgeYear, OccupationID, ReligionID, CasteID, GenderID) VALUES (101, 101, 'Bharath Hegde', 35, 2, 1, 1, 1);
INSERT INTO ActSectionAssociation (CaseMasterID, ActID, SectionID, ActOrderID, SectionOrderID) VALUES (101, 'IPC', '379', 1, 1);
INSERT INTO Victim (VictimMasterID, CaseMasterID, VictimName, AgeYear, GenderID, VictimPolice) VALUES (101, 101, 'Manoj Kulkarni', 26, 1, '0');
INSERT INTO Accused (AccusedMasterID, CaseMasterID, AccusedName, AgeYear, GenderID, PersonID) VALUES (135, 101, 'Dharma Verma', 20, 1, 'A1');
INSERT INTO CaseMaster (CaseMasterID, CrimeNo, CaseNo, CrimeRegisteredDate, PolicePersonID, PoliceStationID, CaseCategoryID, GravityOffenceID, CrimeMajorHeadID, CrimeMinorHeadID, CaseStatusID, CourtID, IncidentFromDate, IncidentToDate, InfoReceivedPSDate, latitude, longitude, BriefFacts) VALUES (102, '100060018202400102', '202400102', '2024-07-19', 35, 18, 2, 3, 1, 2, 2, 6, '2024-07-19 06:00:00', '2024-07-19 08:00:00', '2024-07-19 06:00:00', 17.321000, 76.826000, 'Incident reported at Station Bazar Police Station. Initial investigation launched by IO Mahesh Bhat.');
INSERT INTO Inv_OccuranceTime (CaseMasterID, IncidentFromDate, IncidentToDate, latitude, longitude, PlaceOfOccurrence) VALUES (102, '2024-07-19 06:00:00', '2024-07-19 08:00:00', 17.321000, 76.826000, 'Near Junction, Station Bazar');
INSERT INTO ComplainantDetails (ComplainantID, CaseMasterID, ComplainantName, AgeYear, OccupationID, ReligionID, CasteID, GenderID) VALUES (102, 102, 'Bharath Joshi', 49, 2, 1, 1, 1);
INSERT INTO ActSectionAssociation (CaseMasterID, ActID, SectionID, ActOrderID, SectionOrderID) VALUES (102, 'IPC', '379', 1, 1);
INSERT INTO Victim (VictimMasterID, CaseMasterID, VictimName, AgeYear, GenderID, VictimPolice) VALUES (102, 102, 'Praveen Murthy', 51, 1, '0');
INSERT INTO Accused (AccusedMasterID, CaseMasterID, AccusedName, AgeYear, GenderID, PersonID) VALUES (136, 102, 'Jagga Salim', 20, 1, 'A1');
INSERT INTO Accused (AccusedMasterID, CaseMasterID, AccusedName, AgeYear, GenderID, PersonID) VALUES (137, 102, 'Jagga Salim', 45, 1, 'A2');
INSERT INTO ArrestSurrender (ArrestSurrenderID, CaseMasterID, ArrestSurrenderTypeID, ArrestSurrenderDate, ArrestSurrenderStateId, ArrestSurrenderDistrictId, PoliceStationID, IOID, CourtID, AccusedMasterID, IsAccused, IsComplainantAccused) VALUES (53, 102, 1, '2024-07-19', 1, 6, 18, 35, 6, 136, 1, 0);
INSERT INTO inv_arrestsurrenderaccused (ArrestSurrenderID, AccusedMasterID) VALUES (53, 136);
INSERT INTO inv_arrestsurrenderaccused (ArrestSurrenderID, AccusedMasterID) VALUES (53, 137);
INSERT INTO ChargesheetDetails (CSID, CaseMasterID, csdate, cstype, PolicePersonID) VALUES (35, 102, '2024-07-19 06:00:00', 'A', 35);
INSERT INTO CaseMaster (CaseMasterID, CrimeNo, CaseNo, CrimeRegisteredDate, PolicePersonID, PoliceStationID, CaseCategoryID, GravityOffenceID, CrimeMajorHeadID, CrimeMinorHeadID, CaseStatusID, CourtID, IncidentFromDate, IncidentToDate, InfoReceivedPSDate, latitude, longitude, BriefFacts) VALUES (103, '100010003202400103', '202400103', '2024-08-20', 5, 3, 3, 1, 1, 3, 3, 1, '2024-08-20 07:00:00', '2024-08-20 09:00:00', '2024-08-20 07:00:00', 12.962800, 77.742900, 'Incident reported at Whitefield Police Station. Initial investigation launched by IO Sunil Bhat.');
INSERT INTO Inv_OccuranceTime (CaseMasterID, IncidentFromDate, IncidentToDate, latitude, longitude, PlaceOfOccurrence) VALUES (103, '2024-08-20 07:00:00', '2024-08-20 09:00:00', 12.962800, 77.742900, 'Near Junction, Whitefield');
INSERT INTO ComplainantDetails (ComplainantID, CaseMasterID, ComplainantName, AgeYear, OccupationID, ReligionID, CasteID, GenderID) VALUES (103, 103, 'Bharath Bhat', 31, 2, 1, 1, 1);
INSERT INTO ActSectionAssociation (CaseMasterID, ActID, SectionID, ActOrderID, SectionOrderID) VALUES (103, 'IPC', '379', 1, 1);
INSERT INTO Victim (VictimMasterID, CaseMasterID, VictimName, AgeYear, GenderID, VictimPolice) VALUES (103, 103, 'Manoj Bhat', 21, 1, '0');
INSERT INTO Accused (AccusedMasterID, CaseMasterID, AccusedName, AgeYear, GenderID, PersonID) VALUES (138, 103, 'Dharma Singh', 27, 1, 'A1');
INSERT INTO CaseMaster (CaseMasterID, CrimeNo, CaseNo, CrimeRegisteredDate, PolicePersonID, PoliceStationID, CaseCategoryID, GravityOffenceID, CrimeMajorHeadID, CrimeMinorHeadID, CaseStatusID, CourtID, IncidentFromDate, IncidentToDate, InfoReceivedPSDate, latitude, longitude, BriefFacts) VALUES (104, '100020007202400104', '202400104', '2024-09-21', 13, 7, 4, 2, 2, 4, 4, 2, '2024-09-21 08:00:00', '2024-09-21 10:00:00', '2024-09-21 08:00:00', 12.306000, 76.652000, 'Incident reported at Lashkar Police Station. Initial investigation launched by IO Anil Kulkarni.');
INSERT INTO Inv_OccuranceTime (CaseMasterID, IncidentFromDate, IncidentToDate, latitude, longitude, PlaceOfOccurrence) VALUES (104, '2024-09-21 08:00:00', '2024-09-21 10:00:00', 12.306000, 76.652000, 'Near Junction, Lashkar');
INSERT INTO ComplainantDetails (ComplainantID, CaseMasterID, ComplainantName, AgeYear, OccupationID, ReligionID, CasteID, GenderID) VALUES (104, 104, 'Nandini Rao', 33, 2, 1, 1, 1);
INSERT INTO ActSectionAssociation (CaseMasterID, ActID, SectionID, ActOrderID, SectionOrderID) VALUES (104, 'IPC', '302', 1, 1);
INSERT INTO Victim (VictimMasterID, CaseMasterID, VictimName, AgeYear, GenderID, VictimPolice) VALUES (104, 104, 'Sangeetha Shetty', 30, 1, '0');
INSERT INTO Accused (AccusedMasterID, CaseMasterID, AccusedName, AgeYear, GenderID, PersonID) VALUES (139, 104, 'Altaf Kumar', 35, 1, 'A1');
INSERT INTO ArrestSurrender (ArrestSurrenderID, CaseMasterID, ArrestSurrenderTypeID, ArrestSurrenderDate, ArrestSurrenderStateId, ArrestSurrenderDistrictId, PoliceStationID, IOID, CourtID, AccusedMasterID, IsAccused, IsComplainantAccused) VALUES (54, 104, 1, '2024-09-21', 1, 2, 7, 13, 2, 139, 1, 0);
INSERT INTO inv_arrestsurrenderaccused (ArrestSurrenderID, AccusedMasterID) VALUES (54, 139);
INSERT INTO CaseMaster (CaseMasterID, CrimeNo, CaseNo, CrimeRegisteredDate, PolicePersonID, PoliceStationID, CaseCategoryID, GravityOffenceID, CrimeMajorHeadID, CrimeMinorHeadID, CaseStatusID, CourtID, IncidentFromDate, IncidentToDate, InfoReceivedPSDate, latitude, longitude, BriefFacts) VALUES (105, '100010005202400105', '202400105', '2024-10-22', 9, 5, 1, 3, 2, 5, 5, 1, '2024-10-22 09:00:00', '2024-10-22 11:00:00', '2024-10-22 09:00:00', 12.998100, 77.559300, 'Incident reported at Malleshwaram Police Station. Initial investigation launched by IO Santosh Shetty.');
INSERT INTO Inv_OccuranceTime (CaseMasterID, IncidentFromDate, IncidentToDate, latitude, longitude, PlaceOfOccurrence) VALUES (105, '2024-10-22 09:00:00', '2024-10-22 11:00:00', 12.998100, 77.559300, 'Near Junction, Malleshwaram');
INSERT INTO ComplainantDetails (ComplainantID, CaseMasterID, ComplainantName, AgeYear, OccupationID, ReligionID, CasteID, GenderID) VALUES (105, 105, 'Eshwar Bhat', 57, 2, 1, 1, 1);
INSERT INTO ActSectionAssociation (CaseMasterID, ActID, SectionID, ActOrderID, SectionOrderID) VALUES (105, 'IPC', '302', 1, 1);
INSERT INTO Victim (VictimMasterID, CaseMasterID, VictimName, AgeYear, GenderID, VictimPolice) VALUES (105, 105, 'Ganesh Rao', 29, 1, '0');
INSERT INTO Accused (AccusedMasterID, CaseMasterID, AccusedName, AgeYear, GenderID, PersonID) VALUES (140, 105, 'Syed ''Jaguar'' Imran', 29, 1, 'A1');
INSERT INTO Accused (AccusedMasterID, CaseMasterID, AccusedName, AgeYear, GenderID, PersonID) VALUES (141, 105, 'Kiran ''Bullet'' Gowda', 29, 1, 'A2');
INSERT INTO Accused (AccusedMasterID, CaseMasterID, AccusedName, AgeYear, GenderID, PersonID) VALUES (142, 105, 'Pradeep ''Chotta'' Kumar', 29, 1, 'A3');
INSERT INTO ArrestSurrender (ArrestSurrenderID, CaseMasterID, ArrestSurrenderTypeID, ArrestSurrenderDate, ArrestSurrenderStateId, ArrestSurrenderDistrictId, PoliceStationID, IOID, CourtID, AccusedMasterID, IsAccused, IsComplainantAccused) VALUES (55, 105, 1, '2024-10-22', 1, 1, 5, 9, 1, 140, 1, 0);
INSERT INTO inv_arrestsurrenderaccused (ArrestSurrenderID, AccusedMasterID) VALUES (55, 140);
INSERT INTO inv_arrestsurrenderaccused (ArrestSurrenderID, AccusedMasterID) VALUES (55, 141);
INSERT INTO inv_arrestsurrenderaccused (ArrestSurrenderID, AccusedMasterID) VALUES (55, 142);
INSERT INTO ChargesheetDetails (CSID, CaseMasterID, csdate, cstype, PolicePersonID) VALUES (36, 105, '2024-10-22 09:00:00', 'A', 9);
INSERT INTO CaseMaster (CaseMasterID, CrimeNo, CaseNo, CrimeRegisteredDate, PolicePersonID, PoliceStationID, CaseCategoryID, GravityOffenceID, CrimeMajorHeadID, CrimeMinorHeadID, CaseStatusID, CourtID, IncidentFromDate, IncidentToDate, InfoReceivedPSDate, latitude, longitude, BriefFacts) VALUES (106, '100040012202400106', '202400106', '2024-11-23', 23, 12, 2, 1, 3, 6, 1, 4, '2024-11-23 10:00:00', '2024-11-23 12:00:00', '2024-11-23 10:00:00', 15.348000, 75.137000, 'Incident reported at Suburban Police Station Hubballi. Initial investigation launched by IO Basavaraj Rao.');
INSERT INTO Inv_OccuranceTime (CaseMasterID, IncidentFromDate, IncidentToDate, latitude, longitude, PlaceOfOccurrence) VALUES (106, '2024-11-23 10:00:00', '2024-11-23 12:00:00', 15.348000, 75.137000, 'Near Junction, Suburban Hubballi');
INSERT INTO ComplainantDetails (ComplainantID, CaseMasterID, ComplainantName, AgeYear, OccupationID, ReligionID, CasteID, GenderID) VALUES (106, 106, 'Anand Deshpande', 29, 2, 1, 1, 1);
INSERT INTO ActSectionAssociation (CaseMasterID, ActID, SectionID, ActOrderID, SectionOrderID) VALUES (106, 'IT_ACT', '66D', 1, 1);
INSERT INTO Victim (VictimMasterID, CaseMasterID, VictimName, AgeYear, GenderID, VictimPolice) VALUES (106, 106, 'Ganesh Shetty', 21, 1, '0');
INSERT INTO Accused (AccusedMasterID, CaseMasterID, AccusedName, AgeYear, GenderID, PersonID) VALUES (143, 106, 'Shiva Verma', 42, 1, 'A1');
INSERT INTO ArrestSurrender (ArrestSurrenderID, CaseMasterID, ArrestSurrenderTypeID, ArrestSurrenderDate, ArrestSurrenderStateId, ArrestSurrenderDistrictId, PoliceStationID, IOID, CourtID, AccusedMasterID, IsAccused, IsComplainantAccused) VALUES (56, 106, 1, '2024-11-23', 1, 4, 12, 23, 4, 143, 1, 0);
INSERT INTO inv_arrestsurrenderaccused (ArrestSurrenderID, AccusedMasterID) VALUES (56, 143);
INSERT INTO CaseMaster (CaseMasterID, CrimeNo, CaseNo, CrimeRegisteredDate, PolicePersonID, PoliceStationID, CaseCategoryID, GravityOffenceID, CrimeMajorHeadID, CrimeMinorHeadID, CaseStatusID, CourtID, IncidentFromDate, IncidentToDate, InfoReceivedPSDate, latitude, longitude, BriefFacts) VALUES (107, '100050016202400107', '202400107', '2024-12-24', 31, 16, 3, 2, 3, 7, 2, 5, '2024-12-24 11:00:00', '2024-12-24 13:00:00', '2024-12-24 11:00:00', 15.841000, 74.505000, 'Incident reported at Tilakwadi Police Station. Initial investigation launched by IO Prakash Patil.');
INSERT INTO Inv_OccuranceTime (CaseMasterID, IncidentFromDate, IncidentToDate, latitude, longitude, PlaceOfOccurrence) VALUES (107, '2024-12-24 11:00:00', '2024-12-24 13:00:00', 15.841000, 74.505000, 'Near Junction, Tilakwadi');
INSERT INTO ComplainantDetails (ComplainantID, CaseMasterID, ComplainantName, AgeYear, OccupationID, ReligionID, CasteID, GenderID) VALUES (107, 107, 'Girish Hegde', 51, 2, 1, 1, 1);
INSERT INTO ActSectionAssociation (CaseMasterID, ActID, SectionID, ActOrderID, SectionOrderID) VALUES (107, 'IT_ACT', '66D', 1, 1);
INSERT INTO Victim (VictimMasterID, CaseMasterID, VictimName, AgeYear, GenderID, VictimPolice) VALUES (107, 107, 'Vinay Joshi', 48, 1, '0');
INSERT INTO Accused (AccusedMasterID, CaseMasterID, AccusedName, AgeYear, GenderID, PersonID) VALUES (144, 107, 'Mantu Reddy', 26, 1, 'A1');
INSERT INTO CaseMaster (CaseMasterID, CrimeNo, CaseNo, CrimeRegisteredDate, PolicePersonID, PoliceStationID, CaseCategoryID, GravityOffenceID, CrimeMajorHeadID, CrimeMinorHeadID, CaseStatusID, CourtID, IncidentFromDate, IncidentToDate, InfoReceivedPSDate, latitude, longitude, BriefFacts) VALUES (108, '100060018202400108', '202400108', '2024-01-25', 35, 18, 4, 3, 4, 8, 3, 6, '2024-01-25 12:00:00', '2024-01-25 14:00:00', '2024-01-25 12:00:00', 17.327000, 76.832000, 'Incident reported at Station Bazar Police Station. Initial investigation launched by IO Mahesh Bhat.');
INSERT INTO Inv_OccuranceTime (CaseMasterID, IncidentFromDate, IncidentToDate, latitude, longitude, PlaceOfOccurrence) VALUES (108, '2024-01-25 12:00:00', '2024-01-25 14:00:00', 17.327000, 76.832000, 'Near Junction, Station Bazar');
INSERT INTO ComplainantDetails (ComplainantID, CaseMasterID, ComplainantName, AgeYear, OccupationID, ReligionID, CasteID, GenderID) VALUES (108, 108, 'Harish Murthy', 55, 2, 1, 1, 1);
INSERT INTO ActSectionAssociation (CaseMasterID, ActID, SectionID, ActOrderID, SectionOrderID) VALUES (108, 'IPC', '420', 1, 1);
INSERT INTO Victim (VictimMasterID, CaseMasterID, VictimName, AgeYear, GenderID, VictimPolice) VALUES (108, 108, 'Chaitra Gowda', 37, 1, '0');
INSERT INTO Accused (AccusedMasterID, CaseMasterID, AccusedName, AgeYear, GenderID, PersonID) VALUES (145, 108, 'Raja Alias', 36, 1, 'A1');
INSERT INTO Accused (AccusedMasterID, CaseMasterID, AccusedName, AgeYear, GenderID, PersonID) VALUES (146, 108, 'Imtiaz Reddy', 41, 1, 'A2');
INSERT INTO ArrestSurrender (ArrestSurrenderID, CaseMasterID, ArrestSurrenderTypeID, ArrestSurrenderDate, ArrestSurrenderStateId, ArrestSurrenderDistrictId, PoliceStationID, IOID, CourtID, AccusedMasterID, IsAccused, IsComplainantAccused) VALUES (57, 108, 1, '2024-01-25', 1, 6, 18, 35, 6, 145, 1, 0);
INSERT INTO inv_arrestsurrenderaccused (ArrestSurrenderID, AccusedMasterID) VALUES (57, 145);
INSERT INTO inv_arrestsurrenderaccused (ArrestSurrenderID, AccusedMasterID) VALUES (57, 146);
INSERT INTO ChargesheetDetails (CSID, CaseMasterID, csdate, cstype, PolicePersonID) VALUES (37, 108, '2024-01-25 12:00:00', 'A', 35);
INSERT INTO CaseMaster (CaseMasterID, CrimeNo, CaseNo, CrimeRegisteredDate, PolicePersonID, PoliceStationID, CaseCategoryID, GravityOffenceID, CrimeMajorHeadID, CrimeMinorHeadID, CaseStatusID, CourtID, IncidentFromDate, IncidentToDate, InfoReceivedPSDate, latitude, longitude, BriefFacts) VALUES (109, '100010004202400109', '202400109', '2024-02-26', 7, 4, 1, 1, 5, 9, 4, 1, '2024-02-26 13:00:00', '2024-02-26 15:00:00', '2024-02-26 13:00:00', 12.924000, 77.592800, 'Incident reported at Jayanagar Police Station. Initial investigation launched by IO Vijay Kulkarni.');
INSERT INTO Inv_OccuranceTime (CaseMasterID, IncidentFromDate, IncidentToDate, latitude, longitude, PlaceOfOccurrence) VALUES (109, '2024-02-26 13:00:00', '2024-02-26 15:00:00', 12.924000, 77.592800, 'Near Junction, Jayanagar');
INSERT INTO ComplainantDetails (ComplainantID, CaseMasterID, ComplainantName, AgeYear, OccupationID, ReligionID, CasteID, GenderID) VALUES (109, 109, 'Latha Rao', 26, 2, 1, 1, 1);
INSERT INTO ActSectionAssociation (CaseMasterID, ActID, SectionID, ActOrderID, SectionOrderID) VALUES (109, 'NDPS', '20', 1, 1);
INSERT INTO Victim (VictimMasterID, CaseMasterID, VictimName, AgeYear, GenderID, VictimPolice) VALUES (109, 109, 'Rajesh Hegde', 23, 1, '0');
INSERT INTO Accused (AccusedMasterID, CaseMasterID, AccusedName, AgeYear, GenderID, PersonID) VALUES (147, 109, 'Yogesh Salim', 33, 1, 'A1');
INSERT INTO CaseMaster (CaseMasterID, CrimeNo, CaseNo, CrimeRegisteredDate, PolicePersonID, PoliceStationID, CaseCategoryID, GravityOffenceID, CrimeMajorHeadID, CrimeMinorHeadID, CaseStatusID, CourtID, IncidentFromDate, IncidentToDate, InfoReceivedPSDate, latitude, longitude, BriefFacts) VALUES (110, '100020007202400110', '202400110', '2024-03-27', 13, 7, 2, 2, 1, 10, 5, 2, '2024-03-27 14:00:00', '2024-03-27 16:00:00', '2024-03-27 14:00:00', 12.312000, 76.658000, 'Incident reported at Lashkar Police Station. Initial investigation launched by IO Anil Kulkarni.');
INSERT INTO Inv_OccuranceTime (CaseMasterID, IncidentFromDate, IncidentToDate, latitude, longitude, PlaceOfOccurrence) VALUES (110, '2024-03-27 14:00:00', '2024-03-27 16:00:00', 12.312000, 76.658000, 'Near Junction, Lashkar');
INSERT INTO ComplainantDetails (ComplainantID, CaseMasterID, ComplainantName, AgeYear, OccupationID, ReligionID, CasteID, GenderID) VALUES (110, 110, 'Anand Kulkarni', 27, 2, 1, 1, 1);
INSERT INTO ActSectionAssociation (CaseMasterID, ActID, SectionID, ActOrderID, SectionOrderID) VALUES (110, 'IPC', '379', 1, 1);
INSERT INTO Victim (VictimMasterID, CaseMasterID, VictimName, AgeYear, GenderID, VictimPolice) VALUES (110, 110, 'Chaitra Gowda', 44, 1, '0');
INSERT INTO Accused (AccusedMasterID, CaseMasterID, AccusedName, AgeYear, GenderID, PersonID) VALUES (148, 110, 'Jagga Khan', 31, 1, 'A1');
INSERT INTO ArrestSurrender (ArrestSurrenderID, CaseMasterID, ArrestSurrenderTypeID, ArrestSurrenderDate, ArrestSurrenderStateId, ArrestSurrenderDistrictId, PoliceStationID, IOID, CourtID, AccusedMasterID, IsAccused, IsComplainantAccused) VALUES (58, 110, 1, '2024-03-27', 1, 2, 7, 13, 2, 148, 1, 0);
INSERT INTO inv_arrestsurrenderaccused (ArrestSurrenderID, AccusedMasterID) VALUES (58, 148);
INSERT INTO CaseMaster (CaseMasterID, CrimeNo, CaseNo, CrimeRegisteredDate, PolicePersonID, PoliceStationID, CaseCategoryID, GravityOffenceID, CrimeMajorHeadID, CrimeMinorHeadID, CaseStatusID, CourtID, IncidentFromDate, IncidentToDate, InfoReceivedPSDate, latitude, longitude, BriefFacts) VALUES (111, '100030011202400111', '202400111', '2024-04-28', 21, 11, 3, 3, 1, 1, 1, 3, '2024-04-28 15:00:00', '2024-04-28 17:00:00', '2024-04-28 15:00:00', 12.890000, 74.832000, 'Incident reported at Urwa Police Station. Initial investigation launched by IO Anil Gowda.');
INSERT INTO Inv_OccuranceTime (CaseMasterID, IncidentFromDate, IncidentToDate, latitude, longitude, PlaceOfOccurrence) VALUES (111, '2024-04-28 15:00:00', '2024-04-28 17:00:00', 12.890000, 74.832000, 'Near Junction, Urwa');
INSERT INTO ComplainantDetails (ComplainantID, CaseMasterID, ComplainantName, AgeYear, OccupationID, ReligionID, CasteID, GenderID) VALUES (111, 111, 'Anand Bhat', 56, 2, 1, 1, 1);
INSERT INTO ActSectionAssociation (CaseMasterID, ActID, SectionID, ActOrderID, SectionOrderID) VALUES (111, 'IPC', '379', 1, 1);
INSERT INTO Victim (VictimMasterID, CaseMasterID, VictimName, AgeYear, GenderID, VictimPolice) VALUES (111, 111, 'Divya Bhat', 21, 1, '0');
INSERT INTO Accused (AccusedMasterID, CaseMasterID, AccusedName, AgeYear, GenderID, PersonID) VALUES (149, 111, 'Yogesh Pashan', 34, 1, 'A1');
INSERT INTO Accused (AccusedMasterID, CaseMasterID, AccusedName, AgeYear, GenderID, PersonID) VALUES (150, 111, 'Tukaram Pashan', 43, 1, 'A2');
INSERT INTO ChargesheetDetails (CSID, CaseMasterID, csdate, cstype, PolicePersonID) VALUES (38, 111, '2024-04-28 15:00:00', 'A', 21);
INSERT INTO CaseMaster (CaseMasterID, CrimeNo, CaseNo, CrimeRegisteredDate, PolicePersonID, PoliceStationID, CaseCategoryID, GravityOffenceID, CrimeMajorHeadID, CrimeMinorHeadID, CaseStatusID, CourtID, IncidentFromDate, IncidentToDate, InfoReceivedPSDate, latitude, longitude, BriefFacts) VALUES (112, '100040012202400112', '202400112', '2024-05-01', 23, 12, 4, 1, 1, 2, 2, 4, '2024-05-01 16:00:00', '2024-05-01 18:00:00', '2024-05-01 16:00:00', 15.354000, 75.143000, 'Incident reported at Suburban Police Station Hubballi. Initial investigation launched by IO Basavaraj Rao.');
INSERT INTO Inv_OccuranceTime (CaseMasterID, IncidentFromDate, IncidentToDate, latitude, longitude, PlaceOfOccurrence) VALUES (112, '2024-05-01 16:00:00', '2024-05-01 18:00:00', 15.354000, 75.143000, 'Near Junction, Suburban Hubballi');
INSERT INTO ComplainantDetails (ComplainantID, CaseMasterID, ComplainantName, AgeYear, OccupationID, ReligionID, CasteID, GenderID) VALUES (112, 112, 'Shilpa Murthy', 48, 2, 1, 1, 1);
INSERT INTO ActSectionAssociation (CaseMasterID, ActID, SectionID, ActOrderID, SectionOrderID) VALUES (112, 'IPC', '379', 1, 1);
INSERT INTO Victim (VictimMasterID, CaseMasterID, VictimName, AgeYear, GenderID, VictimPolice) VALUES (112, 112, 'Manoj Hegde', 31, 1, '0');
INSERT INTO Accused (AccusedMasterID, CaseMasterID, AccusedName, AgeYear, GenderID, PersonID) VALUES (151, 112, 'Dharma Verma', 38, 1, 'A1');
INSERT INTO ArrestSurrender (ArrestSurrenderID, CaseMasterID, ArrestSurrenderTypeID, ArrestSurrenderDate, ArrestSurrenderStateId, ArrestSurrenderDistrictId, PoliceStationID, IOID, CourtID, AccusedMasterID, IsAccused, IsComplainantAccused) VALUES (59, 112, 1, '2024-05-01', 1, 4, 12, 23, 4, 151, 1, 0);
INSERT INTO inv_arrestsurrenderaccused (ArrestSurrenderID, AccusedMasterID) VALUES (59, 151);
INSERT INTO CaseMaster (CaseMasterID, CrimeNo, CaseNo, CrimeRegisteredDate, PolicePersonID, PoliceStationID, CaseCategoryID, GravityOffenceID, CrimeMajorHeadID, CrimeMinorHeadID, CaseStatusID, CourtID, IncidentFromDate, IncidentToDate, InfoReceivedPSDate, latitude, longitude, BriefFacts) VALUES (113, '100050016202400113', '202400113', '2024-06-02', 31, 16, 1, 2, 1, 3, 3, 5, '2024-06-02 17:00:00', '2024-06-02 19:00:00', '2024-06-02 17:00:00', 15.847000, 74.511000, 'Incident reported at Tilakwadi Police Station. Initial investigation launched by IO Prakash Patil.');
INSERT INTO Inv_OccuranceTime (CaseMasterID, IncidentFromDate, IncidentToDate, latitude, longitude, PlaceOfOccurrence) VALUES (113, '2024-06-02 17:00:00', '2024-06-02 19:00:00', 15.847000, 74.511000, 'Near Junction, Tilakwadi');
INSERT INTO ComplainantDetails (ComplainantID, CaseMasterID, ComplainantName, AgeYear, OccupationID, ReligionID, CasteID, GenderID) VALUES (113, 113, 'Shilpa Shetty', 39, 2, 1, 1, 1);
INSERT INTO ActSectionAssociation (CaseMasterID, ActID, SectionID, ActOrderID, SectionOrderID) VALUES (113, 'IPC', '379', 1, 1);
INSERT INTO Victim (VictimMasterID, CaseMasterID, VictimName, AgeYear, GenderID, VictimPolice) VALUES (113, 113, 'Divya Deshpande', 29, 1, '0');
INSERT INTO Accused (AccusedMasterID, CaseMasterID, AccusedName, AgeYear, GenderID, PersonID) VALUES (152, 113, 'Mantu Alias', 45, 1, 'A1');
INSERT INTO CaseMaster (CaseMasterID, CrimeNo, CaseNo, CrimeRegisteredDate, PolicePersonID, PoliceStationID, CaseCategoryID, GravityOffenceID, CrimeMajorHeadID, CrimeMinorHeadID, CaseStatusID, CourtID, IncidentFromDate, IncidentToDate, InfoReceivedPSDate, latitude, longitude, BriefFacts) VALUES (114, '100060018202400114', '202400114', '2024-07-03', 35, 18, 2, 3, 2, 4, 4, 6, '2024-07-03 18:00:00', '2024-07-03 20:00:00', '2024-07-03 18:00:00', 17.333000, 76.838000, 'Incident reported at Station Bazar Police Station. Initial investigation launched by IO Mahesh Bhat.');
INSERT INTO Inv_OccuranceTime (CaseMasterID, IncidentFromDate, IncidentToDate, latitude, longitude, PlaceOfOccurrence) VALUES (114, '2024-07-03 18:00:00', '2024-07-03 20:00:00', 17.333000, 76.838000, 'Near Junction, Station Bazar');
INSERT INTO ComplainantDetails (ComplainantID, CaseMasterID, ComplainantName, AgeYear, OccupationID, ReligionID, CasteID, GenderID) VALUES (114, 114, 'Meena Murthy', 53, 2, 1, 1, 1);
INSERT INTO ActSectionAssociation (CaseMasterID, ActID, SectionID, ActOrderID, SectionOrderID) VALUES (114, 'IPC', '302', 1, 1);
INSERT INTO Victim (VictimMasterID, CaseMasterID, VictimName, AgeYear, GenderID, VictimPolice) VALUES (114, 114, 'Bhavya Kulkarni', 35, 1, '0');
INSERT INTO Accused (AccusedMasterID, CaseMasterID, AccusedName, AgeYear, GenderID, PersonID) VALUES (153, 114, 'Tukaram Khan', 39, 1, 'A1');
INSERT INTO Accused (AccusedMasterID, CaseMasterID, AccusedName, AgeYear, GenderID, PersonID) VALUES (154, 114, 'Imtiaz Pashan', 26, 1, 'A2');
INSERT INTO ArrestSurrender (ArrestSurrenderID, CaseMasterID, ArrestSurrenderTypeID, ArrestSurrenderDate, ArrestSurrenderStateId, ArrestSurrenderDistrictId, PoliceStationID, IOID, CourtID, AccusedMasterID, IsAccused, IsComplainantAccused) VALUES (60, 114, 1, '2024-07-03', 1, 6, 18, 35, 6, 153, 1, 0);
INSERT INTO inv_arrestsurrenderaccused (ArrestSurrenderID, AccusedMasterID) VALUES (60, 153);
INSERT INTO inv_arrestsurrenderaccused (ArrestSurrenderID, AccusedMasterID) VALUES (60, 154);
INSERT INTO ChargesheetDetails (CSID, CaseMasterID, csdate, cstype, PolicePersonID) VALUES (39, 114, '2024-07-03 18:00:00', 'A', 35);
INSERT INTO CaseMaster (CaseMasterID, CrimeNo, CaseNo, CrimeRegisteredDate, PolicePersonID, PoliceStationID, CaseCategoryID, GravityOffenceID, CrimeMajorHeadID, CrimeMinorHeadID, CaseStatusID, CourtID, IncidentFromDate, IncidentToDate, InfoReceivedPSDate, latitude, longitude, BriefFacts) VALUES (115, '100010005202400115', '202400115', '2024-08-04', 9, 5, 3, 1, 2, 5, 5, 1, '2024-08-04 19:00:00', '2024-08-04 21:00:00', '2024-08-04 19:00:00', 13.008100, 77.569300, 'Incident reported at Malleshwaram Police Station. Initial investigation launched by IO Santosh Shetty.');
INSERT INTO Inv_OccuranceTime (CaseMasterID, IncidentFromDate, IncidentToDate, latitude, longitude, PlaceOfOccurrence) VALUES (115, '2024-08-04 19:00:00', '2024-08-04 21:00:00', 13.008100, 77.569300, 'Near Junction, Malleshwaram');
INSERT INTO ComplainantDetails (ComplainantID, CaseMasterID, ComplainantName, AgeYear, OccupationID, ReligionID, CasteID, GenderID) VALUES (115, 115, 'Girish Murthy', 28, 2, 1, 1, 1);
INSERT INTO ActSectionAssociation (CaseMasterID, ActID, SectionID, ActOrderID, SectionOrderID) VALUES (115, 'IPC', '302', 1, 1);
INSERT INTO Victim (VictimMasterID, CaseMasterID, VictimName, AgeYear, GenderID, VictimPolice) VALUES (115, 115, 'Arun Bhat', 43, 1, '0');
INSERT INTO Accused (AccusedMasterID, CaseMasterID, AccusedName, AgeYear, GenderID, PersonID) VALUES (155, 115, 'Imtiaz Alias', 36, 1, 'A1');
INSERT INTO CaseMaster (CaseMasterID, CrimeNo, CaseNo, CrimeRegisteredDate, PolicePersonID, PoliceStationID, CaseCategoryID, GravityOffenceID, CrimeMajorHeadID, CrimeMinorHeadID, CaseStatusID, CourtID, IncidentFromDate, IncidentToDate, InfoReceivedPSDate, latitude, longitude, BriefFacts) VALUES (116, '100020007202400116', '202400116', '2024-09-05', 13, 7, 4, 2, 3, 6, 1, 2, '2024-09-05 20:00:00', '2024-09-05 22:00:00', '2024-09-05 20:00:00', 12.318000, 76.664000, 'Incident reported at Lashkar Police Station. Initial investigation launched by IO Anil Kulkarni.');
INSERT INTO Inv_OccuranceTime (CaseMasterID, IncidentFromDate, IncidentToDate, latitude, longitude, PlaceOfOccurrence) VALUES (116, '2024-09-05 20:00:00', '2024-09-05 22:00:00', 12.318000, 76.664000, 'Near Junction, Lashkar');
INSERT INTO ComplainantDetails (ComplainantID, CaseMasterID, ComplainantName, AgeYear, OccupationID, ReligionID, CasteID, GenderID) VALUES (116, 116, 'Latha Naik', 30, 2, 1, 1, 1);
INSERT INTO ActSectionAssociation (CaseMasterID, ActID, SectionID, ActOrderID, SectionOrderID) VALUES (116, 'IT_ACT', '66D', 1, 1);
INSERT INTO Victim (VictimMasterID, CaseMasterID, VictimName, AgeYear, GenderID, VictimPolice) VALUES (116, 116, 'Chaitra Bhat', 39, 1, '0');
INSERT INTO Accused (AccusedMasterID, CaseMasterID, AccusedName, AgeYear, GenderID, PersonID) VALUES (156, 116, 'Imtiaz Salim', 43, 1, 'A1');
INSERT INTO ArrestSurrender (ArrestSurrenderID, CaseMasterID, ArrestSurrenderTypeID, ArrestSurrenderDate, ArrestSurrenderStateId, ArrestSurrenderDistrictId, PoliceStationID, IOID, CourtID, AccusedMasterID, IsAccused, IsComplainantAccused) VALUES (61, 116, 1, '2024-09-05', 1, 2, 7, 13, 2, 156, 1, 0);
INSERT INTO inv_arrestsurrenderaccused (ArrestSurrenderID, AccusedMasterID) VALUES (61, 156);
INSERT INTO CaseMaster (CaseMasterID, CrimeNo, CaseNo, CrimeRegisteredDate, PolicePersonID, PoliceStationID, CaseCategoryID, GravityOffenceID, CrimeMajorHeadID, CrimeMinorHeadID, CaseStatusID, CourtID, IncidentFromDate, IncidentToDate, InfoReceivedPSDate, latitude, longitude, BriefFacts) VALUES (117, '100030011202400117', '202400117', '2024-10-06', 21, 11, 1, 3, 3, 7, 2, 3, '2024-10-06 21:00:00', '2024-10-06 23:00:00', '2024-10-06 21:00:00', 12.896000, 74.838000, 'Incident reported at Urwa Police Station. Initial investigation launched by IO Anil Gowda.');
INSERT INTO Inv_OccuranceTime (CaseMasterID, IncidentFromDate, IncidentToDate, latitude, longitude, PlaceOfOccurrence) VALUES (117, '2024-10-06 21:00:00', '2024-10-06 23:00:00', 12.896000, 74.838000, 'Near Junction, Urwa');
INSERT INTO ComplainantDetails (ComplainantID, CaseMasterID, ComplainantName, AgeYear, OccupationID, ReligionID, CasteID, GenderID) VALUES (117, 117, 'Radha Shetty', 37, 2, 1, 1, 1);
INSERT INTO ActSectionAssociation (CaseMasterID, ActID, SectionID, ActOrderID, SectionOrderID) VALUES (117, 'IT_ACT', '66D', 1, 1);
INSERT INTO Victim (VictimMasterID, CaseMasterID, VictimName, AgeYear, GenderID, VictimPolice) VALUES (117, 117, 'Sangeetha Kulkarni', 21, 1, '0');
INSERT INTO Accused (AccusedMasterID, CaseMasterID, AccusedName, AgeYear, GenderID, PersonID) VALUES (157, 117, 'Imtiaz Kumar', 32, 1, 'A1');
INSERT INTO Accused (AccusedMasterID, CaseMasterID, AccusedName, AgeYear, GenderID, PersonID) VALUES (158, 117, 'Imtiaz Verma', 36, 1, 'A2');
INSERT INTO ChargesheetDetails (CSID, CaseMasterID, csdate, cstype, PolicePersonID) VALUES (40, 117, '2024-10-06 21:00:00', 'A', 21);
INSERT INTO CaseMaster (CaseMasterID, CrimeNo, CaseNo, CrimeRegisteredDate, PolicePersonID, PoliceStationID, CaseCategoryID, GravityOffenceID, CrimeMajorHeadID, CrimeMinorHeadID, CaseStatusID, CourtID, IncidentFromDate, IncidentToDate, InfoReceivedPSDate, latitude, longitude, BriefFacts) VALUES (118, '100040012202400118', '202400118', '2024-11-07', 23, 12, 2, 1, 4, 8, 3, 4, '2024-11-07 22:00:00', '2024-11-07 00:00:00', '2024-11-07 22:00:00', 15.360000, 75.149000, 'Incident reported at Suburban Police Station Hubballi. Initial investigation launched by IO Basavaraj Rao.');
INSERT INTO Inv_OccuranceTime (CaseMasterID, IncidentFromDate, IncidentToDate, latitude, longitude, PlaceOfOccurrence) VALUES (118, '2024-11-07 22:00:00', '2024-11-07 00:00:00', 15.360000, 75.149000, 'Near Junction, Suburban Hubballi');
INSERT INTO ComplainantDetails (ComplainantID, CaseMasterID, ComplainantName, AgeYear, OccupationID, ReligionID, CasteID, GenderID) VALUES (118, 118, 'Shilpa Deshpande', 29, 2, 1, 1, 1);
INSERT INTO ActSectionAssociation (CaseMasterID, ActID, SectionID, ActOrderID, SectionOrderID) VALUES (118, 'IPC', '420', 1, 1);
INSERT INTO Victim (VictimMasterID, CaseMasterID, VictimName, AgeYear, GenderID, VictimPolice) VALUES (118, 118, 'Rajesh Murthy', 46, 1, '0');
INSERT INTO Accused (AccusedMasterID, CaseMasterID, AccusedName, AgeYear, GenderID, PersonID) VALUES (159, 118, 'Tukaram Khan', 42, 1, 'A1');
INSERT INTO ArrestSurrender (ArrestSurrenderID, CaseMasterID, ArrestSurrenderTypeID, ArrestSurrenderDate, ArrestSurrenderStateId, ArrestSurrenderDistrictId, PoliceStationID, IOID, CourtID, AccusedMasterID, IsAccused, IsComplainantAccused) VALUES (62, 118, 1, '2024-11-07', 1, 4, 12, 23, 4, 159, 1, 0);
INSERT INTO inv_arrestsurrenderaccused (ArrestSurrenderID, AccusedMasterID) VALUES (62, 159);
INSERT INTO CaseMaster (CaseMasterID, CrimeNo, CaseNo, CrimeRegisteredDate, PolicePersonID, PoliceStationID, CaseCategoryID, GravityOffenceID, CrimeMajorHeadID, CrimeMinorHeadID, CaseStatusID, CourtID, IncidentFromDate, IncidentToDate, InfoReceivedPSDate, latitude, longitude, BriefFacts) VALUES (119, '100050016202400119', '202400119', '2024-12-08', 31, 16, 3, 2, 5, 9, 4, 5, '2024-12-08 23:00:00', '2024-12-08 01:00:00', '2024-12-08 23:00:00', 15.853000, 74.517000, 'Incident reported at Tilakwadi Police Station. Initial investigation launched by IO Prakash Patil.');
INSERT INTO Inv_OccuranceTime (CaseMasterID, IncidentFromDate, IncidentToDate, latitude, longitude, PlaceOfOccurrence) VALUES (119, '2024-12-08 23:00:00', '2024-12-08 01:00:00', 15.853000, 74.517000, 'Near Junction, Tilakwadi');
INSERT INTO ComplainantDetails (ComplainantID, CaseMasterID, ComplainantName, AgeYear, OccupationID, ReligionID, CasteID, GenderID) VALUES (119, 119, 'Eshwar Shetty', 32, 2, 1, 1, 1);
INSERT INTO ActSectionAssociation (CaseMasterID, ActID, SectionID, ActOrderID, SectionOrderID) VALUES (119, 'NDPS', '20', 1, 1);
INSERT INTO Victim (VictimMasterID, CaseMasterID, VictimName, AgeYear, GenderID, VictimPolice) VALUES (119, 119, 'Praveen Hegde', 45, 1, '0');
INSERT INTO Accused (AccusedMasterID, CaseMasterID, AccusedName, AgeYear, GenderID, PersonID) VALUES (160, 119, 'Babloo Reddy', 25, 1, 'A1');
INSERT INTO CaseMaster (CaseMasterID, CrimeNo, CaseNo, CrimeRegisteredDate, PolicePersonID, PoliceStationID, CaseCategoryID, GravityOffenceID, CrimeMajorHeadID, CrimeMinorHeadID, CaseStatusID, CourtID, IncidentFromDate, IncidentToDate, InfoReceivedPSDate, latitude, longitude, BriefFacts) VALUES (120, '100010005202400120', '202400120', '2024-01-09', 9, 5, 4, 3, 1, 10, 5, 1, '2024-01-09 00:00:00', '2024-01-09 02:00:00', '2024-01-09 00:00:00', 12.993100, 77.554300, 'Incident reported at Malleshwaram Police Station. Initial investigation launched by IO Santosh Shetty.');
INSERT INTO Inv_OccuranceTime (CaseMasterID, IncidentFromDate, IncidentToDate, latitude, longitude, PlaceOfOccurrence) VALUES (120, '2024-01-09 00:00:00', '2024-01-09 02:00:00', 12.993100, 77.554300, 'Near Junction, Malleshwaram');
INSERT INTO ComplainantDetails (ComplainantID, CaseMasterID, ComplainantName, AgeYear, OccupationID, ReligionID, CasteID, GenderID) VALUES (120, 120, 'Suma Hegde', 41, 2, 1, 1, 1);
INSERT INTO ActSectionAssociation (CaseMasterID, ActID, SectionID, ActOrderID, SectionOrderID) VALUES (120, 'IPC', '379', 1, 1);
INSERT INTO Victim (VictimMasterID, CaseMasterID, VictimName, AgeYear, GenderID, VictimPolice) VALUES (120, 120, 'Sangeetha Hegde', 33, 1, '0');
INSERT INTO Accused (AccusedMasterID, CaseMasterID, AccusedName, AgeYear, GenderID, PersonID) VALUES (161, 120, 'Nagaraj @ ''Snake'' Nagi', 34, 1, 'A1');
INSERT INTO ArrestSurrender (ArrestSurrenderID, CaseMasterID, ArrestSurrenderTypeID, ArrestSurrenderDate, ArrestSurrenderStateId, ArrestSurrenderDistrictId, PoliceStationID, IOID, CourtID, AccusedMasterID, IsAccused, IsComplainantAccused) VALUES (63, 120, 1, '2024-01-09', 1, 1, 5, 9, 1, 161, 1, 0);
INSERT INTO inv_arrestsurrenderaccused (ArrestSurrenderID, AccusedMasterID) VALUES (63, 161);
INSERT INTO ChargesheetDetails (CSID, CaseMasterID, csdate, cstype, PolicePersonID) VALUES (41, 120, '2024-01-09 00:00:00', 'A', 9);
INSERT INTO CaseMaster (CaseMasterID, CrimeNo, CaseNo, CrimeRegisteredDate, PolicePersonID, PoliceStationID, CaseCategoryID, GravityOffenceID, CrimeMajorHeadID, CrimeMinorHeadID, CaseStatusID, CourtID, IncidentFromDate, IncidentToDate, InfoReceivedPSDate, latitude, longitude, BriefFacts) VALUES (121, '100010001202400121', '202400121', '2024-02-10', 1, 1, 1, 1, 1, 1, 1, 1, '2024-02-10 01:00:00', '2024-02-10 03:00:00', '2024-02-10 01:00:00', 12.969400, 77.631800, 'Incident reported at Indiranagar Police Station. Initial investigation launched by IO Suresh Rao.');
INSERT INTO Inv_OccuranceTime (CaseMasterID, IncidentFromDate, IncidentToDate, latitude, longitude, PlaceOfOccurrence) VALUES (121, '2024-02-10 01:00:00', '2024-02-10 03:00:00', 12.969400, 77.631800, 'Near Junction, Indiranagar');
INSERT INTO ComplainantDetails (ComplainantID, CaseMasterID, ComplainantName, AgeYear, OccupationID, ReligionID, CasteID, GenderID) VALUES (121, 121, 'Meena Gowda', 35, 2, 1, 1, 1);
INSERT INTO ActSectionAssociation (CaseMasterID, ActID, SectionID, ActOrderID, SectionOrderID) VALUES (121, 'IPC', '379', 1, 1);
INSERT INTO Victim (VictimMasterID, CaseMasterID, VictimName, AgeYear, GenderID, VictimPolice) VALUES (121, 121, 'Manoj Naik', 58, 1, '0');
INSERT INTO Accused (AccusedMasterID, CaseMasterID, AccusedName, AgeYear, GenderID, PersonID) VALUES (162, 121, 'Tukaram Verma', 44, 1, 'A1');
INSERT INTO CaseMaster (CaseMasterID, CrimeNo, CaseNo, CrimeRegisteredDate, PolicePersonID, PoliceStationID, CaseCategoryID, GravityOffenceID, CrimeMajorHeadID, CrimeMinorHeadID, CaseStatusID, CourtID, IncidentFromDate, IncidentToDate, InfoReceivedPSDate, latitude, longitude, BriefFacts) VALUES (122, '100020007202400122', '202400122', '2024-03-11', 13, 7, 2, 2, 1, 2, 2, 2, '2024-03-11 02:00:00', '2024-03-11 04:00:00', '2024-03-11 02:00:00', 12.304000, 76.650000, 'Incident reported at Lashkar Police Station. Initial investigation launched by IO Anil Kulkarni.');
INSERT INTO Inv_OccuranceTime (CaseMasterID, IncidentFromDate, IncidentToDate, latitude, longitude, PlaceOfOccurrence) VALUES (122, '2024-03-11 02:00:00', '2024-03-11 04:00:00', 12.304000, 76.650000, 'Near Junction, Lashkar');
INSERT INTO ComplainantDetails (ComplainantID, CaseMasterID, ComplainantName, AgeYear, OccupationID, ReligionID, CasteID, GenderID) VALUES (122, 122, 'Harish Rao', 30, 2, 1, 1, 1);
INSERT INTO ActSectionAssociation (CaseMasterID, ActID, SectionID, ActOrderID, SectionOrderID) VALUES (122, 'IPC', '379', 1, 1);
INSERT INTO Victim (VictimMasterID, CaseMasterID, VictimName, AgeYear, GenderID, VictimPolice) VALUES (122, 122, 'Ganesh Shetty', 48, 1, '0');
INSERT INTO Accused (AccusedMasterID, CaseMasterID, AccusedName, AgeYear, GenderID, PersonID) VALUES (163, 122, 'Altaf Verma', 21, 1, 'A1');
INSERT INTO ArrestSurrender (ArrestSurrenderID, CaseMasterID, ArrestSurrenderTypeID, ArrestSurrenderDate, ArrestSurrenderStateId, ArrestSurrenderDistrictId, PoliceStationID, IOID, CourtID, AccusedMasterID, IsAccused, IsComplainantAccused) VALUES (64, 122, 1, '2024-03-11', 1, 2, 7, 13, 2, 163, 1, 0);
INSERT INTO inv_arrestsurrenderaccused (ArrestSurrenderID, AccusedMasterID) VALUES (64, 163);
INSERT INTO CaseMaster (CaseMasterID, CrimeNo, CaseNo, CrimeRegisteredDate, PolicePersonID, PoliceStationID, CaseCategoryID, GravityOffenceID, CrimeMajorHeadID, CrimeMinorHeadID, CaseStatusID, CourtID, IncidentFromDate, IncidentToDate, InfoReceivedPSDate, latitude, longitude, BriefFacts) VALUES (123, '100030011202400123', '202400123', '2024-04-12', 21, 11, 3, 3, 1, 3, 3, 3, '2024-04-12 03:00:00', '2024-04-12 05:00:00', '2024-04-12 03:00:00', 12.882000, 74.824000, 'Incident reported at Urwa Police Station. Initial investigation launched by IO Anil Gowda.');
INSERT INTO Inv_OccuranceTime (CaseMasterID, IncidentFromDate, IncidentToDate, latitude, longitude, PlaceOfOccurrence) VALUES (123, '2024-04-12 03:00:00', '2024-04-12 05:00:00', 12.882000, 74.824000, 'Near Junction, Urwa');
INSERT INTO ComplainantDetails (ComplainantID, CaseMasterID, ComplainantName, AgeYear, OccupationID, ReligionID, CasteID, GenderID) VALUES (123, 123, 'Girish Deshpande', 44, 2, 1, 1, 1);
INSERT INTO ActSectionAssociation (CaseMasterID, ActID, SectionID, ActOrderID, SectionOrderID) VALUES (123, 'IPC', '379', 1, 1);
INSERT INTO Victim (VictimMasterID, CaseMasterID, VictimName, AgeYear, GenderID, VictimPolice) VALUES (123, 123, 'Sangeetha Shetty', 39, 1, '0');
INSERT INTO Accused (AccusedMasterID, CaseMasterID, AccusedName, AgeYear, GenderID, PersonID) VALUES (164, 123, 'Babloo Pashan', 26, 1, 'A1');
INSERT INTO Accused (AccusedMasterID, CaseMasterID, AccusedName, AgeYear, GenderID, PersonID) VALUES (165, 123, 'Dharma Alias', 35, 1, 'A2');
INSERT INTO ChargesheetDetails (CSID, CaseMasterID, csdate, cstype, PolicePersonID) VALUES (42, 123, '2024-04-12 03:00:00', 'A', 21);
INSERT INTO CaseMaster (CaseMasterID, CrimeNo, CaseNo, CrimeRegisteredDate, PolicePersonID, PoliceStationID, CaseCategoryID, GravityOffenceID, CrimeMajorHeadID, CrimeMinorHeadID, CaseStatusID, CourtID, IncidentFromDate, IncidentToDate, InfoReceivedPSDate, latitude, longitude, BriefFacts) VALUES (124, '100040012202400124', '202400124', '2024-05-13', 23, 12, 4, 1, 2, 4, 4, 4, '2024-05-13 04:00:00', '2024-05-13 06:00:00', '2024-05-13 04:00:00', 15.346000, 75.135000, 'Incident reported at Suburban Police Station Hubballi. Initial investigation launched by IO Basavaraj Rao.');
INSERT INTO Inv_OccuranceTime (CaseMasterID, IncidentFromDate, IncidentToDate, latitude, longitude, PlaceOfOccurrence) VALUES (124, '2024-05-13 04:00:00', '2024-05-13 06:00:00', 15.346000, 75.135000, 'Near Junction, Suburban Hubballi');
INSERT INTO ComplainantDetails (ComplainantID, CaseMasterID, ComplainantName, AgeYear, OccupationID, ReligionID, CasteID, GenderID) VALUES (124, 124, 'Meena Gowda', 45, 2, 1, 1, 1);
INSERT INTO ActSectionAssociation (CaseMasterID, ActID, SectionID, ActOrderID, SectionOrderID) VALUES (124, 'IPC', '302', 1, 1);
INSERT INTO Victim (VictimMasterID, CaseMasterID, VictimName, AgeYear, GenderID, VictimPolice) VALUES (124, 124, 'Vinay Deshpande', 48, 1, '0');
INSERT INTO Accused (AccusedMasterID, CaseMasterID, AccusedName, AgeYear, GenderID, PersonID) VALUES (166, 124, 'Yogesh Salim', 29, 1, 'A1');
INSERT INTO ArrestSurrender (ArrestSurrenderID, CaseMasterID, ArrestSurrenderTypeID, ArrestSurrenderDate, ArrestSurrenderStateId, ArrestSurrenderDistrictId, PoliceStationID, IOID, CourtID, AccusedMasterID, IsAccused, IsComplainantAccused) VALUES (65, 124, 1, '2024-05-13', 1, 4, 12, 23, 4, 166, 1, 0);
INSERT INTO inv_arrestsurrenderaccused (ArrestSurrenderID, AccusedMasterID) VALUES (65, 166);
INSERT INTO CaseMaster (CaseMasterID, CrimeNo, CaseNo, CrimeRegisteredDate, PolicePersonID, PoliceStationID, CaseCategoryID, GravityOffenceID, CrimeMajorHeadID, CrimeMinorHeadID, CaseStatusID, CourtID, IncidentFromDate, IncidentToDate, InfoReceivedPSDate, latitude, longitude, BriefFacts) VALUES (125, '100050016202400125', '202400125', '2024-06-14', 31, 16, 1, 2, 2, 5, 5, 5, '2024-06-14 05:00:00', '2024-06-14 07:00:00', '2024-06-14 05:00:00', 15.839000, 74.503000, 'Incident reported at Tilakwadi Police Station. Initial investigation launched by IO Prakash Patil.');
INSERT INTO Inv_OccuranceTime (CaseMasterID, IncidentFromDate, IncidentToDate, latitude, longitude, PlaceOfOccurrence) VALUES (125, '2024-06-14 05:00:00', '2024-06-14 07:00:00', 15.839000, 74.503000, 'Near Junction, Tilakwadi');
INSERT INTO ComplainantDetails (ComplainantID, CaseMasterID, ComplainantName, AgeYear, OccupationID, ReligionID, CasteID, GenderID) VALUES (125, 125, 'Latha Joshi', 48, 2, 1, 1, 1);
INSERT INTO ActSectionAssociation (CaseMasterID, ActID, SectionID, ActOrderID, SectionOrderID) VALUES (125, 'IPC', '302', 1, 1);
INSERT INTO Victim (VictimMasterID, CaseMasterID, VictimName, AgeYear, GenderID, VictimPolice) VALUES (125, 125, 'Divya Naik', 22, 1, '0');
INSERT INTO Accused (AccusedMasterID, CaseMasterID, AccusedName, AgeYear, GenderID, PersonID) VALUES (167, 125, 'Shiva Alias', 44, 1, 'A1');
INSERT INTO CaseMaster (CaseMasterID, CrimeNo, CaseNo, CrimeRegisteredDate, PolicePersonID, PoliceStationID, CaseCategoryID, GravityOffenceID, CrimeMajorHeadID, CrimeMinorHeadID, CaseStatusID, CourtID, IncidentFromDate, IncidentToDate, InfoReceivedPSDate, latitude, longitude, BriefFacts) VALUES (126, '100060018202400126', '202400126', '2024-07-15', 35, 18, 2, 3, 3, 6, 1, 6, '2024-07-15 06:00:00', '2024-07-15 08:00:00', '2024-07-15 06:00:00', 17.325000, 76.830000, 'Incident reported at Station Bazar Police Station. Initial investigation launched by IO Mahesh Bhat.');
INSERT INTO Inv_OccuranceTime (CaseMasterID, IncidentFromDate, IncidentToDate, latitude, longitude, PlaceOfOccurrence) VALUES (126, '2024-07-15 06:00:00', '2024-07-15 08:00:00', 17.325000, 76.830000, 'Near Junction, Station Bazar');
INSERT INTO ComplainantDetails (ComplainantID, CaseMasterID, ComplainantName, AgeYear, OccupationID, ReligionID, CasteID, GenderID) VALUES (126, 126, 'Anand Bhat', 65, 2, 1, 1, 1);
INSERT INTO ActSectionAssociation (CaseMasterID, ActID, SectionID, ActOrderID, SectionOrderID) VALUES (126, 'IT_ACT', '66D', 1, 1);
INSERT INTO Victim (VictimMasterID, CaseMasterID, VictimName, AgeYear, GenderID, VictimPolice) VALUES (126, 126, 'Rajesh Gowda', 32, 1, '0');
INSERT INTO Accused (AccusedMasterID, CaseMasterID, AccusedName, AgeYear, GenderID, PersonID) VALUES (168, 126, 'Pandu Alias', 25, 1, 'A1');
INSERT INTO Accused (AccusedMasterID, CaseMasterID, AccusedName, AgeYear, GenderID, PersonID) VALUES (169, 126, 'Raja Salim', 20, 1, 'A2');
INSERT INTO ArrestSurrender (ArrestSurrenderID, CaseMasterID, ArrestSurrenderTypeID, ArrestSurrenderDate, ArrestSurrenderStateId, ArrestSurrenderDistrictId, PoliceStationID, IOID, CourtID, AccusedMasterID, IsAccused, IsComplainantAccused) VALUES (66, 126, 1, '2024-07-15', 1, 6, 18, 35, 6, 168, 1, 0);
INSERT INTO inv_arrestsurrenderaccused (ArrestSurrenderID, AccusedMasterID) VALUES (66, 168);
INSERT INTO inv_arrestsurrenderaccused (ArrestSurrenderID, AccusedMasterID) VALUES (66, 169);
INSERT INTO ChargesheetDetails (CSID, CaseMasterID, csdate, cstype, PolicePersonID) VALUES (43, 126, '2024-07-15 06:00:00', 'A', 35);
INSERT INTO CaseMaster (CaseMasterID, CrimeNo, CaseNo, CrimeRegisteredDate, PolicePersonID, PoliceStationID, CaseCategoryID, GravityOffenceID, CrimeMajorHeadID, CrimeMinorHeadID, CaseStatusID, CourtID, IncidentFromDate, IncidentToDate, InfoReceivedPSDate, latitude, longitude, BriefFacts) VALUES (127, '100010002202400127', '202400127', '2024-08-16', 3, 2, 3, 1, 3, 7, 2, 1, '2024-08-16 07:00:00', '2024-08-16 09:00:00', '2024-08-16 07:00:00', 12.932200, 77.621500, 'Incident reported at Koramangala Police Station. Initial investigation launched by IO Ganesh Nayak.');
INSERT INTO Inv_OccuranceTime (CaseMasterID, IncidentFromDate, IncidentToDate, latitude, longitude, PlaceOfOccurrence) VALUES (127, '2024-08-16 07:00:00', '2024-08-16 09:00:00', 12.932200, 77.621500, 'Near Junction, Koramangala');
INSERT INTO ComplainantDetails (ComplainantID, CaseMasterID, ComplainantName, AgeYear, OccupationID, ReligionID, CasteID, GenderID) VALUES (127, 127, 'Radha Naik', 39, 2, 1, 1, 1);
INSERT INTO ActSectionAssociation (CaseMasterID, ActID, SectionID, ActOrderID, SectionOrderID) VALUES (127, 'IT_ACT', '66D', 1, 1);
INSERT INTO Victim (VictimMasterID, CaseMasterID, VictimName, AgeYear, GenderID, VictimPolice) VALUES (127, 127, 'Praveen Gowda', 32, 1, '0');
INSERT INTO Accused (AccusedMasterID, CaseMasterID, AccusedName, AgeYear, GenderID, PersonID) VALUES (170, 127, 'Shiva Reddy', 39, 1, 'A1');
INSERT INTO CaseMaster (CaseMasterID, CrimeNo, CaseNo, CrimeRegisteredDate, PolicePersonID, PoliceStationID, CaseCategoryID, GravityOffenceID, CrimeMajorHeadID, CrimeMinorHeadID, CaseStatusID, CourtID, IncidentFromDate, IncidentToDate, InfoReceivedPSDate, latitude, longitude, BriefFacts) VALUES (128, '100020007202400128', '202400128', '2024-09-17', 13, 7, 4, 2, 4, 8, 3, 2, '2024-09-17 08:00:00', '2024-09-17 10:00:00', '2024-09-17 08:00:00', 12.310000, 76.656000, 'Incident reported at Lashkar Police Station. Initial investigation launched by IO Anil Kulkarni.');
INSERT INTO Inv_OccuranceTime (CaseMasterID, IncidentFromDate, IncidentToDate, latitude, longitude, PlaceOfOccurrence) VALUES (128, '2024-09-17 08:00:00', '2024-09-17 10:00:00', 12.310000, 76.656000, 'Near Junction, Lashkar');
INSERT INTO ComplainantDetails (ComplainantID, CaseMasterID, ComplainantName, AgeYear, OccupationID, ReligionID, CasteID, GenderID) VALUES (128, 128, 'Jagadish Gowda', 53, 2, 1, 1, 1);
INSERT INTO ActSectionAssociation (CaseMasterID, ActID, SectionID, ActOrderID, SectionOrderID) VALUES (128, 'IPC', '420', 1, 1);
INSERT INTO Victim (VictimMasterID, CaseMasterID, VictimName, AgeYear, GenderID, VictimPolice) VALUES (128, 128, 'Bhavya Hegde', 57, 1, '0');
INSERT INTO Accused (AccusedMasterID, CaseMasterID, AccusedName, AgeYear, GenderID, PersonID) VALUES (171, 128, 'Raja Salim', 34, 1, 'A1');
INSERT INTO ArrestSurrender (ArrestSurrenderID, CaseMasterID, ArrestSurrenderTypeID, ArrestSurrenderDate, ArrestSurrenderStateId, ArrestSurrenderDistrictId, PoliceStationID, IOID, CourtID, AccusedMasterID, IsAccused, IsComplainantAccused) VALUES (67, 128, 1, '2024-09-17', 1, 2, 7, 13, 2, 171, 1, 0);
INSERT INTO inv_arrestsurrenderaccused (ArrestSurrenderID, AccusedMasterID) VALUES (67, 171);
INSERT INTO CaseMaster (CaseMasterID, CrimeNo, CaseNo, CrimeRegisteredDate, PolicePersonID, PoliceStationID, CaseCategoryID, GravityOffenceID, CrimeMajorHeadID, CrimeMinorHeadID, CaseStatusID, CourtID, IncidentFromDate, IncidentToDate, InfoReceivedPSDate, latitude, longitude, BriefFacts) VALUES (129, '100030011202400129', '202400129', '2024-10-18', 21, 11, 1, 3, 5, 9, 4, 3, '2024-10-18 09:00:00', '2024-10-18 11:00:00', '2024-10-18 09:00:00', 12.888000, 74.830000, 'Incident reported at Urwa Police Station. Initial investigation launched by IO Anil Gowda.');
INSERT INTO Inv_OccuranceTime (CaseMasterID, IncidentFromDate, IncidentToDate, latitude, longitude, PlaceOfOccurrence) VALUES (129, '2024-10-18 09:00:00', '2024-10-18 11:00:00', 12.888000, 74.830000, 'Near Junction, Urwa');
INSERT INTO ComplainantDetails (ComplainantID, CaseMasterID, ComplainantName, AgeYear, OccupationID, ReligionID, CasteID, GenderID) VALUES (129, 129, 'Jagadish Murthy', 45, 2, 1, 1, 1);
INSERT INTO ActSectionAssociation (CaseMasterID, ActID, SectionID, ActOrderID, SectionOrderID) VALUES (129, 'NDPS', '20', 1, 1);
INSERT INTO Victim (VictimMasterID, CaseMasterID, VictimName, AgeYear, GenderID, VictimPolice) VALUES (129, 129, 'Rajesh Kulkarni', 57, 1, '0');
INSERT INTO Accused (AccusedMasterID, CaseMasterID, AccusedName, AgeYear, GenderID, PersonID) VALUES (172, 129, 'Imtiaz Alias', 25, 1, 'A1');
INSERT INTO Accused (AccusedMasterID, CaseMasterID, AccusedName, AgeYear, GenderID, PersonID) VALUES (173, 129, 'Yogesh Verma', 42, 1, 'A2');
INSERT INTO ChargesheetDetails (CSID, CaseMasterID, csdate, cstype, PolicePersonID) VALUES (44, 129, '2024-10-18 09:00:00', 'A', 21);
INSERT INTO CaseMaster (CaseMasterID, CrimeNo, CaseNo, CrimeRegisteredDate, PolicePersonID, PoliceStationID, CaseCategoryID, GravityOffenceID, CrimeMajorHeadID, CrimeMinorHeadID, CaseStatusID, CourtID, IncidentFromDate, IncidentToDate, InfoReceivedPSDate, latitude, longitude, BriefFacts) VALUES (130, '100040012202400130', '202400130', '2024-11-19', 23, 12, 2, 1, 1, 10, 5, 4, '2024-11-19 10:00:00', '2024-11-19 12:00:00', '2024-11-19 10:00:00', 15.352000, 75.141000, 'Incident reported at Suburban Police Station Hubballi. Initial investigation launched by IO Basavaraj Rao.');
INSERT INTO Inv_OccuranceTime (CaseMasterID, IncidentFromDate, IncidentToDate, latitude, longitude, PlaceOfOccurrence) VALUES (130, '2024-11-19 10:00:00', '2024-11-19 12:00:00', 15.352000, 75.141000, 'Near Junction, Suburban Hubballi');
INSERT INTO ComplainantDetails (ComplainantID, CaseMasterID, ComplainantName, AgeYear, OccupationID, ReligionID, CasteID, GenderID) VALUES (130, 130, 'Suma Murthy', 44, 2, 1, 1, 1);
INSERT INTO ActSectionAssociation (CaseMasterID, ActID, SectionID, ActOrderID, SectionOrderID) VALUES (130, 'IPC', '379', 1, 1);
INSERT INTO Victim (VictimMasterID, CaseMasterID, VictimName, AgeYear, GenderID, VictimPolice) VALUES (130, 130, 'Sangeetha Bhat', 21, 1, '0');
INSERT INTO Accused (AccusedMasterID, CaseMasterID, AccusedName, AgeYear, GenderID, PersonID) VALUES (174, 130, 'Dharma Reddy', 42, 1, 'A1');
INSERT INTO ArrestSurrender (ArrestSurrenderID, CaseMasterID, ArrestSurrenderTypeID, ArrestSurrenderDate, ArrestSurrenderStateId, ArrestSurrenderDistrictId, PoliceStationID, IOID, CourtID, AccusedMasterID, IsAccused, IsComplainantAccused) VALUES (68, 130, 1, '2024-11-19', 1, 4, 12, 23, 4, 174, 1, 0);
INSERT INTO inv_arrestsurrenderaccused (ArrestSurrenderID, AccusedMasterID) VALUES (68, 174);
INSERT INTO CaseMaster (CaseMasterID, CrimeNo, CaseNo, CrimeRegisteredDate, PolicePersonID, PoliceStationID, CaseCategoryID, GravityOffenceID, CrimeMajorHeadID, CrimeMinorHeadID, CaseStatusID, CourtID, IncidentFromDate, IncidentToDate, InfoReceivedPSDate, latitude, longitude, BriefFacts) VALUES (131, '100050016202400131', '202400131', '2024-12-20', 31, 16, 3, 2, 1, 1, 1, 5, '2024-12-20 11:00:00', '2024-12-20 13:00:00', '2024-12-20 11:00:00', 15.845000, 74.509000, 'Incident reported at Tilakwadi Police Station. Initial investigation launched by IO Prakash Patil.');
INSERT INTO Inv_OccuranceTime (CaseMasterID, IncidentFromDate, IncidentToDate, latitude, longitude, PlaceOfOccurrence) VALUES (131, '2024-12-20 11:00:00', '2024-12-20 13:00:00', 15.845000, 74.509000, 'Near Junction, Tilakwadi');
INSERT INTO ComplainantDetails (ComplainantID, CaseMasterID, ComplainantName, AgeYear, OccupationID, ReligionID, CasteID, GenderID) VALUES (131, 131, 'Meena Joshi', 29, 2, 1, 1, 1);
INSERT INTO ActSectionAssociation (CaseMasterID, ActID, SectionID, ActOrderID, SectionOrderID) VALUES (131, 'IPC', '379', 1, 1);
INSERT INTO Victim (VictimMasterID, CaseMasterID, VictimName, AgeYear, GenderID, VictimPolice) VALUES (131, 131, 'Nikhil Hegde', 32, 1, '0');
INSERT INTO Accused (AccusedMasterID, CaseMasterID, AccusedName, AgeYear, GenderID, PersonID) VALUES (175, 131, 'Vicky Kumar', 38, 1, 'A1');
INSERT INTO CaseMaster (CaseMasterID, CrimeNo, CaseNo, CrimeRegisteredDate, PolicePersonID, PoliceStationID, CaseCategoryID, GravityOffenceID, CrimeMajorHeadID, CrimeMinorHeadID, CaseStatusID, CourtID, IncidentFromDate, IncidentToDate, InfoReceivedPSDate, latitude, longitude, BriefFacts) VALUES (132, '100060018202400132', '202400132', '2024-01-21', 35, 18, 4, 3, 1, 2, 2, 6, '2024-01-21 12:00:00', '2024-01-21 14:00:00', '2024-01-21 12:00:00', 17.331000, 76.836000, 'Incident reported at Station Bazar Police Station. Initial investigation launched by IO Mahesh Bhat.');
INSERT INTO Inv_OccuranceTime (CaseMasterID, IncidentFromDate, IncidentToDate, latitude, longitude, PlaceOfOccurrence) VALUES (132, '2024-01-21 12:00:00', '2024-01-21 14:00:00', 17.331000, 76.836000, 'Near Junction, Station Bazar');
INSERT INTO ComplainantDetails (ComplainantID, CaseMasterID, ComplainantName, AgeYear, OccupationID, ReligionID, CasteID, GenderID) VALUES (132, 132, 'Shilpa Bhat', 29, 2, 1, 1, 1);
INSERT INTO ActSectionAssociation (CaseMasterID, ActID, SectionID, ActOrderID, SectionOrderID) VALUES (132, 'IPC', '379', 1, 1);
INSERT INTO Victim (VictimMasterID, CaseMasterID, VictimName, AgeYear, GenderID, VictimPolice) VALUES (132, 132, 'Bhavya Murthy', 58, 1, '0');
INSERT INTO Accused (AccusedMasterID, CaseMasterID, AccusedName, AgeYear, GenderID, PersonID) VALUES (176, 132, 'Yogesh Khan', 43, 1, 'A1');
INSERT INTO Accused (AccusedMasterID, CaseMasterID, AccusedName, AgeYear, GenderID, PersonID) VALUES (177, 132, 'Mantu Kumar', 27, 1, 'A2');
INSERT INTO ArrestSurrender (ArrestSurrenderID, CaseMasterID, ArrestSurrenderTypeID, ArrestSurrenderDate, ArrestSurrenderStateId, ArrestSurrenderDistrictId, PoliceStationID, IOID, CourtID, AccusedMasterID, IsAccused, IsComplainantAccused) VALUES (69, 132, 1, '2024-01-21', 1, 6, 18, 35, 6, 176, 1, 0);
INSERT INTO inv_arrestsurrenderaccused (ArrestSurrenderID, AccusedMasterID) VALUES (69, 176);
INSERT INTO inv_arrestsurrenderaccused (ArrestSurrenderID, AccusedMasterID) VALUES (69, 177);
INSERT INTO ChargesheetDetails (CSID, CaseMasterID, csdate, cstype, PolicePersonID) VALUES (45, 132, '2024-01-21 12:00:00', 'A', 35);
INSERT INTO CaseMaster (CaseMasterID, CrimeNo, CaseNo, CrimeRegisteredDate, PolicePersonID, PoliceStationID, CaseCategoryID, GravityOffenceID, CrimeMajorHeadID, CrimeMinorHeadID, CaseStatusID, CourtID, IncidentFromDate, IncidentToDate, InfoReceivedPSDate, latitude, longitude, BriefFacts) VALUES (133, '100010003202400133', '202400133', '2024-02-22', 5, 3, 1, 1, 1, 3, 3, 1, '2024-02-22 13:00:00', '2024-02-22 15:00:00', '2024-02-22 13:00:00', 12.972800, 77.752900, 'Incident reported at Whitefield Police Station. Initial investigation launched by IO Sunil Bhat.');
INSERT INTO Inv_OccuranceTime (CaseMasterID, IncidentFromDate, IncidentToDate, latitude, longitude, PlaceOfOccurrence) VALUES (133, '2024-02-22 13:00:00', '2024-02-22 15:00:00', 12.972800, 77.752900, 'Near Junction, Whitefield');
INSERT INTO ComplainantDetails (ComplainantID, CaseMasterID, ComplainantName, AgeYear, OccupationID, ReligionID, CasteID, GenderID) VALUES (133, 133, 'Nandini Murthy', 45, 2, 1, 1, 1);
INSERT INTO ActSectionAssociation (CaseMasterID, ActID, SectionID, ActOrderID, SectionOrderID) VALUES (133, 'IPC', '379', 1, 1);
INSERT INTO Victim (VictimMasterID, CaseMasterID, VictimName, AgeYear, GenderID, VictimPolice) VALUES (133, 133, 'Kiran Naik', 22, 1, '0');
INSERT INTO Accused (AccusedMasterID, CaseMasterID, AccusedName, AgeYear, GenderID, PersonID) VALUES (178, 133, 'Shiva Verma', 31, 1, 'A1');
INSERT INTO CaseMaster (CaseMasterID, CrimeNo, CaseNo, CrimeRegisteredDate, PolicePersonID, PoliceStationID, CaseCategoryID, GravityOffenceID, CrimeMajorHeadID, CrimeMinorHeadID, CaseStatusID, CourtID, IncidentFromDate, IncidentToDate, InfoReceivedPSDate, latitude, longitude, BriefFacts) VALUES (134, '100020007202400134', '202400134', '2024-03-23', 13, 7, 2, 2, 2, 4, 4, 2, '2024-03-23 14:00:00', '2024-03-23 16:00:00', '2024-03-23 14:00:00', 12.316000, 76.662000, 'Incident reported at Lashkar Police Station. Initial investigation launched by IO Anil Kulkarni.');
INSERT INTO Inv_OccuranceTime (CaseMasterID, IncidentFromDate, IncidentToDate, latitude, longitude, PlaceOfOccurrence) VALUES (134, '2024-03-23 14:00:00', '2024-03-23 16:00:00', 12.316000, 76.662000, 'Near Junction, Lashkar');
INSERT INTO ComplainantDetails (ComplainantID, CaseMasterID, ComplainantName, AgeYear, OccupationID, ReligionID, CasteID, GenderID) VALUES (134, 134, 'Jagadish Bhat', 39, 2, 1, 1, 1);
INSERT INTO ActSectionAssociation (CaseMasterID, ActID, SectionID, ActOrderID, SectionOrderID) VALUES (134, 'IPC', '302', 1, 1);
INSERT INTO Victim (VictimMasterID, CaseMasterID, VictimName, AgeYear, GenderID, VictimPolice) VALUES (134, 134, 'Arun Joshi', 55, 1, '0');
INSERT INTO Accused (AccusedMasterID, CaseMasterID, AccusedName, AgeYear, GenderID, PersonID) VALUES (179, 134, 'Pandu Kumar', 26, 1, 'A1');
INSERT INTO ArrestSurrender (ArrestSurrenderID, CaseMasterID, ArrestSurrenderTypeID, ArrestSurrenderDate, ArrestSurrenderStateId, ArrestSurrenderDistrictId, PoliceStationID, IOID, CourtID, AccusedMasterID, IsAccused, IsComplainantAccused) VALUES (70, 134, 1, '2024-03-23', 1, 2, 7, 13, 2, 179, 1, 0);
INSERT INTO inv_arrestsurrenderaccused (ArrestSurrenderID, AccusedMasterID) VALUES (70, 179);
INSERT INTO CaseMaster (CaseMasterID, CrimeNo, CaseNo, CrimeRegisteredDate, PolicePersonID, PoliceStationID, CaseCategoryID, GravityOffenceID, CrimeMajorHeadID, CrimeMinorHeadID, CaseStatusID, CourtID, IncidentFromDate, IncidentToDate, InfoReceivedPSDate, latitude, longitude, BriefFacts) VALUES (135, '100030011202400135', '202400135', '2024-04-24', 21, 11, 3, 3, 2, 5, 5, 3, '2024-04-24 15:00:00', '2024-04-24 17:00:00', '2024-04-24 15:00:00', 12.894000, 74.836000, 'Incident reported at Urwa Police Station. Initial investigation launched by IO Anil Gowda.');
INSERT INTO Inv_OccuranceTime (CaseMasterID, IncidentFromDate, IncidentToDate, latitude, longitude, PlaceOfOccurrence) VALUES (135, '2024-04-24 15:00:00', '2024-04-24 17:00:00', 12.894000, 74.836000, 'Near Junction, Urwa');
INSERT INTO ComplainantDetails (ComplainantID, CaseMasterID, ComplainantName, AgeYear, OccupationID, ReligionID, CasteID, GenderID) VALUES (135, 135, 'Bharath Naik', 54, 2, 1, 1, 1);
INSERT INTO ActSectionAssociation (CaseMasterID, ActID, SectionID, ActOrderID, SectionOrderID) VALUES (135, 'IPC', '302', 1, 1);
INSERT INTO Victim (VictimMasterID, CaseMasterID, VictimName, AgeYear, GenderID, VictimPolice) VALUES (135, 135, 'Rajesh Kulkarni', 58, 1, '0');
INSERT INTO Accused (AccusedMasterID, CaseMasterID, AccusedName, AgeYear, GenderID, PersonID) VALUES (180, 135, 'Pandu Salim', 31, 1, 'A1');
INSERT INTO Accused (AccusedMasterID, CaseMasterID, AccusedName, AgeYear, GenderID, PersonID) VALUES (181, 135, 'Mantu Salim', 36, 1, 'A2');
INSERT INTO ChargesheetDetails (CSID, CaseMasterID, csdate, cstype, PolicePersonID) VALUES (46, 135, '2024-04-24 15:00:00', 'A', 21);
INSERT INTO CaseMaster (CaseMasterID, CrimeNo, CaseNo, CrimeRegisteredDate, PolicePersonID, PoliceStationID, CaseCategoryID, GravityOffenceID, CrimeMajorHeadID, CrimeMinorHeadID, CaseStatusID, CourtID, IncidentFromDate, IncidentToDate, InfoReceivedPSDate, latitude, longitude, BriefFacts) VALUES (136, '100040012202400136', '202400136', '2024-05-25', 23, 12, 4, 1, 3, 6, 1, 4, '2024-05-25 16:00:00', '2024-05-25 18:00:00', '2024-05-25 16:00:00', 15.358000, 75.147000, 'Incident reported at Suburban Police Station Hubballi. Initial investigation launched by IO Basavaraj Rao.');
INSERT INTO Inv_OccuranceTime (CaseMasterID, IncidentFromDate, IncidentToDate, latitude, longitude, PlaceOfOccurrence) VALUES (136, '2024-05-25 16:00:00', '2024-05-25 18:00:00', 15.358000, 75.147000, 'Near Junction, Suburban Hubballi');
INSERT INTO ComplainantDetails (ComplainantID, CaseMasterID, ComplainantName, AgeYear, OccupationID, ReligionID, CasteID, GenderID) VALUES (136, 136, 'Anand Bhat', 60, 2, 1, 1, 1);
INSERT INTO ActSectionAssociation (CaseMasterID, ActID, SectionID, ActOrderID, SectionOrderID) VALUES (136, 'IT_ACT', '66D', 1, 1);
INSERT INTO Victim (VictimMasterID, CaseMasterID, VictimName, AgeYear, GenderID, VictimPolice) VALUES (136, 136, 'Chaitra Murthy', 46, 1, '0');
INSERT INTO Accused (AccusedMasterID, CaseMasterID, AccusedName, AgeYear, GenderID, PersonID) VALUES (182, 136, 'Imtiaz Verma', 29, 1, 'A1');
INSERT INTO ArrestSurrender (ArrestSurrenderID, CaseMasterID, ArrestSurrenderTypeID, ArrestSurrenderDate, ArrestSurrenderStateId, ArrestSurrenderDistrictId, PoliceStationID, IOID, CourtID, AccusedMasterID, IsAccused, IsComplainantAccused) VALUES (71, 136, 1, '2024-05-25', 1, 4, 12, 23, 4, 182, 1, 0);
INSERT INTO inv_arrestsurrenderaccused (ArrestSurrenderID, AccusedMasterID) VALUES (71, 182);
INSERT INTO CaseMaster (CaseMasterID, CrimeNo, CaseNo, CrimeRegisteredDate, PolicePersonID, PoliceStationID, CaseCategoryID, GravityOffenceID, CrimeMajorHeadID, CrimeMinorHeadID, CaseStatusID, CourtID, IncidentFromDate, IncidentToDate, InfoReceivedPSDate, latitude, longitude, BriefFacts) VALUES (137, '100050016202400137', '202400137', '2024-06-26', 31, 16, 1, 2, 3, 7, 2, 5, '2024-06-26 17:00:00', '2024-06-26 19:00:00', '2024-06-26 17:00:00', 15.851000, 74.515000, 'Incident reported at Tilakwadi Police Station. Initial investigation launched by IO Prakash Patil.');
INSERT INTO Inv_OccuranceTime (CaseMasterID, IncidentFromDate, IncidentToDate, latitude, longitude, PlaceOfOccurrence) VALUES (137, '2024-06-26 17:00:00', '2024-06-26 19:00:00', 15.851000, 74.515000, 'Near Junction, Tilakwadi');
INSERT INTO ComplainantDetails (ComplainantID, CaseMasterID, ComplainantName, AgeYear, OccupationID, ReligionID, CasteID, GenderID) VALUES (137, 137, 'Radha Bhat', 52, 2, 1, 1, 1);
INSERT INTO ActSectionAssociation (CaseMasterID, ActID, SectionID, ActOrderID, SectionOrderID) VALUES (137, 'IT_ACT', '66D', 1, 1);
INSERT INTO Victim (VictimMasterID, CaseMasterID, VictimName, AgeYear, GenderID, VictimPolice) VALUES (137, 137, 'Arun Joshi', 23, 1, '0');
INSERT INTO Accused (AccusedMasterID, CaseMasterID, AccusedName, AgeYear, GenderID, PersonID) VALUES (183, 137, 'Dharma Kumar', 38, 1, 'A1');
INSERT INTO CaseMaster (CaseMasterID, CrimeNo, CaseNo, CrimeRegisteredDate, PolicePersonID, PoliceStationID, CaseCategoryID, GravityOffenceID, CrimeMajorHeadID, CrimeMinorHeadID, CaseStatusID, CourtID, IncidentFromDate, IncidentToDate, InfoReceivedPSDate, latitude, longitude, BriefFacts) VALUES (138, '100060018202400138', '202400138', '2024-07-27', 35, 18, 2, 3, 4, 8, 3, 6, '2024-07-27 18:00:00', '2024-07-27 20:00:00', '2024-07-27 18:00:00', 17.337000, 76.842000, 'Incident reported at Station Bazar Police Station. Initial investigation launched by IO Mahesh Bhat.');
INSERT INTO Inv_OccuranceTime (CaseMasterID, IncidentFromDate, IncidentToDate, latitude, longitude, PlaceOfOccurrence) VALUES (138, '2024-07-27 18:00:00', '2024-07-27 20:00:00', 17.337000, 76.842000, 'Near Junction, Station Bazar');
INSERT INTO ComplainantDetails (ComplainantID, CaseMasterID, ComplainantName, AgeYear, OccupationID, ReligionID, CasteID, GenderID) VALUES (138, 138, 'Harish Kulkarni', 40, 2, 1, 1, 1);
INSERT INTO ActSectionAssociation (CaseMasterID, ActID, SectionID, ActOrderID, SectionOrderID) VALUES (138, 'IPC', '420', 1, 1);
INSERT INTO Victim (VictimMasterID, CaseMasterID, VictimName, AgeYear, GenderID, VictimPolice) VALUES (138, 138, 'Bhavya Naik', 50, 1, '0');
INSERT INTO Accused (AccusedMasterID, CaseMasterID, AccusedName, AgeYear, GenderID, PersonID) VALUES (184, 138, 'Dharma Pashan', 31, 1, 'A1');
INSERT INTO Accused (AccusedMasterID, CaseMasterID, AccusedName, AgeYear, GenderID, PersonID) VALUES (185, 138, 'Jagga Alias', 35, 1, 'A2');
INSERT INTO ArrestSurrender (ArrestSurrenderID, CaseMasterID, ArrestSurrenderTypeID, ArrestSurrenderDate, ArrestSurrenderStateId, ArrestSurrenderDistrictId, PoliceStationID, IOID, CourtID, AccusedMasterID, IsAccused, IsComplainantAccused) VALUES (72, 138, 1, '2024-07-27', 1, 6, 18, 35, 6, 184, 1, 0);
INSERT INTO inv_arrestsurrenderaccused (ArrestSurrenderID, AccusedMasterID) VALUES (72, 184);
INSERT INTO inv_arrestsurrenderaccused (ArrestSurrenderID, AccusedMasterID) VALUES (72, 185);
INSERT INTO ChargesheetDetails (CSID, CaseMasterID, csdate, cstype, PolicePersonID) VALUES (47, 138, '2024-07-27 18:00:00', 'A', 35);
INSERT INTO CaseMaster (CaseMasterID, CrimeNo, CaseNo, CrimeRegisteredDate, PolicePersonID, PoliceStationID, CaseCategoryID, GravityOffenceID, CrimeMajorHeadID, CrimeMinorHeadID, CaseStatusID, CourtID, IncidentFromDate, IncidentToDate, InfoReceivedPSDate, latitude, longitude, BriefFacts) VALUES (139, '100010004202400139', '202400139', '2024-08-28', 7, 4, 3, 1, 5, 9, 4, 1, '2024-08-28 19:00:00', '2024-08-28 21:00:00', '2024-08-28 19:00:00', 12.934000, 77.602800, 'Incident reported at Jayanagar Police Station. Initial investigation launched by IO Vijay Kulkarni.');
INSERT INTO Inv_OccuranceTime (CaseMasterID, IncidentFromDate, IncidentToDate, latitude, longitude, PlaceOfOccurrence) VALUES (139, '2024-08-28 19:00:00', '2024-08-28 21:00:00', 12.934000, 77.602800, 'Near Junction, Jayanagar');
INSERT INTO ComplainantDetails (ComplainantID, CaseMasterID, ComplainantName, AgeYear, OccupationID, ReligionID, CasteID, GenderID) VALUES (139, 139, 'Deepak Deshpande', 51, 2, 1, 1, 1);
INSERT INTO ActSectionAssociation (CaseMasterID, ActID, SectionID, ActOrderID, SectionOrderID) VALUES (139, 'NDPS', '20', 1, 1);
INSERT INTO Victim (VictimMasterID, CaseMasterID, VictimName, AgeYear, GenderID, VictimPolice) VALUES (139, 139, 'Arun Bhat', 31, 1, '0');
INSERT INTO Accused (AccusedMasterID, CaseMasterID, AccusedName, AgeYear, GenderID, PersonID) VALUES (186, 139, 'Raja Singh', 28, 1, 'A1');
INSERT INTO CaseMaster (CaseMasterID, CrimeNo, CaseNo, CrimeRegisteredDate, PolicePersonID, PoliceStationID, CaseCategoryID, GravityOffenceID, CrimeMajorHeadID, CrimeMinorHeadID, CaseStatusID, CourtID, IncidentFromDate, IncidentToDate, InfoReceivedPSDate, latitude, longitude, BriefFacts) VALUES (140, '100020007202400140', '202400140', '2024-09-01', 13, 7, 4, 2, 1, 10, 5, 2, '2024-09-01 20:00:00', '2024-09-01 22:00:00', '2024-09-01 20:00:00', 12.302000, 76.648000, 'Incident reported at Lashkar Police Station. Initial investigation launched by IO Anil Kulkarni.');
INSERT INTO Inv_OccuranceTime (CaseMasterID, IncidentFromDate, IncidentToDate, latitude, longitude, PlaceOfOccurrence) VALUES (140, '2024-09-01 20:00:00', '2024-09-01 22:00:00', 12.302000, 76.648000, 'Near Junction, Lashkar');
INSERT INTO ComplainantDetails (ComplainantID, CaseMasterID, ComplainantName, AgeYear, OccupationID, ReligionID, CasteID, GenderID) VALUES (140, 140, 'Anand Gowda', 60, 2, 1, 1, 1);
INSERT INTO ActSectionAssociation (CaseMasterID, ActID, SectionID, ActOrderID, SectionOrderID) VALUES (140, 'IPC', '379', 1, 1);
INSERT INTO Victim (VictimMasterID, CaseMasterID, VictimName, AgeYear, GenderID, VictimPolice) VALUES (140, 140, 'Divya Joshi', 48, 1, '0');
INSERT INTO Accused (AccusedMasterID, CaseMasterID, AccusedName, AgeYear, GenderID, PersonID) VALUES (187, 140, 'Altaf Verma', 22, 1, 'A1');
INSERT INTO ArrestSurrender (ArrestSurrenderID, CaseMasterID, ArrestSurrenderTypeID, ArrestSurrenderDate, ArrestSurrenderStateId, ArrestSurrenderDistrictId, PoliceStationID, IOID, CourtID, AccusedMasterID, IsAccused, IsComplainantAccused) VALUES (73, 140, 1, '2024-09-01', 1, 2, 7, 13, 2, 187, 1, 0);
INSERT INTO inv_arrestsurrenderaccused (ArrestSurrenderID, AccusedMasterID) VALUES (73, 187);
INSERT INTO CaseMaster (CaseMasterID, CrimeNo, CaseNo, CrimeRegisteredDate, PolicePersonID, PoliceStationID, CaseCategoryID, GravityOffenceID, CrimeMajorHeadID, CrimeMinorHeadID, CaseStatusID, CourtID, IncidentFromDate, IncidentToDate, InfoReceivedPSDate, latitude, longitude, BriefFacts) VALUES (141, '100030011202400141', '202400141', '2024-10-02', 21, 11, 1, 3, 1, 1, 1, 3, '2024-10-02 21:00:00', '2024-10-02 23:00:00', '2024-10-02 21:00:00', 12.880000, 74.822000, 'Incident reported at Urwa Police Station. Initial investigation launched by IO Anil Gowda.');
INSERT INTO Inv_OccuranceTime (CaseMasterID, IncidentFromDate, IncidentToDate, latitude, longitude, PlaceOfOccurrence) VALUES (141, '2024-10-02 21:00:00', '2024-10-02 23:00:00', 12.880000, 74.822000, 'Near Junction, Urwa');
INSERT INTO ComplainantDetails (ComplainantID, CaseMasterID, ComplainantName, AgeYear, OccupationID, ReligionID, CasteID, GenderID) VALUES (141, 141, 'Chetan Murthy', 32, 2, 1, 1, 1);
INSERT INTO ActSectionAssociation (CaseMasterID, ActID, SectionID, ActOrderID, SectionOrderID) VALUES (141, 'IPC', '379', 1, 1);
INSERT INTO Victim (VictimMasterID, CaseMasterID, VictimName, AgeYear, GenderID, VictimPolice) VALUES (141, 141, 'Manoj Shetty', 23, 1, '0');
INSERT INTO Accused (AccusedMasterID, CaseMasterID, AccusedName, AgeYear, GenderID, PersonID) VALUES (188, 141, 'Yogesh Pashan', 39, 1, 'A1');
INSERT INTO Accused (AccusedMasterID, CaseMasterID, AccusedName, AgeYear, GenderID, PersonID) VALUES (189, 141, 'Yogesh Kumar', 31, 1, 'A2');
INSERT INTO ChargesheetDetails (CSID, CaseMasterID, csdate, cstype, PolicePersonID) VALUES (48, 141, '2024-10-02 21:00:00', 'A', 21);
INSERT INTO CaseMaster (CaseMasterID, CrimeNo, CaseNo, CrimeRegisteredDate, PolicePersonID, PoliceStationID, CaseCategoryID, GravityOffenceID, CrimeMajorHeadID, CrimeMinorHeadID, CaseStatusID, CourtID, IncidentFromDate, IncidentToDate, InfoReceivedPSDate, latitude, longitude, BriefFacts) VALUES (142, '100040012202400142', '202400142', '2024-11-03', 23, 12, 2, 1, 1, 2, 2, 4, '2024-11-03 22:00:00', '2024-11-03 00:00:00', '2024-11-03 22:00:00', 15.344000, 75.133000, 'Incident reported at Suburban Police Station Hubballi. Initial investigation launched by IO Basavaraj Rao.');
INSERT INTO Inv_OccuranceTime (CaseMasterID, IncidentFromDate, IncidentToDate, latitude, longitude, PlaceOfOccurrence) VALUES (142, '2024-11-03 22:00:00', '2024-11-03 00:00:00', 15.344000, 75.133000, 'Near Junction, Suburban Hubballi');
INSERT INTO ComplainantDetails (ComplainantID, CaseMasterID, ComplainantName, AgeYear, OccupationID, ReligionID, CasteID, GenderID) VALUES (142, 142, 'Shilpa Bhat', 37, 2, 1, 1, 1);
INSERT INTO ActSectionAssociation (CaseMasterID, ActID, SectionID, ActOrderID, SectionOrderID) VALUES (142, 'IPC', '379', 1, 1);
INSERT INTO Victim (VictimMasterID, CaseMasterID, VictimName, AgeYear, GenderID, VictimPolice) VALUES (142, 142, 'Bhavya Joshi', 46, 1, '0');
INSERT INTO Accused (AccusedMasterID, CaseMasterID, AccusedName, AgeYear, GenderID, PersonID) VALUES (190, 142, 'Imtiaz Alias', 24, 1, 'A1');
INSERT INTO ArrestSurrender (ArrestSurrenderID, CaseMasterID, ArrestSurrenderTypeID, ArrestSurrenderDate, ArrestSurrenderStateId, ArrestSurrenderDistrictId, PoliceStationID, IOID, CourtID, AccusedMasterID, IsAccused, IsComplainantAccused) VALUES (74, 142, 1, '2024-11-03', 1, 4, 12, 23, 4, 190, 1, 0);
INSERT INTO inv_arrestsurrenderaccused (ArrestSurrenderID, AccusedMasterID) VALUES (74, 190);
INSERT INTO CaseMaster (CaseMasterID, CrimeNo, CaseNo, CrimeRegisteredDate, PolicePersonID, PoliceStationID, CaseCategoryID, GravityOffenceID, CrimeMajorHeadID, CrimeMinorHeadID, CaseStatusID, CourtID, IncidentFromDate, IncidentToDate, InfoReceivedPSDate, latitude, longitude, BriefFacts) VALUES (143, '100050016202400143', '202400143', '2024-12-04', 31, 16, 3, 2, 1, 3, 3, 5, '2024-12-04 23:00:00', '2024-12-04 01:00:00', '2024-12-04 23:00:00', 15.837000, 74.501000, 'Incident reported at Tilakwadi Police Station. Initial investigation launched by IO Prakash Patil.');
INSERT INTO Inv_OccuranceTime (CaseMasterID, IncidentFromDate, IncidentToDate, latitude, longitude, PlaceOfOccurrence) VALUES (143, '2024-12-04 23:00:00', '2024-12-04 01:00:00', 15.837000, 74.501000, 'Near Junction, Tilakwadi');
INSERT INTO ComplainantDetails (ComplainantID, CaseMasterID, ComplainantName, AgeYear, OccupationID, ReligionID, CasteID, GenderID) VALUES (143, 143, 'Kavitha Shetty', 55, 2, 1, 1, 1);
INSERT INTO ActSectionAssociation (CaseMasterID, ActID, SectionID, ActOrderID, SectionOrderID) VALUES (143, 'IPC', '379', 1, 1);
INSERT INTO Victim (VictimMasterID, CaseMasterID, VictimName, AgeYear, GenderID, VictimPolice) VALUES (143, 143, 'Bhavya Rao', 36, 1, '0');
INSERT INTO Accused (AccusedMasterID, CaseMasterID, AccusedName, AgeYear, GenderID, PersonID) VALUES (191, 143, 'Pandu Salim', 29, 1, 'A1');
INSERT INTO CaseMaster (CaseMasterID, CrimeNo, CaseNo, CrimeRegisteredDate, PolicePersonID, PoliceStationID, CaseCategoryID, GravityOffenceID, CrimeMajorHeadID, CrimeMinorHeadID, CaseStatusID, CourtID, IncidentFromDate, IncidentToDate, InfoReceivedPSDate, latitude, longitude, BriefFacts) VALUES (144, '100060018202400144', '202400144', '2024-01-05', 35, 18, 4, 3, 2, 4, 4, 6, '2024-01-05 00:00:00', '2024-01-05 02:00:00', '2024-01-05 00:00:00', 17.323000, 76.828000, 'Incident reported at Station Bazar Police Station. Initial investigation launched by IO Mahesh Bhat.');
INSERT INTO Inv_OccuranceTime (CaseMasterID, IncidentFromDate, IncidentToDate, latitude, longitude, PlaceOfOccurrence) VALUES (144, '2024-01-05 00:00:00', '2024-01-05 02:00:00', 17.323000, 76.828000, 'Near Junction, Station Bazar');
INSERT INTO ComplainantDetails (ComplainantID, CaseMasterID, ComplainantName, AgeYear, OccupationID, ReligionID, CasteID, GenderID) VALUES (144, 144, 'Radha Gowda', 48, 2, 1, 1, 1);
INSERT INTO ActSectionAssociation (CaseMasterID, ActID, SectionID, ActOrderID, SectionOrderID) VALUES (144, 'IPC', '302', 1, 1);
INSERT INTO Victim (VictimMasterID, CaseMasterID, VictimName, AgeYear, GenderID, VictimPolice) VALUES (144, 144, 'Chaitra Bhat', 58, 1, '0');
INSERT INTO Accused (AccusedMasterID, CaseMasterID, AccusedName, AgeYear, GenderID, PersonID) VALUES (192, 144, 'Pandu Salim', 35, 1, 'A1');
INSERT INTO Accused (AccusedMasterID, CaseMasterID, AccusedName, AgeYear, GenderID, PersonID) VALUES (193, 144, 'Dharma Khan', 21, 1, 'A2');
INSERT INTO ArrestSurrender (ArrestSurrenderID, CaseMasterID, ArrestSurrenderTypeID, ArrestSurrenderDate, ArrestSurrenderStateId, ArrestSurrenderDistrictId, PoliceStationID, IOID, CourtID, AccusedMasterID, IsAccused, IsComplainantAccused) VALUES (75, 144, 1, '2024-01-05', 1, 6, 18, 35, 6, 192, 1, 0);
INSERT INTO inv_arrestsurrenderaccused (ArrestSurrenderID, AccusedMasterID) VALUES (75, 192);
INSERT INTO inv_arrestsurrenderaccused (ArrestSurrenderID, AccusedMasterID) VALUES (75, 193);
INSERT INTO ChargesheetDetails (CSID, CaseMasterID, csdate, cstype, PolicePersonID) VALUES (49, 144, '2024-01-05 00:00:00', 'A', 35);
INSERT INTO CaseMaster (CaseMasterID, CrimeNo, CaseNo, CrimeRegisteredDate, PolicePersonID, PoliceStationID, CaseCategoryID, GravityOffenceID, CrimeMajorHeadID, CrimeMinorHeadID, CaseStatusID, CourtID, IncidentFromDate, IncidentToDate, InfoReceivedPSDate, latitude, longitude, BriefFacts) VALUES (145, '100010005202400145', '202400145', '2024-02-06', 9, 5, 1, 1, 2, 5, 5, 1, '2024-02-06 01:00:00', '2024-02-06 03:00:00', '2024-02-06 01:00:00', 12.998100, 77.559300, 'Incident reported at Malleshwaram Police Station. Initial investigation launched by IO Santosh Shetty.');
INSERT INTO Inv_OccuranceTime (CaseMasterID, IncidentFromDate, IncidentToDate, latitude, longitude, PlaceOfOccurrence) VALUES (145, '2024-02-06 01:00:00', '2024-02-06 03:00:00', 12.998100, 77.559300, 'Near Junction, Malleshwaram');
INSERT INTO ComplainantDetails (ComplainantID, CaseMasterID, ComplainantName, AgeYear, OccupationID, ReligionID, CasteID, GenderID) VALUES (145, 145, 'Latha Joshi', 57, 2, 1, 1, 1);
INSERT INTO ActSectionAssociation (CaseMasterID, ActID, SectionID, ActOrderID, SectionOrderID) VALUES (145, 'IPC', '302', 1, 1);
INSERT INTO Victim (VictimMasterID, CaseMasterID, VictimName, AgeYear, GenderID, VictimPolice) VALUES (145, 145, 'Arun Bhat', 42, 1, '0');
INSERT INTO Accused (AccusedMasterID, CaseMasterID, AccusedName, AgeYear, GenderID, PersonID) VALUES (194, 145, 'Jagga Alias', 23, 1, 'A1');
INSERT INTO CaseMaster (CaseMasterID, CrimeNo, CaseNo, CrimeRegisteredDate, PolicePersonID, PoliceStationID, CaseCategoryID, GravityOffenceID, CrimeMajorHeadID, CrimeMinorHeadID, CaseStatusID, CourtID, IncidentFromDate, IncidentToDate, InfoReceivedPSDate, latitude, longitude, BriefFacts) VALUES (146, '100020007202400146', '202400146', '2024-03-07', 13, 7, 2, 2, 3, 6, 1, 2, '2024-03-07 02:00:00', '2024-03-07 04:00:00', '2024-03-07 02:00:00', 12.308000, 76.654000, 'Incident reported at Lashkar Police Station. Initial investigation launched by IO Anil Kulkarni.');
INSERT INTO Inv_OccuranceTime (CaseMasterID, IncidentFromDate, IncidentToDate, latitude, longitude, PlaceOfOccurrence) VALUES (146, '2024-03-07 02:00:00', '2024-03-07 04:00:00', 12.308000, 76.654000, 'Near Junction, Lashkar');
INSERT INTO ComplainantDetails (ComplainantID, CaseMasterID, ComplainantName, AgeYear, OccupationID, ReligionID, CasteID, GenderID) VALUES (146, 146, 'Nandini Shetty', 48, 2, 1, 1, 1);
INSERT INTO ActSectionAssociation (CaseMasterID, ActID, SectionID, ActOrderID, SectionOrderID) VALUES (146, 'IT_ACT', '66D', 1, 1);
INSERT INTO Victim (VictimMasterID, CaseMasterID, VictimName, AgeYear, GenderID, VictimPolice) VALUES (146, 146, 'Sangeetha Rao', 54, 1, '0');
INSERT INTO Accused (AccusedMasterID, CaseMasterID, AccusedName, AgeYear, GenderID, PersonID) VALUES (195, 146, 'Imtiaz Khan', 24, 1, 'A1');
INSERT INTO ArrestSurrender (ArrestSurrenderID, CaseMasterID, ArrestSurrenderTypeID, ArrestSurrenderDate, ArrestSurrenderStateId, ArrestSurrenderDistrictId, PoliceStationID, IOID, CourtID, AccusedMasterID, IsAccused, IsComplainantAccused) VALUES (76, 146, 1, '2024-03-07', 1, 2, 7, 13, 2, 195, 1, 0);
INSERT INTO inv_arrestsurrenderaccused (ArrestSurrenderID, AccusedMasterID) VALUES (76, 195);
INSERT INTO CaseMaster (CaseMasterID, CrimeNo, CaseNo, CrimeRegisteredDate, PolicePersonID, PoliceStationID, CaseCategoryID, GravityOffenceID, CrimeMajorHeadID, CrimeMinorHeadID, CaseStatusID, CourtID, IncidentFromDate, IncidentToDate, InfoReceivedPSDate, latitude, longitude, BriefFacts) VALUES (147, '100030011202400147', '202400147', '2024-04-08', 21, 11, 3, 3, 3, 7, 2, 3, '2024-04-08 03:00:00', '2024-04-08 05:00:00', '2024-04-08 03:00:00', 12.886000, 74.828000, 'Incident reported at Urwa Police Station. Initial investigation launched by IO Anil Gowda.');
INSERT INTO Inv_OccuranceTime (CaseMasterID, IncidentFromDate, IncidentToDate, latitude, longitude, PlaceOfOccurrence) VALUES (147, '2024-04-08 03:00:00', '2024-04-08 05:00:00', 12.886000, 74.828000, 'Near Junction, Urwa');
INSERT INTO ComplainantDetails (ComplainantID, CaseMasterID, ComplainantName, AgeYear, OccupationID, ReligionID, CasteID, GenderID) VALUES (147, 147, 'Girish Deshpande', 26, 2, 1, 1, 1);
INSERT INTO ActSectionAssociation (CaseMasterID, ActID, SectionID, ActOrderID, SectionOrderID) VALUES (147, 'IT_ACT', '66D', 1, 1);
INSERT INTO Victim (VictimMasterID, CaseMasterID, VictimName, AgeYear, GenderID, VictimPolice) VALUES (147, 147, 'Kiran Joshi', 40, 1, '0');
INSERT INTO Accused (AccusedMasterID, CaseMasterID, AccusedName, AgeYear, GenderID, PersonID) VALUES (196, 147, 'Jagga Singh', 31, 1, 'A1');
INSERT INTO Accused (AccusedMasterID, CaseMasterID, AccusedName, AgeYear, GenderID, PersonID) VALUES (197, 147, 'Shiva Kumar', 28, 1, 'A2');
INSERT INTO ChargesheetDetails (CSID, CaseMasterID, csdate, cstype, PolicePersonID) VALUES (50, 147, '2024-04-08 03:00:00', 'A', 21);
INSERT INTO CaseMaster (CaseMasterID, CrimeNo, CaseNo, CrimeRegisteredDate, PolicePersonID, PoliceStationID, CaseCategoryID, GravityOffenceID, CrimeMajorHeadID, CrimeMinorHeadID, CaseStatusID, CourtID, IncidentFromDate, IncidentToDate, InfoReceivedPSDate, latitude, longitude, BriefFacts) VALUES (148, '100040012202400148', '202400148', '2024-05-09', 23, 12, 4, 1, 4, 8, 3, 4, '2024-05-09 04:00:00', '2024-05-09 06:00:00', '2024-05-09 04:00:00', 15.350000, 75.139000, 'Incident reported at Suburban Police Station Hubballi. Initial investigation launched by IO Basavaraj Rao.');
INSERT INTO Inv_OccuranceTime (CaseMasterID, IncidentFromDate, IncidentToDate, latitude, longitude, PlaceOfOccurrence) VALUES (148, '2024-05-09 04:00:00', '2024-05-09 06:00:00', 15.350000, 75.139000, 'Near Junction, Suburban Hubballi');
INSERT INTO ComplainantDetails (ComplainantID, CaseMasterID, ComplainantName, AgeYear, OccupationID, ReligionID, CasteID, GenderID) VALUES (148, 148, 'Suma Murthy', 31, 2, 1, 1, 1);
INSERT INTO ActSectionAssociation (CaseMasterID, ActID, SectionID, ActOrderID, SectionOrderID) VALUES (148, 'IPC', '420', 1, 1);
INSERT INTO Victim (VictimMasterID, CaseMasterID, VictimName, AgeYear, GenderID, VictimPolice) VALUES (148, 148, 'Praveen Bhat', 39, 1, '0');
INSERT INTO Accused (AccusedMasterID, CaseMasterID, AccusedName, AgeYear, GenderID, PersonID) VALUES (198, 148, 'Jagga Pashan', 26, 1, 'A1');
INSERT INTO ArrestSurrender (ArrestSurrenderID, CaseMasterID, ArrestSurrenderTypeID, ArrestSurrenderDate, ArrestSurrenderStateId, ArrestSurrenderDistrictId, PoliceStationID, IOID, CourtID, AccusedMasterID, IsAccused, IsComplainantAccused) VALUES (77, 148, 1, '2024-05-09', 1, 4, 12, 23, 4, 198, 1, 0);
INSERT INTO inv_arrestsurrenderaccused (ArrestSurrenderID, AccusedMasterID) VALUES (77, 198);
INSERT INTO CaseMaster (CaseMasterID, CrimeNo, CaseNo, CrimeRegisteredDate, PolicePersonID, PoliceStationID, CaseCategoryID, GravityOffenceID, CrimeMajorHeadID, CrimeMinorHeadID, CaseStatusID, CourtID, IncidentFromDate, IncidentToDate, InfoReceivedPSDate, latitude, longitude, BriefFacts) VALUES (149, '100050016202400149', '202400149', '2024-06-10', 31, 16, 1, 2, 5, 9, 4, 5, '2024-06-10 05:00:00', '2024-06-10 07:00:00', '2024-06-10 05:00:00', 15.843000, 74.507000, 'Incident reported at Tilakwadi Police Station. Initial investigation launched by IO Prakash Patil.');
INSERT INTO Inv_OccuranceTime (CaseMasterID, IncidentFromDate, IncidentToDate, latitude, longitude, PlaceOfOccurrence) VALUES (149, '2024-06-10 05:00:00', '2024-06-10 07:00:00', 15.843000, 74.507000, 'Near Junction, Tilakwadi');
INSERT INTO ComplainantDetails (ComplainantID, CaseMasterID, ComplainantName, AgeYear, OccupationID, ReligionID, CasteID, GenderID) VALUES (149, 149, 'Anand Murthy', 51, 2, 1, 1, 1);
INSERT INTO ActSectionAssociation (CaseMasterID, ActID, SectionID, ActOrderID, SectionOrderID) VALUES (149, 'NDPS', '20', 1, 1);
INSERT INTO Victim (VictimMasterID, CaseMasterID, VictimName, AgeYear, GenderID, VictimPolice) VALUES (149, 149, 'Rajesh Gowda', 30, 1, '0');
INSERT INTO Accused (AccusedMasterID, CaseMasterID, AccusedName, AgeYear, GenderID, PersonID) VALUES (199, 149, 'Shiva Khan', 27, 1, 'A1');
INSERT INTO CaseMaster (CaseMasterID, CrimeNo, CaseNo, CrimeRegisteredDate, PolicePersonID, PoliceStationID, CaseCategoryID, GravityOffenceID, CrimeMajorHeadID, CrimeMinorHeadID, CaseStatusID, CourtID, IncidentFromDate, IncidentToDate, InfoReceivedPSDate, latitude, longitude, BriefFacts) VALUES (150, '100060018202400150', '202400150', '2024-07-11', 35, 18, 2, 3, 1, 10, 5, 6, '2024-07-11 06:00:00', '2024-07-11 08:00:00', '2024-07-11 06:00:00', 17.329000, 76.834000, 'Incident reported at Station Bazar Police Station. Initial investigation launched by IO Mahesh Bhat.');
INSERT INTO Inv_OccuranceTime (CaseMasterID, IncidentFromDate, IncidentToDate, latitude, longitude, PlaceOfOccurrence) VALUES (150, '2024-07-11 06:00:00', '2024-07-11 08:00:00', 17.329000, 76.834000, 'Near Junction, Station Bazar');
INSERT INTO ComplainantDetails (ComplainantID, CaseMasterID, ComplainantName, AgeYear, OccupationID, ReligionID, CasteID, GenderID) VALUES (150, 150, 'Eshwar Naik', 26, 2, 1, 1, 1);
INSERT INTO ActSectionAssociation (CaseMasterID, ActID, SectionID, ActOrderID, SectionOrderID) VALUES (150, 'IPC', '379', 1, 1);
INSERT INTO Victim (VictimMasterID, CaseMasterID, VictimName, AgeYear, GenderID, VictimPolice) VALUES (150, 150, 'Ganesh Joshi', 33, 1, '0');
INSERT INTO Accused (AccusedMasterID, CaseMasterID, AccusedName, AgeYear, GenderID, PersonID) VALUES (200, 150, 'Imtiaz Verma', 29, 1, 'A1');
INSERT INTO Accused (AccusedMasterID, CaseMasterID, AccusedName, AgeYear, GenderID, PersonID) VALUES (201, 150, 'Raja Kumar', 35, 1, 'A2');
INSERT INTO ArrestSurrender (ArrestSurrenderID, CaseMasterID, ArrestSurrenderTypeID, ArrestSurrenderDate, ArrestSurrenderStateId, ArrestSurrenderDistrictId, PoliceStationID, IOID, CourtID, AccusedMasterID, IsAccused, IsComplainantAccused) VALUES (78, 150, 1, '2024-07-11', 1, 6, 18, 35, 6, 200, 1, 0);
INSERT INTO inv_arrestsurrenderaccused (ArrestSurrenderID, AccusedMasterID) VALUES (78, 200);
INSERT INTO inv_arrestsurrenderaccused (ArrestSurrenderID, AccusedMasterID) VALUES (78, 201);
INSERT INTO ChargesheetDetails (CSID, CaseMasterID, csdate, cstype, PolicePersonID) VALUES (51, 150, '2024-07-11 06:00:00', 'A', 35);
INSERT INTO CaseMaster (CaseMasterID, CrimeNo, CaseNo, CrimeRegisteredDate, PolicePersonID, PoliceStationID, CaseCategoryID, GravityOffenceID, CrimeMajorHeadID, CrimeMinorHeadID, CaseStatusID, CourtID, IncidentFromDate, IncidentToDate, InfoReceivedPSDate, latitude, longitude, BriefFacts) VALUES (151, '100010001202400151', '202400151', '2024-08-12', 1, 1, 3, 1, 1, 1, 1, 1, '2024-08-12 07:00:00', '2024-08-12 09:00:00', '2024-08-12 07:00:00', 12.979400, 77.641800, 'Incident reported at Indiranagar Police Station. Initial investigation launched by IO Suresh Rao.');
INSERT INTO Inv_OccuranceTime (CaseMasterID, IncidentFromDate, IncidentToDate, latitude, longitude, PlaceOfOccurrence) VALUES (151, '2024-08-12 07:00:00', '2024-08-12 09:00:00', 12.979400, 77.641800, 'Near Junction, Indiranagar');
INSERT INTO ComplainantDetails (ComplainantID, CaseMasterID, ComplainantName, AgeYear, OccupationID, ReligionID, CasteID, GenderID) VALUES (151, 151, 'Girish Rao', 55, 2, 1, 1, 1);
INSERT INTO ActSectionAssociation (CaseMasterID, ActID, SectionID, ActOrderID, SectionOrderID) VALUES (151, 'IPC', '379', 1, 1);
INSERT INTO Victim (VictimMasterID, CaseMasterID, VictimName, AgeYear, GenderID, VictimPolice) VALUES (151, 151, 'Manoj Gowda', 37, 1, '0');
INSERT INTO Accused (AccusedMasterID, CaseMasterID, AccusedName, AgeYear, GenderID, PersonID) VALUES (202, 151, 'Pandu Singh', 39, 1, 'A1');
INSERT INTO CaseMaster (CaseMasterID, CrimeNo, CaseNo, CrimeRegisteredDate, PolicePersonID, PoliceStationID, CaseCategoryID, GravityOffenceID, CrimeMajorHeadID, CrimeMinorHeadID, CaseStatusID, CourtID, IncidentFromDate, IncidentToDate, InfoReceivedPSDate, latitude, longitude, BriefFacts) VALUES (152, '100020007202400152', '202400152', '2024-09-13', 13, 7, 4, 2, 1, 2, 2, 2, '2024-09-13 08:00:00', '2024-09-13 10:00:00', '2024-09-13 08:00:00', 12.314000, 76.660000, 'Incident reported at Lashkar Police Station. Initial investigation launched by IO Anil Kulkarni.');
INSERT INTO Inv_OccuranceTime (CaseMasterID, IncidentFromDate, IncidentToDate, latitude, longitude, PlaceOfOccurrence) VALUES (152, '2024-09-13 08:00:00', '2024-09-13 10:00:00', 12.314000, 76.660000, 'Near Junction, Lashkar');
INSERT INTO ComplainantDetails (ComplainantID, CaseMasterID, ComplainantName, AgeYear, OccupationID, ReligionID, CasteID, GenderID) VALUES (152, 152, 'Harish Deshpande', 37, 2, 1, 1, 1);
INSERT INTO ActSectionAssociation (CaseMasterID, ActID, SectionID, ActOrderID, SectionOrderID) VALUES (152, 'IPC', '379', 1, 1);
INSERT INTO Victim (VictimMasterID, CaseMasterID, VictimName, AgeYear, GenderID, VictimPolice) VALUES (152, 152, 'Ganesh Rao', 44, 1, '0');
INSERT INTO Accused (AccusedMasterID, CaseMasterID, AccusedName, AgeYear, GenderID, PersonID) VALUES (203, 152, 'Mantu Salim', 34, 1, 'A1');
INSERT INTO ArrestSurrender (ArrestSurrenderID, CaseMasterID, ArrestSurrenderTypeID, ArrestSurrenderDate, ArrestSurrenderStateId, ArrestSurrenderDistrictId, PoliceStationID, IOID, CourtID, AccusedMasterID, IsAccused, IsComplainantAccused) VALUES (79, 152, 1, '2024-09-13', 1, 2, 7, 13, 2, 203, 1, 0);
INSERT INTO inv_arrestsurrenderaccused (ArrestSurrenderID, AccusedMasterID) VALUES (79, 203);
INSERT INTO CaseMaster (CaseMasterID, CrimeNo, CaseNo, CrimeRegisteredDate, PolicePersonID, PoliceStationID, CaseCategoryID, GravityOffenceID, CrimeMajorHeadID, CrimeMinorHeadID, CaseStatusID, CourtID, IncidentFromDate, IncidentToDate, InfoReceivedPSDate, latitude, longitude, BriefFacts) VALUES (153, '100030011202400153', '202400153', '2024-10-14', 21, 11, 1, 3, 1, 3, 3, 3, '2024-10-14 09:00:00', '2024-10-14 11:00:00', '2024-10-14 09:00:00', 12.892000, 74.834000, 'Incident reported at Urwa Police Station. Initial investigation launched by IO Anil Gowda.');
INSERT INTO Inv_OccuranceTime (CaseMasterID, IncidentFromDate, IncidentToDate, latitude, longitude, PlaceOfOccurrence) VALUES (153, '2024-10-14 09:00:00', '2024-10-14 11:00:00', 12.892000, 74.834000, 'Near Junction, Urwa');
INSERT INTO ComplainantDetails (ComplainantID, CaseMasterID, ComplainantName, AgeYear, OccupationID, ReligionID, CasteID, GenderID) VALUES (153, 153, 'Chetan Hegde', 45, 2, 1, 1, 1);
INSERT INTO ActSectionAssociation (CaseMasterID, ActID, SectionID, ActOrderID, SectionOrderID) VALUES (153, 'IPC', '379', 1, 1);
INSERT INTO Victim (VictimMasterID, CaseMasterID, VictimName, AgeYear, GenderID, VictimPolice) VALUES (153, 153, 'Sangeetha Bhat', 41, 1, '0');
INSERT INTO Accused (AccusedMasterID, CaseMasterID, AccusedName, AgeYear, GenderID, PersonID) VALUES (204, 153, 'Yogesh Verma', 23, 1, 'A1');
INSERT INTO Accused (AccusedMasterID, CaseMasterID, AccusedName, AgeYear, GenderID, PersonID) VALUES (205, 153, 'Altaf Alias', 29, 1, 'A2');
INSERT INTO ChargesheetDetails (CSID, CaseMasterID, csdate, cstype, PolicePersonID) VALUES (52, 153, '2024-10-14 09:00:00', 'A', 21);
INSERT INTO CaseMaster (CaseMasterID, CrimeNo, CaseNo, CrimeRegisteredDate, PolicePersonID, PoliceStationID, CaseCategoryID, GravityOffenceID, CrimeMajorHeadID, CrimeMinorHeadID, CaseStatusID, CourtID, IncidentFromDate, IncidentToDate, InfoReceivedPSDate, latitude, longitude, BriefFacts) VALUES (154, '100040012202400154', '202400154', '2024-11-15', 23, 12, 2, 1, 2, 4, 4, 4, '2024-11-15 10:00:00', '2024-11-15 12:00:00', '2024-11-15 10:00:00', 15.356000, 75.145000, 'Incident reported at Suburban Police Station Hubballi. Initial investigation launched by IO Basavaraj Rao.');
INSERT INTO Inv_OccuranceTime (CaseMasterID, IncidentFromDate, IncidentToDate, latitude, longitude, PlaceOfOccurrence) VALUES (154, '2024-11-15 10:00:00', '2024-11-15 12:00:00', 15.356000, 75.145000, 'Near Junction, Suburban Hubballi');
INSERT INTO ComplainantDetails (ComplainantID, CaseMasterID, ComplainantName, AgeYear, OccupationID, ReligionID, CasteID, GenderID) VALUES (154, 154, 'Jagadish Kulkarni', 29, 2, 1, 1, 1);
INSERT INTO ActSectionAssociation (CaseMasterID, ActID, SectionID, ActOrderID, SectionOrderID) VALUES (154, 'IPC', '302', 1, 1);
INSERT INTO Victim (VictimMasterID, CaseMasterID, VictimName, AgeYear, GenderID, VictimPolice) VALUES (154, 154, 'Arun Shetty', 38, 1, '0');
INSERT INTO Accused (AccusedMasterID, CaseMasterID, AccusedName, AgeYear, GenderID, PersonID) VALUES (206, 154, 'Dharma Reddy', 32, 1, 'A1');
INSERT INTO ArrestSurrender (ArrestSurrenderID, CaseMasterID, ArrestSurrenderTypeID, ArrestSurrenderDate, ArrestSurrenderStateId, ArrestSurrenderDistrictId, PoliceStationID, IOID, CourtID, AccusedMasterID, IsAccused, IsComplainantAccused) VALUES (80, 154, 1, '2024-11-15', 1, 4, 12, 23, 4, 206, 1, 0);
INSERT INTO inv_arrestsurrenderaccused (ArrestSurrenderID, AccusedMasterID) VALUES (80, 206);
INSERT INTO CaseMaster (CaseMasterID, CrimeNo, CaseNo, CrimeRegisteredDate, PolicePersonID, PoliceStationID, CaseCategoryID, GravityOffenceID, CrimeMajorHeadID, CrimeMinorHeadID, CaseStatusID, CourtID, IncidentFromDate, IncidentToDate, InfoReceivedPSDate, latitude, longitude, BriefFacts) VALUES (155, '100050016202400155', '202400155', '2024-12-16', 31, 16, 3, 2, 2, 5, 5, 5, '2024-12-16 11:00:00', '2024-12-16 13:00:00', '2024-12-16 11:00:00', 15.849000, 74.513000, 'Incident reported at Tilakwadi Police Station. Initial investigation launched by IO Prakash Patil.');
INSERT INTO Inv_OccuranceTime (CaseMasterID, IncidentFromDate, IncidentToDate, latitude, longitude, PlaceOfOccurrence) VALUES (155, '2024-12-16 11:00:00', '2024-12-16 13:00:00', 15.849000, 74.513000, 'Near Junction, Tilakwadi');
INSERT INTO ComplainantDetails (ComplainantID, CaseMasterID, ComplainantName, AgeYear, OccupationID, ReligionID, CasteID, GenderID) VALUES (155, 155, 'Eshwar Bhat', 28, 2, 1, 1, 1);
INSERT INTO ActSectionAssociation (CaseMasterID, ActID, SectionID, ActOrderID, SectionOrderID) VALUES (155, 'IPC', '302', 1, 1);
INSERT INTO Victim (VictimMasterID, CaseMasterID, VictimName, AgeYear, GenderID, VictimPolice) VALUES (155, 155, 'Vinay Murthy', 30, 1, '0');
INSERT INTO Accused (AccusedMasterID, CaseMasterID, AccusedName, AgeYear, GenderID, PersonID) VALUES (207, 155, 'Jagga Kumar', 20, 1, 'A1');
INSERT INTO CaseMaster (CaseMasterID, CrimeNo, CaseNo, CrimeRegisteredDate, PolicePersonID, PoliceStationID, CaseCategoryID, GravityOffenceID, CrimeMajorHeadID, CrimeMinorHeadID, CaseStatusID, CourtID, IncidentFromDate, IncidentToDate, InfoReceivedPSDate, latitude, longitude, BriefFacts) VALUES (156, '100060018202400156', '202400156', '2024-01-17', 35, 18, 4, 3, 3, 6, 1, 6, '2024-01-17 12:00:00', '2024-01-17 14:00:00', '2024-01-17 12:00:00', 17.335000, 76.840000, 'Incident reported at Station Bazar Police Station. Initial investigation launched by IO Mahesh Bhat.');
INSERT INTO Inv_OccuranceTime (CaseMasterID, IncidentFromDate, IncidentToDate, latitude, longitude, PlaceOfOccurrence) VALUES (156, '2024-01-17 12:00:00', '2024-01-17 14:00:00', 17.335000, 76.840000, 'Near Junction, Station Bazar');
INSERT INTO ComplainantDetails (ComplainantID, CaseMasterID, ComplainantName, AgeYear, OccupationID, ReligionID, CasteID, GenderID) VALUES (156, 156, 'Girish Deshpande', 35, 2, 1, 1, 1);
INSERT INTO ActSectionAssociation (CaseMasterID, ActID, SectionID, ActOrderID, SectionOrderID) VALUES (156, 'IT_ACT', '66D', 1, 1);
INSERT INTO Victim (VictimMasterID, CaseMasterID, VictimName, AgeYear, GenderID, VictimPolice) VALUES (156, 156, 'Bhavya Rao', 22, 1, '0');
INSERT INTO Accused (AccusedMasterID, CaseMasterID, AccusedName, AgeYear, GenderID, PersonID) VALUES (208, 156, 'Raja Verma', 25, 1, 'A1');
INSERT INTO Accused (AccusedMasterID, CaseMasterID, AccusedName, AgeYear, GenderID, PersonID) VALUES (209, 156, 'Mantu Alias', 40, 1, 'A2');
INSERT INTO ArrestSurrender (ArrestSurrenderID, CaseMasterID, ArrestSurrenderTypeID, ArrestSurrenderDate, ArrestSurrenderStateId, ArrestSurrenderDistrictId, PoliceStationID, IOID, CourtID, AccusedMasterID, IsAccused, IsComplainantAccused) VALUES (81, 156, 1, '2024-01-17', 1, 6, 18, 35, 6, 208, 1, 0);
INSERT INTO inv_arrestsurrenderaccused (ArrestSurrenderID, AccusedMasterID) VALUES (81, 208);
INSERT INTO inv_arrestsurrenderaccused (ArrestSurrenderID, AccusedMasterID) VALUES (81, 209);
INSERT INTO ChargesheetDetails (CSID, CaseMasterID, csdate, cstype, PolicePersonID) VALUES (53, 156, '2024-01-17 12:00:00', 'A', 35);
INSERT INTO CaseMaster (CaseMasterID, CrimeNo, CaseNo, CrimeRegisteredDate, PolicePersonID, PoliceStationID, CaseCategoryID, GravityOffenceID, CrimeMajorHeadID, CrimeMinorHeadID, CaseStatusID, CourtID, IncidentFromDate, IncidentToDate, InfoReceivedPSDate, latitude, longitude, BriefFacts) VALUES (157, '100010002202400157', '202400157', '2024-02-18', 3, 2, 1, 1, 3, 7, 2, 1, '2024-02-18 13:00:00', '2024-02-18 15:00:00', '2024-02-18 13:00:00', 12.942200, 77.631500, 'Incident reported at Koramangala Police Station. Initial investigation launched by IO Ganesh Nayak.');
INSERT INTO Inv_OccuranceTime (CaseMasterID, IncidentFromDate, IncidentToDate, latitude, longitude, PlaceOfOccurrence) VALUES (157, '2024-02-18 13:00:00', '2024-02-18 15:00:00', 12.942200, 77.631500, 'Near Junction, Koramangala');
INSERT INTO ComplainantDetails (ComplainantID, CaseMasterID, ComplainantName, AgeYear, OccupationID, ReligionID, CasteID, GenderID) VALUES (157, 157, 'Radha Kulkarni', 62, 2, 1, 1, 1);
INSERT INTO ActSectionAssociation (CaseMasterID, ActID, SectionID, ActOrderID, SectionOrderID) VALUES (157, 'IT_ACT', '66D', 1, 1);
INSERT INTO Victim (VictimMasterID, CaseMasterID, VictimName, AgeYear, GenderID, VictimPolice) VALUES (157, 157, 'Ganesh Kulkarni', 31, 1, '0');
INSERT INTO Accused (AccusedMasterID, CaseMasterID, AccusedName, AgeYear, GenderID, PersonID) VALUES (210, 157, 'Babloo Reddy', 20, 1, 'A1');
INSERT INTO CaseMaster (CaseMasterID, CrimeNo, CaseNo, CrimeRegisteredDate, PolicePersonID, PoliceStationID, CaseCategoryID, GravityOffenceID, CrimeMajorHeadID, CrimeMinorHeadID, CaseStatusID, CourtID, IncidentFromDate, IncidentToDate, InfoReceivedPSDate, latitude, longitude, BriefFacts) VALUES (158, '100020007202400158', '202400158', '2024-03-19', 13, 7, 2, 2, 4, 8, 3, 2, '2024-03-19 14:00:00', '2024-03-19 16:00:00', '2024-03-19 14:00:00', 12.320000, 76.666000, 'Incident reported at Lashkar Police Station. Initial investigation launched by IO Anil Kulkarni.');
INSERT INTO Inv_OccuranceTime (CaseMasterID, IncidentFromDate, IncidentToDate, latitude, longitude, PlaceOfOccurrence) VALUES (158, '2024-03-19 14:00:00', '2024-03-19 16:00:00', 12.320000, 76.666000, 'Near Junction, Lashkar');
INSERT INTO ComplainantDetails (ComplainantID, CaseMasterID, ComplainantName, AgeYear, OccupationID, ReligionID, CasteID, GenderID) VALUES (158, 158, 'Pooja Shetty', 54, 2, 1, 1, 1);
INSERT INTO ActSectionAssociation (CaseMasterID, ActID, SectionID, ActOrderID, SectionOrderID) VALUES (158, 'IPC', '420', 1, 1);
INSERT INTO Victim (VictimMasterID, CaseMasterID, VictimName, AgeYear, GenderID, VictimPolice) VALUES (158, 158, 'Manoj Joshi', 47, 1, '0');
INSERT INTO Accused (AccusedMasterID, CaseMasterID, AccusedName, AgeYear, GenderID, PersonID) VALUES (211, 158, 'Jagga Khan', 45, 1, 'A1');
INSERT INTO ArrestSurrender (ArrestSurrenderID, CaseMasterID, ArrestSurrenderTypeID, ArrestSurrenderDate, ArrestSurrenderStateId, ArrestSurrenderDistrictId, PoliceStationID, IOID, CourtID, AccusedMasterID, IsAccused, IsComplainantAccused) VALUES (82, 158, 1, '2024-03-19', 1, 2, 7, 13, 2, 211, 1, 0);
INSERT INTO inv_arrestsurrenderaccused (ArrestSurrenderID, AccusedMasterID) VALUES (82, 211);
INSERT INTO CaseMaster (CaseMasterID, CrimeNo, CaseNo, CrimeRegisteredDate, PolicePersonID, PoliceStationID, CaseCategoryID, GravityOffenceID, CrimeMajorHeadID, CrimeMinorHeadID, CaseStatusID, CourtID, IncidentFromDate, IncidentToDate, InfoReceivedPSDate, latitude, longitude, BriefFacts) VALUES (159, '100030011202400159', '202400159', '2024-04-20', 21, 11, 3, 3, 5, 9, 4, 3, '2024-04-20 15:00:00', '2024-04-20 17:00:00', '2024-04-20 15:00:00', 12.898000, 74.840000, 'Incident reported at Urwa Police Station. Initial investigation launched by IO Anil Gowda.');
INSERT INTO Inv_OccuranceTime (CaseMasterID, IncidentFromDate, IncidentToDate, latitude, longitude, PlaceOfOccurrence) VALUES (159, '2024-04-20 15:00:00', '2024-04-20 17:00:00', 12.898000, 74.840000, 'Near Junction, Urwa');
INSERT INTO ComplainantDetails (ComplainantID, CaseMasterID, ComplainantName, AgeYear, OccupationID, ReligionID, CasteID, GenderID) VALUES (159, 159, 'Girish Kulkarni', 42, 2, 1, 1, 1);
INSERT INTO ActSectionAssociation (CaseMasterID, ActID, SectionID, ActOrderID, SectionOrderID) VALUES (159, 'NDPS', '20', 1, 1);
INSERT INTO Victim (VictimMasterID, CaseMasterID, VictimName, AgeYear, GenderID, VictimPolice) VALUES (159, 159, 'Rajesh Rao', 33, 1, '0');
INSERT INTO Accused (AccusedMasterID, CaseMasterID, AccusedName, AgeYear, GenderID, PersonID) VALUES (212, 159, 'Altaf Singh', 36, 1, 'A1');
INSERT INTO Accused (AccusedMasterID, CaseMasterID, AccusedName, AgeYear, GenderID, PersonID) VALUES (213, 159, 'Pandu Alias', 26, 1, 'A2');
INSERT INTO ChargesheetDetails (CSID, CaseMasterID, csdate, cstype, PolicePersonID) VALUES (54, 159, '2024-04-20 15:00:00', 'A', 21);
INSERT INTO CaseMaster (CaseMasterID, CrimeNo, CaseNo, CrimeRegisteredDate, PolicePersonID, PoliceStationID, CaseCategoryID, GravityOffenceID, CrimeMajorHeadID, CrimeMinorHeadID, CaseStatusID, CourtID, IncidentFromDate, IncidentToDate, InfoReceivedPSDate, latitude, longitude, BriefFacts) VALUES (160, '100040012202400160', '202400160', '2024-05-21', 23, 12, 4, 1, 1, 10, 5, 4, '2024-05-21 16:00:00', '2024-05-21 18:00:00', '2024-05-21 16:00:00', 15.342000, 75.131000, 'Incident reported at Suburban Police Station Hubballi. Initial investigation launched by IO Basavaraj Rao.');
INSERT INTO Inv_OccuranceTime (CaseMasterID, IncidentFromDate, IncidentToDate, latitude, longitude, PlaceOfOccurrence) VALUES (160, '2024-05-21 16:00:00', '2024-05-21 18:00:00', 15.342000, 75.131000, 'Near Junction, Suburban Hubballi');
INSERT INTO ComplainantDetails (ComplainantID, CaseMasterID, ComplainantName, AgeYear, OccupationID, ReligionID, CasteID, GenderID) VALUES (160, 160, 'Kavitha Joshi', 55, 2, 1, 1, 1);
INSERT INTO ActSectionAssociation (CaseMasterID, ActID, SectionID, ActOrderID, SectionOrderID) VALUES (160, 'IPC', '379', 1, 1);
INSERT INTO Victim (VictimMasterID, CaseMasterID, VictimName, AgeYear, GenderID, VictimPolice) VALUES (160, 160, 'Vinay Kulkarni', 47, 1, '0');
INSERT INTO Accused (AccusedMasterID, CaseMasterID, AccusedName, AgeYear, GenderID, PersonID) VALUES (214, 160, 'Jagga Kumar', 30, 1, 'A1');
INSERT INTO ArrestSurrender (ArrestSurrenderID, CaseMasterID, ArrestSurrenderTypeID, ArrestSurrenderDate, ArrestSurrenderStateId, ArrestSurrenderDistrictId, PoliceStationID, IOID, CourtID, AccusedMasterID, IsAccused, IsComplainantAccused) VALUES (83, 160, 1, '2024-05-21', 1, 4, 12, 23, 4, 214, 1, 0);
INSERT INTO inv_arrestsurrenderaccused (ArrestSurrenderID, AccusedMasterID) VALUES (83, 214);
INSERT INTO CaseMaster (CaseMasterID, CrimeNo, CaseNo, CrimeRegisteredDate, PolicePersonID, PoliceStationID, CaseCategoryID, GravityOffenceID, CrimeMajorHeadID, CrimeMinorHeadID, CaseStatusID, CourtID, IncidentFromDate, IncidentToDate, InfoReceivedPSDate, latitude, longitude, BriefFacts) VALUES (161, '100050016202400161', '202400161', '2024-06-22', 31, 16, 1, 2, 1, 1, 1, 5, '2024-06-22 17:00:00', '2024-06-22 19:00:00', '2024-06-22 17:00:00', 15.835000, 74.499000, 'Incident reported at Tilakwadi Police Station. Initial investigation launched by IO Prakash Patil.');
INSERT INTO Inv_OccuranceTime (CaseMasterID, IncidentFromDate, IncidentToDate, latitude, longitude, PlaceOfOccurrence) VALUES (161, '2024-06-22 17:00:00', '2024-06-22 19:00:00', 15.835000, 74.499000, 'Near Junction, Tilakwadi');
INSERT INTO ComplainantDetails (ComplainantID, CaseMasterID, ComplainantName, AgeYear, OccupationID, ReligionID, CasteID, GenderID) VALUES (161, 161, 'Jagadish Bhat', 30, 2, 1, 1, 1);
INSERT INTO ActSectionAssociation (CaseMasterID, ActID, SectionID, ActOrderID, SectionOrderID) VALUES (161, 'IPC', '379', 1, 1);
INSERT INTO Victim (VictimMasterID, CaseMasterID, VictimName, AgeYear, GenderID, VictimPolice) VALUES (161, 161, 'Chaitra Hegde', 20, 1, '0');
INSERT INTO Accused (AccusedMasterID, CaseMasterID, AccusedName, AgeYear, GenderID, PersonID) VALUES (215, 161, 'Tukaram Pashan', 32, 1, 'A1');
INSERT INTO CaseMaster (CaseMasterID, CrimeNo, CaseNo, CrimeRegisteredDate, PolicePersonID, PoliceStationID, CaseCategoryID, GravityOffenceID, CrimeMajorHeadID, CrimeMinorHeadID, CaseStatusID, CourtID, IncidentFromDate, IncidentToDate, InfoReceivedPSDate, latitude, longitude, BriefFacts) VALUES (162, '100060018202400162', '202400162', '2024-07-23', 35, 18, 2, 3, 1, 2, 2, 6, '2024-07-23 18:00:00', '2024-07-23 20:00:00', '2024-07-23 18:00:00', 17.321000, 76.826000, 'Incident reported at Station Bazar Police Station. Initial investigation launched by IO Mahesh Bhat.');
INSERT INTO Inv_OccuranceTime (CaseMasterID, IncidentFromDate, IncidentToDate, latitude, longitude, PlaceOfOccurrence) VALUES (162, '2024-07-23 18:00:00', '2024-07-23 20:00:00', 17.321000, 76.826000, 'Near Junction, Station Bazar');
INSERT INTO ComplainantDetails (ComplainantID, CaseMasterID, ComplainantName, AgeYear, OccupationID, ReligionID, CasteID, GenderID) VALUES (162, 162, 'Suma Kulkarni', 41, 2, 1, 1, 1);
INSERT INTO ActSectionAssociation (CaseMasterID, ActID, SectionID, ActOrderID, SectionOrderID) VALUES (162, 'IPC', '379', 1, 1);
INSERT INTO Victim (VictimMasterID, CaseMasterID, VictimName, AgeYear, GenderID, VictimPolice) VALUES (162, 162, 'Rajesh Murthy', 22, 1, '0');
INSERT INTO Accused (AccusedMasterID, CaseMasterID, AccusedName, AgeYear, GenderID, PersonID) VALUES (216, 162, 'Pandu Reddy', 22, 1, 'A1');
INSERT INTO Accused (AccusedMasterID, CaseMasterID, AccusedName, AgeYear, GenderID, PersonID) VALUES (217, 162, 'Tukaram Salim', 23, 1, 'A2');
INSERT INTO ArrestSurrender (ArrestSurrenderID, CaseMasterID, ArrestSurrenderTypeID, ArrestSurrenderDate, ArrestSurrenderStateId, ArrestSurrenderDistrictId, PoliceStationID, IOID, CourtID, AccusedMasterID, IsAccused, IsComplainantAccused) VALUES (84, 162, 1, '2024-07-23', 1, 6, 18, 35, 6, 216, 1, 0);
INSERT INTO inv_arrestsurrenderaccused (ArrestSurrenderID, AccusedMasterID) VALUES (84, 216);
INSERT INTO inv_arrestsurrenderaccused (ArrestSurrenderID, AccusedMasterID) VALUES (84, 217);
INSERT INTO ChargesheetDetails (CSID, CaseMasterID, csdate, cstype, PolicePersonID) VALUES (55, 162, '2024-07-23 18:00:00', 'A', 35);
INSERT INTO CaseMaster (CaseMasterID, CrimeNo, CaseNo, CrimeRegisteredDate, PolicePersonID, PoliceStationID, CaseCategoryID, GravityOffenceID, CrimeMajorHeadID, CrimeMinorHeadID, CaseStatusID, CourtID, IncidentFromDate, IncidentToDate, InfoReceivedPSDate, latitude, longitude, BriefFacts) VALUES (163, '100010003202400163', '202400163', '2024-08-24', 5, 3, 3, 1, 1, 3, 3, 1, '2024-08-24 19:00:00', '2024-08-24 21:00:00', '2024-08-24 19:00:00', 12.962800, 77.742900, 'Incident reported at Whitefield Police Station. Initial investigation launched by IO Sunil Bhat.');
INSERT INTO Inv_OccuranceTime (CaseMasterID, IncidentFromDate, IncidentToDate, latitude, longitude, PlaceOfOccurrence) VALUES (163, '2024-08-24 19:00:00', '2024-08-24 21:00:00', 12.962800, 77.742900, 'Near Junction, Whitefield');
INSERT INTO ComplainantDetails (ComplainantID, CaseMasterID, ComplainantName, AgeYear, OccupationID, ReligionID, CasteID, GenderID) VALUES (163, 163, 'Shilpa Naik', 51, 2, 1, 1, 1);
INSERT INTO ActSectionAssociation (CaseMasterID, ActID, SectionID, ActOrderID, SectionOrderID) VALUES (163, 'IPC', '379', 1, 1);
INSERT INTO Victim (VictimMasterID, CaseMasterID, VictimName, AgeYear, GenderID, VictimPolice) VALUES (163, 163, 'Sangeetha Deshpande', 21, 1, '0');
INSERT INTO Accused (AccusedMasterID, CaseMasterID, AccusedName, AgeYear, GenderID, PersonID) VALUES (218, 163, 'Jagga Khan', 32, 1, 'A1');
INSERT INTO CaseMaster (CaseMasterID, CrimeNo, CaseNo, CrimeRegisteredDate, PolicePersonID, PoliceStationID, CaseCategoryID, GravityOffenceID, CrimeMajorHeadID, CrimeMinorHeadID, CaseStatusID, CourtID, IncidentFromDate, IncidentToDate, InfoReceivedPSDate, latitude, longitude, BriefFacts) VALUES (164, '100020007202400164', '202400164', '2024-09-25', 13, 7, 4, 2, 2, 4, 4, 2, '2024-09-25 20:00:00', '2024-09-25 22:00:00', '2024-09-25 20:00:00', 12.306000, 76.652000, 'Incident reported at Lashkar Police Station. Initial investigation launched by IO Anil Kulkarni.');
INSERT INTO Inv_OccuranceTime (CaseMasterID, IncidentFromDate, IncidentToDate, latitude, longitude, PlaceOfOccurrence) VALUES (164, '2024-09-25 20:00:00', '2024-09-25 22:00:00', 12.306000, 76.652000, 'Near Junction, Lashkar');
INSERT INTO ComplainantDetails (ComplainantID, CaseMasterID, ComplainantName, AgeYear, OccupationID, ReligionID, CasteID, GenderID) VALUES (164, 164, 'Suma Murthy', 27, 2, 1, 1, 1);
INSERT INTO ActSectionAssociation (CaseMasterID, ActID, SectionID, ActOrderID, SectionOrderID) VALUES (164, 'IPC', '302', 1, 1);
INSERT INTO Victim (VictimMasterID, CaseMasterID, VictimName, AgeYear, GenderID, VictimPolice) VALUES (164, 164, 'Divya Shetty', 60, 1, '0');
INSERT INTO Accused (AccusedMasterID, CaseMasterID, AccusedName, AgeYear, GenderID, PersonID) VALUES (219, 164, 'Altaf Pashan', 32, 1, 'A1');
INSERT INTO ArrestSurrender (ArrestSurrenderID, CaseMasterID, ArrestSurrenderTypeID, ArrestSurrenderDate, ArrestSurrenderStateId, ArrestSurrenderDistrictId, PoliceStationID, IOID, CourtID, AccusedMasterID, IsAccused, IsComplainantAccused) VALUES (85, 164, 1, '2024-09-25', 1, 2, 7, 13, 2, 219, 1, 0);
INSERT INTO inv_arrestsurrenderaccused (ArrestSurrenderID, AccusedMasterID) VALUES (85, 219);
INSERT INTO CaseMaster (CaseMasterID, CrimeNo, CaseNo, CrimeRegisteredDate, PolicePersonID, PoliceStationID, CaseCategoryID, GravityOffenceID, CrimeMajorHeadID, CrimeMinorHeadID, CaseStatusID, CourtID, IncidentFromDate, IncidentToDate, InfoReceivedPSDate, latitude, longitude, BriefFacts) VALUES (165, '100030011202400165', '202400165', '2024-10-26', 21, 11, 1, 3, 2, 5, 5, 3, '2024-10-26 21:00:00', '2024-10-26 23:00:00', '2024-10-26 21:00:00', 12.884000, 74.826000, 'Incident reported at Urwa Police Station. Initial investigation launched by IO Anil Gowda.');
INSERT INTO Inv_OccuranceTime (CaseMasterID, IncidentFromDate, IncidentToDate, latitude, longitude, PlaceOfOccurrence) VALUES (165, '2024-10-26 21:00:00', '2024-10-26 23:00:00', 12.884000, 74.826000, 'Near Junction, Urwa');
INSERT INTO ComplainantDetails (ComplainantID, CaseMasterID, ComplainantName, AgeYear, OccupationID, ReligionID, CasteID, GenderID) VALUES (165, 165, 'Girish Joshi', 47, 2, 1, 1, 1);
INSERT INTO ActSectionAssociation (CaseMasterID, ActID, SectionID, ActOrderID, SectionOrderID) VALUES (165, 'IPC', '302', 1, 1);
INSERT INTO Victim (VictimMasterID, CaseMasterID, VictimName, AgeYear, GenderID, VictimPolice) VALUES (165, 165, 'Manoj Shetty', 29, 1, '0');
INSERT INTO Accused (AccusedMasterID, CaseMasterID, AccusedName, AgeYear, GenderID, PersonID) VALUES (220, 165, 'Mantu Singh', 38, 1, 'A1');
INSERT INTO Accused (AccusedMasterID, CaseMasterID, AccusedName, AgeYear, GenderID, PersonID) VALUES (221, 165, 'Vicky Alias', 38, 1, 'A2');
INSERT INTO ChargesheetDetails (CSID, CaseMasterID, csdate, cstype, PolicePersonID) VALUES (56, 165, '2024-10-26 21:00:00', 'A', 21);
INSERT INTO CaseMaster (CaseMasterID, CrimeNo, CaseNo, CrimeRegisteredDate, PolicePersonID, PoliceStationID, CaseCategoryID, GravityOffenceID, CrimeMajorHeadID, CrimeMinorHeadID, CaseStatusID, CourtID, IncidentFromDate, IncidentToDate, InfoReceivedPSDate, latitude, longitude, BriefFacts) VALUES (166, '100040012202400166', '202400166', '2024-11-27', 23, 12, 2, 1, 3, 6, 1, 4, '2024-11-27 22:00:00', '2024-11-27 00:00:00', '2024-11-27 22:00:00', 15.348000, 75.137000, 'Incident reported at Suburban Police Station Hubballi. Initial investigation launched by IO Basavaraj Rao.');
INSERT INTO Inv_OccuranceTime (CaseMasterID, IncidentFromDate, IncidentToDate, latitude, longitude, PlaceOfOccurrence) VALUES (166, '2024-11-27 22:00:00', '2024-11-27 00:00:00', 15.348000, 75.137000, 'Near Junction, Suburban Hubballi');
INSERT INTO ComplainantDetails (ComplainantID, CaseMasterID, ComplainantName, AgeYear, OccupationID, ReligionID, CasteID, GenderID) VALUES (166, 166, 'Latha Joshi', 62, 2, 1, 1, 1);
INSERT INTO ActSectionAssociation (CaseMasterID, ActID, SectionID, ActOrderID, SectionOrderID) VALUES (166, 'IT_ACT', '66D', 1, 1);
INSERT INTO Victim (VictimMasterID, CaseMasterID, VictimName, AgeYear, GenderID, VictimPolice) VALUES (166, 166, 'Arun Deshpande', 24, 1, '0');
INSERT INTO Accused (AccusedMasterID, CaseMasterID, AccusedName, AgeYear, GenderID, PersonID) VALUES (222, 166, 'Tukaram Kumar', 28, 1, 'A1');
INSERT INTO ArrestSurrender (ArrestSurrenderID, CaseMasterID, ArrestSurrenderTypeID, ArrestSurrenderDate, ArrestSurrenderStateId, ArrestSurrenderDistrictId, PoliceStationID, IOID, CourtID, AccusedMasterID, IsAccused, IsComplainantAccused) VALUES (86, 166, 1, '2024-11-27', 1, 4, 12, 23, 4, 222, 1, 0);
INSERT INTO inv_arrestsurrenderaccused (ArrestSurrenderID, AccusedMasterID) VALUES (86, 222);
INSERT INTO CaseMaster (CaseMasterID, CrimeNo, CaseNo, CrimeRegisteredDate, PolicePersonID, PoliceStationID, CaseCategoryID, GravityOffenceID, CrimeMajorHeadID, CrimeMinorHeadID, CaseStatusID, CourtID, IncidentFromDate, IncidentToDate, InfoReceivedPSDate, latitude, longitude, BriefFacts) VALUES (167, '100050016202400167', '202400167', '2024-12-28', 31, 16, 3, 2, 3, 7, 2, 5, '2024-12-28 23:00:00', '2024-12-28 01:00:00', '2024-12-28 23:00:00', 15.841000, 74.505000, 'Incident reported at Tilakwadi Police Station. Initial investigation launched by IO Prakash Patil.');
INSERT INTO Inv_OccuranceTime (CaseMasterID, IncidentFromDate, IncidentToDate, latitude, longitude, PlaceOfOccurrence) VALUES (167, '2024-12-28 23:00:00', '2024-12-28 01:00:00', 15.841000, 74.505000, 'Near Junction, Tilakwadi');
INSERT INTO ComplainantDetails (ComplainantID, CaseMasterID, ComplainantName, AgeYear, OccupationID, ReligionID, CasteID, GenderID) VALUES (167, 167, 'Eshwar Murthy', 49, 2, 1, 1, 1);
INSERT INTO ActSectionAssociation (CaseMasterID, ActID, SectionID, ActOrderID, SectionOrderID) VALUES (167, 'IT_ACT', '66D', 1, 1);
INSERT INTO Victim (VictimMasterID, CaseMasterID, VictimName, AgeYear, GenderID, VictimPolice) VALUES (167, 167, 'Nikhil Rao', 31, 1, '0');
INSERT INTO Accused (AccusedMasterID, CaseMasterID, AccusedName, AgeYear, GenderID, PersonID) VALUES (223, 167, 'Tukaram Reddy', 24, 1, 'A1');
INSERT INTO CaseMaster (CaseMasterID, CrimeNo, CaseNo, CrimeRegisteredDate, PolicePersonID, PoliceStationID, CaseCategoryID, GravityOffenceID, CrimeMajorHeadID, CrimeMinorHeadID, CaseStatusID, CourtID, IncidentFromDate, IncidentToDate, InfoReceivedPSDate, latitude, longitude, BriefFacts) VALUES (168, '100060018202400168', '202400168', '2024-01-01', 35, 18, 4, 3, 4, 8, 3, 6, '2024-01-01 00:00:00', '2024-01-01 02:00:00', '2024-01-01 00:00:00', 17.327000, 76.832000, 'Incident reported at Station Bazar Police Station. Initial investigation launched by IO Mahesh Bhat.');
INSERT INTO Inv_OccuranceTime (CaseMasterID, IncidentFromDate, IncidentToDate, latitude, longitude, PlaceOfOccurrence) VALUES (168, '2024-01-01 00:00:00', '2024-01-01 02:00:00', 17.327000, 76.832000, 'Near Junction, Station Bazar');
INSERT INTO ComplainantDetails (ComplainantID, CaseMasterID, ComplainantName, AgeYear, OccupationID, ReligionID, CasteID, GenderID) VALUES (168, 168, 'Kavitha Gowda', 31, 2, 1, 1, 1);
INSERT INTO ActSectionAssociation (CaseMasterID, ActID, SectionID, ActOrderID, SectionOrderID) VALUES (168, 'IPC', '420', 1, 1);
INSERT INTO Victim (VictimMasterID, CaseMasterID, VictimName, AgeYear, GenderID, VictimPolice) VALUES (168, 168, 'Nikhil Hegde', 31, 1, '0');
INSERT INTO Accused (AccusedMasterID, CaseMasterID, AccusedName, AgeYear, GenderID, PersonID) VALUES (224, 168, 'Altaf Alias', 32, 1, 'A1');
INSERT INTO Accused (AccusedMasterID, CaseMasterID, AccusedName, AgeYear, GenderID, PersonID) VALUES (225, 168, 'Altaf Kumar', 37, 1, 'A2');
INSERT INTO ArrestSurrender (ArrestSurrenderID, CaseMasterID, ArrestSurrenderTypeID, ArrestSurrenderDate, ArrestSurrenderStateId, ArrestSurrenderDistrictId, PoliceStationID, IOID, CourtID, AccusedMasterID, IsAccused, IsComplainantAccused) VALUES (87, 168, 1, '2024-01-01', 1, 6, 18, 35, 6, 224, 1, 0);
INSERT INTO inv_arrestsurrenderaccused (ArrestSurrenderID, AccusedMasterID) VALUES (87, 224);
INSERT INTO inv_arrestsurrenderaccused (ArrestSurrenderID, AccusedMasterID) VALUES (87, 225);
INSERT INTO ChargesheetDetails (CSID, CaseMasterID, csdate, cstype, PolicePersonID) VALUES (57, 168, '2024-01-01 00:00:00', 'A', 35);
INSERT INTO CaseMaster (CaseMasterID, CrimeNo, CaseNo, CrimeRegisteredDate, PolicePersonID, PoliceStationID, CaseCategoryID, GravityOffenceID, CrimeMajorHeadID, CrimeMinorHeadID, CaseStatusID, CourtID, IncidentFromDate, IncidentToDate, InfoReceivedPSDate, latitude, longitude, BriefFacts) VALUES (169, '100010004202400169', '202400169', '2024-02-02', 7, 4, 1, 1, 5, 9, 4, 1, '2024-02-02 01:00:00', '2024-02-02 03:00:00', '2024-02-02 01:00:00', 12.924000, 77.592800, 'Incident reported at Jayanagar Police Station. Initial investigation launched by IO Vijay Kulkarni.');
INSERT INTO Inv_OccuranceTime (CaseMasterID, IncidentFromDate, IncidentToDate, latitude, longitude, PlaceOfOccurrence) VALUES (169, '2024-02-02 01:00:00', '2024-02-02 03:00:00', 12.924000, 77.592800, 'Near Junction, Jayanagar');
INSERT INTO ComplainantDetails (ComplainantID, CaseMasterID, ComplainantName, AgeYear, OccupationID, ReligionID, CasteID, GenderID) VALUES (169, 169, 'Radha Hegde', 46, 2, 1, 1, 1);
INSERT INTO ActSectionAssociation (CaseMasterID, ActID, SectionID, ActOrderID, SectionOrderID) VALUES (169, 'NDPS', '20', 1, 1);
INSERT INTO Victim (VictimMasterID, CaseMasterID, VictimName, AgeYear, GenderID, VictimPolice) VALUES (169, 169, 'Ganesh Kulkarni', 27, 1, '0');
INSERT INTO Accused (AccusedMasterID, CaseMasterID, AccusedName, AgeYear, GenderID, PersonID) VALUES (226, 169, 'Mantu Alias', 29, 1, 'A1');
INSERT INTO CaseMaster (CaseMasterID, CrimeNo, CaseNo, CrimeRegisteredDate, PolicePersonID, PoliceStationID, CaseCategoryID, GravityOffenceID, CrimeMajorHeadID, CrimeMinorHeadID, CaseStatusID, CourtID, IncidentFromDate, IncidentToDate, InfoReceivedPSDate, latitude, longitude, BriefFacts) VALUES (170, '100020007202400170', '202400170', '2024-03-03', 13, 7, 2, 2, 1, 10, 5, 2, '2024-03-03 02:00:00', '2024-03-03 04:00:00', '2024-03-03 02:00:00', 12.312000, 76.658000, 'Incident reported at Lashkar Police Station. Initial investigation launched by IO Anil Kulkarni.');
INSERT INTO Inv_OccuranceTime (CaseMasterID, IncidentFromDate, IncidentToDate, latitude, longitude, PlaceOfOccurrence) VALUES (170, '2024-03-03 02:00:00', '2024-03-03 04:00:00', 12.312000, 76.658000, 'Near Junction, Lashkar');
INSERT INTO ComplainantDetails (ComplainantID, CaseMasterID, ComplainantName, AgeYear, OccupationID, ReligionID, CasteID, GenderID) VALUES (170, 170, 'Anand Shetty', 29, 2, 1, 1, 1);
INSERT INTO ActSectionAssociation (CaseMasterID, ActID, SectionID, ActOrderID, SectionOrderID) VALUES (170, 'IPC', '379', 1, 1);
INSERT INTO Victim (VictimMasterID, CaseMasterID, VictimName, AgeYear, GenderID, VictimPolice) VALUES (170, 170, 'Divya Murthy', 60, 1, '0');
INSERT INTO Accused (AccusedMasterID, CaseMasterID, AccusedName, AgeYear, GenderID, PersonID) VALUES (227, 170, 'Pandu Kumar', 25, 1, 'A1');
INSERT INTO ArrestSurrender (ArrestSurrenderID, CaseMasterID, ArrestSurrenderTypeID, ArrestSurrenderDate, ArrestSurrenderStateId, ArrestSurrenderDistrictId, PoliceStationID, IOID, CourtID, AccusedMasterID, IsAccused, IsComplainantAccused) VALUES (88, 170, 1, '2024-03-03', 1, 2, 7, 13, 2, 227, 1, 0);
INSERT INTO inv_arrestsurrenderaccused (ArrestSurrenderID, AccusedMasterID) VALUES (88, 227);
INSERT INTO CaseMaster (CaseMasterID, CrimeNo, CaseNo, CrimeRegisteredDate, PolicePersonID, PoliceStationID, CaseCategoryID, GravityOffenceID, CrimeMajorHeadID, CrimeMinorHeadID, CaseStatusID, CourtID, IncidentFromDate, IncidentToDate, InfoReceivedPSDate, latitude, longitude, BriefFacts) VALUES (171, '100030011202400171', '202400171', '2024-04-04', 21, 11, 3, 3, 1, 1, 1, 3, '2024-04-04 03:00:00', '2024-04-04 05:00:00', '2024-04-04 03:00:00', 12.890000, 74.832000, 'Incident reported at Urwa Police Station. Initial investigation launched by IO Anil Gowda.');
INSERT INTO Inv_OccuranceTime (CaseMasterID, IncidentFromDate, IncidentToDate, latitude, longitude, PlaceOfOccurrence) VALUES (171, '2024-04-04 03:00:00', '2024-04-04 05:00:00', 12.890000, 74.832000, 'Near Junction, Urwa');
INSERT INTO ComplainantDetails (ComplainantID, CaseMasterID, ComplainantName, AgeYear, OccupationID, ReligionID, CasteID, GenderID) VALUES (171, 171, 'Pooja Kulkarni', 41, 2, 1, 1, 1);
INSERT INTO ActSectionAssociation (CaseMasterID, ActID, SectionID, ActOrderID, SectionOrderID) VALUES (171, 'IPC', '379', 1, 1);
INSERT INTO Victim (VictimMasterID, CaseMasterID, VictimName, AgeYear, GenderID, VictimPolice) VALUES (171, 171, 'Bhavya Gowda', 25, 1, '0');
INSERT INTO Accused (AccusedMasterID, CaseMasterID, AccusedName, AgeYear, GenderID, PersonID) VALUES (228, 171, 'Dharma Singh', 36, 1, 'A1');
INSERT INTO Accused (AccusedMasterID, CaseMasterID, AccusedName, AgeYear, GenderID, PersonID) VALUES (229, 171, 'Shiva Alias', 21, 1, 'A2');
INSERT INTO ChargesheetDetails (CSID, CaseMasterID, csdate, cstype, PolicePersonID) VALUES (58, 171, '2024-04-04 03:00:00', 'A', 21);
INSERT INTO CaseMaster (CaseMasterID, CrimeNo, CaseNo, CrimeRegisteredDate, PolicePersonID, PoliceStationID, CaseCategoryID, GravityOffenceID, CrimeMajorHeadID, CrimeMinorHeadID, CaseStatusID, CourtID, IncidentFromDate, IncidentToDate, InfoReceivedPSDate, latitude, longitude, BriefFacts) VALUES (172, '100040012202400172', '202400172', '2024-05-05', 23, 12, 4, 1, 1, 2, 2, 4, '2024-05-05 04:00:00', '2024-05-05 06:00:00', '2024-05-05 04:00:00', 15.354000, 75.143000, 'Incident reported at Suburban Police Station Hubballi. Initial investigation launched by IO Basavaraj Rao.');
INSERT INTO Inv_OccuranceTime (CaseMasterID, IncidentFromDate, IncidentToDate, latitude, longitude, PlaceOfOccurrence) VALUES (172, '2024-05-05 04:00:00', '2024-05-05 06:00:00', 15.354000, 75.143000, 'Near Junction, Suburban Hubballi');
INSERT INTO ComplainantDetails (ComplainantID, CaseMasterID, ComplainantName, AgeYear, OccupationID, ReligionID, CasteID, GenderID) VALUES (172, 172, 'Radha Kulkarni', 29, 2, 1, 1, 1);
INSERT INTO ActSectionAssociation (CaseMasterID, ActID, SectionID, ActOrderID, SectionOrderID) VALUES (172, 'IPC', '379', 1, 1);
INSERT INTO Victim (VictimMasterID, CaseMasterID, VictimName, AgeYear, GenderID, VictimPolice) VALUES (172, 172, 'Arun Rao', 33, 1, '0');
INSERT INTO Accused (AccusedMasterID, CaseMasterID, AccusedName, AgeYear, GenderID, PersonID) VALUES (230, 172, 'Imtiaz Singh', 39, 1, 'A1');
INSERT INTO ArrestSurrender (ArrestSurrenderID, CaseMasterID, ArrestSurrenderTypeID, ArrestSurrenderDate, ArrestSurrenderStateId, ArrestSurrenderDistrictId, PoliceStationID, IOID, CourtID, AccusedMasterID, IsAccused, IsComplainantAccused) VALUES (89, 172, 1, '2024-05-05', 1, 4, 12, 23, 4, 230, 1, 0);
INSERT INTO inv_arrestsurrenderaccused (ArrestSurrenderID, AccusedMasterID) VALUES (89, 230);
INSERT INTO CaseMaster (CaseMasterID, CrimeNo, CaseNo, CrimeRegisteredDate, PolicePersonID, PoliceStationID, CaseCategoryID, GravityOffenceID, CrimeMajorHeadID, CrimeMinorHeadID, CaseStatusID, CourtID, IncidentFromDate, IncidentToDate, InfoReceivedPSDate, latitude, longitude, BriefFacts) VALUES (173, '100050016202400173', '202400173', '2024-06-06', 31, 16, 1, 2, 1, 3, 3, 5, '2024-06-06 05:00:00', '2024-06-06 07:00:00', '2024-06-06 05:00:00', 15.847000, 74.511000, 'Incident reported at Tilakwadi Police Station. Initial investigation launched by IO Prakash Patil.');
INSERT INTO Inv_OccuranceTime (CaseMasterID, IncidentFromDate, IncidentToDate, latitude, longitude, PlaceOfOccurrence) VALUES (173, '2024-06-06 05:00:00', '2024-06-06 07:00:00', 15.847000, 74.511000, 'Near Junction, Tilakwadi');
INSERT INTO ComplainantDetails (ComplainantID, CaseMasterID, ComplainantName, AgeYear, OccupationID, ReligionID, CasteID, GenderID) VALUES (173, 173, 'Suma Bhat', 35, 2, 1, 1, 1);
INSERT INTO ActSectionAssociation (CaseMasterID, ActID, SectionID, ActOrderID, SectionOrderID) VALUES (173, 'IPC', '379', 1, 1);
INSERT INTO Victim (VictimMasterID, CaseMasterID, VictimName, AgeYear, GenderID, VictimPolice) VALUES (173, 173, 'Nikhil Murthy', 47, 1, '0');
INSERT INTO Accused (AccusedMasterID, CaseMasterID, AccusedName, AgeYear, GenderID, PersonID) VALUES (231, 173, 'Dharma Khan', 29, 1, 'A1');
INSERT INTO CaseMaster (CaseMasterID, CrimeNo, CaseNo, CrimeRegisteredDate, PolicePersonID, PoliceStationID, CaseCategoryID, GravityOffenceID, CrimeMajorHeadID, CrimeMinorHeadID, CaseStatusID, CourtID, IncidentFromDate, IncidentToDate, InfoReceivedPSDate, latitude, longitude, BriefFacts) VALUES (174, '100060018202400174', '202400174', '2024-07-07', 35, 18, 2, 3, 2, 4, 4, 6, '2024-07-07 06:00:00', '2024-07-07 08:00:00', '2024-07-07 06:00:00', 17.333000, 76.838000, 'Incident reported at Station Bazar Police Station. Initial investigation launched by IO Mahesh Bhat.');
INSERT INTO Inv_OccuranceTime (CaseMasterID, IncidentFromDate, IncidentToDate, latitude, longitude, PlaceOfOccurrence) VALUES (174, '2024-07-07 06:00:00', '2024-07-07 08:00:00', 17.333000, 76.838000, 'Near Junction, Station Bazar');
INSERT INTO ComplainantDetails (ComplainantID, CaseMasterID, ComplainantName, AgeYear, OccupationID, ReligionID, CasteID, GenderID) VALUES (174, 174, 'Kavitha Bhat', 35, 2, 1, 1, 1);
INSERT INTO ActSectionAssociation (CaseMasterID, ActID, SectionID, ActOrderID, SectionOrderID) VALUES (174, 'IPC', '302', 1, 1);
INSERT INTO Victim (VictimMasterID, CaseMasterID, VictimName, AgeYear, GenderID, VictimPolice) VALUES (174, 174, 'Rajesh Hegde', 37, 1, '0');
INSERT INTO Accused (AccusedMasterID, CaseMasterID, AccusedName, AgeYear, GenderID, PersonID) VALUES (232, 174, 'Jagga Reddy', 27, 1, 'A1');
INSERT INTO Accused (AccusedMasterID, CaseMasterID, AccusedName, AgeYear, GenderID, PersonID) VALUES (233, 174, 'Mantu Singh', 26, 1, 'A2');
INSERT INTO ArrestSurrender (ArrestSurrenderID, CaseMasterID, ArrestSurrenderTypeID, ArrestSurrenderDate, ArrestSurrenderStateId, ArrestSurrenderDistrictId, PoliceStationID, IOID, CourtID, AccusedMasterID, IsAccused, IsComplainantAccused) VALUES (90, 174, 1, '2024-07-07', 1, 6, 18, 35, 6, 232, 1, 0);
INSERT INTO inv_arrestsurrenderaccused (ArrestSurrenderID, AccusedMasterID) VALUES (90, 232);
INSERT INTO inv_arrestsurrenderaccused (ArrestSurrenderID, AccusedMasterID) VALUES (90, 233);
INSERT INTO ChargesheetDetails (CSID, CaseMasterID, csdate, cstype, PolicePersonID) VALUES (59, 174, '2024-07-07 06:00:00', 'A', 35);
INSERT INTO CaseMaster (CaseMasterID, CrimeNo, CaseNo, CrimeRegisteredDate, PolicePersonID, PoliceStationID, CaseCategoryID, GravityOffenceID, CrimeMajorHeadID, CrimeMinorHeadID, CaseStatusID, CourtID, IncidentFromDate, IncidentToDate, InfoReceivedPSDate, latitude, longitude, BriefFacts) VALUES (175, '100010005202400175', '202400175', '2024-08-08', 9, 5, 3, 1, 2, 5, 5, 1, '2024-08-08 07:00:00', '2024-08-08 09:00:00', '2024-08-08 07:00:00', 13.008100, 77.569300, 'Incident reported at Malleshwaram Police Station. Initial investigation launched by IO Santosh Shetty.');
INSERT INTO Inv_OccuranceTime (CaseMasterID, IncidentFromDate, IncidentToDate, latitude, longitude, PlaceOfOccurrence) VALUES (175, '2024-08-08 07:00:00', '2024-08-08 09:00:00', 13.008100, 77.569300, 'Near Junction, Malleshwaram');
INSERT INTO ComplainantDetails (ComplainantID, CaseMasterID, ComplainantName, AgeYear, OccupationID, ReligionID, CasteID, GenderID) VALUES (175, 175, 'Jagadish Gowda', 63, 2, 1, 1, 1);
INSERT INTO ActSectionAssociation (CaseMasterID, ActID, SectionID, ActOrderID, SectionOrderID) VALUES (175, 'IPC', '302', 1, 1);
INSERT INTO Victim (VictimMasterID, CaseMasterID, VictimName, AgeYear, GenderID, VictimPolice) VALUES (175, 175, 'Kiran Rao', 27, 1, '0');
INSERT INTO Accused (AccusedMasterID, CaseMasterID, AccusedName, AgeYear, GenderID, PersonID) VALUES (234, 175, 'Yogesh Singh', 44, 1, 'A1');
INSERT INTO CaseMaster (CaseMasterID, CrimeNo, CaseNo, CrimeRegisteredDate, PolicePersonID, PoliceStationID, CaseCategoryID, GravityOffenceID, CrimeMajorHeadID, CrimeMinorHeadID, CaseStatusID, CourtID, IncidentFromDate, IncidentToDate, InfoReceivedPSDate, latitude, longitude, BriefFacts) VALUES (176, '100020007202400176', '202400176', '2024-09-09', 13, 7, 4, 2, 3, 6, 1, 2, '2024-09-09 08:00:00', '2024-09-09 10:00:00', '2024-09-09 08:00:00', 12.318000, 76.664000, 'Incident reported at Lashkar Police Station. Initial investigation launched by IO Anil Kulkarni.');
INSERT INTO Inv_OccuranceTime (CaseMasterID, IncidentFromDate, IncidentToDate, latitude, longitude, PlaceOfOccurrence) VALUES (176, '2024-09-09 08:00:00', '2024-09-09 10:00:00', 12.318000, 76.664000, 'Near Junction, Lashkar');
INSERT INTO ComplainantDetails (ComplainantID, CaseMasterID, ComplainantName, AgeYear, OccupationID, ReligionID, CasteID, GenderID) VALUES (176, 176, 'Chetan Naik', 32, 2, 1, 1, 1);
INSERT INTO ActSectionAssociation (CaseMasterID, ActID, SectionID, ActOrderID, SectionOrderID) VALUES (176, 'IT_ACT', '66D', 1, 1);
INSERT INTO Victim (VictimMasterID, CaseMasterID, VictimName, AgeYear, GenderID, VictimPolice) VALUES (176, 176, 'Vinay Kulkarni', 33, 1, '0');
INSERT INTO Accused (AccusedMasterID, CaseMasterID, AccusedName, AgeYear, GenderID, PersonID) VALUES (235, 176, 'Yogesh Reddy', 29, 1, 'A1');
INSERT INTO ArrestSurrender (ArrestSurrenderID, CaseMasterID, ArrestSurrenderTypeID, ArrestSurrenderDate, ArrestSurrenderStateId, ArrestSurrenderDistrictId, PoliceStationID, IOID, CourtID, AccusedMasterID, IsAccused, IsComplainantAccused) VALUES (91, 176, 1, '2024-09-09', 1, 2, 7, 13, 2, 235, 1, 0);
INSERT INTO inv_arrestsurrenderaccused (ArrestSurrenderID, AccusedMasterID) VALUES (91, 235);
INSERT INTO CaseMaster (CaseMasterID, CrimeNo, CaseNo, CrimeRegisteredDate, PolicePersonID, PoliceStationID, CaseCategoryID, GravityOffenceID, CrimeMajorHeadID, CrimeMinorHeadID, CaseStatusID, CourtID, IncidentFromDate, IncidentToDate, InfoReceivedPSDate, latitude, longitude, BriefFacts) VALUES (177, '100030011202400177', '202400177', '2024-10-10', 21, 11, 1, 3, 3, 7, 2, 3, '2024-10-10 09:00:00', '2024-10-10 11:00:00', '2024-10-10 09:00:00', 12.896000, 74.838000, 'Incident reported at Urwa Police Station. Initial investigation launched by IO Anil Gowda.');
INSERT INTO Inv_OccuranceTime (CaseMasterID, IncidentFromDate, IncidentToDate, latitude, longitude, PlaceOfOccurrence) VALUES (177, '2024-10-10 09:00:00', '2024-10-10 11:00:00', 12.896000, 74.838000, 'Near Junction, Urwa');
INSERT INTO ComplainantDetails (ComplainantID, CaseMasterID, ComplainantName, AgeYear, OccupationID, ReligionID, CasteID, GenderID) VALUES (177, 177, 'Latha Joshi', 44, 2, 1, 1, 1);
INSERT INTO ActSectionAssociation (CaseMasterID, ActID, SectionID, ActOrderID, SectionOrderID) VALUES (177, 'IT_ACT', '66D', 1, 1);
INSERT INTO Victim (VictimMasterID, CaseMasterID, VictimName, AgeYear, GenderID, VictimPolice) VALUES (177, 177, 'Praveen Shetty', 27, 1, '0');
INSERT INTO Accused (AccusedMasterID, CaseMasterID, AccusedName, AgeYear, GenderID, PersonID) VALUES (236, 177, 'Dharma Salim', 26, 1, 'A1');
INSERT INTO Accused (AccusedMasterID, CaseMasterID, AccusedName, AgeYear, GenderID, PersonID) VALUES (237, 177, 'Vicky Alias', 33, 1, 'A2');
INSERT INTO ChargesheetDetails (CSID, CaseMasterID, csdate, cstype, PolicePersonID) VALUES (60, 177, '2024-10-10 09:00:00', 'A', 21);
INSERT INTO CaseMaster (CaseMasterID, CrimeNo, CaseNo, CrimeRegisteredDate, PolicePersonID, PoliceStationID, CaseCategoryID, GravityOffenceID, CrimeMajorHeadID, CrimeMinorHeadID, CaseStatusID, CourtID, IncidentFromDate, IncidentToDate, InfoReceivedPSDate, latitude, longitude, BriefFacts) VALUES (178, '100040012202400178', '202400178', '2024-11-11', 23, 12, 2, 1, 4, 8, 3, 4, '2024-11-11 10:00:00', '2024-11-11 12:00:00', '2024-11-11 10:00:00', 15.360000, 75.149000, 'Incident reported at Suburban Police Station Hubballi. Initial investigation launched by IO Basavaraj Rao.');
INSERT INTO Inv_OccuranceTime (CaseMasterID, IncidentFromDate, IncidentToDate, latitude, longitude, PlaceOfOccurrence) VALUES (178, '2024-11-11 10:00:00', '2024-11-11 12:00:00', 15.360000, 75.149000, 'Near Junction, Suburban Hubballi');
INSERT INTO ComplainantDetails (ComplainantID, CaseMasterID, ComplainantName, AgeYear, OccupationID, ReligionID, CasteID, GenderID) VALUES (178, 178, 'Kavitha Naik', 29, 2, 1, 1, 1);
INSERT INTO ActSectionAssociation (CaseMasterID, ActID, SectionID, ActOrderID, SectionOrderID) VALUES (178, 'IPC', '420', 1, 1);
INSERT INTO Victim (VictimMasterID, CaseMasterID, VictimName, AgeYear, GenderID, VictimPolice) VALUES (178, 178, 'Chaitra Deshpande', 39, 1, '0');
INSERT INTO Accused (AccusedMasterID, CaseMasterID, AccusedName, AgeYear, GenderID, PersonID) VALUES (238, 178, 'Tukaram Reddy', 25, 1, 'A1');
INSERT INTO ArrestSurrender (ArrestSurrenderID, CaseMasterID, ArrestSurrenderTypeID, ArrestSurrenderDate, ArrestSurrenderStateId, ArrestSurrenderDistrictId, PoliceStationID, IOID, CourtID, AccusedMasterID, IsAccused, IsComplainantAccused) VALUES (92, 178, 1, '2024-11-11', 1, 4, 12, 23, 4, 238, 1, 0);
INSERT INTO inv_arrestsurrenderaccused (ArrestSurrenderID, AccusedMasterID) VALUES (92, 238);
INSERT INTO CaseMaster (CaseMasterID, CrimeNo, CaseNo, CrimeRegisteredDate, PolicePersonID, PoliceStationID, CaseCategoryID, GravityOffenceID, CrimeMajorHeadID, CrimeMinorHeadID, CaseStatusID, CourtID, IncidentFromDate, IncidentToDate, InfoReceivedPSDate, latitude, longitude, BriefFacts) VALUES (179, '100050016202400179', '202400179', '2024-12-12', 31, 16, 3, 2, 5, 9, 4, 5, '2024-12-12 11:00:00', '2024-12-12 13:00:00', '2024-12-12 11:00:00', 15.853000, 74.517000, 'Incident reported at Tilakwadi Police Station. Initial investigation launched by IO Prakash Patil.');
INSERT INTO Inv_OccuranceTime (CaseMasterID, IncidentFromDate, IncidentToDate, latitude, longitude, PlaceOfOccurrence) VALUES (179, '2024-12-12 11:00:00', '2024-12-12 13:00:00', 15.853000, 74.517000, 'Near Junction, Tilakwadi');
INSERT INTO ComplainantDetails (ComplainantID, CaseMasterID, ComplainantName, AgeYear, OccupationID, ReligionID, CasteID, GenderID) VALUES (179, 179, 'Eshwar Deshpande', 65, 2, 1, 1, 1);
INSERT INTO ActSectionAssociation (CaseMasterID, ActID, SectionID, ActOrderID, SectionOrderID) VALUES (179, 'NDPS', '20', 1, 1);
INSERT INTO Victim (VictimMasterID, CaseMasterID, VictimName, AgeYear, GenderID, VictimPolice) VALUES (179, 179, 'Arun Hegde', 59, 1, '0');
INSERT INTO Accused (AccusedMasterID, CaseMasterID, AccusedName, AgeYear, GenderID, PersonID) VALUES (239, 179, 'Tukaram Khan', 30, 1, 'A1');
INSERT INTO CaseMaster (CaseMasterID, CrimeNo, CaseNo, CrimeRegisteredDate, PolicePersonID, PoliceStationID, CaseCategoryID, GravityOffenceID, CrimeMajorHeadID, CrimeMinorHeadID, CaseStatusID, CourtID, IncidentFromDate, IncidentToDate, InfoReceivedPSDate, latitude, longitude, BriefFacts) VALUES (180, '100060018202400180', '202400180', '2024-01-13', 35, 18, 4, 3, 1, 10, 5, 6, '2024-01-13 12:00:00', '2024-01-13 14:00:00', '2024-01-13 12:00:00', 17.319000, 76.824000, 'Incident reported at Station Bazar Police Station. Initial investigation launched by IO Mahesh Bhat.');
INSERT INTO Inv_OccuranceTime (CaseMasterID, IncidentFromDate, IncidentToDate, latitude, longitude, PlaceOfOccurrence) VALUES (180, '2024-01-13 12:00:00', '2024-01-13 14:00:00', 17.319000, 76.824000, 'Near Junction, Station Bazar');
INSERT INTO ComplainantDetails (ComplainantID, CaseMasterID, ComplainantName, AgeYear, OccupationID, ReligionID, CasteID, GenderID) VALUES (180, 180, 'Eshwar Naik', 46, 2, 1, 1, 1);
INSERT INTO ActSectionAssociation (CaseMasterID, ActID, SectionID, ActOrderID, SectionOrderID) VALUES (180, 'IPC', '379', 1, 1);
INSERT INTO Victim (VictimMasterID, CaseMasterID, VictimName, AgeYear, GenderID, VictimPolice) VALUES (180, 180, 'Rajesh Rao', 20, 1, '0');
INSERT INTO Accused (AccusedMasterID, CaseMasterID, AccusedName, AgeYear, GenderID, PersonID) VALUES (240, 180, 'Shiva Reddy', 36, 1, 'A1');
INSERT INTO Accused (AccusedMasterID, CaseMasterID, AccusedName, AgeYear, GenderID, PersonID) VALUES (241, 180, 'Imtiaz Verma', 22, 1, 'A2');
INSERT INTO ArrestSurrender (ArrestSurrenderID, CaseMasterID, ArrestSurrenderTypeID, ArrestSurrenderDate, ArrestSurrenderStateId, ArrestSurrenderDistrictId, PoliceStationID, IOID, CourtID, AccusedMasterID, IsAccused, IsComplainantAccused) VALUES (93, 180, 1, '2024-01-13', 1, 6, 18, 35, 6, 240, 1, 0);
INSERT INTO inv_arrestsurrenderaccused (ArrestSurrenderID, AccusedMasterID) VALUES (93, 240);
INSERT INTO inv_arrestsurrenderaccused (ArrestSurrenderID, AccusedMasterID) VALUES (93, 241);
INSERT INTO ChargesheetDetails (CSID, CaseMasterID, csdate, cstype, PolicePersonID) VALUES (61, 180, '2024-01-13 12:00:00', 'A', 35);
INSERT INTO CaseMaster (CaseMasterID, CrimeNo, CaseNo, CrimeRegisteredDate, PolicePersonID, PoliceStationID, CaseCategoryID, GravityOffenceID, CrimeMajorHeadID, CrimeMinorHeadID, CaseStatusID, CourtID, IncidentFromDate, IncidentToDate, InfoReceivedPSDate, latitude, longitude, BriefFacts) VALUES (181, '100010001202400181', '202400181', '2024-02-14', 1, 1, 1, 1, 1, 1, 1, 1, '2024-02-14 13:00:00', '2024-02-14 15:00:00', '2024-02-14 13:00:00', 12.969400, 77.631800, 'Incident reported at Indiranagar Police Station. Initial investigation launched by IO Suresh Rao.');
INSERT INTO Inv_OccuranceTime (CaseMasterID, IncidentFromDate, IncidentToDate, latitude, longitude, PlaceOfOccurrence) VALUES (181, '2024-02-14 13:00:00', '2024-02-14 15:00:00', 12.969400, 77.631800, 'Near Junction, Indiranagar');
INSERT INTO ComplainantDetails (ComplainantID, CaseMasterID, ComplainantName, AgeYear, OccupationID, ReligionID, CasteID, GenderID) VALUES (181, 181, 'Jagadish Rao', 45, 2, 1, 1, 1);
INSERT INTO ActSectionAssociation (CaseMasterID, ActID, SectionID, ActOrderID, SectionOrderID) VALUES (181, 'IPC', '379', 1, 1);
INSERT INTO Victim (VictimMasterID, CaseMasterID, VictimName, AgeYear, GenderID, VictimPolice) VALUES (181, 181, 'Kiran Hegde', 21, 1, '0');
INSERT INTO Accused (AccusedMasterID, CaseMasterID, AccusedName, AgeYear, GenderID, PersonID) VALUES (242, 181, 'Altaf Singh', 25, 1, 'A1');
INSERT INTO CaseMaster (CaseMasterID, CrimeNo, CaseNo, CrimeRegisteredDate, PolicePersonID, PoliceStationID, CaseCategoryID, GravityOffenceID, CrimeMajorHeadID, CrimeMinorHeadID, CaseStatusID, CourtID, IncidentFromDate, IncidentToDate, InfoReceivedPSDate, latitude, longitude, BriefFacts) VALUES (182, '100020007202400182', '202400182', '2024-03-15', 13, 7, 2, 2, 1, 2, 2, 2, '2024-03-15 14:00:00', '2024-03-15 16:00:00', '2024-03-15 14:00:00', 12.304000, 76.650000, 'Incident reported at Lashkar Police Station. Initial investigation launched by IO Anil Kulkarni.');
INSERT INTO Inv_OccuranceTime (CaseMasterID, IncidentFromDate, IncidentToDate, latitude, longitude, PlaceOfOccurrence) VALUES (182, '2024-03-15 14:00:00', '2024-03-15 16:00:00', 12.304000, 76.650000, 'Near Junction, Lashkar');
INSERT INTO ComplainantDetails (ComplainantID, CaseMasterID, ComplainantName, AgeYear, OccupationID, ReligionID, CasteID, GenderID) VALUES (182, 182, 'Suma Naik', 64, 2, 1, 1, 1);
INSERT INTO ActSectionAssociation (CaseMasterID, ActID, SectionID, ActOrderID, SectionOrderID) VALUES (182, 'IPC', '379', 1, 1);
INSERT INTO Victim (VictimMasterID, CaseMasterID, VictimName, AgeYear, GenderID, VictimPolice) VALUES (182, 182, 'Rajesh Deshpande', 37, 1, '0');
INSERT INTO Accused (AccusedMasterID, CaseMasterID, AccusedName, AgeYear, GenderID, PersonID) VALUES (243, 182, 'Imtiaz Alias', 24, 1, 'A1');
INSERT INTO ArrestSurrender (ArrestSurrenderID, CaseMasterID, ArrestSurrenderTypeID, ArrestSurrenderDate, ArrestSurrenderStateId, ArrestSurrenderDistrictId, PoliceStationID, IOID, CourtID, AccusedMasterID, IsAccused, IsComplainantAccused) VALUES (94, 182, 1, '2024-03-15', 1, 2, 7, 13, 2, 243, 1, 0);
INSERT INTO inv_arrestsurrenderaccused (ArrestSurrenderID, AccusedMasterID) VALUES (94, 243);
INSERT INTO CaseMaster (CaseMasterID, CrimeNo, CaseNo, CrimeRegisteredDate, PolicePersonID, PoliceStationID, CaseCategoryID, GravityOffenceID, CrimeMajorHeadID, CrimeMinorHeadID, CaseStatusID, CourtID, IncidentFromDate, IncidentToDate, InfoReceivedPSDate, latitude, longitude, BriefFacts) VALUES (183, '100030011202400183', '202400183', '2024-04-16', 21, 11, 3, 3, 1, 3, 3, 3, '2024-04-16 15:00:00', '2024-04-16 17:00:00', '2024-04-16 15:00:00', 12.882000, 74.824000, 'Incident reported at Urwa Police Station. Initial investigation launched by IO Anil Gowda.');
INSERT INTO Inv_OccuranceTime (CaseMasterID, IncidentFromDate, IncidentToDate, latitude, longitude, PlaceOfOccurrence) VALUES (183, '2024-04-16 15:00:00', '2024-04-16 17:00:00', 12.882000, 74.824000, 'Near Junction, Urwa');
INSERT INTO ComplainantDetails (ComplainantID, CaseMasterID, ComplainantName, AgeYear, OccupationID, ReligionID, CasteID, GenderID) VALUES (183, 183, 'Pooja Rao', 61, 2, 1, 1, 1);
INSERT INTO ActSectionAssociation (CaseMasterID, ActID, SectionID, ActOrderID, SectionOrderID) VALUES (183, 'IPC', '379', 1, 1);
INSERT INTO Victim (VictimMasterID, CaseMasterID, VictimName, AgeYear, GenderID, VictimPolice) VALUES (183, 183, 'Divya Murthy', 34, 1, '0');
INSERT INTO Accused (AccusedMasterID, CaseMasterID, AccusedName, AgeYear, GenderID, PersonID) VALUES (244, 183, 'Pandu Pashan', 31, 1, 'A1');
INSERT INTO Accused (AccusedMasterID, CaseMasterID, AccusedName, AgeYear, GenderID, PersonID) VALUES (245, 183, 'Mantu Kumar', 28, 1, 'A2');
INSERT INTO ChargesheetDetails (CSID, CaseMasterID, csdate, cstype, PolicePersonID) VALUES (62, 183, '2024-04-16 15:00:00', 'A', 21);
INSERT INTO CaseMaster (CaseMasterID, CrimeNo, CaseNo, CrimeRegisteredDate, PolicePersonID, PoliceStationID, CaseCategoryID, GravityOffenceID, CrimeMajorHeadID, CrimeMinorHeadID, CaseStatusID, CourtID, IncidentFromDate, IncidentToDate, InfoReceivedPSDate, latitude, longitude, BriefFacts) VALUES (184, '100040012202400184', '202400184', '2024-05-17', 23, 12, 4, 1, 2, 4, 4, 4, '2024-05-17 16:00:00', '2024-05-17 18:00:00', '2024-05-17 16:00:00', 15.346000, 75.135000, 'Incident reported at Suburban Police Station Hubballi. Initial investigation launched by IO Basavaraj Rao.');
INSERT INTO Inv_OccuranceTime (CaseMasterID, IncidentFromDate, IncidentToDate, latitude, longitude, PlaceOfOccurrence) VALUES (184, '2024-05-17 16:00:00', '2024-05-17 18:00:00', 15.346000, 75.135000, 'Near Junction, Suburban Hubballi');
INSERT INTO ComplainantDetails (ComplainantID, CaseMasterID, ComplainantName, AgeYear, OccupationID, ReligionID, CasteID, GenderID) VALUES (184, 184, 'Deepak Joshi', 53, 2, 1, 1, 1);
INSERT INTO ActSectionAssociation (CaseMasterID, ActID, SectionID, ActOrderID, SectionOrderID) VALUES (184, 'IPC', '302', 1, 1);
INSERT INTO Victim (VictimMasterID, CaseMasterID, VictimName, AgeYear, GenderID, VictimPolice) VALUES (184, 184, 'Praveen Kulkarni', 42, 1, '0');
INSERT INTO Accused (AccusedMasterID, CaseMasterID, AccusedName, AgeYear, GenderID, PersonID) VALUES (246, 184, 'Raja Verma', 28, 1, 'A1');
INSERT INTO ArrestSurrender (ArrestSurrenderID, CaseMasterID, ArrestSurrenderTypeID, ArrestSurrenderDate, ArrestSurrenderStateId, ArrestSurrenderDistrictId, PoliceStationID, IOID, CourtID, AccusedMasterID, IsAccused, IsComplainantAccused) VALUES (95, 184, 1, '2024-05-17', 1, 4, 12, 23, 4, 246, 1, 0);
INSERT INTO inv_arrestsurrenderaccused (ArrestSurrenderID, AccusedMasterID) VALUES (95, 246);
INSERT INTO CaseMaster (CaseMasterID, CrimeNo, CaseNo, CrimeRegisteredDate, PolicePersonID, PoliceStationID, CaseCategoryID, GravityOffenceID, CrimeMajorHeadID, CrimeMinorHeadID, CaseStatusID, CourtID, IncidentFromDate, IncidentToDate, InfoReceivedPSDate, latitude, longitude, BriefFacts) VALUES (185, '100050016202400185', '202400185', '2024-06-18', 31, 16, 1, 2, 2, 5, 5, 5, '2024-06-18 17:00:00', '2024-06-18 19:00:00', '2024-06-18 17:00:00', 15.839000, 74.503000, 'Incident reported at Tilakwadi Police Station. Initial investigation launched by IO Prakash Patil.');
INSERT INTO Inv_OccuranceTime (CaseMasterID, IncidentFromDate, IncidentToDate, latitude, longitude, PlaceOfOccurrence) VALUES (185, '2024-06-18 17:00:00', '2024-06-18 19:00:00', 15.839000, 74.503000, 'Near Junction, Tilakwadi');
INSERT INTO ComplainantDetails (ComplainantID, CaseMasterID, ComplainantName, AgeYear, OccupationID, ReligionID, CasteID, GenderID) VALUES (185, 185, 'Bharath Kulkarni', 38, 2, 1, 1, 1);
INSERT INTO ActSectionAssociation (CaseMasterID, ActID, SectionID, ActOrderID, SectionOrderID) VALUES (185, 'IPC', '302', 1, 1);
INSERT INTO Victim (VictimMasterID, CaseMasterID, VictimName, AgeYear, GenderID, VictimPolice) VALUES (185, 185, 'Arun Kulkarni', 58, 1, '0');
INSERT INTO Accused (AccusedMasterID, CaseMasterID, AccusedName, AgeYear, GenderID, PersonID) VALUES (247, 185, 'Babloo Kumar', 25, 1, 'A1');
INSERT INTO CaseMaster (CaseMasterID, CrimeNo, CaseNo, CrimeRegisteredDate, PolicePersonID, PoliceStationID, CaseCategoryID, GravityOffenceID, CrimeMajorHeadID, CrimeMinorHeadID, CaseStatusID, CourtID, IncidentFromDate, IncidentToDate, InfoReceivedPSDate, latitude, longitude, BriefFacts) VALUES (186, '100060018202400186', '202400186', '2024-07-19', 35, 18, 2, 3, 3, 6, 1, 6, '2024-07-19 18:00:00', '2024-07-19 20:00:00', '2024-07-19 18:00:00', 17.325000, 76.830000, 'Incident reported at Station Bazar Police Station. Initial investigation launched by IO Mahesh Bhat.');
INSERT INTO Inv_OccuranceTime (CaseMasterID, IncidentFromDate, IncidentToDate, latitude, longitude, PlaceOfOccurrence) VALUES (186, '2024-07-19 18:00:00', '2024-07-19 20:00:00', 17.325000, 76.830000, 'Near Junction, Station Bazar');
INSERT INTO ComplainantDetails (ComplainantID, CaseMasterID, ComplainantName, AgeYear, OccupationID, ReligionID, CasteID, GenderID) VALUES (186, 186, 'Deepak Naik', 47, 2, 1, 1, 1);
INSERT INTO ActSectionAssociation (CaseMasterID, ActID, SectionID, ActOrderID, SectionOrderID) VALUES (186, 'IT_ACT', '66D', 1, 1);
INSERT INTO Victim (VictimMasterID, CaseMasterID, VictimName, AgeYear, GenderID, VictimPolice) VALUES (186, 186, 'Rajesh Rao', 59, 1, '0');
INSERT INTO Accused (AccusedMasterID, CaseMasterID, AccusedName, AgeYear, GenderID, PersonID) VALUES (248, 186, 'Babloo Salim', 36, 1, 'A1');
INSERT INTO Accused (AccusedMasterID, CaseMasterID, AccusedName, AgeYear, GenderID, PersonID) VALUES (249, 186, 'Raja Reddy', 40, 1, 'A2');
INSERT INTO ArrestSurrender (ArrestSurrenderID, CaseMasterID, ArrestSurrenderTypeID, ArrestSurrenderDate, ArrestSurrenderStateId, ArrestSurrenderDistrictId, PoliceStationID, IOID, CourtID, AccusedMasterID, IsAccused, IsComplainantAccused) VALUES (96, 186, 1, '2024-07-19', 1, 6, 18, 35, 6, 248, 1, 0);
INSERT INTO inv_arrestsurrenderaccused (ArrestSurrenderID, AccusedMasterID) VALUES (96, 248);
INSERT INTO inv_arrestsurrenderaccused (ArrestSurrenderID, AccusedMasterID) VALUES (96, 249);
INSERT INTO ChargesheetDetails (CSID, CaseMasterID, csdate, cstype, PolicePersonID) VALUES (63, 186, '2024-07-19 18:00:00', 'A', 35);
INSERT INTO CaseMaster (CaseMasterID, CrimeNo, CaseNo, CrimeRegisteredDate, PolicePersonID, PoliceStationID, CaseCategoryID, GravityOffenceID, CrimeMajorHeadID, CrimeMinorHeadID, CaseStatusID, CourtID, IncidentFromDate, IncidentToDate, InfoReceivedPSDate, latitude, longitude, BriefFacts) VALUES (187, '100010002202400187', '202400187', '2024-08-20', 3, 2, 3, 1, 3, 7, 2, 1, '2024-08-20 19:00:00', '2024-08-20 21:00:00', '2024-08-20 19:00:00', 12.932200, 77.621500, 'Incident reported at Koramangala Police Station. Initial investigation launched by IO Ganesh Nayak.');
INSERT INTO Inv_OccuranceTime (CaseMasterID, IncidentFromDate, IncidentToDate, latitude, longitude, PlaceOfOccurrence) VALUES (187, '2024-08-20 19:00:00', '2024-08-20 21:00:00', 12.932200, 77.621500, 'Near Junction, Koramangala');
INSERT INTO ComplainantDetails (ComplainantID, CaseMasterID, ComplainantName, AgeYear, OccupationID, ReligionID, CasteID, GenderID) VALUES (187, 187, 'Anand Naik', 26, 2, 1, 1, 1);
INSERT INTO ActSectionAssociation (CaseMasterID, ActID, SectionID, ActOrderID, SectionOrderID) VALUES (187, 'IT_ACT', '66D', 1, 1);
INSERT INTO Victim (VictimMasterID, CaseMasterID, VictimName, AgeYear, GenderID, VictimPolice) VALUES (187, 187, 'Kiran Hegde', 56, 1, '0');
INSERT INTO Accused (AccusedMasterID, CaseMasterID, AccusedName, AgeYear, GenderID, PersonID) VALUES (250, 187, 'Jagga Singh', 37, 1, 'A1');
INSERT INTO CaseMaster (CaseMasterID, CrimeNo, CaseNo, CrimeRegisteredDate, PolicePersonID, PoliceStationID, CaseCategoryID, GravityOffenceID, CrimeMajorHeadID, CrimeMinorHeadID, CaseStatusID, CourtID, IncidentFromDate, IncidentToDate, InfoReceivedPSDate, latitude, longitude, BriefFacts) VALUES (188, '100020007202400188', '202400188', '2024-09-21', 13, 7, 4, 2, 4, 8, 3, 2, '2024-09-21 20:00:00', '2024-09-21 22:00:00', '2024-09-21 20:00:00', 12.310000, 76.656000, 'Incident reported at Lashkar Police Station. Initial investigation launched by IO Anil Kulkarni.');
INSERT INTO Inv_OccuranceTime (CaseMasterID, IncidentFromDate, IncidentToDate, latitude, longitude, PlaceOfOccurrence) VALUES (188, '2024-09-21 20:00:00', '2024-09-21 22:00:00', 12.310000, 76.656000, 'Near Junction, Lashkar');
INSERT INTO ComplainantDetails (ComplainantID, CaseMasterID, ComplainantName, AgeYear, OccupationID, ReligionID, CasteID, GenderID) VALUES (188, 188, 'Deepak Bhat', 61, 2, 1, 1, 1);
INSERT INTO ActSectionAssociation (CaseMasterID, ActID, SectionID, ActOrderID, SectionOrderID) VALUES (188, 'IPC', '420', 1, 1);
INSERT INTO Victim (VictimMasterID, CaseMasterID, VictimName, AgeYear, GenderID, VictimPolice) VALUES (188, 188, 'Nikhil Deshpande', 41, 1, '0');
INSERT INTO Accused (AccusedMasterID, CaseMasterID, AccusedName, AgeYear, GenderID, PersonID) VALUES (251, 188, 'Mantu Salim', 26, 1, 'A1');
INSERT INTO ArrestSurrender (ArrestSurrenderID, CaseMasterID, ArrestSurrenderTypeID, ArrestSurrenderDate, ArrestSurrenderStateId, ArrestSurrenderDistrictId, PoliceStationID, IOID, CourtID, AccusedMasterID, IsAccused, IsComplainantAccused) VALUES (97, 188, 1, '2024-09-21', 1, 2, 7, 13, 2, 251, 1, 0);
INSERT INTO inv_arrestsurrenderaccused (ArrestSurrenderID, AccusedMasterID) VALUES (97, 251);
INSERT INTO CaseMaster (CaseMasterID, CrimeNo, CaseNo, CrimeRegisteredDate, PolicePersonID, PoliceStationID, CaseCategoryID, GravityOffenceID, CrimeMajorHeadID, CrimeMinorHeadID, CaseStatusID, CourtID, IncidentFromDate, IncidentToDate, InfoReceivedPSDate, latitude, longitude, BriefFacts) VALUES (189, '100030011202400189', '202400189', '2024-10-22', 21, 11, 1, 3, 5, 9, 4, 3, '2024-10-22 21:00:00', '2024-10-22 23:00:00', '2024-10-22 21:00:00', 12.888000, 74.830000, 'Incident reported at Urwa Police Station. Initial investigation launched by IO Anil Gowda.');
INSERT INTO Inv_OccuranceTime (CaseMasterID, IncidentFromDate, IncidentToDate, latitude, longitude, PlaceOfOccurrence) VALUES (189, '2024-10-22 21:00:00', '2024-10-22 23:00:00', 12.888000, 74.830000, 'Near Junction, Urwa');
INSERT INTO ComplainantDetails (ComplainantID, CaseMasterID, ComplainantName, AgeYear, OccupationID, ReligionID, CasteID, GenderID) VALUES (189, 189, 'Jagadish Naik', 43, 2, 1, 1, 1);
INSERT INTO ActSectionAssociation (CaseMasterID, ActID, SectionID, ActOrderID, SectionOrderID) VALUES (189, 'NDPS', '20', 1, 1);
INSERT INTO Victim (VictimMasterID, CaseMasterID, VictimName, AgeYear, GenderID, VictimPolice) VALUES (189, 189, 'Manoj Hegde', 35, 1, '0');
INSERT INTO Accused (AccusedMasterID, CaseMasterID, AccusedName, AgeYear, GenderID, PersonID) VALUES (252, 189, 'Altaf Reddy', 20, 1, 'A1');
INSERT INTO Accused (AccusedMasterID, CaseMasterID, AccusedName, AgeYear, GenderID, PersonID) VALUES (253, 189, 'Yogesh Alias', 37, 1, 'A2');
INSERT INTO ChargesheetDetails (CSID, CaseMasterID, csdate, cstype, PolicePersonID) VALUES (64, 189, '2024-10-22 21:00:00', 'A', 21);
INSERT INTO CaseMaster (CaseMasterID, CrimeNo, CaseNo, CrimeRegisteredDate, PolicePersonID, PoliceStationID, CaseCategoryID, GravityOffenceID, CrimeMajorHeadID, CrimeMinorHeadID, CaseStatusID, CourtID, IncidentFromDate, IncidentToDate, InfoReceivedPSDate, latitude, longitude, BriefFacts) VALUES (190, '100040012202400190', '202400190', '2024-11-23', 23, 12, 2, 1, 1, 10, 5, 4, '2024-11-23 22:00:00', '2024-11-23 00:00:00', '2024-11-23 22:00:00', 15.352000, 75.141000, 'Incident reported at Suburban Police Station Hubballi. Initial investigation launched by IO Basavaraj Rao.');
INSERT INTO Inv_OccuranceTime (CaseMasterID, IncidentFromDate, IncidentToDate, latitude, longitude, PlaceOfOccurrence) VALUES (190, '2024-11-23 22:00:00', '2024-11-23 00:00:00', 15.352000, 75.141000, 'Near Junction, Suburban Hubballi');
INSERT INTO ComplainantDetails (ComplainantID, CaseMasterID, ComplainantName, AgeYear, OccupationID, ReligionID, CasteID, GenderID) VALUES (190, 190, 'Chetan Murthy', 43, 2, 1, 1, 1);
INSERT INTO ActSectionAssociation (CaseMasterID, ActID, SectionID, ActOrderID, SectionOrderID) VALUES (190, 'IPC', '379', 1, 1);
INSERT INTO Victim (VictimMasterID, CaseMasterID, VictimName, AgeYear, GenderID, VictimPolice) VALUES (190, 190, 'Sangeetha Naik', 55, 1, '0');
INSERT INTO Accused (AccusedMasterID, CaseMasterID, AccusedName, AgeYear, GenderID, PersonID) VALUES (254, 190, 'Imtiaz Alias', 35, 1, 'A1');
INSERT INTO ArrestSurrender (ArrestSurrenderID, CaseMasterID, ArrestSurrenderTypeID, ArrestSurrenderDate, ArrestSurrenderStateId, ArrestSurrenderDistrictId, PoliceStationID, IOID, CourtID, AccusedMasterID, IsAccused, IsComplainantAccused) VALUES (98, 190, 1, '2024-11-23', 1, 4, 12, 23, 4, 254, 1, 0);
INSERT INTO inv_arrestsurrenderaccused (ArrestSurrenderID, AccusedMasterID) VALUES (98, 254);
INSERT INTO CaseMaster (CaseMasterID, CrimeNo, CaseNo, CrimeRegisteredDate, PolicePersonID, PoliceStationID, CaseCategoryID, GravityOffenceID, CrimeMajorHeadID, CrimeMinorHeadID, CaseStatusID, CourtID, IncidentFromDate, IncidentToDate, InfoReceivedPSDate, latitude, longitude, BriefFacts) VALUES (191, '100050016202400191', '202400191', '2024-12-24', 31, 16, 3, 2, 1, 1, 1, 5, '2024-12-24 23:00:00', '2024-12-24 01:00:00', '2024-12-24 23:00:00', 15.845000, 74.509000, 'Incident reported at Tilakwadi Police Station. Initial investigation launched by IO Prakash Patil.');
INSERT INTO Inv_OccuranceTime (CaseMasterID, IncidentFromDate, IncidentToDate, latitude, longitude, PlaceOfOccurrence) VALUES (191, '2024-12-24 23:00:00', '2024-12-24 01:00:00', 15.845000, 74.509000, 'Near Junction, Tilakwadi');
INSERT INTO ComplainantDetails (ComplainantID, CaseMasterID, ComplainantName, AgeYear, OccupationID, ReligionID, CasteID, GenderID) VALUES (191, 191, 'Kavitha Gowda', 34, 2, 1, 1, 1);
INSERT INTO ActSectionAssociation (CaseMasterID, ActID, SectionID, ActOrderID, SectionOrderID) VALUES (191, 'IPC', '379', 1, 1);
INSERT INTO Victim (VictimMasterID, CaseMasterID, VictimName, AgeYear, GenderID, VictimPolice) VALUES (191, 191, 'Divya Gowda', 54, 1, '0');
INSERT INTO Accused (AccusedMasterID, CaseMasterID, AccusedName, AgeYear, GenderID, PersonID) VALUES (255, 191, 'Raja Pashan', 34, 1, 'A1');
INSERT INTO CaseMaster (CaseMasterID, CrimeNo, CaseNo, CrimeRegisteredDate, PolicePersonID, PoliceStationID, CaseCategoryID, GravityOffenceID, CrimeMajorHeadID, CrimeMinorHeadID, CaseStatusID, CourtID, IncidentFromDate, IncidentToDate, InfoReceivedPSDate, latitude, longitude, BriefFacts) VALUES (192, '100060018202400192', '202400192', '2024-01-25', 35, 18, 4, 3, 1, 2, 2, 6, '2024-01-25 00:00:00', '2024-01-25 02:00:00', '2024-01-25 00:00:00', 17.331000, 76.836000, 'Incident reported at Station Bazar Police Station. Initial investigation launched by IO Mahesh Bhat.');
INSERT INTO Inv_OccuranceTime (CaseMasterID, IncidentFromDate, IncidentToDate, latitude, longitude, PlaceOfOccurrence) VALUES (192, '2024-01-25 00:00:00', '2024-01-25 02:00:00', 17.331000, 76.836000, 'Near Junction, Station Bazar');
INSERT INTO ComplainantDetails (ComplainantID, CaseMasterID, ComplainantName, AgeYear, OccupationID, ReligionID, CasteID, GenderID) VALUES (192, 192, 'Harish Bhat', 53, 2, 1, 1, 1);
INSERT INTO ActSectionAssociation (CaseMasterID, ActID, SectionID, ActOrderID, SectionOrderID) VALUES (192, 'IPC', '379', 1, 1);
INSERT INTO Victim (VictimMasterID, CaseMasterID, VictimName, AgeYear, GenderID, VictimPolice) VALUES (192, 192, 'Arun Kulkarni', 45, 1, '0');
INSERT INTO Accused (AccusedMasterID, CaseMasterID, AccusedName, AgeYear, GenderID, PersonID) VALUES (256, 192, 'Yogesh Salim', 26, 1, 'A1');
INSERT INTO Accused (AccusedMasterID, CaseMasterID, AccusedName, AgeYear, GenderID, PersonID) VALUES (257, 192, 'Pandu Singh', 44, 1, 'A2');
INSERT INTO ArrestSurrender (ArrestSurrenderID, CaseMasterID, ArrestSurrenderTypeID, ArrestSurrenderDate, ArrestSurrenderStateId, ArrestSurrenderDistrictId, PoliceStationID, IOID, CourtID, AccusedMasterID, IsAccused, IsComplainantAccused) VALUES (99, 192, 1, '2024-01-25', 1, 6, 18, 35, 6, 256, 1, 0);
INSERT INTO inv_arrestsurrenderaccused (ArrestSurrenderID, AccusedMasterID) VALUES (99, 256);
INSERT INTO inv_arrestsurrenderaccused (ArrestSurrenderID, AccusedMasterID) VALUES (99, 257);
INSERT INTO ChargesheetDetails (CSID, CaseMasterID, csdate, cstype, PolicePersonID) VALUES (65, 192, '2024-01-25 00:00:00', 'A', 35);
INSERT INTO CaseMaster (CaseMasterID, CrimeNo, CaseNo, CrimeRegisteredDate, PolicePersonID, PoliceStationID, CaseCategoryID, GravityOffenceID, CrimeMajorHeadID, CrimeMinorHeadID, CaseStatusID, CourtID, IncidentFromDate, IncidentToDate, InfoReceivedPSDate, latitude, longitude, BriefFacts) VALUES (193, '100010003202400193', '202400193', '2024-02-26', 5, 3, 1, 1, 1, 3, 3, 1, '2024-02-26 01:00:00', '2024-02-26 03:00:00', '2024-02-26 01:00:00', 12.972800, 77.752900, 'Incident reported at Whitefield Police Station. Initial investigation launched by IO Sunil Bhat.');
INSERT INTO Inv_OccuranceTime (CaseMasterID, IncidentFromDate, IncidentToDate, latitude, longitude, PlaceOfOccurrence) VALUES (193, '2024-02-26 01:00:00', '2024-02-26 03:00:00', 12.972800, 77.752900, 'Near Junction, Whitefield');
INSERT INTO ComplainantDetails (ComplainantID, CaseMasterID, ComplainantName, AgeYear, OccupationID, ReligionID, CasteID, GenderID) VALUES (193, 193, 'Eshwar Naik', 49, 2, 1, 1, 1);
INSERT INTO ActSectionAssociation (CaseMasterID, ActID, SectionID, ActOrderID, SectionOrderID) VALUES (193, 'IPC', '379', 1, 1);
INSERT INTO Victim (VictimMasterID, CaseMasterID, VictimName, AgeYear, GenderID, VictimPolice) VALUES (193, 193, 'Kiran Kulkarni', 47, 1, '0');
INSERT INTO Accused (AccusedMasterID, CaseMasterID, AccusedName, AgeYear, GenderID, PersonID) VALUES (258, 193, 'Imtiaz Singh', 43, 1, 'A1');
INSERT INTO CaseMaster (CaseMasterID, CrimeNo, CaseNo, CrimeRegisteredDate, PolicePersonID, PoliceStationID, CaseCategoryID, GravityOffenceID, CrimeMajorHeadID, CrimeMinorHeadID, CaseStatusID, CourtID, IncidentFromDate, IncidentToDate, InfoReceivedPSDate, latitude, longitude, BriefFacts) VALUES (194, '100020007202400194', '202400194', '2024-03-27', 13, 7, 2, 2, 2, 4, 4, 2, '2024-03-27 02:00:00', '2024-03-27 04:00:00', '2024-03-27 02:00:00', 12.316000, 76.662000, 'Incident reported at Lashkar Police Station. Initial investigation launched by IO Anil Kulkarni.');
INSERT INTO Inv_OccuranceTime (CaseMasterID, IncidentFromDate, IncidentToDate, latitude, longitude, PlaceOfOccurrence) VALUES (194, '2024-03-27 02:00:00', '2024-03-27 04:00:00', 12.316000, 76.662000, 'Near Junction, Lashkar');
INSERT INTO ComplainantDetails (ComplainantID, CaseMasterID, ComplainantName, AgeYear, OccupationID, ReligionID, CasteID, GenderID) VALUES (194, 194, 'Chetan Gowda', 57, 2, 1, 1, 1);
INSERT INTO ActSectionAssociation (CaseMasterID, ActID, SectionID, ActOrderID, SectionOrderID) VALUES (194, 'IPC', '302', 1, 1);
INSERT INTO Victim (VictimMasterID, CaseMasterID, VictimName, AgeYear, GenderID, VictimPolice) VALUES (194, 194, 'Ganesh Bhat', 47, 1, '0');
INSERT INTO Accused (AccusedMasterID, CaseMasterID, AccusedName, AgeYear, GenderID, PersonID) VALUES (259, 194, 'Imtiaz Pashan', 37, 1, 'A1');
INSERT INTO ArrestSurrender (ArrestSurrenderID, CaseMasterID, ArrestSurrenderTypeID, ArrestSurrenderDate, ArrestSurrenderStateId, ArrestSurrenderDistrictId, PoliceStationID, IOID, CourtID, AccusedMasterID, IsAccused, IsComplainantAccused) VALUES (100, 194, 1, '2024-03-27', 1, 2, 7, 13, 2, 259, 1, 0);
INSERT INTO inv_arrestsurrenderaccused (ArrestSurrenderID, AccusedMasterID) VALUES (100, 259);
INSERT INTO CaseMaster (CaseMasterID, CrimeNo, CaseNo, CrimeRegisteredDate, PolicePersonID, PoliceStationID, CaseCategoryID, GravityOffenceID, CrimeMajorHeadID, CrimeMinorHeadID, CaseStatusID, CourtID, IncidentFromDate, IncidentToDate, InfoReceivedPSDate, latitude, longitude, BriefFacts) VALUES (195, '100030011202400195', '202400195', '2024-04-28', 21, 11, 3, 3, 2, 5, 5, 3, '2024-04-28 03:00:00', '2024-04-28 05:00:00', '2024-04-28 03:00:00', 12.894000, 74.836000, 'Incident reported at Urwa Police Station. Initial investigation launched by IO Anil Gowda.');
INSERT INTO Inv_OccuranceTime (CaseMasterID, IncidentFromDate, IncidentToDate, latitude, longitude, PlaceOfOccurrence) VALUES (195, '2024-04-28 03:00:00', '2024-04-28 05:00:00', 12.894000, 74.836000, 'Near Junction, Urwa');
INSERT INTO ComplainantDetails (ComplainantID, CaseMasterID, ComplainantName, AgeYear, OccupationID, ReligionID, CasteID, GenderID) VALUES (195, 195, 'Radha Gowda', 46, 2, 1, 1, 1);
INSERT INTO ActSectionAssociation (CaseMasterID, ActID, SectionID, ActOrderID, SectionOrderID) VALUES (195, 'IPC', '302', 1, 1);
INSERT INTO Victim (VictimMasterID, CaseMasterID, VictimName, AgeYear, GenderID, VictimPolice) VALUES (195, 195, 'Praveen Deshpande', 34, 1, '0');
INSERT INTO Accused (AccusedMasterID, CaseMasterID, AccusedName, AgeYear, GenderID, PersonID) VALUES (260, 195, 'Shiva Singh', 28, 1, 'A1');
INSERT INTO Accused (AccusedMasterID, CaseMasterID, AccusedName, AgeYear, GenderID, PersonID) VALUES (261, 195, 'Jagga Reddy', 36, 1, 'A2');
INSERT INTO ChargesheetDetails (CSID, CaseMasterID, csdate, cstype, PolicePersonID) VALUES (66, 195, '2024-04-28 03:00:00', 'A', 21);
INSERT INTO CaseMaster (CaseMasterID, CrimeNo, CaseNo, CrimeRegisteredDate, PolicePersonID, PoliceStationID, CaseCategoryID, GravityOffenceID, CrimeMajorHeadID, CrimeMinorHeadID, CaseStatusID, CourtID, IncidentFromDate, IncidentToDate, InfoReceivedPSDate, latitude, longitude, BriefFacts) VALUES (196, '100040012202400196', '202400196', '2024-05-01', 23, 12, 4, 1, 3, 6, 1, 4, '2024-05-01 04:00:00', '2024-05-01 06:00:00', '2024-05-01 04:00:00', 15.358000, 75.147000, 'Incident reported at Suburban Police Station Hubballi. Initial investigation launched by IO Basavaraj Rao.');
INSERT INTO Inv_OccuranceTime (CaseMasterID, IncidentFromDate, IncidentToDate, latitude, longitude, PlaceOfOccurrence) VALUES (196, '2024-05-01 04:00:00', '2024-05-01 06:00:00', 15.358000, 75.147000, 'Near Junction, Suburban Hubballi');
INSERT INTO ComplainantDetails (ComplainantID, CaseMasterID, ComplainantName, AgeYear, OccupationID, ReligionID, CasteID, GenderID) VALUES (196, 196, 'Chetan Gowda', 30, 2, 1, 1, 1);
INSERT INTO ActSectionAssociation (CaseMasterID, ActID, SectionID, ActOrderID, SectionOrderID) VALUES (196, 'IT_ACT', '66D', 1, 1);
INSERT INTO Victim (VictimMasterID, CaseMasterID, VictimName, AgeYear, GenderID, VictimPolice) VALUES (196, 196, 'Rajesh Joshi', 52, 1, '0');
INSERT INTO Accused (AccusedMasterID, CaseMasterID, AccusedName, AgeYear, GenderID, PersonID) VALUES (262, 196, 'Altaf Pashan', 23, 1, 'A1');
INSERT INTO ArrestSurrender (ArrestSurrenderID, CaseMasterID, ArrestSurrenderTypeID, ArrestSurrenderDate, ArrestSurrenderStateId, ArrestSurrenderDistrictId, PoliceStationID, IOID, CourtID, AccusedMasterID, IsAccused, IsComplainantAccused) VALUES (101, 196, 1, '2024-05-01', 1, 4, 12, 23, 4, 262, 1, 0);
INSERT INTO inv_arrestsurrenderaccused (ArrestSurrenderID, AccusedMasterID) VALUES (101, 262);
INSERT INTO CaseMaster (CaseMasterID, CrimeNo, CaseNo, CrimeRegisteredDate, PolicePersonID, PoliceStationID, CaseCategoryID, GravityOffenceID, CrimeMajorHeadID, CrimeMinorHeadID, CaseStatusID, CourtID, IncidentFromDate, IncidentToDate, InfoReceivedPSDate, latitude, longitude, BriefFacts) VALUES (197, '100050016202400197', '202400197', '2024-06-02', 31, 16, 1, 2, 3, 7, 2, 5, '2024-06-02 05:00:00', '2024-06-02 07:00:00', '2024-06-02 05:00:00', 15.851000, 74.515000, 'Incident reported at Tilakwadi Police Station. Initial investigation launched by IO Prakash Patil.');
INSERT INTO Inv_OccuranceTime (CaseMasterID, IncidentFromDate, IncidentToDate, latitude, longitude, PlaceOfOccurrence) VALUES (197, '2024-06-02 05:00:00', '2024-06-02 07:00:00', 15.851000, 74.515000, 'Near Junction, Tilakwadi');
INSERT INTO ComplainantDetails (ComplainantID, CaseMasterID, ComplainantName, AgeYear, OccupationID, ReligionID, CasteID, GenderID) VALUES (197, 197, 'Suma Hegde', 55, 2, 1, 1, 1);
INSERT INTO ActSectionAssociation (CaseMasterID, ActID, SectionID, ActOrderID, SectionOrderID) VALUES (197, 'IT_ACT', '66D', 1, 1);
INSERT INTO Victim (VictimMasterID, CaseMasterID, VictimName, AgeYear, GenderID, VictimPolice) VALUES (197, 197, 'Nikhil Murthy', 56, 1, '0');
INSERT INTO Accused (AccusedMasterID, CaseMasterID, AccusedName, AgeYear, GenderID, PersonID) VALUES (263, 197, 'Dharma Salim', 27, 1, 'A1');
INSERT INTO CaseMaster (CaseMasterID, CrimeNo, CaseNo, CrimeRegisteredDate, PolicePersonID, PoliceStationID, CaseCategoryID, GravityOffenceID, CrimeMajorHeadID, CrimeMinorHeadID, CaseStatusID, CourtID, IncidentFromDate, IncidentToDate, InfoReceivedPSDate, latitude, longitude, BriefFacts) VALUES (198, '100060018202400198', '202400198', '2024-07-03', 35, 18, 2, 3, 4, 8, 3, 6, '2024-07-03 06:00:00', '2024-07-03 08:00:00', '2024-07-03 06:00:00', 17.337000, 76.842000, 'Incident reported at Station Bazar Police Station. Initial investigation launched by IO Mahesh Bhat.');
INSERT INTO Inv_OccuranceTime (CaseMasterID, IncidentFromDate, IncidentToDate, latitude, longitude, PlaceOfOccurrence) VALUES (198, '2024-07-03 06:00:00', '2024-07-03 08:00:00', 17.337000, 76.842000, 'Near Junction, Station Bazar');
INSERT INTO ComplainantDetails (ComplainantID, CaseMasterID, ComplainantName, AgeYear, OccupationID, ReligionID, CasteID, GenderID) VALUES (198, 198, 'Eshwar Deshpande', 56, 2, 1, 1, 1);
INSERT INTO ActSectionAssociation (CaseMasterID, ActID, SectionID, ActOrderID, SectionOrderID) VALUES (198, 'IPC', '420', 1, 1);
INSERT INTO Victim (VictimMasterID, CaseMasterID, VictimName, AgeYear, GenderID, VictimPolice) VALUES (198, 198, 'Ganesh Murthy', 57, 1, '0');
INSERT INTO Accused (AccusedMasterID, CaseMasterID, AccusedName, AgeYear, GenderID, PersonID) VALUES (264, 198, 'Pandu Kumar', 27, 1, 'A1');
INSERT INTO Accused (AccusedMasterID, CaseMasterID, AccusedName, AgeYear, GenderID, PersonID) VALUES (265, 198, 'Babloo Alias', 44, 1, 'A2');
INSERT INTO ArrestSurrender (ArrestSurrenderID, CaseMasterID, ArrestSurrenderTypeID, ArrestSurrenderDate, ArrestSurrenderStateId, ArrestSurrenderDistrictId, PoliceStationID, IOID, CourtID, AccusedMasterID, IsAccused, IsComplainantAccused) VALUES (102, 198, 1, '2024-07-03', 1, 6, 18, 35, 6, 264, 1, 0);
INSERT INTO inv_arrestsurrenderaccused (ArrestSurrenderID, AccusedMasterID) VALUES (102, 264);
INSERT INTO inv_arrestsurrenderaccused (ArrestSurrenderID, AccusedMasterID) VALUES (102, 265);
INSERT INTO ChargesheetDetails (CSID, CaseMasterID, csdate, cstype, PolicePersonID) VALUES (67, 198, '2024-07-03 06:00:00', 'A', 35);
INSERT INTO CaseMaster (CaseMasterID, CrimeNo, CaseNo, CrimeRegisteredDate, PolicePersonID, PoliceStationID, CaseCategoryID, GravityOffenceID, CrimeMajorHeadID, CrimeMinorHeadID, CaseStatusID, CourtID, IncidentFromDate, IncidentToDate, InfoReceivedPSDate, latitude, longitude, BriefFacts) VALUES (199, '100010004202400199', '202400199', '2024-08-04', 7, 4, 3, 1, 5, 9, 4, 1, '2024-08-04 07:00:00', '2024-08-04 09:00:00', '2024-08-04 07:00:00', 12.934000, 77.602800, 'Incident reported at Jayanagar Police Station. Initial investigation launched by IO Vijay Kulkarni.');
INSERT INTO Inv_OccuranceTime (CaseMasterID, IncidentFromDate, IncidentToDate, latitude, longitude, PlaceOfOccurrence) VALUES (199, '2024-08-04 07:00:00', '2024-08-04 09:00:00', 12.934000, 77.602800, 'Near Junction, Jayanagar');
INSERT INTO ComplainantDetails (ComplainantID, CaseMasterID, ComplainantName, AgeYear, OccupationID, ReligionID, CasteID, GenderID) VALUES (199, 199, 'Shilpa Shetty', 32, 2, 1, 1, 1);
INSERT INTO ActSectionAssociation (CaseMasterID, ActID, SectionID, ActOrderID, SectionOrderID) VALUES (199, 'NDPS', '20', 1, 1);
INSERT INTO Victim (VictimMasterID, CaseMasterID, VictimName, AgeYear, GenderID, VictimPolice) VALUES (199, 199, 'Bhavya Bhat', 34, 1, '0');
INSERT INTO Accused (AccusedMasterID, CaseMasterID, AccusedName, AgeYear, GenderID, PersonID) VALUES (266, 199, 'Vicky Pashan', 44, 1, 'A1');
INSERT INTO CaseMaster (CaseMasterID, CrimeNo, CaseNo, CrimeRegisteredDate, PolicePersonID, PoliceStationID, CaseCategoryID, GravityOffenceID, CrimeMajorHeadID, CrimeMinorHeadID, CaseStatusID, CourtID, IncidentFromDate, IncidentToDate, InfoReceivedPSDate, latitude, longitude, BriefFacts) VALUES (200, '100020007202400200', '202400200', '2024-09-05', 13, 7, 4, 2, 1, 10, 5, 2, '2024-09-05 08:00:00', '2024-09-05 10:00:00', '2024-09-05 08:00:00', 12.302000, 76.648000, 'Incident reported at Lashkar Police Station. Initial investigation launched by IO Anil Kulkarni.');
INSERT INTO Inv_OccuranceTime (CaseMasterID, IncidentFromDate, IncidentToDate, latitude, longitude, PlaceOfOccurrence) VALUES (200, '2024-09-05 08:00:00', '2024-09-05 10:00:00', 12.302000, 76.648000, 'Near Junction, Lashkar');
INSERT INTO ComplainantDetails (ComplainantID, CaseMasterID, ComplainantName, AgeYear, OccupationID, ReligionID, CasteID, GenderID) VALUES (200, 200, 'Radha Rao', 58, 2, 1, 1, 1);
INSERT INTO ActSectionAssociation (CaseMasterID, ActID, SectionID, ActOrderID, SectionOrderID) VALUES (200, 'IPC', '379', 1, 1);
INSERT INTO Victim (VictimMasterID, CaseMasterID, VictimName, AgeYear, GenderID, VictimPolice) VALUES (200, 200, 'Sangeetha Kulkarni', 20, 1, '0');
INSERT INTO Accused (AccusedMasterID, CaseMasterID, AccusedName, AgeYear, GenderID, PersonID) VALUES (267, 200, 'Raja Verma', 39, 1, 'A1');
INSERT INTO ArrestSurrender (ArrestSurrenderID, CaseMasterID, ArrestSurrenderTypeID, ArrestSurrenderDate, ArrestSurrenderStateId, ArrestSurrenderDistrictId, PoliceStationID, IOID, CourtID, AccusedMasterID, IsAccused, IsComplainantAccused) VALUES (103, 200, 1, '2024-09-05', 1, 2, 7, 13, 2, 267, 1, 0);
INSERT INTO inv_arrestsurrenderaccused (ArrestSurrenderID, AccusedMasterID) VALUES (103, 267);
INSERT INTO CaseMaster (CaseMasterID, CrimeNo, CaseNo, CrimeRegisteredDate, PolicePersonID, PoliceStationID, CaseCategoryID, GravityOffenceID, CrimeMajorHeadID, CrimeMinorHeadID, CaseStatusID, CourtID, IncidentFromDate, IncidentToDate, InfoReceivedPSDate, latitude, longitude, BriefFacts) VALUES (201, '100030011202400201', '202400201', '2024-10-06', 21, 11, 1, 3, 1, 1, 1, 3, '2024-10-06 09:00:00', '2024-10-06 11:00:00', '2024-10-06 09:00:00', 12.880000, 74.822000, 'Incident reported at Urwa Police Station. Initial investigation launched by IO Anil Gowda.');
INSERT INTO Inv_OccuranceTime (CaseMasterID, IncidentFromDate, IncidentToDate, latitude, longitude, PlaceOfOccurrence) VALUES (201, '2024-10-06 09:00:00', '2024-10-06 11:00:00', 12.880000, 74.822000, 'Near Junction, Urwa');
INSERT INTO ComplainantDetails (ComplainantID, CaseMasterID, ComplainantName, AgeYear, OccupationID, ReligionID, CasteID, GenderID) VALUES (201, 201, 'Eshwar Murthy', 50, 2, 1, 1, 1);
INSERT INTO ActSectionAssociation (CaseMasterID, ActID, SectionID, ActOrderID, SectionOrderID) VALUES (201, 'IPC', '379', 1, 1);
INSERT INTO Victim (VictimMasterID, CaseMasterID, VictimName, AgeYear, GenderID, VictimPolice) VALUES (201, 201, 'Ganesh Naik', 27, 1, '0');
INSERT INTO Accused (AccusedMasterID, CaseMasterID, AccusedName, AgeYear, GenderID, PersonID) VALUES (268, 201, 'Shiva Salim', 27, 1, 'A1');
INSERT INTO Accused (AccusedMasterID, CaseMasterID, AccusedName, AgeYear, GenderID, PersonID) VALUES (269, 201, 'Dharma Kumar', 45, 1, 'A2');
INSERT INTO ChargesheetDetails (CSID, CaseMasterID, csdate, cstype, PolicePersonID) VALUES (68, 201, '2024-10-06 09:00:00', 'A', 21);
INSERT INTO CaseMaster (CaseMasterID, CrimeNo, CaseNo, CrimeRegisteredDate, PolicePersonID, PoliceStationID, CaseCategoryID, GravityOffenceID, CrimeMajorHeadID, CrimeMinorHeadID, CaseStatusID, CourtID, IncidentFromDate, IncidentToDate, InfoReceivedPSDate, latitude, longitude, BriefFacts) VALUES (202, '100040012202400202', '202400202', '2024-11-07', 23, 12, 2, 1, 1, 2, 2, 4, '2024-11-07 10:00:00', '2024-11-07 12:00:00', '2024-11-07 10:00:00', 15.344000, 75.133000, 'Incident reported at Suburban Police Station Hubballi. Initial investigation launched by IO Basavaraj Rao.');
INSERT INTO Inv_OccuranceTime (CaseMasterID, IncidentFromDate, IncidentToDate, latitude, longitude, PlaceOfOccurrence) VALUES (202, '2024-11-07 10:00:00', '2024-11-07 12:00:00', 15.344000, 75.133000, 'Near Junction, Suburban Hubballi');
INSERT INTO ComplainantDetails (ComplainantID, CaseMasterID, ComplainantName, AgeYear, OccupationID, ReligionID, CasteID, GenderID) VALUES (202, 202, 'Shilpa Deshpande', 31, 2, 1, 1, 1);
INSERT INTO ActSectionAssociation (CaseMasterID, ActID, SectionID, ActOrderID, SectionOrderID) VALUES (202, 'IPC', '379', 1, 1);
INSERT INTO Victim (VictimMasterID, CaseMasterID, VictimName, AgeYear, GenderID, VictimPolice) VALUES (202, 202, 'Bhavya Hegde', 24, 1, '0');
INSERT INTO Accused (AccusedMasterID, CaseMasterID, AccusedName, AgeYear, GenderID, PersonID) VALUES (270, 202, 'Imtiaz Reddy', 41, 1, 'A1');
INSERT INTO ArrestSurrender (ArrestSurrenderID, CaseMasterID, ArrestSurrenderTypeID, ArrestSurrenderDate, ArrestSurrenderStateId, ArrestSurrenderDistrictId, PoliceStationID, IOID, CourtID, AccusedMasterID, IsAccused, IsComplainantAccused) VALUES (104, 202, 1, '2024-11-07', 1, 4, 12, 23, 4, 270, 1, 0);
INSERT INTO inv_arrestsurrenderaccused (ArrestSurrenderID, AccusedMasterID) VALUES (104, 270);
INSERT INTO CaseMaster (CaseMasterID, CrimeNo, CaseNo, CrimeRegisteredDate, PolicePersonID, PoliceStationID, CaseCategoryID, GravityOffenceID, CrimeMajorHeadID, CrimeMinorHeadID, CaseStatusID, CourtID, IncidentFromDate, IncidentToDate, InfoReceivedPSDate, latitude, longitude, BriefFacts) VALUES (203, '100050016202400203', '202400203', '2024-12-08', 31, 16, 3, 2, 1, 3, 3, 5, '2024-12-08 11:00:00', '2024-12-08 13:00:00', '2024-12-08 11:00:00', 15.837000, 74.501000, 'Incident reported at Tilakwadi Police Station. Initial investigation launched by IO Prakash Patil.');
INSERT INTO Inv_OccuranceTime (CaseMasterID, IncidentFromDate, IncidentToDate, latitude, longitude, PlaceOfOccurrence) VALUES (203, '2024-12-08 11:00:00', '2024-12-08 13:00:00', 15.837000, 74.501000, 'Near Junction, Tilakwadi');
INSERT INTO ComplainantDetails (ComplainantID, CaseMasterID, ComplainantName, AgeYear, OccupationID, ReligionID, CasteID, GenderID) VALUES (203, 203, 'Eshwar Rao', 40, 2, 1, 1, 1);
INSERT INTO ActSectionAssociation (CaseMasterID, ActID, SectionID, ActOrderID, SectionOrderID) VALUES (203, 'IPC', '379', 1, 1);
INSERT INTO Victim (VictimMasterID, CaseMasterID, VictimName, AgeYear, GenderID, VictimPolice) VALUES (203, 203, 'Rajesh Joshi', 26, 1, '0');
INSERT INTO Accused (AccusedMasterID, CaseMasterID, AccusedName, AgeYear, GenderID, PersonID) VALUES (271, 203, 'Yogesh Singh', 37, 1, 'A1');
INSERT INTO CaseMaster (CaseMasterID, CrimeNo, CaseNo, CrimeRegisteredDate, PolicePersonID, PoliceStationID, CaseCategoryID, GravityOffenceID, CrimeMajorHeadID, CrimeMinorHeadID, CaseStatusID, CourtID, IncidentFromDate, IncidentToDate, InfoReceivedPSDate, latitude, longitude, BriefFacts) VALUES (204, '100060018202400204', '202400204', '2024-01-09', 35, 18, 4, 3, 2, 4, 4, 6, '2024-01-09 12:00:00', '2024-01-09 14:00:00', '2024-01-09 12:00:00', 17.323000, 76.828000, 'Incident reported at Station Bazar Police Station. Initial investigation launched by IO Mahesh Bhat.');
INSERT INTO Inv_OccuranceTime (CaseMasterID, IncidentFromDate, IncidentToDate, latitude, longitude, PlaceOfOccurrence) VALUES (204, '2024-01-09 12:00:00', '2024-01-09 14:00:00', 17.323000, 76.828000, 'Near Junction, Station Bazar');
INSERT INTO ComplainantDetails (ComplainantID, CaseMasterID, ComplainantName, AgeYear, OccupationID, ReligionID, CasteID, GenderID) VALUES (204, 204, 'Girish Joshi', 27, 2, 1, 1, 1);
INSERT INTO ActSectionAssociation (CaseMasterID, ActID, SectionID, ActOrderID, SectionOrderID) VALUES (204, 'IPC', '302', 1, 1);
INSERT INTO Victim (VictimMasterID, CaseMasterID, VictimName, AgeYear, GenderID, VictimPolice) VALUES (204, 204, 'Praveen Naik', 52, 1, '0');
INSERT INTO Accused (AccusedMasterID, CaseMasterID, AccusedName, AgeYear, GenderID, PersonID) VALUES (272, 204, 'Dharma Reddy', 25, 1, 'A1');
INSERT INTO Accused (AccusedMasterID, CaseMasterID, AccusedName, AgeYear, GenderID, PersonID) VALUES (273, 204, 'Yogesh Alias', 21, 1, 'A2');
INSERT INTO ArrestSurrender (ArrestSurrenderID, CaseMasterID, ArrestSurrenderTypeID, ArrestSurrenderDate, ArrestSurrenderStateId, ArrestSurrenderDistrictId, PoliceStationID, IOID, CourtID, AccusedMasterID, IsAccused, IsComplainantAccused) VALUES (105, 204, 1, '2024-01-09', 1, 6, 18, 35, 6, 272, 1, 0);
INSERT INTO inv_arrestsurrenderaccused (ArrestSurrenderID, AccusedMasterID) VALUES (105, 272);
INSERT INTO inv_arrestsurrenderaccused (ArrestSurrenderID, AccusedMasterID) VALUES (105, 273);
INSERT INTO ChargesheetDetails (CSID, CaseMasterID, csdate, cstype, PolicePersonID) VALUES (69, 204, '2024-01-09 12:00:00', 'A', 35);
INSERT INTO CaseMaster (CaseMasterID, CrimeNo, CaseNo, CrimeRegisteredDate, PolicePersonID, PoliceStationID, CaseCategoryID, GravityOffenceID, CrimeMajorHeadID, CrimeMinorHeadID, CaseStatusID, CourtID, IncidentFromDate, IncidentToDate, InfoReceivedPSDate, latitude, longitude, BriefFacts) VALUES (205, '100010005202400205', '202400205', '2024-02-10', 9, 5, 1, 1, 2, 5, 5, 1, '2024-02-10 13:00:00', '2024-02-10 15:00:00', '2024-02-10 13:00:00', 12.998100, 77.559300, 'Incident reported at Malleshwaram Police Station. Initial investigation launched by IO Santosh Shetty.');
INSERT INTO Inv_OccuranceTime (CaseMasterID, IncidentFromDate, IncidentToDate, latitude, longitude, PlaceOfOccurrence) VALUES (205, '2024-02-10 13:00:00', '2024-02-10 15:00:00', 12.998100, 77.559300, 'Near Junction, Malleshwaram');
INSERT INTO ComplainantDetails (ComplainantID, CaseMasterID, ComplainantName, AgeYear, OccupationID, ReligionID, CasteID, GenderID) VALUES (205, 205, 'Radha Rao', 59, 2, 1, 1, 1);
INSERT INTO ActSectionAssociation (CaseMasterID, ActID, SectionID, ActOrderID, SectionOrderID) VALUES (205, 'IPC', '302', 1, 1);
INSERT INTO Victim (VictimMasterID, CaseMasterID, VictimName, AgeYear, GenderID, VictimPolice) VALUES (205, 205, 'Praveen Bhat', 39, 1, '0');
INSERT INTO Accused (AccusedMasterID, CaseMasterID, AccusedName, AgeYear, GenderID, PersonID) VALUES (274, 205, 'Pandu Alias', 41, 1, 'A1');
INSERT INTO CaseMaster (CaseMasterID, CrimeNo, CaseNo, CrimeRegisteredDate, PolicePersonID, PoliceStationID, CaseCategoryID, GravityOffenceID, CrimeMajorHeadID, CrimeMinorHeadID, CaseStatusID, CourtID, IncidentFromDate, IncidentToDate, InfoReceivedPSDate, latitude, longitude, BriefFacts) VALUES (206, '100020007202400206', '202400206', '2024-03-11', 13, 7, 2, 2, 3, 6, 1, 2, '2024-03-11 14:00:00', '2024-03-11 16:00:00', '2024-03-11 14:00:00', 12.308000, 76.654000, 'Incident reported at Lashkar Police Station. Initial investigation launched by IO Anil Kulkarni.');
INSERT INTO Inv_OccuranceTime (CaseMasterID, IncidentFromDate, IncidentToDate, latitude, longitude, PlaceOfOccurrence) VALUES (206, '2024-03-11 14:00:00', '2024-03-11 16:00:00', 12.308000, 76.654000, 'Near Junction, Lashkar');
INSERT INTO ComplainantDetails (ComplainantID, CaseMasterID, ComplainantName, AgeYear, OccupationID, ReligionID, CasteID, GenderID) VALUES (206, 206, 'Harish Deshpande', 62, 2, 1, 1, 1);
INSERT INTO ActSectionAssociation (CaseMasterID, ActID, SectionID, ActOrderID, SectionOrderID) VALUES (206, 'IT_ACT', '66D', 1, 1);
INSERT INTO Victim (VictimMasterID, CaseMasterID, VictimName, AgeYear, GenderID, VictimPolice) VALUES (206, 206, 'Arun Joshi', 51, 1, '0');
INSERT INTO Accused (AccusedMasterID, CaseMasterID, AccusedName, AgeYear, GenderID, PersonID) VALUES (275, 206, 'Jagga Salim', 34, 1, 'A1');
INSERT INTO ArrestSurrender (ArrestSurrenderID, CaseMasterID, ArrestSurrenderTypeID, ArrestSurrenderDate, ArrestSurrenderStateId, ArrestSurrenderDistrictId, PoliceStationID, IOID, CourtID, AccusedMasterID, IsAccused, IsComplainantAccused) VALUES (106, 206, 1, '2024-03-11', 1, 2, 7, 13, 2, 275, 1, 0);
INSERT INTO inv_arrestsurrenderaccused (ArrestSurrenderID, AccusedMasterID) VALUES (106, 275);
INSERT INTO CaseMaster (CaseMasterID, CrimeNo, CaseNo, CrimeRegisteredDate, PolicePersonID, PoliceStationID, CaseCategoryID, GravityOffenceID, CrimeMajorHeadID, CrimeMinorHeadID, CaseStatusID, CourtID, IncidentFromDate, IncidentToDate, InfoReceivedPSDate, latitude, longitude, BriefFacts) VALUES (207, '100030011202400207', '202400207', '2024-04-12', 21, 11, 3, 3, 3, 7, 2, 3, '2024-04-12 15:00:00', '2024-04-12 17:00:00', '2024-04-12 15:00:00', 12.886000, 74.828000, 'Incident reported at Urwa Police Station. Initial investigation launched by IO Anil Gowda.');
INSERT INTO Inv_OccuranceTime (CaseMasterID, IncidentFromDate, IncidentToDate, latitude, longitude, PlaceOfOccurrence) VALUES (207, '2024-04-12 15:00:00', '2024-04-12 17:00:00', 12.886000, 74.828000, 'Near Junction, Urwa');
INSERT INTO ComplainantDetails (ComplainantID, CaseMasterID, ComplainantName, AgeYear, OccupationID, ReligionID, CasteID, GenderID) VALUES (207, 207, 'Deepak Rao', 50, 2, 1, 1, 1);
INSERT INTO ActSectionAssociation (CaseMasterID, ActID, SectionID, ActOrderID, SectionOrderID) VALUES (207, 'IT_ACT', '66D', 1, 1);
INSERT INTO Victim (VictimMasterID, CaseMasterID, VictimName, AgeYear, GenderID, VictimPolice) VALUES (207, 207, 'Bhavya Shetty', 20, 1, '0');
INSERT INTO Accused (AccusedMasterID, CaseMasterID, AccusedName, AgeYear, GenderID, PersonID) VALUES (276, 207, 'Tukaram Khan', 40, 1, 'A1');
INSERT INTO Accused (AccusedMasterID, CaseMasterID, AccusedName, AgeYear, GenderID, PersonID) VALUES (277, 207, 'Babloo Verma', 26, 1, 'A2');
INSERT INTO ChargesheetDetails (CSID, CaseMasterID, csdate, cstype, PolicePersonID) VALUES (70, 207, '2024-04-12 15:00:00', 'A', 21);
INSERT INTO CaseMaster (CaseMasterID, CrimeNo, CaseNo, CrimeRegisteredDate, PolicePersonID, PoliceStationID, CaseCategoryID, GravityOffenceID, CrimeMajorHeadID, CrimeMinorHeadID, CaseStatusID, CourtID, IncidentFromDate, IncidentToDate, InfoReceivedPSDate, latitude, longitude, BriefFacts) VALUES (208, '100040012202400208', '202400208', '2024-05-13', 23, 12, 4, 1, 4, 8, 3, 4, '2024-05-13 16:00:00', '2024-05-13 18:00:00', '2024-05-13 16:00:00', 15.350000, 75.139000, 'Incident reported at Suburban Police Station Hubballi. Initial investigation launched by IO Basavaraj Rao.');
INSERT INTO Inv_OccuranceTime (CaseMasterID, IncidentFromDate, IncidentToDate, latitude, longitude, PlaceOfOccurrence) VALUES (208, '2024-05-13 16:00:00', '2024-05-13 18:00:00', 15.350000, 75.139000, 'Near Junction, Suburban Hubballi');
INSERT INTO ComplainantDetails (ComplainantID, CaseMasterID, ComplainantName, AgeYear, OccupationID, ReligionID, CasteID, GenderID) VALUES (208, 208, 'Eshwar Kulkarni', 30, 2, 1, 1, 1);
INSERT INTO ActSectionAssociation (CaseMasterID, ActID, SectionID, ActOrderID, SectionOrderID) VALUES (208, 'IPC', '420', 1, 1);
INSERT INTO Victim (VictimMasterID, CaseMasterID, VictimName, AgeYear, GenderID, VictimPolice) VALUES (208, 208, 'Chaitra Bhat', 34, 1, '0');
INSERT INTO Accused (AccusedMasterID, CaseMasterID, AccusedName, AgeYear, GenderID, PersonID) VALUES (278, 208, 'Raja Reddy', 39, 1, 'A1');
INSERT INTO ArrestSurrender (ArrestSurrenderID, CaseMasterID, ArrestSurrenderTypeID, ArrestSurrenderDate, ArrestSurrenderStateId, ArrestSurrenderDistrictId, PoliceStationID, IOID, CourtID, AccusedMasterID, IsAccused, IsComplainantAccused) VALUES (107, 208, 1, '2024-05-13', 1, 4, 12, 23, 4, 278, 1, 0);
INSERT INTO inv_arrestsurrenderaccused (ArrestSurrenderID, AccusedMasterID) VALUES (107, 278);
INSERT INTO CaseMaster (CaseMasterID, CrimeNo, CaseNo, CrimeRegisteredDate, PolicePersonID, PoliceStationID, CaseCategoryID, GravityOffenceID, CrimeMajorHeadID, CrimeMinorHeadID, CaseStatusID, CourtID, IncidentFromDate, IncidentToDate, InfoReceivedPSDate, latitude, longitude, BriefFacts) VALUES (209, '100050016202400209', '202400209', '2024-06-14', 31, 16, 1, 2, 5, 9, 4, 5, '2024-06-14 17:00:00', '2024-06-14 19:00:00', '2024-06-14 17:00:00', 15.843000, 74.507000, 'Incident reported at Tilakwadi Police Station. Initial investigation launched by IO Prakash Patil.');
INSERT INTO Inv_OccuranceTime (CaseMasterID, IncidentFromDate, IncidentToDate, latitude, longitude, PlaceOfOccurrence) VALUES (209, '2024-06-14 17:00:00', '2024-06-14 19:00:00', 15.843000, 74.507000, 'Near Junction, Tilakwadi');
INSERT INTO ComplainantDetails (ComplainantID, CaseMasterID, ComplainantName, AgeYear, OccupationID, ReligionID, CasteID, GenderID) VALUES (209, 209, 'Kavitha Kulkarni', 25, 2, 1, 1, 1);
INSERT INTO ActSectionAssociation (CaseMasterID, ActID, SectionID, ActOrderID, SectionOrderID) VALUES (209, 'NDPS', '20', 1, 1);
INSERT INTO Victim (VictimMasterID, CaseMasterID, VictimName, AgeYear, GenderID, VictimPolice) VALUES (209, 209, 'Kiran Gowda', 51, 1, '0');
INSERT INTO Accused (AccusedMasterID, CaseMasterID, AccusedName, AgeYear, GenderID, PersonID) VALUES (279, 209, 'Imtiaz Reddy', 43, 1, 'A1');
INSERT INTO CaseMaster (CaseMasterID, CrimeNo, CaseNo, CrimeRegisteredDate, PolicePersonID, PoliceStationID, CaseCategoryID, GravityOffenceID, CrimeMajorHeadID, CrimeMinorHeadID, CaseStatusID, CourtID, IncidentFromDate, IncidentToDate, InfoReceivedPSDate, latitude, longitude, BriefFacts) VALUES (210, '100010005202400210', '202400210', '2024-07-15', 9, 5, 2, 3, 1, 10, 5, 1, '2024-07-15 18:00:00', '2024-07-15 20:00:00', '2024-07-15 18:00:00', 13.003100, 77.564300, 'Incident reported at Malleshwaram Police Station. Initial investigation launched by IO Santosh Shetty.');
INSERT INTO Inv_OccuranceTime (CaseMasterID, IncidentFromDate, IncidentToDate, latitude, longitude, PlaceOfOccurrence) VALUES (210, '2024-07-15 18:00:00', '2024-07-15 20:00:00', 13.003100, 77.564300, 'Near Junction, Malleshwaram');
INSERT INTO ComplainantDetails (ComplainantID, CaseMasterID, ComplainantName, AgeYear, OccupationID, ReligionID, CasteID, GenderID) VALUES (210, 210, 'Chetan Shetty', 52, 2, 1, 1, 1);
INSERT INTO ActSectionAssociation (CaseMasterID, ActID, SectionID, ActOrderID, SectionOrderID) VALUES (210, 'IPC', '379', 1, 1);
INSERT INTO Victim (VictimMasterID, CaseMasterID, VictimName, AgeYear, GenderID, VictimPolice) VALUES (210, 210, 'Praveen Bhat', 37, 1, '0');
INSERT INTO Accused (AccusedMasterID, CaseMasterID, AccusedName, AgeYear, GenderID, PersonID) VALUES (280, 210, 'Syed ''Jaguar'' Imran', 29, 1, 'A1');
INSERT INTO Accused (AccusedMasterID, CaseMasterID, AccusedName, AgeYear, GenderID, PersonID) VALUES (281, 210, 'Kiran ''Bullet'' Gowda', 29, 1, 'A2');
INSERT INTO Accused (AccusedMasterID, CaseMasterID, AccusedName, AgeYear, GenderID, PersonID) VALUES (282, 210, 'Pradeep ''Chotta'' Kumar', 29, 1, 'A3');
INSERT INTO ArrestSurrender (ArrestSurrenderID, CaseMasterID, ArrestSurrenderTypeID, ArrestSurrenderDate, ArrestSurrenderStateId, ArrestSurrenderDistrictId, PoliceStationID, IOID, CourtID, AccusedMasterID, IsAccused, IsComplainantAccused) VALUES (108, 210, 1, '2024-07-15', 1, 1, 5, 9, 1, 280, 1, 0);
INSERT INTO inv_arrestsurrenderaccused (ArrestSurrenderID, AccusedMasterID) VALUES (108, 280);
INSERT INTO inv_arrestsurrenderaccused (ArrestSurrenderID, AccusedMasterID) VALUES (108, 281);
INSERT INTO inv_arrestsurrenderaccused (ArrestSurrenderID, AccusedMasterID) VALUES (108, 282);
INSERT INTO ChargesheetDetails (CSID, CaseMasterID, csdate, cstype, PolicePersonID) VALUES (71, 210, '2024-07-15 18:00:00', 'A', 9);
INSERT INTO CaseMaster (CaseMasterID, CrimeNo, CaseNo, CrimeRegisteredDate, PolicePersonID, PoliceStationID, CaseCategoryID, GravityOffenceID, CrimeMajorHeadID, CrimeMinorHeadID, CaseStatusID, CourtID, IncidentFromDate, IncidentToDate, InfoReceivedPSDate, latitude, longitude, BriefFacts) VALUES (211, '100010001202400211', '202400211', '2024-08-16', 1, 1, 3, 1, 1, 1, 1, 1, '2024-08-16 19:00:00', '2024-08-16 21:00:00', '2024-08-16 19:00:00', 12.979400, 77.641800, 'Incident reported at Indiranagar Police Station. Initial investigation launched by IO Suresh Rao.');
INSERT INTO Inv_OccuranceTime (CaseMasterID, IncidentFromDate, IncidentToDate, latitude, longitude, PlaceOfOccurrence) VALUES (211, '2024-08-16 19:00:00', '2024-08-16 21:00:00', 12.979400, 77.641800, 'Near Junction, Indiranagar');
INSERT INTO ComplainantDetails (ComplainantID, CaseMasterID, ComplainantName, AgeYear, OccupationID, ReligionID, CasteID, GenderID) VALUES (211, 211, 'Pooja Joshi', 47, 2, 1, 1, 1);
INSERT INTO ActSectionAssociation (CaseMasterID, ActID, SectionID, ActOrderID, SectionOrderID) VALUES (211, 'IPC', '379', 1, 1);
INSERT INTO Victim (VictimMasterID, CaseMasterID, VictimName, AgeYear, GenderID, VictimPolice) VALUES (211, 211, 'Vinay Gowda', 23, 1, '0');
INSERT INTO Accused (AccusedMasterID, CaseMasterID, AccusedName, AgeYear, GenderID, PersonID) VALUES (283, 211, 'Shiva Reddy', 33, 1, 'A1');
INSERT INTO CaseMaster (CaseMasterID, CrimeNo, CaseNo, CrimeRegisteredDate, PolicePersonID, PoliceStationID, CaseCategoryID, GravityOffenceID, CrimeMajorHeadID, CrimeMinorHeadID, CaseStatusID, CourtID, IncidentFromDate, IncidentToDate, InfoReceivedPSDate, latitude, longitude, BriefFacts) VALUES (212, '100020007202400212', '202400212', '2024-09-17', 13, 7, 4, 2, 1, 2, 2, 2, '2024-09-17 20:00:00', '2024-09-17 22:00:00', '2024-09-17 20:00:00', 12.314000, 76.660000, 'Incident reported at Lashkar Police Station. Initial investigation launched by IO Anil Kulkarni.');
INSERT INTO Inv_OccuranceTime (CaseMasterID, IncidentFromDate, IncidentToDate, latitude, longitude, PlaceOfOccurrence) VALUES (212, '2024-09-17 20:00:00', '2024-09-17 22:00:00', 12.314000, 76.660000, 'Near Junction, Lashkar');
INSERT INTO ComplainantDetails (ComplainantID, CaseMasterID, ComplainantName, AgeYear, OccupationID, ReligionID, CasteID, GenderID) VALUES (212, 212, 'Radha Shetty', 26, 2, 1, 1, 1);
INSERT INTO ActSectionAssociation (CaseMasterID, ActID, SectionID, ActOrderID, SectionOrderID) VALUES (212, 'IPC', '379', 1, 1);
INSERT INTO Victim (VictimMasterID, CaseMasterID, VictimName, AgeYear, GenderID, VictimPolice) VALUES (212, 212, 'Nikhil Joshi', 33, 1, '0');
INSERT INTO Accused (AccusedMasterID, CaseMasterID, AccusedName, AgeYear, GenderID, PersonID) VALUES (284, 212, 'Imtiaz Pashan', 29, 1, 'A1');
INSERT INTO ArrestSurrender (ArrestSurrenderID, CaseMasterID, ArrestSurrenderTypeID, ArrestSurrenderDate, ArrestSurrenderStateId, ArrestSurrenderDistrictId, PoliceStationID, IOID, CourtID, AccusedMasterID, IsAccused, IsComplainantAccused) VALUES (109, 212, 1, '2024-09-17', 1, 2, 7, 13, 2, 284, 1, 0);
INSERT INTO inv_arrestsurrenderaccused (ArrestSurrenderID, AccusedMasterID) VALUES (109, 284);
INSERT INTO CaseMaster (CaseMasterID, CrimeNo, CaseNo, CrimeRegisteredDate, PolicePersonID, PoliceStationID, CaseCategoryID, GravityOffenceID, CrimeMajorHeadID, CrimeMinorHeadID, CaseStatusID, CourtID, IncidentFromDate, IncidentToDate, InfoReceivedPSDate, latitude, longitude, BriefFacts) VALUES (213, '100030011202400213', '202400213', '2024-10-18', 21, 11, 1, 3, 1, 3, 3, 3, '2024-10-18 21:00:00', '2024-10-18 23:00:00', '2024-10-18 21:00:00', 12.892000, 74.834000, 'Incident reported at Urwa Police Station. Initial investigation launched by IO Anil Gowda.');
INSERT INTO Inv_OccuranceTime (CaseMasterID, IncidentFromDate, IncidentToDate, latitude, longitude, PlaceOfOccurrence) VALUES (213, '2024-10-18 21:00:00', '2024-10-18 23:00:00', 12.892000, 74.834000, 'Near Junction, Urwa');
INSERT INTO ComplainantDetails (ComplainantID, CaseMasterID, ComplainantName, AgeYear, OccupationID, ReligionID, CasteID, GenderID) VALUES (213, 213, 'Bharath Naik', 28, 2, 1, 1, 1);
INSERT INTO ActSectionAssociation (CaseMasterID, ActID, SectionID, ActOrderID, SectionOrderID) VALUES (213, 'IPC', '379', 1, 1);
INSERT INTO Victim (VictimMasterID, CaseMasterID, VictimName, AgeYear, GenderID, VictimPolice) VALUES (213, 213, 'Vinay Gowda', 35, 1, '0');
INSERT INTO Accused (AccusedMasterID, CaseMasterID, AccusedName, AgeYear, GenderID, PersonID) VALUES (285, 213, 'Vicky Kumar', 38, 1, 'A1');
INSERT INTO Accused (AccusedMasterID, CaseMasterID, AccusedName, AgeYear, GenderID, PersonID) VALUES (286, 213, 'Pandu Verma', 39, 1, 'A2');
INSERT INTO ChargesheetDetails (CSID, CaseMasterID, csdate, cstype, PolicePersonID) VALUES (72, 213, '2024-10-18 21:00:00', 'A', 21);
INSERT INTO CaseMaster (CaseMasterID, CrimeNo, CaseNo, CrimeRegisteredDate, PolicePersonID, PoliceStationID, CaseCategoryID, GravityOffenceID, CrimeMajorHeadID, CrimeMinorHeadID, CaseStatusID, CourtID, IncidentFromDate, IncidentToDate, InfoReceivedPSDate, latitude, longitude, BriefFacts) VALUES (214, '100040012202400214', '202400214', '2024-11-19', 23, 12, 2, 1, 2, 4, 4, 4, '2024-11-19 22:00:00', '2024-11-19 00:00:00', '2024-11-19 22:00:00', 15.356000, 75.145000, 'Incident reported at Suburban Police Station Hubballi. Initial investigation launched by IO Basavaraj Rao.');
INSERT INTO Inv_OccuranceTime (CaseMasterID, IncidentFromDate, IncidentToDate, latitude, longitude, PlaceOfOccurrence) VALUES (214, '2024-11-19 22:00:00', '2024-11-19 00:00:00', 15.356000, 75.145000, 'Near Junction, Suburban Hubballi');
INSERT INTO ComplainantDetails (ComplainantID, CaseMasterID, ComplainantName, AgeYear, OccupationID, ReligionID, CasteID, GenderID) VALUES (214, 214, 'Meena Kulkarni', 56, 2, 1, 1, 1);
INSERT INTO ActSectionAssociation (CaseMasterID, ActID, SectionID, ActOrderID, SectionOrderID) VALUES (214, 'IPC', '302', 1, 1);
INSERT INTO Victim (VictimMasterID, CaseMasterID, VictimName, AgeYear, GenderID, VictimPolice) VALUES (214, 214, 'Manoj Rao', 24, 1, '0');
INSERT INTO Accused (AccusedMasterID, CaseMasterID, AccusedName, AgeYear, GenderID, PersonID) VALUES (287, 214, 'Mantu Pashan', 31, 1, 'A1');
INSERT INTO ArrestSurrender (ArrestSurrenderID, CaseMasterID, ArrestSurrenderTypeID, ArrestSurrenderDate, ArrestSurrenderStateId, ArrestSurrenderDistrictId, PoliceStationID, IOID, CourtID, AccusedMasterID, IsAccused, IsComplainantAccused) VALUES (110, 214, 1, '2024-11-19', 1, 4, 12, 23, 4, 287, 1, 0);
INSERT INTO inv_arrestsurrenderaccused (ArrestSurrenderID, AccusedMasterID) VALUES (110, 287);
INSERT INTO CaseMaster (CaseMasterID, CrimeNo, CaseNo, CrimeRegisteredDate, PolicePersonID, PoliceStationID, CaseCategoryID, GravityOffenceID, CrimeMajorHeadID, CrimeMinorHeadID, CaseStatusID, CourtID, IncidentFromDate, IncidentToDate, InfoReceivedPSDate, latitude, longitude, BriefFacts) VALUES (215, '100050016202400215', '202400215', '2024-12-20', 31, 16, 3, 2, 2, 5, 5, 5, '2024-12-20 23:00:00', '2024-12-20 01:00:00', '2024-12-20 23:00:00', 15.849000, 74.513000, 'Incident reported at Tilakwadi Police Station. Initial investigation launched by IO Prakash Patil.');
INSERT INTO Inv_OccuranceTime (CaseMasterID, IncidentFromDate, IncidentToDate, latitude, longitude, PlaceOfOccurrence) VALUES (215, '2024-12-20 23:00:00', '2024-12-20 01:00:00', 15.849000, 74.513000, 'Near Junction, Tilakwadi');
INSERT INTO ComplainantDetails (ComplainantID, CaseMasterID, ComplainantName, AgeYear, OccupationID, ReligionID, CasteID, GenderID) VALUES (215, 215, 'Deepak Bhat', 25, 2, 1, 1, 1);
INSERT INTO ActSectionAssociation (CaseMasterID, ActID, SectionID, ActOrderID, SectionOrderID) VALUES (215, 'IPC', '302', 1, 1);
INSERT INTO Victim (VictimMasterID, CaseMasterID, VictimName, AgeYear, GenderID, VictimPolice) VALUES (215, 215, 'Rajesh Naik', 31, 1, '0');
INSERT INTO Accused (AccusedMasterID, CaseMasterID, AccusedName, AgeYear, GenderID, PersonID) VALUES (288, 215, 'Shiva Khan', 27, 1, 'A1');
INSERT INTO CaseMaster (CaseMasterID, CrimeNo, CaseNo, CrimeRegisteredDate, PolicePersonID, PoliceStationID, CaseCategoryID, GravityOffenceID, CrimeMajorHeadID, CrimeMinorHeadID, CaseStatusID, CourtID, IncidentFromDate, IncidentToDate, InfoReceivedPSDate, latitude, longitude, BriefFacts) VALUES (216, '100060018202400216', '202400216', '2024-01-21', 35, 18, 4, 3, 3, 6, 1, 6, '2024-01-21 00:00:00', '2024-01-21 02:00:00', '2024-01-21 00:00:00', 17.335000, 76.840000, 'Incident reported at Station Bazar Police Station. Initial investigation launched by IO Mahesh Bhat.');
INSERT INTO Inv_OccuranceTime (CaseMasterID, IncidentFromDate, IncidentToDate, latitude, longitude, PlaceOfOccurrence) VALUES (216, '2024-01-21 00:00:00', '2024-01-21 02:00:00', 17.335000, 76.840000, 'Near Junction, Station Bazar');
INSERT INTO ComplainantDetails (ComplainantID, CaseMasterID, ComplainantName, AgeYear, OccupationID, ReligionID, CasteID, GenderID) VALUES (216, 216, 'Radha Murthy', 25, 2, 1, 1, 1);
INSERT INTO ActSectionAssociation (CaseMasterID, ActID, SectionID, ActOrderID, SectionOrderID) VALUES (216, 'IT_ACT', '66D', 1, 1);
INSERT INTO Victim (VictimMasterID, CaseMasterID, VictimName, AgeYear, GenderID, VictimPolice) VALUES (216, 216, 'Ganesh Gowda', 31, 1, '0');
INSERT INTO Accused (AccusedMasterID, CaseMasterID, AccusedName, AgeYear, GenderID, PersonID) VALUES (289, 216, 'Tukaram Salim', 23, 1, 'A1');
INSERT INTO Accused (AccusedMasterID, CaseMasterID, AccusedName, AgeYear, GenderID, PersonID) VALUES (290, 216, 'Pandu Kumar', 26, 1, 'A2');
INSERT INTO ArrestSurrender (ArrestSurrenderID, CaseMasterID, ArrestSurrenderTypeID, ArrestSurrenderDate, ArrestSurrenderStateId, ArrestSurrenderDistrictId, PoliceStationID, IOID, CourtID, AccusedMasterID, IsAccused, IsComplainantAccused) VALUES (111, 216, 1, '2024-01-21', 1, 6, 18, 35, 6, 289, 1, 0);
INSERT INTO inv_arrestsurrenderaccused (ArrestSurrenderID, AccusedMasterID) VALUES (111, 289);
INSERT INTO inv_arrestsurrenderaccused (ArrestSurrenderID, AccusedMasterID) VALUES (111, 290);
INSERT INTO ChargesheetDetails (CSID, CaseMasterID, csdate, cstype, PolicePersonID) VALUES (73, 216, '2024-01-21 00:00:00', 'A', 35);
INSERT INTO CaseMaster (CaseMasterID, CrimeNo, CaseNo, CrimeRegisteredDate, PolicePersonID, PoliceStationID, CaseCategoryID, GravityOffenceID, CrimeMajorHeadID, CrimeMinorHeadID, CaseStatusID, CourtID, IncidentFromDate, IncidentToDate, InfoReceivedPSDate, latitude, longitude, BriefFacts) VALUES (217, '100010002202400217', '202400217', '2024-02-22', 3, 2, 1, 1, 3, 7, 2, 1, '2024-02-22 01:00:00', '2024-02-22 03:00:00', '2024-02-22 01:00:00', 12.942200, 77.631500, 'Incident reported at Koramangala Police Station. Initial investigation launched by IO Ganesh Nayak.');
INSERT INTO Inv_OccuranceTime (CaseMasterID, IncidentFromDate, IncidentToDate, latitude, longitude, PlaceOfOccurrence) VALUES (217, '2024-02-22 01:00:00', '2024-02-22 03:00:00', 12.942200, 77.631500, 'Near Junction, Koramangala');
INSERT INTO ComplainantDetails (ComplainantID, CaseMasterID, ComplainantName, AgeYear, OccupationID, ReligionID, CasteID, GenderID) VALUES (217, 217, 'Pooja Gowda', 50, 2, 1, 1, 1);
INSERT INTO ActSectionAssociation (CaseMasterID, ActID, SectionID, ActOrderID, SectionOrderID) VALUES (217, 'IT_ACT', '66D', 1, 1);
INSERT INTO Victim (VictimMasterID, CaseMasterID, VictimName, AgeYear, GenderID, VictimPolice) VALUES (217, 217, 'Bhavya Deshpande', 36, 1, '0');
INSERT INTO Accused (AccusedMasterID, CaseMasterID, AccusedName, AgeYear, GenderID, PersonID) VALUES (291, 217, 'Jagga Singh', 23, 1, 'A1');
INSERT INTO CaseMaster (CaseMasterID, CrimeNo, CaseNo, CrimeRegisteredDate, PolicePersonID, PoliceStationID, CaseCategoryID, GravityOffenceID, CrimeMajorHeadID, CrimeMinorHeadID, CaseStatusID, CourtID, IncidentFromDate, IncidentToDate, InfoReceivedPSDate, latitude, longitude, BriefFacts) VALUES (218, '100020007202400218', '202400218', '2024-03-23', 13, 7, 2, 2, 4, 8, 3, 2, '2024-03-23 02:00:00', '2024-03-23 04:00:00', '2024-03-23 02:00:00', 12.320000, 76.666000, 'Incident reported at Lashkar Police Station. Initial investigation launched by IO Anil Kulkarni.');
INSERT INTO Inv_OccuranceTime (CaseMasterID, IncidentFromDate, IncidentToDate, latitude, longitude, PlaceOfOccurrence) VALUES (218, '2024-03-23 02:00:00', '2024-03-23 04:00:00', 12.320000, 76.666000, 'Near Junction, Lashkar');
INSERT INTO ComplainantDetails (ComplainantID, CaseMasterID, ComplainantName, AgeYear, OccupationID, ReligionID, CasteID, GenderID) VALUES (218, 218, 'Latha Deshpande', 62, 2, 1, 1, 1);
INSERT INTO ActSectionAssociation (CaseMasterID, ActID, SectionID, ActOrderID, SectionOrderID) VALUES (218, 'IPC', '420', 1, 1);
INSERT INTO Victim (VictimMasterID, CaseMasterID, VictimName, AgeYear, GenderID, VictimPolice) VALUES (218, 218, 'Bhavya Hegde', 38, 1, '0');
INSERT INTO Accused (AccusedMasterID, CaseMasterID, AccusedName, AgeYear, GenderID, PersonID) VALUES (292, 218, 'Vicky Verma', 22, 1, 'A1');
INSERT INTO ArrestSurrender (ArrestSurrenderID, CaseMasterID, ArrestSurrenderTypeID, ArrestSurrenderDate, ArrestSurrenderStateId, ArrestSurrenderDistrictId, PoliceStationID, IOID, CourtID, AccusedMasterID, IsAccused, IsComplainantAccused) VALUES (112, 218, 1, '2024-03-23', 1, 2, 7, 13, 2, 292, 1, 0);
INSERT INTO inv_arrestsurrenderaccused (ArrestSurrenderID, AccusedMasterID) VALUES (112, 292);
INSERT INTO CaseMaster (CaseMasterID, CrimeNo, CaseNo, CrimeRegisteredDate, PolicePersonID, PoliceStationID, CaseCategoryID, GravityOffenceID, CrimeMajorHeadID, CrimeMinorHeadID, CaseStatusID, CourtID, IncidentFromDate, IncidentToDate, InfoReceivedPSDate, latitude, longitude, BriefFacts) VALUES (219, '100030011202400219', '202400219', '2024-04-24', 21, 11, 3, 3, 5, 9, 4, 3, '2024-04-24 03:00:00', '2024-04-24 05:00:00', '2024-04-24 03:00:00', 12.898000, 74.840000, 'Incident reported at Urwa Police Station. Initial investigation launched by IO Anil Gowda.');
INSERT INTO Inv_OccuranceTime (CaseMasterID, IncidentFromDate, IncidentToDate, latitude, longitude, PlaceOfOccurrence) VALUES (219, '2024-04-24 03:00:00', '2024-04-24 05:00:00', 12.898000, 74.840000, 'Near Junction, Urwa');
INSERT INTO ComplainantDetails (ComplainantID, CaseMasterID, ComplainantName, AgeYear, OccupationID, ReligionID, CasteID, GenderID) VALUES (219, 219, 'Shilpa Murthy', 27, 2, 1, 1, 1);
INSERT INTO ActSectionAssociation (CaseMasterID, ActID, SectionID, ActOrderID, SectionOrderID) VALUES (219, 'NDPS', '20', 1, 1);
INSERT INTO Victim (VictimMasterID, CaseMasterID, VictimName, AgeYear, GenderID, VictimPolice) VALUES (219, 219, 'Bhavya Rao', 56, 1, '0');
INSERT INTO Accused (AccusedMasterID, CaseMasterID, AccusedName, AgeYear, GenderID, PersonID) VALUES (293, 219, 'Pandu Khan', 32, 1, 'A1');
INSERT INTO Accused (AccusedMasterID, CaseMasterID, AccusedName, AgeYear, GenderID, PersonID) VALUES (294, 219, 'Mantu Alias', 33, 1, 'A2');
INSERT INTO ChargesheetDetails (CSID, CaseMasterID, csdate, cstype, PolicePersonID) VALUES (74, 219, '2024-04-24 03:00:00', 'A', 21);
INSERT INTO CaseMaster (CaseMasterID, CrimeNo, CaseNo, CrimeRegisteredDate, PolicePersonID, PoliceStationID, CaseCategoryID, GravityOffenceID, CrimeMajorHeadID, CrimeMinorHeadID, CaseStatusID, CourtID, IncidentFromDate, IncidentToDate, InfoReceivedPSDate, latitude, longitude, BriefFacts) VALUES (220, '100040012202400220', '202400220', '2024-05-25', 23, 12, 4, 1, 1, 10, 5, 4, '2024-05-25 04:00:00', '2024-05-25 06:00:00', '2024-05-25 04:00:00', 15.342000, 75.131000, 'Incident reported at Suburban Police Station Hubballi. Initial investigation launched by IO Basavaraj Rao.');
INSERT INTO Inv_OccuranceTime (CaseMasterID, IncidentFromDate, IncidentToDate, latitude, longitude, PlaceOfOccurrence) VALUES (220, '2024-05-25 04:00:00', '2024-05-25 06:00:00', 15.342000, 75.131000, 'Near Junction, Suburban Hubballi');
INSERT INTO ComplainantDetails (ComplainantID, CaseMasterID, ComplainantName, AgeYear, OccupationID, ReligionID, CasteID, GenderID) VALUES (220, 220, 'Nandini Shetty', 56, 2, 1, 1, 1);
INSERT INTO ActSectionAssociation (CaseMasterID, ActID, SectionID, ActOrderID, SectionOrderID) VALUES (220, 'IPC', '379', 1, 1);
INSERT INTO Victim (VictimMasterID, CaseMasterID, VictimName, AgeYear, GenderID, VictimPolice) VALUES (220, 220, 'Vinay Gowda', 59, 1, '0');
INSERT INTO Accused (AccusedMasterID, CaseMasterID, AccusedName, AgeYear, GenderID, PersonID) VALUES (295, 220, 'Tukaram Khan', 31, 1, 'A1');
INSERT INTO ArrestSurrender (ArrestSurrenderID, CaseMasterID, ArrestSurrenderTypeID, ArrestSurrenderDate, ArrestSurrenderStateId, ArrestSurrenderDistrictId, PoliceStationID, IOID, CourtID, AccusedMasterID, IsAccused, IsComplainantAccused) VALUES (113, 220, 1, '2024-05-25', 1, 4, 12, 23, 4, 295, 1, 0);
INSERT INTO inv_arrestsurrenderaccused (ArrestSurrenderID, AccusedMasterID) VALUES (113, 295);
INSERT INTO CaseMaster (CaseMasterID, CrimeNo, CaseNo, CrimeRegisteredDate, PolicePersonID, PoliceStationID, CaseCategoryID, GravityOffenceID, CrimeMajorHeadID, CrimeMinorHeadID, CaseStatusID, CourtID, IncidentFromDate, IncidentToDate, InfoReceivedPSDate, latitude, longitude, BriefFacts) VALUES (221, '100050016202400221', '202400221', '2024-06-26', 31, 16, 1, 2, 1, 1, 1, 5, '2024-06-26 05:00:00', '2024-06-26 07:00:00', '2024-06-26 05:00:00', 15.835000, 74.499000, 'Incident reported at Tilakwadi Police Station. Initial investigation launched by IO Prakash Patil.');
INSERT INTO Inv_OccuranceTime (CaseMasterID, IncidentFromDate, IncidentToDate, latitude, longitude, PlaceOfOccurrence) VALUES (221, '2024-06-26 05:00:00', '2024-06-26 07:00:00', 15.835000, 74.499000, 'Near Junction, Tilakwadi');
INSERT INTO ComplainantDetails (ComplainantID, CaseMasterID, ComplainantName, AgeYear, OccupationID, ReligionID, CasteID, GenderID) VALUES (221, 221, 'Latha Deshpande', 44, 2, 1, 1, 1);
INSERT INTO ActSectionAssociation (CaseMasterID, ActID, SectionID, ActOrderID, SectionOrderID) VALUES (221, 'IPC', '379', 1, 1);
INSERT INTO Victim (VictimMasterID, CaseMasterID, VictimName, AgeYear, GenderID, VictimPolice) VALUES (221, 221, 'Vinay Joshi', 21, 1, '0');
INSERT INTO Accused (AccusedMasterID, CaseMasterID, AccusedName, AgeYear, GenderID, PersonID) VALUES (296, 221, 'Vicky Pashan', 35, 1, 'A1');
INSERT INTO CaseMaster (CaseMasterID, CrimeNo, CaseNo, CrimeRegisteredDate, PolicePersonID, PoliceStationID, CaseCategoryID, GravityOffenceID, CrimeMajorHeadID, CrimeMinorHeadID, CaseStatusID, CourtID, IncidentFromDate, IncidentToDate, InfoReceivedPSDate, latitude, longitude, BriefFacts) VALUES (222, '100060018202400222', '202400222', '2024-07-27', 35, 18, 2, 3, 1, 2, 2, 6, '2024-07-27 06:00:00', '2024-07-27 08:00:00', '2024-07-27 06:00:00', 17.321000, 76.826000, 'Incident reported at Station Bazar Police Station. Initial investigation launched by IO Mahesh Bhat.');
INSERT INTO Inv_OccuranceTime (CaseMasterID, IncidentFromDate, IncidentToDate, latitude, longitude, PlaceOfOccurrence) VALUES (222, '2024-07-27 06:00:00', '2024-07-27 08:00:00', 17.321000, 76.826000, 'Near Junction, Station Bazar');
INSERT INTO ComplainantDetails (ComplainantID, CaseMasterID, ComplainantName, AgeYear, OccupationID, ReligionID, CasteID, GenderID) VALUES (222, 222, 'Nandini Shetty', 30, 2, 1, 1, 1);
INSERT INTO ActSectionAssociation (CaseMasterID, ActID, SectionID, ActOrderID, SectionOrderID) VALUES (222, 'IPC', '379', 1, 1);
INSERT INTO Victim (VictimMasterID, CaseMasterID, VictimName, AgeYear, GenderID, VictimPolice) VALUES (222, 222, 'Chaitra Shetty', 31, 1, '0');
INSERT INTO Accused (AccusedMasterID, CaseMasterID, AccusedName, AgeYear, GenderID, PersonID) VALUES (297, 222, 'Mantu Reddy', 38, 1, 'A1');
INSERT INTO Accused (AccusedMasterID, CaseMasterID, AccusedName, AgeYear, GenderID, PersonID) VALUES (298, 222, 'Jagga Alias', 45, 1, 'A2');
INSERT INTO ArrestSurrender (ArrestSurrenderID, CaseMasterID, ArrestSurrenderTypeID, ArrestSurrenderDate, ArrestSurrenderStateId, ArrestSurrenderDistrictId, PoliceStationID, IOID, CourtID, AccusedMasterID, IsAccused, IsComplainantAccused) VALUES (114, 222, 1, '2024-07-27', 1, 6, 18, 35, 6, 297, 1, 0);
INSERT INTO inv_arrestsurrenderaccused (ArrestSurrenderID, AccusedMasterID) VALUES (114, 297);
INSERT INTO inv_arrestsurrenderaccused (ArrestSurrenderID, AccusedMasterID) VALUES (114, 298);
INSERT INTO ChargesheetDetails (CSID, CaseMasterID, csdate, cstype, PolicePersonID) VALUES (75, 222, '2024-07-27 06:00:00', 'A', 35);
INSERT INTO CaseMaster (CaseMasterID, CrimeNo, CaseNo, CrimeRegisteredDate, PolicePersonID, PoliceStationID, CaseCategoryID, GravityOffenceID, CrimeMajorHeadID, CrimeMinorHeadID, CaseStatusID, CourtID, IncidentFromDate, IncidentToDate, InfoReceivedPSDate, latitude, longitude, BriefFacts) VALUES (223, '100010003202400223', '202400223', '2024-08-28', 5, 3, 3, 1, 1, 3, 3, 1, '2024-08-28 07:00:00', '2024-08-28 09:00:00', '2024-08-28 07:00:00', 12.962800, 77.742900, 'Incident reported at Whitefield Police Station. Initial investigation launched by IO Sunil Bhat.');
INSERT INTO Inv_OccuranceTime (CaseMasterID, IncidentFromDate, IncidentToDate, latitude, longitude, PlaceOfOccurrence) VALUES (223, '2024-08-28 07:00:00', '2024-08-28 09:00:00', 12.962800, 77.742900, 'Near Junction, Whitefield');
INSERT INTO ComplainantDetails (ComplainantID, CaseMasterID, ComplainantName, AgeYear, OccupationID, ReligionID, CasteID, GenderID) VALUES (223, 223, 'Suma Joshi', 34, 2, 1, 1, 1);
INSERT INTO ActSectionAssociation (CaseMasterID, ActID, SectionID, ActOrderID, SectionOrderID) VALUES (223, 'IPC', '379', 1, 1);
INSERT INTO Victim (VictimMasterID, CaseMasterID, VictimName, AgeYear, GenderID, VictimPolice) VALUES (223, 223, 'Kiran Naik', 58, 1, '0');
INSERT INTO Accused (AccusedMasterID, CaseMasterID, AccusedName, AgeYear, GenderID, PersonID) VALUES (299, 223, 'Vicky Salim', 44, 1, 'A1');
INSERT INTO CaseMaster (CaseMasterID, CrimeNo, CaseNo, CrimeRegisteredDate, PolicePersonID, PoliceStationID, CaseCategoryID, GravityOffenceID, CrimeMajorHeadID, CrimeMinorHeadID, CaseStatusID, CourtID, IncidentFromDate, IncidentToDate, InfoReceivedPSDate, latitude, longitude, BriefFacts) VALUES (224, '100020007202400224', '202400224', '2024-09-01', 13, 7, 4, 2, 2, 4, 4, 2, '2024-09-01 08:00:00', '2024-09-01 10:00:00', '2024-09-01 08:00:00', 12.306000, 76.652000, 'Incident reported at Lashkar Police Station. Initial investigation launched by IO Anil Kulkarni.');
INSERT INTO Inv_OccuranceTime (CaseMasterID, IncidentFromDate, IncidentToDate, latitude, longitude, PlaceOfOccurrence) VALUES (224, '2024-09-01 08:00:00', '2024-09-01 10:00:00', 12.306000, 76.652000, 'Near Junction, Lashkar');
INSERT INTO ComplainantDetails (ComplainantID, CaseMasterID, ComplainantName, AgeYear, OccupationID, ReligionID, CasteID, GenderID) VALUES (224, 224, 'Shilpa Deshpande', 41, 2, 1, 1, 1);
INSERT INTO ActSectionAssociation (CaseMasterID, ActID, SectionID, ActOrderID, SectionOrderID) VALUES (224, 'IPC', '302', 1, 1);
INSERT INTO Victim (VictimMasterID, CaseMasterID, VictimName, AgeYear, GenderID, VictimPolice) VALUES (224, 224, 'Arun Deshpande', 38, 1, '0');
INSERT INTO Accused (AccusedMasterID, CaseMasterID, AccusedName, AgeYear, GenderID, PersonID) VALUES (300, 224, 'Babloo Khan', 23, 1, 'A1');
INSERT INTO ArrestSurrender (ArrestSurrenderID, CaseMasterID, ArrestSurrenderTypeID, ArrestSurrenderDate, ArrestSurrenderStateId, ArrestSurrenderDistrictId, PoliceStationID, IOID, CourtID, AccusedMasterID, IsAccused, IsComplainantAccused) VALUES (115, 224, 1, '2024-09-01', 1, 2, 7, 13, 2, 300, 1, 0);
INSERT INTO inv_arrestsurrenderaccused (ArrestSurrenderID, AccusedMasterID) VALUES (115, 300);
INSERT INTO CaseMaster (CaseMasterID, CrimeNo, CaseNo, CrimeRegisteredDate, PolicePersonID, PoliceStationID, CaseCategoryID, GravityOffenceID, CrimeMajorHeadID, CrimeMinorHeadID, CaseStatusID, CourtID, IncidentFromDate, IncidentToDate, InfoReceivedPSDate, latitude, longitude, BriefFacts) VALUES (225, '100030011202400225', '202400225', '2024-10-02', 21, 11, 1, 3, 2, 5, 5, 3, '2024-10-02 09:00:00', '2024-10-02 11:00:00', '2024-10-02 09:00:00', 12.884000, 74.826000, 'Incident reported at Urwa Police Station. Initial investigation launched by IO Anil Gowda.');
INSERT INTO Inv_OccuranceTime (CaseMasterID, IncidentFromDate, IncidentToDate, latitude, longitude, PlaceOfOccurrence) VALUES (225, '2024-10-02 09:00:00', '2024-10-02 11:00:00', 12.884000, 74.826000, 'Near Junction, Urwa');
INSERT INTO ComplainantDetails (ComplainantID, CaseMasterID, ComplainantName, AgeYear, OccupationID, ReligionID, CasteID, GenderID) VALUES (225, 225, 'Kavitha Deshpande', 51, 2, 1, 1, 1);
INSERT INTO ActSectionAssociation (CaseMasterID, ActID, SectionID, ActOrderID, SectionOrderID) VALUES (225, 'IPC', '302', 1, 1);
INSERT INTO Victim (VictimMasterID, CaseMasterID, VictimName, AgeYear, GenderID, VictimPolice) VALUES (225, 225, 'Kiran Hegde', 60, 1, '0');
INSERT INTO Accused (AccusedMasterID, CaseMasterID, AccusedName, AgeYear, GenderID, PersonID) VALUES (301, 225, 'Raja Reddy', 26, 1, 'A1');
INSERT INTO Accused (AccusedMasterID, CaseMasterID, AccusedName, AgeYear, GenderID, PersonID) VALUES (302, 225, 'Yogesh Verma', 44, 1, 'A2');
INSERT INTO ChargesheetDetails (CSID, CaseMasterID, csdate, cstype, PolicePersonID) VALUES (76, 225, '2024-10-02 09:00:00', 'A', 21);
INSERT INTO CaseMaster (CaseMasterID, CrimeNo, CaseNo, CrimeRegisteredDate, PolicePersonID, PoliceStationID, CaseCategoryID, GravityOffenceID, CrimeMajorHeadID, CrimeMinorHeadID, CaseStatusID, CourtID, IncidentFromDate, IncidentToDate, InfoReceivedPSDate, latitude, longitude, BriefFacts) VALUES (226, '100040012202400226', '202400226', '2024-11-03', 23, 12, 2, 1, 3, 6, 1, 4, '2024-11-03 10:00:00', '2024-11-03 12:00:00', '2024-11-03 10:00:00', 15.348000, 75.137000, 'Incident reported at Suburban Police Station Hubballi. Initial investigation launched by IO Basavaraj Rao.');
INSERT INTO Inv_OccuranceTime (CaseMasterID, IncidentFromDate, IncidentToDate, latitude, longitude, PlaceOfOccurrence) VALUES (226, '2024-11-03 10:00:00', '2024-11-03 12:00:00', 15.348000, 75.137000, 'Near Junction, Suburban Hubballi');
INSERT INTO ComplainantDetails (ComplainantID, CaseMasterID, ComplainantName, AgeYear, OccupationID, ReligionID, CasteID, GenderID) VALUES (226, 226, 'Jagadish Gowda', 64, 2, 1, 1, 1);
INSERT INTO ActSectionAssociation (CaseMasterID, ActID, SectionID, ActOrderID, SectionOrderID) VALUES (226, 'IT_ACT', '66D', 1, 1);
INSERT INTO Victim (VictimMasterID, CaseMasterID, VictimName, AgeYear, GenderID, VictimPolice) VALUES (226, 226, 'Vinay Kulkarni', 30, 1, '0');
INSERT INTO Accused (AccusedMasterID, CaseMasterID, AccusedName, AgeYear, GenderID, PersonID) VALUES (303, 226, 'Raja Salim', 32, 1, 'A1');
INSERT INTO ArrestSurrender (ArrestSurrenderID, CaseMasterID, ArrestSurrenderTypeID, ArrestSurrenderDate, ArrestSurrenderStateId, ArrestSurrenderDistrictId, PoliceStationID, IOID, CourtID, AccusedMasterID, IsAccused, IsComplainantAccused) VALUES (116, 226, 1, '2024-11-03', 1, 4, 12, 23, 4, 303, 1, 0);
INSERT INTO inv_arrestsurrenderaccused (ArrestSurrenderID, AccusedMasterID) VALUES (116, 303);
INSERT INTO CaseMaster (CaseMasterID, CrimeNo, CaseNo, CrimeRegisteredDate, PolicePersonID, PoliceStationID, CaseCategoryID, GravityOffenceID, CrimeMajorHeadID, CrimeMinorHeadID, CaseStatusID, CourtID, IncidentFromDate, IncidentToDate, InfoReceivedPSDate, latitude, longitude, BriefFacts) VALUES (227, '100050016202400227', '202400227', '2024-12-04', 31, 16, 3, 2, 3, 7, 2, 5, '2024-12-04 11:00:00', '2024-12-04 13:00:00', '2024-12-04 11:00:00', 15.841000, 74.505000, 'Incident reported at Tilakwadi Police Station. Initial investigation launched by IO Prakash Patil.');
INSERT INTO Inv_OccuranceTime (CaseMasterID, IncidentFromDate, IncidentToDate, latitude, longitude, PlaceOfOccurrence) VALUES (227, '2024-12-04 11:00:00', '2024-12-04 13:00:00', 15.841000, 74.505000, 'Near Junction, Tilakwadi');
INSERT INTO ComplainantDetails (ComplainantID, CaseMasterID, ComplainantName, AgeYear, OccupationID, ReligionID, CasteID, GenderID) VALUES (227, 227, 'Jagadish Rao', 29, 2, 1, 1, 1);
INSERT INTO ActSectionAssociation (CaseMasterID, ActID, SectionID, ActOrderID, SectionOrderID) VALUES (227, 'IT_ACT', '66D', 1, 1);
INSERT INTO Victim (VictimMasterID, CaseMasterID, VictimName, AgeYear, GenderID, VictimPolice) VALUES (227, 227, 'Praveen Joshi', 25, 1, '0');
INSERT INTO Accused (AccusedMasterID, CaseMasterID, AccusedName, AgeYear, GenderID, PersonID) VALUES (304, 227, 'Altaf Pashan', 41, 1, 'A1');
INSERT INTO CaseMaster (CaseMasterID, CrimeNo, CaseNo, CrimeRegisteredDate, PolicePersonID, PoliceStationID, CaseCategoryID, GravityOffenceID, CrimeMajorHeadID, CrimeMinorHeadID, CaseStatusID, CourtID, IncidentFromDate, IncidentToDate, InfoReceivedPSDate, latitude, longitude, BriefFacts) VALUES (228, '100060018202400228', '202400228', '2024-01-05', 35, 18, 4, 3, 4, 8, 3, 6, '2024-01-05 12:00:00', '2024-01-05 14:00:00', '2024-01-05 12:00:00', 17.327000, 76.832000, 'Incident reported at Station Bazar Police Station. Initial investigation launched by IO Mahesh Bhat.');
INSERT INTO Inv_OccuranceTime (CaseMasterID, IncidentFromDate, IncidentToDate, latitude, longitude, PlaceOfOccurrence) VALUES (228, '2024-01-05 12:00:00', '2024-01-05 14:00:00', 17.327000, 76.832000, 'Near Junction, Station Bazar');
INSERT INTO ComplainantDetails (ComplainantID, CaseMasterID, ComplainantName, AgeYear, OccupationID, ReligionID, CasteID, GenderID) VALUES (228, 228, 'Pooja Deshpande', 59, 2, 1, 1, 1);
INSERT INTO ActSectionAssociation (CaseMasterID, ActID, SectionID, ActOrderID, SectionOrderID) VALUES (228, 'IPC', '420', 1, 1);
INSERT INTO Victim (VictimMasterID, CaseMasterID, VictimName, AgeYear, GenderID, VictimPolice) VALUES (228, 228, 'Arun Joshi', 33, 1, '0');
INSERT INTO Accused (AccusedMasterID, CaseMasterID, AccusedName, AgeYear, GenderID, PersonID) VALUES (305, 228, 'Pandu Alias', 45, 1, 'A1');
INSERT INTO Accused (AccusedMasterID, CaseMasterID, AccusedName, AgeYear, GenderID, PersonID) VALUES (306, 228, 'Mantu Reddy', 27, 1, 'A2');
INSERT INTO ArrestSurrender (ArrestSurrenderID, CaseMasterID, ArrestSurrenderTypeID, ArrestSurrenderDate, ArrestSurrenderStateId, ArrestSurrenderDistrictId, PoliceStationID, IOID, CourtID, AccusedMasterID, IsAccused, IsComplainantAccused) VALUES (117, 228, 1, '2024-01-05', 1, 6, 18, 35, 6, 305, 1, 0);
INSERT INTO inv_arrestsurrenderaccused (ArrestSurrenderID, AccusedMasterID) VALUES (117, 305);
INSERT INTO inv_arrestsurrenderaccused (ArrestSurrenderID, AccusedMasterID) VALUES (117, 306);
INSERT INTO ChargesheetDetails (CSID, CaseMasterID, csdate, cstype, PolicePersonID) VALUES (77, 228, '2024-01-05 12:00:00', 'A', 35);
INSERT INTO CaseMaster (CaseMasterID, CrimeNo, CaseNo, CrimeRegisteredDate, PolicePersonID, PoliceStationID, CaseCategoryID, GravityOffenceID, CrimeMajorHeadID, CrimeMinorHeadID, CaseStatusID, CourtID, IncidentFromDate, IncidentToDate, InfoReceivedPSDate, latitude, longitude, BriefFacts) VALUES (229, '100010004202400229', '202400229', '2024-02-06', 7, 4, 1, 1, 5, 9, 4, 1, '2024-02-06 13:00:00', '2024-02-06 15:00:00', '2024-02-06 13:00:00', 12.924000, 77.592800, 'Incident reported at Jayanagar Police Station. Initial investigation launched by IO Vijay Kulkarni.');
INSERT INTO Inv_OccuranceTime (CaseMasterID, IncidentFromDate, IncidentToDate, latitude, longitude, PlaceOfOccurrence) VALUES (229, '2024-02-06 13:00:00', '2024-02-06 15:00:00', 12.924000, 77.592800, 'Near Junction, Jayanagar');
INSERT INTO ComplainantDetails (ComplainantID, CaseMasterID, ComplainantName, AgeYear, OccupationID, ReligionID, CasteID, GenderID) VALUES (229, 229, 'Radha Bhat', 59, 2, 1, 1, 1);
INSERT INTO ActSectionAssociation (CaseMasterID, ActID, SectionID, ActOrderID, SectionOrderID) VALUES (229, 'NDPS', '20', 1, 1);
INSERT INTO Victim (VictimMasterID, CaseMasterID, VictimName, AgeYear, GenderID, VictimPolice) VALUES (229, 229, 'Chaitra Gowda', 52, 1, '0');
INSERT INTO Accused (AccusedMasterID, CaseMasterID, AccusedName, AgeYear, GenderID, PersonID) VALUES (307, 229, 'Dharma Khan', 26, 1, 'A1');
INSERT INTO CaseMaster (CaseMasterID, CrimeNo, CaseNo, CrimeRegisteredDate, PolicePersonID, PoliceStationID, CaseCategoryID, GravityOffenceID, CrimeMajorHeadID, CrimeMinorHeadID, CaseStatusID, CourtID, IncidentFromDate, IncidentToDate, InfoReceivedPSDate, latitude, longitude, BriefFacts) VALUES (230, '100020007202400230', '202400230', '2024-03-07', 13, 7, 2, 2, 1, 10, 5, 2, '2024-03-07 14:00:00', '2024-03-07 16:00:00', '2024-03-07 14:00:00', 12.312000, 76.658000, 'Incident reported at Lashkar Police Station. Initial investigation launched by IO Anil Kulkarni.');
INSERT INTO Inv_OccuranceTime (CaseMasterID, IncidentFromDate, IncidentToDate, latitude, longitude, PlaceOfOccurrence) VALUES (230, '2024-03-07 14:00:00', '2024-03-07 16:00:00', 12.312000, 76.658000, 'Near Junction, Lashkar');
INSERT INTO ComplainantDetails (ComplainantID, CaseMasterID, ComplainantName, AgeYear, OccupationID, ReligionID, CasteID, GenderID) VALUES (230, 230, 'Anand Gowda', 35, 2, 1, 1, 1);
INSERT INTO ActSectionAssociation (CaseMasterID, ActID, SectionID, ActOrderID, SectionOrderID) VALUES (230, 'IPC', '379', 1, 1);
INSERT INTO Victim (VictimMasterID, CaseMasterID, VictimName, AgeYear, GenderID, VictimPolice) VALUES (230, 230, 'Rajesh Joshi', 42, 1, '0');
INSERT INTO Accused (AccusedMasterID, CaseMasterID, AccusedName, AgeYear, GenderID, PersonID) VALUES (308, 230, 'Raja Pashan', 40, 1, 'A1');
INSERT INTO ArrestSurrender (ArrestSurrenderID, CaseMasterID, ArrestSurrenderTypeID, ArrestSurrenderDate, ArrestSurrenderStateId, ArrestSurrenderDistrictId, PoliceStationID, IOID, CourtID, AccusedMasterID, IsAccused, IsComplainantAccused) VALUES (118, 230, 1, '2024-03-07', 1, 2, 7, 13, 2, 308, 1, 0);
INSERT INTO inv_arrestsurrenderaccused (ArrestSurrenderID, AccusedMasterID) VALUES (118, 308);
INSERT INTO CaseMaster (CaseMasterID, CrimeNo, CaseNo, CrimeRegisteredDate, PolicePersonID, PoliceStationID, CaseCategoryID, GravityOffenceID, CrimeMajorHeadID, CrimeMinorHeadID, CaseStatusID, CourtID, IncidentFromDate, IncidentToDate, InfoReceivedPSDate, latitude, longitude, BriefFacts) VALUES (231, '100030011202400231', '202400231', '2024-04-08', 21, 11, 3, 3, 1, 1, 1, 3, '2024-04-08 15:00:00', '2024-04-08 17:00:00', '2024-04-08 15:00:00', 12.890000, 74.832000, 'Incident reported at Urwa Police Station. Initial investigation launched by IO Anil Gowda.');
INSERT INTO Inv_OccuranceTime (CaseMasterID, IncidentFromDate, IncidentToDate, latitude, longitude, PlaceOfOccurrence) VALUES (231, '2024-04-08 15:00:00', '2024-04-08 17:00:00', 12.890000, 74.832000, 'Near Junction, Urwa');
INSERT INTO ComplainantDetails (ComplainantID, CaseMasterID, ComplainantName, AgeYear, OccupationID, ReligionID, CasteID, GenderID) VALUES (231, 231, 'Kavitha Gowda', 58, 2, 1, 1, 1);
INSERT INTO ActSectionAssociation (CaseMasterID, ActID, SectionID, ActOrderID, SectionOrderID) VALUES (231, 'IPC', '379', 1, 1);
INSERT INTO Victim (VictimMasterID, CaseMasterID, VictimName, AgeYear, GenderID, VictimPolice) VALUES (231, 231, 'Nikhil Rao', 54, 1, '0');
INSERT INTO Accused (AccusedMasterID, CaseMasterID, AccusedName, AgeYear, GenderID, PersonID) VALUES (309, 231, 'Pandu Kumar', 44, 1, 'A1');
INSERT INTO Accused (AccusedMasterID, CaseMasterID, AccusedName, AgeYear, GenderID, PersonID) VALUES (310, 231, 'Dharma Kumar', 35, 1, 'A2');
INSERT INTO ChargesheetDetails (CSID, CaseMasterID, csdate, cstype, PolicePersonID) VALUES (78, 231, '2024-04-08 15:00:00', 'A', 21);
INSERT INTO CaseMaster (CaseMasterID, CrimeNo, CaseNo, CrimeRegisteredDate, PolicePersonID, PoliceStationID, CaseCategoryID, GravityOffenceID, CrimeMajorHeadID, CrimeMinorHeadID, CaseStatusID, CourtID, IncidentFromDate, IncidentToDate, InfoReceivedPSDate, latitude, longitude, BriefFacts) VALUES (232, '100040012202400232', '202400232', '2024-05-09', 23, 12, 4, 1, 1, 2, 2, 4, '2024-05-09 16:00:00', '2024-05-09 18:00:00', '2024-05-09 16:00:00', 15.354000, 75.143000, 'Incident reported at Suburban Police Station Hubballi. Initial investigation launched by IO Basavaraj Rao.');
INSERT INTO Inv_OccuranceTime (CaseMasterID, IncidentFromDate, IncidentToDate, latitude, longitude, PlaceOfOccurrence) VALUES (232, '2024-05-09 16:00:00', '2024-05-09 18:00:00', 15.354000, 75.143000, 'Near Junction, Suburban Hubballi');
INSERT INTO ComplainantDetails (ComplainantID, CaseMasterID, ComplainantName, AgeYear, OccupationID, ReligionID, CasteID, GenderID) VALUES (232, 232, 'Eshwar Shetty', 62, 2, 1, 1, 1);
INSERT INTO ActSectionAssociation (CaseMasterID, ActID, SectionID, ActOrderID, SectionOrderID) VALUES (232, 'IPC', '379', 1, 1);
INSERT INTO Victim (VictimMasterID, CaseMasterID, VictimName, AgeYear, GenderID, VictimPolice) VALUES (232, 232, 'Nikhil Shetty', 31, 1, '0');
INSERT INTO Accused (AccusedMasterID, CaseMasterID, AccusedName, AgeYear, GenderID, PersonID) VALUES (311, 232, 'Babloo Khan', 24, 1, 'A1');
INSERT INTO ArrestSurrender (ArrestSurrenderID, CaseMasterID, ArrestSurrenderTypeID, ArrestSurrenderDate, ArrestSurrenderStateId, ArrestSurrenderDistrictId, PoliceStationID, IOID, CourtID, AccusedMasterID, IsAccused, IsComplainantAccused) VALUES (119, 232, 1, '2024-05-09', 1, 4, 12, 23, 4, 311, 1, 0);
INSERT INTO inv_arrestsurrenderaccused (ArrestSurrenderID, AccusedMasterID) VALUES (119, 311);
INSERT INTO CaseMaster (CaseMasterID, CrimeNo, CaseNo, CrimeRegisteredDate, PolicePersonID, PoliceStationID, CaseCategoryID, GravityOffenceID, CrimeMajorHeadID, CrimeMinorHeadID, CaseStatusID, CourtID, IncidentFromDate, IncidentToDate, InfoReceivedPSDate, latitude, longitude, BriefFacts) VALUES (233, '100050016202400233', '202400233', '2024-06-10', 31, 16, 1, 2, 1, 3, 3, 5, '2024-06-10 17:00:00', '2024-06-10 19:00:00', '2024-06-10 17:00:00', 15.847000, 74.511000, 'Incident reported at Tilakwadi Police Station. Initial investigation launched by IO Prakash Patil.');
INSERT INTO Inv_OccuranceTime (CaseMasterID, IncidentFromDate, IncidentToDate, latitude, longitude, PlaceOfOccurrence) VALUES (233, '2024-06-10 17:00:00', '2024-06-10 19:00:00', 15.847000, 74.511000, 'Near Junction, Tilakwadi');
INSERT INTO ComplainantDetails (ComplainantID, CaseMasterID, ComplainantName, AgeYear, OccupationID, ReligionID, CasteID, GenderID) VALUES (233, 233, 'Chetan Rao', 40, 2, 1, 1, 1);
INSERT INTO ActSectionAssociation (CaseMasterID, ActID, SectionID, ActOrderID, SectionOrderID) VALUES (233, 'IPC', '379', 1, 1);
INSERT INTO Victim (VictimMasterID, CaseMasterID, VictimName, AgeYear, GenderID, VictimPolice) VALUES (233, 233, 'Chaitra Deshpande', 60, 1, '0');
INSERT INTO Accused (AccusedMasterID, CaseMasterID, AccusedName, AgeYear, GenderID, PersonID) VALUES (312, 233, 'Mantu Verma', 38, 1, 'A1');
INSERT INTO CaseMaster (CaseMasterID, CrimeNo, CaseNo, CrimeRegisteredDate, PolicePersonID, PoliceStationID, CaseCategoryID, GravityOffenceID, CrimeMajorHeadID, CrimeMinorHeadID, CaseStatusID, CourtID, IncidentFromDate, IncidentToDate, InfoReceivedPSDate, latitude, longitude, BriefFacts) VALUES (234, '100060018202400234', '202400234', '2024-07-11', 35, 18, 2, 3, 2, 4, 4, 6, '2024-07-11 18:00:00', '2024-07-11 20:00:00', '2024-07-11 18:00:00', 17.333000, 76.838000, 'Incident reported at Station Bazar Police Station. Initial investigation launched by IO Mahesh Bhat.');
INSERT INTO Inv_OccuranceTime (CaseMasterID, IncidentFromDate, IncidentToDate, latitude, longitude, PlaceOfOccurrence) VALUES (234, '2024-07-11 18:00:00', '2024-07-11 20:00:00', 17.333000, 76.838000, 'Near Junction, Station Bazar');
INSERT INTO ComplainantDetails (ComplainantID, CaseMasterID, ComplainantName, AgeYear, OccupationID, ReligionID, CasteID, GenderID) VALUES (234, 234, 'Nandini Shetty', 62, 2, 1, 1, 1);
INSERT INTO ActSectionAssociation (CaseMasterID, ActID, SectionID, ActOrderID, SectionOrderID) VALUES (234, 'IPC', '302', 1, 1);
INSERT INTO Victim (VictimMasterID, CaseMasterID, VictimName, AgeYear, GenderID, VictimPolice) VALUES (234, 234, 'Sangeetha Rao', 24, 1, '0');
INSERT INTO Accused (AccusedMasterID, CaseMasterID, AccusedName, AgeYear, GenderID, PersonID) VALUES (313, 234, 'Babloo Salim', 27, 1, 'A1');
INSERT INTO Accused (AccusedMasterID, CaseMasterID, AccusedName, AgeYear, GenderID, PersonID) VALUES (314, 234, 'Yogesh Salim', 38, 1, 'A2');
INSERT INTO ArrestSurrender (ArrestSurrenderID, CaseMasterID, ArrestSurrenderTypeID, ArrestSurrenderDate, ArrestSurrenderStateId, ArrestSurrenderDistrictId, PoliceStationID, IOID, CourtID, AccusedMasterID, IsAccused, IsComplainantAccused) VALUES (120, 234, 1, '2024-07-11', 1, 6, 18, 35, 6, 313, 1, 0);
INSERT INTO inv_arrestsurrenderaccused (ArrestSurrenderID, AccusedMasterID) VALUES (120, 313);
INSERT INTO inv_arrestsurrenderaccused (ArrestSurrenderID, AccusedMasterID) VALUES (120, 314);
INSERT INTO ChargesheetDetails (CSID, CaseMasterID, csdate, cstype, PolicePersonID) VALUES (79, 234, '2024-07-11 18:00:00', 'A', 35);
INSERT INTO CaseMaster (CaseMasterID, CrimeNo, CaseNo, CrimeRegisteredDate, PolicePersonID, PoliceStationID, CaseCategoryID, GravityOffenceID, CrimeMajorHeadID, CrimeMinorHeadID, CaseStatusID, CourtID, IncidentFromDate, IncidentToDate, InfoReceivedPSDate, latitude, longitude, BriefFacts) VALUES (235, '100010005202400235', '202400235', '2024-08-12', 9, 5, 3, 1, 2, 5, 5, 1, '2024-08-12 19:00:00', '2024-08-12 21:00:00', '2024-08-12 19:00:00', 13.008100, 77.569300, 'Incident reported at Malleshwaram Police Station. Initial investigation launched by IO Santosh Shetty.');
INSERT INTO Inv_OccuranceTime (CaseMasterID, IncidentFromDate, IncidentToDate, latitude, longitude, PlaceOfOccurrence) VALUES (235, '2024-08-12 19:00:00', '2024-08-12 21:00:00', 13.008100, 77.569300, 'Near Junction, Malleshwaram');
INSERT INTO ComplainantDetails (ComplainantID, CaseMasterID, ComplainantName, AgeYear, OccupationID, ReligionID, CasteID, GenderID) VALUES (235, 235, 'Bharath Gowda', 59, 2, 1, 1, 1);
INSERT INTO ActSectionAssociation (CaseMasterID, ActID, SectionID, ActOrderID, SectionOrderID) VALUES (235, 'IPC', '302', 1, 1);
INSERT INTO Victim (VictimMasterID, CaseMasterID, VictimName, AgeYear, GenderID, VictimPolice) VALUES (235, 235, 'Bhavya Bhat', 37, 1, '0');
INSERT INTO Accused (AccusedMasterID, CaseMasterID, AccusedName, AgeYear, GenderID, PersonID) VALUES (315, 235, 'Imtiaz Reddy', 27, 1, 'A1');
INSERT INTO CaseMaster (CaseMasterID, CrimeNo, CaseNo, CrimeRegisteredDate, PolicePersonID, PoliceStationID, CaseCategoryID, GravityOffenceID, CrimeMajorHeadID, CrimeMinorHeadID, CaseStatusID, CourtID, IncidentFromDate, IncidentToDate, InfoReceivedPSDate, latitude, longitude, BriefFacts) VALUES (236, '100020007202400236', '202400236', '2024-09-13', 13, 7, 4, 2, 3, 6, 1, 2, '2024-09-13 20:00:00', '2024-09-13 22:00:00', '2024-09-13 20:00:00', 12.318000, 76.664000, 'Incident reported at Lashkar Police Station. Initial investigation launched by IO Anil Kulkarni.');
INSERT INTO Inv_OccuranceTime (CaseMasterID, IncidentFromDate, IncidentToDate, latitude, longitude, PlaceOfOccurrence) VALUES (236, '2024-09-13 20:00:00', '2024-09-13 22:00:00', 12.318000, 76.664000, 'Near Junction, Lashkar');
INSERT INTO ComplainantDetails (ComplainantID, CaseMasterID, ComplainantName, AgeYear, OccupationID, ReligionID, CasteID, GenderID) VALUES (236, 236, 'Jagadish Rao', 54, 2, 1, 1, 1);
INSERT INTO ActSectionAssociation (CaseMasterID, ActID, SectionID, ActOrderID, SectionOrderID) VALUES (236, 'IT_ACT', '66D', 1, 1);
INSERT INTO Victim (VictimMasterID, CaseMasterID, VictimName, AgeYear, GenderID, VictimPolice) VALUES (236, 236, 'Manoj Bhat', 28, 1, '0');
INSERT INTO Accused (AccusedMasterID, CaseMasterID, AccusedName, AgeYear, GenderID, PersonID) VALUES (316, 236, 'Pandu Salim', 31, 1, 'A1');
INSERT INTO ArrestSurrender (ArrestSurrenderID, CaseMasterID, ArrestSurrenderTypeID, ArrestSurrenderDate, ArrestSurrenderStateId, ArrestSurrenderDistrictId, PoliceStationID, IOID, CourtID, AccusedMasterID, IsAccused, IsComplainantAccused) VALUES (121, 236, 1, '2024-09-13', 1, 2, 7, 13, 2, 316, 1, 0);
INSERT INTO inv_arrestsurrenderaccused (ArrestSurrenderID, AccusedMasterID) VALUES (121, 316);
INSERT INTO CaseMaster (CaseMasterID, CrimeNo, CaseNo, CrimeRegisteredDate, PolicePersonID, PoliceStationID, CaseCategoryID, GravityOffenceID, CrimeMajorHeadID, CrimeMinorHeadID, CaseStatusID, CourtID, IncidentFromDate, IncidentToDate, InfoReceivedPSDate, latitude, longitude, BriefFacts) VALUES (237, '100030011202400237', '202400237', '2024-10-14', 21, 11, 1, 3, 3, 7, 2, 3, '2024-10-14 21:00:00', '2024-10-14 23:00:00', '2024-10-14 21:00:00', 12.896000, 74.838000, 'Incident reported at Urwa Police Station. Initial investigation launched by IO Anil Gowda.');
INSERT INTO Inv_OccuranceTime (CaseMasterID, IncidentFromDate, IncidentToDate, latitude, longitude, PlaceOfOccurrence) VALUES (237, '2024-10-14 21:00:00', '2024-10-14 23:00:00', 12.896000, 74.838000, 'Near Junction, Urwa');
INSERT INTO ComplainantDetails (ComplainantID, CaseMasterID, ComplainantName, AgeYear, OccupationID, ReligionID, CasteID, GenderID) VALUES (237, 237, 'Chetan Rao', 29, 2, 1, 1, 1);
INSERT INTO ActSectionAssociation (CaseMasterID, ActID, SectionID, ActOrderID, SectionOrderID) VALUES (237, 'IT_ACT', '66D', 1, 1);
INSERT INTO Victim (VictimMasterID, CaseMasterID, VictimName, AgeYear, GenderID, VictimPolice) VALUES (237, 237, 'Bhavya Gowda', 29, 1, '0');
INSERT INTO Accused (AccusedMasterID, CaseMasterID, AccusedName, AgeYear, GenderID, PersonID) VALUES (317, 237, 'Altaf Kumar', 31, 1, 'A1');
INSERT INTO Accused (AccusedMasterID, CaseMasterID, AccusedName, AgeYear, GenderID, PersonID) VALUES (318, 237, 'Mantu Singh', 26, 1, 'A2');
INSERT INTO ChargesheetDetails (CSID, CaseMasterID, csdate, cstype, PolicePersonID) VALUES (80, 237, '2024-10-14 21:00:00', 'A', 21);
INSERT INTO CaseMaster (CaseMasterID, CrimeNo, CaseNo, CrimeRegisteredDate, PolicePersonID, PoliceStationID, CaseCategoryID, GravityOffenceID, CrimeMajorHeadID, CrimeMinorHeadID, CaseStatusID, CourtID, IncidentFromDate, IncidentToDate, InfoReceivedPSDate, latitude, longitude, BriefFacts) VALUES (238, '100040012202400238', '202400238', '2024-11-15', 23, 12, 2, 1, 4, 8, 3, 4, '2024-11-15 22:00:00', '2024-11-15 00:00:00', '2024-11-15 22:00:00', 15.360000, 75.149000, 'Incident reported at Suburban Police Station Hubballi. Initial investigation launched by IO Basavaraj Rao.');
INSERT INTO Inv_OccuranceTime (CaseMasterID, IncidentFromDate, IncidentToDate, latitude, longitude, PlaceOfOccurrence) VALUES (238, '2024-11-15 22:00:00', '2024-11-15 00:00:00', 15.360000, 75.149000, 'Near Junction, Suburban Hubballi');
INSERT INTO ComplainantDetails (ComplainantID, CaseMasterID, ComplainantName, AgeYear, OccupationID, ReligionID, CasteID, GenderID) VALUES (238, 238, 'Pooja Kulkarni', 49, 2, 1, 1, 1);
INSERT INTO ActSectionAssociation (CaseMasterID, ActID, SectionID, ActOrderID, SectionOrderID) VALUES (238, 'IPC', '420', 1, 1);
INSERT INTO Victim (VictimMasterID, CaseMasterID, VictimName, AgeYear, GenderID, VictimPolice) VALUES (238, 238, 'Nikhil Deshpande', 39, 1, '0');
INSERT INTO Accused (AccusedMasterID, CaseMasterID, AccusedName, AgeYear, GenderID, PersonID) VALUES (319, 238, 'Tukaram Pashan', 23, 1, 'A1');
INSERT INTO ArrestSurrender (ArrestSurrenderID, CaseMasterID, ArrestSurrenderTypeID, ArrestSurrenderDate, ArrestSurrenderStateId, ArrestSurrenderDistrictId, PoliceStationID, IOID, CourtID, AccusedMasterID, IsAccused, IsComplainantAccused) VALUES (122, 238, 1, '2024-11-15', 1, 4, 12, 23, 4, 319, 1, 0);
INSERT INTO inv_arrestsurrenderaccused (ArrestSurrenderID, AccusedMasterID) VALUES (122, 319);
INSERT INTO CaseMaster (CaseMasterID, CrimeNo, CaseNo, CrimeRegisteredDate, PolicePersonID, PoliceStationID, CaseCategoryID, GravityOffenceID, CrimeMajorHeadID, CrimeMinorHeadID, CaseStatusID, CourtID, IncidentFromDate, IncidentToDate, InfoReceivedPSDate, latitude, longitude, BriefFacts) VALUES (239, '100050016202400239', '202400239', '2024-12-16', 31, 16, 3, 2, 5, 9, 4, 5, '2024-12-16 23:00:00', '2024-12-16 01:00:00', '2024-12-16 23:00:00', 15.853000, 74.517000, 'Incident reported at Tilakwadi Police Station. Initial investigation launched by IO Prakash Patil.');
INSERT INTO Inv_OccuranceTime (CaseMasterID, IncidentFromDate, IncidentToDate, latitude, longitude, PlaceOfOccurrence) VALUES (239, '2024-12-16 23:00:00', '2024-12-16 01:00:00', 15.853000, 74.517000, 'Near Junction, Tilakwadi');
INSERT INTO ComplainantDetails (ComplainantID, CaseMasterID, ComplainantName, AgeYear, OccupationID, ReligionID, CasteID, GenderID) VALUES (239, 239, 'Latha Deshpande', 62, 2, 1, 1, 1);
INSERT INTO ActSectionAssociation (CaseMasterID, ActID, SectionID, ActOrderID, SectionOrderID) VALUES (239, 'NDPS', '20', 1, 1);
INSERT INTO Victim (VictimMasterID, CaseMasterID, VictimName, AgeYear, GenderID, VictimPolice) VALUES (239, 239, 'Kiran Shetty', 43, 1, '0');
INSERT INTO Accused (AccusedMasterID, CaseMasterID, AccusedName, AgeYear, GenderID, PersonID) VALUES (320, 239, 'Pandu Verma', 41, 1, 'A1');
INSERT INTO CaseMaster (CaseMasterID, CrimeNo, CaseNo, CrimeRegisteredDate, PolicePersonID, PoliceStationID, CaseCategoryID, GravityOffenceID, CrimeMajorHeadID, CrimeMinorHeadID, CaseStatusID, CourtID, IncidentFromDate, IncidentToDate, InfoReceivedPSDate, latitude, longitude, BriefFacts) VALUES (240, '100060018202400240', '202400240', '2024-01-17', 35, 18, 4, 3, 1, 10, 5, 6, '2024-01-17 00:00:00', '2024-01-17 02:00:00', '2024-01-17 00:00:00', 17.319000, 76.824000, 'Incident reported at Station Bazar Police Station. Initial investigation launched by IO Mahesh Bhat.');
INSERT INTO Inv_OccuranceTime (CaseMasterID, IncidentFromDate, IncidentToDate, latitude, longitude, PlaceOfOccurrence) VALUES (240, '2024-01-17 00:00:00', '2024-01-17 02:00:00', 17.319000, 76.824000, 'Near Junction, Station Bazar');
INSERT INTO ComplainantDetails (ComplainantID, CaseMasterID, ComplainantName, AgeYear, OccupationID, ReligionID, CasteID, GenderID) VALUES (240, 240, 'Deepak Shetty', 54, 2, 1, 1, 1);
INSERT INTO ActSectionAssociation (CaseMasterID, ActID, SectionID, ActOrderID, SectionOrderID) VALUES (240, 'IPC', '379', 1, 1);
INSERT INTO Victim (VictimMasterID, CaseMasterID, VictimName, AgeYear, GenderID, VictimPolice) VALUES (240, 240, 'Bhavya Murthy', 32, 1, '0');
INSERT INTO Accused (AccusedMasterID, CaseMasterID, AccusedName, AgeYear, GenderID, PersonID) VALUES (321, 240, 'Yogesh Kumar', 39, 1, 'A1');
INSERT INTO Accused (AccusedMasterID, CaseMasterID, AccusedName, AgeYear, GenderID, PersonID) VALUES (322, 240, 'Pandu Verma', 26, 1, 'A2');
INSERT INTO ArrestSurrender (ArrestSurrenderID, CaseMasterID, ArrestSurrenderTypeID, ArrestSurrenderDate, ArrestSurrenderStateId, ArrestSurrenderDistrictId, PoliceStationID, IOID, CourtID, AccusedMasterID, IsAccused, IsComplainantAccused) VALUES (123, 240, 1, '2024-01-17', 1, 6, 18, 35, 6, 321, 1, 0);
INSERT INTO inv_arrestsurrenderaccused (ArrestSurrenderID, AccusedMasterID) VALUES (123, 321);
INSERT INTO inv_arrestsurrenderaccused (ArrestSurrenderID, AccusedMasterID) VALUES (123, 322);
INSERT INTO ChargesheetDetails (CSID, CaseMasterID, csdate, cstype, PolicePersonID) VALUES (81, 240, '2024-01-17 00:00:00', 'A', 35);
INSERT INTO CaseMaster (CaseMasterID, CrimeNo, CaseNo, CrimeRegisteredDate, PolicePersonID, PoliceStationID, CaseCategoryID, GravityOffenceID, CrimeMajorHeadID, CrimeMinorHeadID, CaseStatusID, CourtID, IncidentFromDate, IncidentToDate, InfoReceivedPSDate, latitude, longitude, BriefFacts) VALUES (241, '100010001202400241', '202400241', '2024-02-18', 1, 1, 1, 1, 1, 1, 1, 1, '2024-02-18 01:00:00', '2024-02-18 03:00:00', '2024-02-18 01:00:00', 12.969400, 77.631800, 'Incident reported at Indiranagar Police Station. Initial investigation launched by IO Suresh Rao.');
INSERT INTO Inv_OccuranceTime (CaseMasterID, IncidentFromDate, IncidentToDate, latitude, longitude, PlaceOfOccurrence) VALUES (241, '2024-02-18 01:00:00', '2024-02-18 03:00:00', 12.969400, 77.631800, 'Near Junction, Indiranagar');
INSERT INTO ComplainantDetails (ComplainantID, CaseMasterID, ComplainantName, AgeYear, OccupationID, ReligionID, CasteID, GenderID) VALUES (241, 241, 'Eshwar Shetty', 55, 2, 1, 1, 1);
INSERT INTO ActSectionAssociation (CaseMasterID, ActID, SectionID, ActOrderID, SectionOrderID) VALUES (241, 'IPC', '379', 1, 1);
INSERT INTO Victim (VictimMasterID, CaseMasterID, VictimName, AgeYear, GenderID, VictimPolice) VALUES (241, 241, 'Sangeetha Naik', 20, 1, '0');
INSERT INTO Accused (AccusedMasterID, CaseMasterID, AccusedName, AgeYear, GenderID, PersonID) VALUES (323, 241, 'Vicky Khan', 32, 1, 'A1');
INSERT INTO CaseMaster (CaseMasterID, CrimeNo, CaseNo, CrimeRegisteredDate, PolicePersonID, PoliceStationID, CaseCategoryID, GravityOffenceID, CrimeMajorHeadID, CrimeMinorHeadID, CaseStatusID, CourtID, IncidentFromDate, IncidentToDate, InfoReceivedPSDate, latitude, longitude, BriefFacts) VALUES (242, '100020007202400242', '202400242', '2024-03-19', 13, 7, 2, 2, 1, 2, 2, 2, '2024-03-19 02:00:00', '2024-03-19 04:00:00', '2024-03-19 02:00:00', 12.304000, 76.650000, 'Incident reported at Lashkar Police Station. Initial investigation launched by IO Anil Kulkarni.');
INSERT INTO Inv_OccuranceTime (CaseMasterID, IncidentFromDate, IncidentToDate, latitude, longitude, PlaceOfOccurrence) VALUES (242, '2024-03-19 02:00:00', '2024-03-19 04:00:00', 12.304000, 76.650000, 'Near Junction, Lashkar');
INSERT INTO ComplainantDetails (ComplainantID, CaseMasterID, ComplainantName, AgeYear, OccupationID, ReligionID, CasteID, GenderID) VALUES (242, 242, 'Latha Gowda', 59, 2, 1, 1, 1);
INSERT INTO ActSectionAssociation (CaseMasterID, ActID, SectionID, ActOrderID, SectionOrderID) VALUES (242, 'IPC', '379', 1, 1);
INSERT INTO Victim (VictimMasterID, CaseMasterID, VictimName, AgeYear, GenderID, VictimPolice) VALUES (242, 242, 'Vinay Hegde', 41, 1, '0');
INSERT INTO Accused (AccusedMasterID, CaseMasterID, AccusedName, AgeYear, GenderID, PersonID) VALUES (324, 242, 'Tukaram Salim', 34, 1, 'A1');
INSERT INTO ArrestSurrender (ArrestSurrenderID, CaseMasterID, ArrestSurrenderTypeID, ArrestSurrenderDate, ArrestSurrenderStateId, ArrestSurrenderDistrictId, PoliceStationID, IOID, CourtID, AccusedMasterID, IsAccused, IsComplainantAccused) VALUES (124, 242, 1, '2024-03-19', 1, 2, 7, 13, 2, 324, 1, 0);
INSERT INTO inv_arrestsurrenderaccused (ArrestSurrenderID, AccusedMasterID) VALUES (124, 324);
INSERT INTO CaseMaster (CaseMasterID, CrimeNo, CaseNo, CrimeRegisteredDate, PolicePersonID, PoliceStationID, CaseCategoryID, GravityOffenceID, CrimeMajorHeadID, CrimeMinorHeadID, CaseStatusID, CourtID, IncidentFromDate, IncidentToDate, InfoReceivedPSDate, latitude, longitude, BriefFacts) VALUES (243, '100030011202400243', '202400243', '2024-04-20', 21, 11, 3, 3, 1, 3, 3, 3, '2024-04-20 03:00:00', '2024-04-20 05:00:00', '2024-04-20 03:00:00', 12.882000, 74.824000, 'Incident reported at Urwa Police Station. Initial investigation launched by IO Anil Gowda.');
INSERT INTO Inv_OccuranceTime (CaseMasterID, IncidentFromDate, IncidentToDate, latitude, longitude, PlaceOfOccurrence) VALUES (243, '2024-04-20 03:00:00', '2024-04-20 05:00:00', 12.882000, 74.824000, 'Near Junction, Urwa');
INSERT INTO ComplainantDetails (ComplainantID, CaseMasterID, ComplainantName, AgeYear, OccupationID, ReligionID, CasteID, GenderID) VALUES (243, 243, 'Shilpa Gowda', 44, 2, 1, 1, 1);
INSERT INTO ActSectionAssociation (CaseMasterID, ActID, SectionID, ActOrderID, SectionOrderID) VALUES (243, 'IPC', '379', 1, 1);
INSERT INTO Victim (VictimMasterID, CaseMasterID, VictimName, AgeYear, GenderID, VictimPolice) VALUES (243, 243, 'Rajesh Murthy', 24, 1, '0');
INSERT INTO Accused (AccusedMasterID, CaseMasterID, AccusedName, AgeYear, GenderID, PersonID) VALUES (325, 243, 'Shiva Salim', 30, 1, 'A1');
INSERT INTO Accused (AccusedMasterID, CaseMasterID, AccusedName, AgeYear, GenderID, PersonID) VALUES (326, 243, 'Shiva Kumar', 29, 1, 'A2');
INSERT INTO ChargesheetDetails (CSID, CaseMasterID, csdate, cstype, PolicePersonID) VALUES (82, 243, '2024-04-20 03:00:00', 'A', 21);
INSERT INTO CaseMaster (CaseMasterID, CrimeNo, CaseNo, CrimeRegisteredDate, PolicePersonID, PoliceStationID, CaseCategoryID, GravityOffenceID, CrimeMajorHeadID, CrimeMinorHeadID, CaseStatusID, CourtID, IncidentFromDate, IncidentToDate, InfoReceivedPSDate, latitude, longitude, BriefFacts) VALUES (244, '100040012202400244', '202400244', '2024-05-21', 23, 12, 4, 1, 2, 4, 4, 4, '2024-05-21 04:00:00', '2024-05-21 06:00:00', '2024-05-21 04:00:00', 15.346000, 75.135000, 'Incident reported at Suburban Police Station Hubballi. Initial investigation launched by IO Basavaraj Rao.');
INSERT INTO Inv_OccuranceTime (CaseMasterID, IncidentFromDate, IncidentToDate, latitude, longitude, PlaceOfOccurrence) VALUES (244, '2024-05-21 04:00:00', '2024-05-21 06:00:00', 15.346000, 75.135000, 'Near Junction, Suburban Hubballi');
INSERT INTO ComplainantDetails (ComplainantID, CaseMasterID, ComplainantName, AgeYear, OccupationID, ReligionID, CasteID, GenderID) VALUES (244, 244, 'Girish Shetty', 60, 2, 1, 1, 1);
INSERT INTO ActSectionAssociation (CaseMasterID, ActID, SectionID, ActOrderID, SectionOrderID) VALUES (244, 'IPC', '302', 1, 1);
INSERT INTO Victim (VictimMasterID, CaseMasterID, VictimName, AgeYear, GenderID, VictimPolice) VALUES (244, 244, 'Praveen Shetty', 36, 1, '0');
INSERT INTO Accused (AccusedMasterID, CaseMasterID, AccusedName, AgeYear, GenderID, PersonID) VALUES (327, 244, 'Vicky Pashan', 37, 1, 'A1');
INSERT INTO ArrestSurrender (ArrestSurrenderID, CaseMasterID, ArrestSurrenderTypeID, ArrestSurrenderDate, ArrestSurrenderStateId, ArrestSurrenderDistrictId, PoliceStationID, IOID, CourtID, AccusedMasterID, IsAccused, IsComplainantAccused) VALUES (125, 244, 1, '2024-05-21', 1, 4, 12, 23, 4, 327, 1, 0);
INSERT INTO inv_arrestsurrenderaccused (ArrestSurrenderID, AccusedMasterID) VALUES (125, 327);
INSERT INTO CaseMaster (CaseMasterID, CrimeNo, CaseNo, CrimeRegisteredDate, PolicePersonID, PoliceStationID, CaseCategoryID, GravityOffenceID, CrimeMajorHeadID, CrimeMinorHeadID, CaseStatusID, CourtID, IncidentFromDate, IncidentToDate, InfoReceivedPSDate, latitude, longitude, BriefFacts) VALUES (245, '100050016202400245', '202400245', '2024-06-22', 31, 16, 1, 2, 2, 5, 5, 5, '2024-06-22 05:00:00', '2024-06-22 07:00:00', '2024-06-22 05:00:00', 15.839000, 74.503000, 'Incident reported at Tilakwadi Police Station. Initial investigation launched by IO Prakash Patil.');
INSERT INTO Inv_OccuranceTime (CaseMasterID, IncidentFromDate, IncidentToDate, latitude, longitude, PlaceOfOccurrence) VALUES (245, '2024-06-22 05:00:00', '2024-06-22 07:00:00', 15.839000, 74.503000, 'Near Junction, Tilakwadi');
INSERT INTO ComplainantDetails (ComplainantID, CaseMasterID, ComplainantName, AgeYear, OccupationID, ReligionID, CasteID, GenderID) VALUES (245, 245, 'Deepak Rao', 25, 2, 1, 1, 1);
INSERT INTO ActSectionAssociation (CaseMasterID, ActID, SectionID, ActOrderID, SectionOrderID) VALUES (245, 'IPC', '302', 1, 1);
INSERT INTO Victim (VictimMasterID, CaseMasterID, VictimName, AgeYear, GenderID, VictimPolice) VALUES (245, 245, 'Rajesh Gowda', 33, 1, '0');
INSERT INTO Accused (AccusedMasterID, CaseMasterID, AccusedName, AgeYear, GenderID, PersonID) VALUES (328, 245, 'Jagga Singh', 23, 1, 'A1');
INSERT INTO CaseMaster (CaseMasterID, CrimeNo, CaseNo, CrimeRegisteredDate, PolicePersonID, PoliceStationID, CaseCategoryID, GravityOffenceID, CrimeMajorHeadID, CrimeMinorHeadID, CaseStatusID, CourtID, IncidentFromDate, IncidentToDate, InfoReceivedPSDate, latitude, longitude, BriefFacts) VALUES (246, '100060018202400246', '202400246', '2024-07-23', 35, 18, 2, 3, 3, 6, 1, 6, '2024-07-23 06:00:00', '2024-07-23 08:00:00', '2024-07-23 06:00:00', 17.325000, 76.830000, 'Incident reported at Station Bazar Police Station. Initial investigation launched by IO Mahesh Bhat.');
INSERT INTO Inv_OccuranceTime (CaseMasterID, IncidentFromDate, IncidentToDate, latitude, longitude, PlaceOfOccurrence) VALUES (246, '2024-07-23 06:00:00', '2024-07-23 08:00:00', 17.325000, 76.830000, 'Near Junction, Station Bazar');
INSERT INTO ComplainantDetails (ComplainantID, CaseMasterID, ComplainantName, AgeYear, OccupationID, ReligionID, CasteID, GenderID) VALUES (246, 246, 'Girish Deshpande', 61, 2, 1, 1, 1);
INSERT INTO ActSectionAssociation (CaseMasterID, ActID, SectionID, ActOrderID, SectionOrderID) VALUES (246, 'IT_ACT', '66D', 1, 1);
INSERT INTO Victim (VictimMasterID, CaseMasterID, VictimName, AgeYear, GenderID, VictimPolice) VALUES (246, 246, 'Ganesh Gowda', 33, 1, '0');
INSERT INTO Accused (AccusedMasterID, CaseMasterID, AccusedName, AgeYear, GenderID, PersonID) VALUES (329, 246, 'Raja Alias', 40, 1, 'A1');
INSERT INTO Accused (AccusedMasterID, CaseMasterID, AccusedName, AgeYear, GenderID, PersonID) VALUES (330, 246, 'Vicky Reddy', 39, 1, 'A2');
INSERT INTO ArrestSurrender (ArrestSurrenderID, CaseMasterID, ArrestSurrenderTypeID, ArrestSurrenderDate, ArrestSurrenderStateId, ArrestSurrenderDistrictId, PoliceStationID, IOID, CourtID, AccusedMasterID, IsAccused, IsComplainantAccused) VALUES (126, 246, 1, '2024-07-23', 1, 6, 18, 35, 6, 329, 1, 0);
INSERT INTO inv_arrestsurrenderaccused (ArrestSurrenderID, AccusedMasterID) VALUES (126, 329);
INSERT INTO inv_arrestsurrenderaccused (ArrestSurrenderID, AccusedMasterID) VALUES (126, 330);
INSERT INTO ChargesheetDetails (CSID, CaseMasterID, csdate, cstype, PolicePersonID) VALUES (83, 246, '2024-07-23 06:00:00', 'A', 35);
INSERT INTO CaseMaster (CaseMasterID, CrimeNo, CaseNo, CrimeRegisteredDate, PolicePersonID, PoliceStationID, CaseCategoryID, GravityOffenceID, CrimeMajorHeadID, CrimeMinorHeadID, CaseStatusID, CourtID, IncidentFromDate, IncidentToDate, InfoReceivedPSDate, latitude, longitude, BriefFacts) VALUES (247, '100010002202400247', '202400247', '2024-08-24', 3, 2, 3, 1, 3, 7, 2, 1, '2024-08-24 07:00:00', '2024-08-24 09:00:00', '2024-08-24 07:00:00', 12.932200, 77.621500, 'Incident reported at Koramangala Police Station. Initial investigation launched by IO Ganesh Nayak.');
INSERT INTO Inv_OccuranceTime (CaseMasterID, IncidentFromDate, IncidentToDate, latitude, longitude, PlaceOfOccurrence) VALUES (247, '2024-08-24 07:00:00', '2024-08-24 09:00:00', 12.932200, 77.621500, 'Near Junction, Koramangala');
INSERT INTO ComplainantDetails (ComplainantID, CaseMasterID, ComplainantName, AgeYear, OccupationID, ReligionID, CasteID, GenderID) VALUES (247, 247, 'Jagadish Murthy', 52, 2, 1, 1, 1);
INSERT INTO ActSectionAssociation (CaseMasterID, ActID, SectionID, ActOrderID, SectionOrderID) VALUES (247, 'IT_ACT', '66D', 1, 1);
INSERT INTO Victim (VictimMasterID, CaseMasterID, VictimName, AgeYear, GenderID, VictimPolice) VALUES (247, 247, 'Sangeetha Deshpande', 21, 1, '0');
INSERT INTO Accused (AccusedMasterID, CaseMasterID, AccusedName, AgeYear, GenderID, PersonID) VALUES (331, 247, 'Shiva Kumar', 20, 1, 'A1');
INSERT INTO CaseMaster (CaseMasterID, CrimeNo, CaseNo, CrimeRegisteredDate, PolicePersonID, PoliceStationID, CaseCategoryID, GravityOffenceID, CrimeMajorHeadID, CrimeMinorHeadID, CaseStatusID, CourtID, IncidentFromDate, IncidentToDate, InfoReceivedPSDate, latitude, longitude, BriefFacts) VALUES (248, '100020007202400248', '202400248', '2024-09-25', 13, 7, 4, 2, 4, 8, 3, 2, '2024-09-25 08:00:00', '2024-09-25 10:00:00', '2024-09-25 08:00:00', 12.310000, 76.656000, 'Incident reported at Lashkar Police Station. Initial investigation launched by IO Anil Kulkarni.');
INSERT INTO Inv_OccuranceTime (CaseMasterID, IncidentFromDate, IncidentToDate, latitude, longitude, PlaceOfOccurrence) VALUES (248, '2024-09-25 08:00:00', '2024-09-25 10:00:00', 12.310000, 76.656000, 'Near Junction, Lashkar');
INSERT INTO ComplainantDetails (ComplainantID, CaseMasterID, ComplainantName, AgeYear, OccupationID, ReligionID, CasteID, GenderID) VALUES (248, 248, 'Shilpa Murthy', 41, 2, 1, 1, 1);
INSERT INTO ActSectionAssociation (CaseMasterID, ActID, SectionID, ActOrderID, SectionOrderID) VALUES (248, 'IPC', '420', 1, 1);
INSERT INTO Victim (VictimMasterID, CaseMasterID, VictimName, AgeYear, GenderID, VictimPolice) VALUES (248, 248, 'Nikhil Shetty', 58, 1, '0');
INSERT INTO Accused (AccusedMasterID, CaseMasterID, AccusedName, AgeYear, GenderID, PersonID) VALUES (332, 248, 'Shiva Alias', 29, 1, 'A1');
INSERT INTO ArrestSurrender (ArrestSurrenderID, CaseMasterID, ArrestSurrenderTypeID, ArrestSurrenderDate, ArrestSurrenderStateId, ArrestSurrenderDistrictId, PoliceStationID, IOID, CourtID, AccusedMasterID, IsAccused, IsComplainantAccused) VALUES (127, 248, 1, '2024-09-25', 1, 2, 7, 13, 2, 332, 1, 0);
INSERT INTO inv_arrestsurrenderaccused (ArrestSurrenderID, AccusedMasterID) VALUES (127, 332);
INSERT INTO CaseMaster (CaseMasterID, CrimeNo, CaseNo, CrimeRegisteredDate, PolicePersonID, PoliceStationID, CaseCategoryID, GravityOffenceID, CrimeMajorHeadID, CrimeMinorHeadID, CaseStatusID, CourtID, IncidentFromDate, IncidentToDate, InfoReceivedPSDate, latitude, longitude, BriefFacts) VALUES (249, '100030011202400249', '202400249', '2024-10-26', 21, 11, 1, 3, 5, 9, 4, 3, '2024-10-26 09:00:00', '2024-10-26 11:00:00', '2024-10-26 09:00:00', 12.888000, 74.830000, 'Incident reported at Urwa Police Station. Initial investigation launched by IO Anil Gowda.');
INSERT INTO Inv_OccuranceTime (CaseMasterID, IncidentFromDate, IncidentToDate, latitude, longitude, PlaceOfOccurrence) VALUES (249, '2024-10-26 09:00:00', '2024-10-26 11:00:00', 12.888000, 74.830000, 'Near Junction, Urwa');
INSERT INTO ComplainantDetails (ComplainantID, CaseMasterID, ComplainantName, AgeYear, OccupationID, ReligionID, CasteID, GenderID) VALUES (249, 249, 'Girish Gowda', 34, 2, 1, 1, 1);
INSERT INTO ActSectionAssociation (CaseMasterID, ActID, SectionID, ActOrderID, SectionOrderID) VALUES (249, 'NDPS', '20', 1, 1);
INSERT INTO Victim (VictimMasterID, CaseMasterID, VictimName, AgeYear, GenderID, VictimPolice) VALUES (249, 249, 'Rajesh Kulkarni', 32, 1, '0');
INSERT INTO Accused (AccusedMasterID, CaseMasterID, AccusedName, AgeYear, GenderID, PersonID) VALUES (333, 249, 'Shiva Salim', 20, 1, 'A1');
INSERT INTO Accused (AccusedMasterID, CaseMasterID, AccusedName, AgeYear, GenderID, PersonID) VALUES (334, 249, 'Altaf Alias', 40, 1, 'A2');
INSERT INTO ChargesheetDetails (CSID, CaseMasterID, csdate, cstype, PolicePersonID) VALUES (84, 249, '2024-10-26 09:00:00', 'A', 21);
INSERT INTO CaseMaster (CaseMasterID, CrimeNo, CaseNo, CrimeRegisteredDate, PolicePersonID, PoliceStationID, CaseCategoryID, GravityOffenceID, CrimeMajorHeadID, CrimeMinorHeadID, CaseStatusID, CourtID, IncidentFromDate, IncidentToDate, InfoReceivedPSDate, latitude, longitude, BriefFacts) VALUES (250, '100010005202400250', '202400250', '2024-11-27', 9, 5, 2, 1, 1, 10, 5, 1, '2024-11-27 10:00:00', '2024-11-27 12:00:00', '2024-11-27 10:00:00', 13.003100, 77.564300, 'Incident reported at Malleshwaram Police Station. Initial investigation launched by IO Santosh Shetty.');
INSERT INTO Inv_OccuranceTime (CaseMasterID, IncidentFromDate, IncidentToDate, latitude, longitude, PlaceOfOccurrence) VALUES (250, '2024-11-27 10:00:00', '2024-11-27 12:00:00', 13.003100, 77.564300, 'Near Junction, Malleshwaram');
INSERT INTO ComplainantDetails (ComplainantID, CaseMasterID, ComplainantName, AgeYear, OccupationID, ReligionID, CasteID, GenderID) VALUES (250, 250, 'Latha Murthy', 26, 2, 1, 1, 1);
INSERT INTO ActSectionAssociation (CaseMasterID, ActID, SectionID, ActOrderID, SectionOrderID) VALUES (250, 'IPC', '379', 1, 1);
INSERT INTO Victim (VictimMasterID, CaseMasterID, VictimName, AgeYear, GenderID, VictimPolice) VALUES (250, 250, 'Rajesh Hegde', 47, 1, '0');
INSERT INTO Accused (AccusedMasterID, CaseMasterID, AccusedName, AgeYear, GenderID, PersonID) VALUES (335, 250, 'Nagaraj @ ''Snake'' Nagi', 34, 1, 'A1');
INSERT INTO ArrestSurrender (ArrestSurrenderID, CaseMasterID, ArrestSurrenderTypeID, ArrestSurrenderDate, ArrestSurrenderStateId, ArrestSurrenderDistrictId, PoliceStationID, IOID, CourtID, AccusedMasterID, IsAccused, IsComplainantAccused) VALUES (128, 250, 1, '2024-11-27', 1, 1, 5, 9, 1, 335, 1, 0);
INSERT INTO inv_arrestsurrenderaccused (ArrestSurrenderID, AccusedMasterID) VALUES (128, 335);
INSERT INTO CaseMaster (CaseMasterID, CrimeNo, CaseNo, CrimeRegisteredDate, PolicePersonID, PoliceStationID, CaseCategoryID, GravityOffenceID, CrimeMajorHeadID, CrimeMinorHeadID, CaseStatusID, CourtID, IncidentFromDate, IncidentToDate, InfoReceivedPSDate, latitude, longitude, BriefFacts) VALUES (251, '100050016202400251', '202400251', '2024-12-28', 31, 16, 3, 2, 1, 1, 1, 5, '2024-12-28 11:00:00', '2024-12-28 13:00:00', '2024-12-28 11:00:00', 15.845000, 74.509000, 'Incident reported at Tilakwadi Police Station. Initial investigation launched by IO Prakash Patil.');
INSERT INTO Inv_OccuranceTime (CaseMasterID, IncidentFromDate, IncidentToDate, latitude, longitude, PlaceOfOccurrence) VALUES (251, '2024-12-28 11:00:00', '2024-12-28 13:00:00', 15.845000, 74.509000, 'Near Junction, Tilakwadi');
INSERT INTO ComplainantDetails (ComplainantID, CaseMasterID, ComplainantName, AgeYear, OccupationID, ReligionID, CasteID, GenderID) VALUES (251, 251, 'Bharath Murthy', 53, 2, 1, 1, 1);
INSERT INTO ActSectionAssociation (CaseMasterID, ActID, SectionID, ActOrderID, SectionOrderID) VALUES (251, 'IPC', '379', 1, 1);
INSERT INTO Victim (VictimMasterID, CaseMasterID, VictimName, AgeYear, GenderID, VictimPolice) VALUES (251, 251, 'Arun Gowda', 45, 1, '0');
INSERT INTO Accused (AccusedMasterID, CaseMasterID, AccusedName, AgeYear, GenderID, PersonID) VALUES (336, 251, 'Jagga Alias', 37, 1, 'A1');
INSERT INTO CaseMaster (CaseMasterID, CrimeNo, CaseNo, CrimeRegisteredDate, PolicePersonID, PoliceStationID, CaseCategoryID, GravityOffenceID, CrimeMajorHeadID, CrimeMinorHeadID, CaseStatusID, CourtID, IncidentFromDate, IncidentToDate, InfoReceivedPSDate, latitude, longitude, BriefFacts) VALUES (252, '100060018202400252', '202400252', '2024-01-01', 35, 18, 4, 3, 1, 2, 2, 6, '2024-01-01 12:00:00', '2024-01-01 14:00:00', '2024-01-01 12:00:00', 17.331000, 76.836000, 'Incident reported at Station Bazar Police Station. Initial investigation launched by IO Mahesh Bhat.');
INSERT INTO Inv_OccuranceTime (CaseMasterID, IncidentFromDate, IncidentToDate, latitude, longitude, PlaceOfOccurrence) VALUES (252, '2024-01-01 12:00:00', '2024-01-01 14:00:00', 17.331000, 76.836000, 'Near Junction, Station Bazar');
INSERT INTO ComplainantDetails (ComplainantID, CaseMasterID, ComplainantName, AgeYear, OccupationID, ReligionID, CasteID, GenderID) VALUES (252, 252, 'Suma Murthy', 51, 2, 1, 1, 1);
INSERT INTO ActSectionAssociation (CaseMasterID, ActID, SectionID, ActOrderID, SectionOrderID) VALUES (252, 'IPC', '379', 1, 1);
INSERT INTO Victim (VictimMasterID, CaseMasterID, VictimName, AgeYear, GenderID, VictimPolice) VALUES (252, 252, 'Praveen Bhat', 57, 1, '0');
INSERT INTO Accused (AccusedMasterID, CaseMasterID, AccusedName, AgeYear, GenderID, PersonID) VALUES (337, 252, 'Altaf Alias', 44, 1, 'A1');
INSERT INTO Accused (AccusedMasterID, CaseMasterID, AccusedName, AgeYear, GenderID, PersonID) VALUES (338, 252, 'Dharma Reddy', 43, 1, 'A2');
INSERT INTO ArrestSurrender (ArrestSurrenderID, CaseMasterID, ArrestSurrenderTypeID, ArrestSurrenderDate, ArrestSurrenderStateId, ArrestSurrenderDistrictId, PoliceStationID, IOID, CourtID, AccusedMasterID, IsAccused, IsComplainantAccused) VALUES (129, 252, 1, '2024-01-01', 1, 6, 18, 35, 6, 337, 1, 0);
INSERT INTO inv_arrestsurrenderaccused (ArrestSurrenderID, AccusedMasterID) VALUES (129, 337);
INSERT INTO inv_arrestsurrenderaccused (ArrestSurrenderID, AccusedMasterID) VALUES (129, 338);
INSERT INTO ChargesheetDetails (CSID, CaseMasterID, csdate, cstype, PolicePersonID) VALUES (85, 252, '2024-01-01 12:00:00', 'A', 35);
INSERT INTO CaseMaster (CaseMasterID, CrimeNo, CaseNo, CrimeRegisteredDate, PolicePersonID, PoliceStationID, CaseCategoryID, GravityOffenceID, CrimeMajorHeadID, CrimeMinorHeadID, CaseStatusID, CourtID, IncidentFromDate, IncidentToDate, InfoReceivedPSDate, latitude, longitude, BriefFacts) VALUES (253, '100010003202400253', '202400253', '2024-02-02', 5, 3, 1, 1, 1, 3, 3, 1, '2024-02-02 13:00:00', '2024-02-02 15:00:00', '2024-02-02 13:00:00', 12.972800, 77.752900, 'Incident reported at Whitefield Police Station. Initial investigation launched by IO Sunil Bhat.');
INSERT INTO Inv_OccuranceTime (CaseMasterID, IncidentFromDate, IncidentToDate, latitude, longitude, PlaceOfOccurrence) VALUES (253, '2024-02-02 13:00:00', '2024-02-02 15:00:00', 12.972800, 77.752900, 'Near Junction, Whitefield');
INSERT INTO ComplainantDetails (ComplainantID, CaseMasterID, ComplainantName, AgeYear, OccupationID, ReligionID, CasteID, GenderID) VALUES (253, 253, 'Bharath Naik', 30, 2, 1, 1, 1);
INSERT INTO ActSectionAssociation (CaseMasterID, ActID, SectionID, ActOrderID, SectionOrderID) VALUES (253, 'IPC', '379', 1, 1);
INSERT INTO Victim (VictimMasterID, CaseMasterID, VictimName, AgeYear, GenderID, VictimPolice) VALUES (253, 253, 'Sangeetha Joshi', 39, 1, '0');
INSERT INTO Accused (AccusedMasterID, CaseMasterID, AccusedName, AgeYear, GenderID, PersonID) VALUES (339, 253, 'Yogesh Alias', 43, 1, 'A1');
INSERT INTO CaseMaster (CaseMasterID, CrimeNo, CaseNo, CrimeRegisteredDate, PolicePersonID, PoliceStationID, CaseCategoryID, GravityOffenceID, CrimeMajorHeadID, CrimeMinorHeadID, CaseStatusID, CourtID, IncidentFromDate, IncidentToDate, InfoReceivedPSDate, latitude, longitude, BriefFacts) VALUES (254, '100020007202400254', '202400254', '2024-03-03', 13, 7, 2, 2, 2, 4, 4, 2, '2024-03-03 14:00:00', '2024-03-03 16:00:00', '2024-03-03 14:00:00', 12.316000, 76.662000, 'Incident reported at Lashkar Police Station. Initial investigation launched by IO Anil Kulkarni.');
INSERT INTO Inv_OccuranceTime (CaseMasterID, IncidentFromDate, IncidentToDate, latitude, longitude, PlaceOfOccurrence) VALUES (254, '2024-03-03 14:00:00', '2024-03-03 16:00:00', 12.316000, 76.662000, 'Near Junction, Lashkar');
INSERT INTO ComplainantDetails (ComplainantID, CaseMasterID, ComplainantName, AgeYear, OccupationID, ReligionID, CasteID, GenderID) VALUES (254, 254, 'Anand Naik', 58, 2, 1, 1, 1);
INSERT INTO ActSectionAssociation (CaseMasterID, ActID, SectionID, ActOrderID, SectionOrderID) VALUES (254, 'IPC', '302', 1, 1);
INSERT INTO Victim (VictimMasterID, CaseMasterID, VictimName, AgeYear, GenderID, VictimPolice) VALUES (254, 254, 'Vinay Naik', 45, 1, '0');
INSERT INTO Accused (AccusedMasterID, CaseMasterID, AccusedName, AgeYear, GenderID, PersonID) VALUES (340, 254, 'Dharma Kumar', 25, 1, 'A1');
INSERT INTO ArrestSurrender (ArrestSurrenderID, CaseMasterID, ArrestSurrenderTypeID, ArrestSurrenderDate, ArrestSurrenderStateId, ArrestSurrenderDistrictId, PoliceStationID, IOID, CourtID, AccusedMasterID, IsAccused, IsComplainantAccused) VALUES (130, 254, 1, '2024-03-03', 1, 2, 7, 13, 2, 340, 1, 0);
INSERT INTO inv_arrestsurrenderaccused (ArrestSurrenderID, AccusedMasterID) VALUES (130, 340);
INSERT INTO CaseMaster (CaseMasterID, CrimeNo, CaseNo, CrimeRegisteredDate, PolicePersonID, PoliceStationID, CaseCategoryID, GravityOffenceID, CrimeMajorHeadID, CrimeMinorHeadID, CaseStatusID, CourtID, IncidentFromDate, IncidentToDate, InfoReceivedPSDate, latitude, longitude, BriefFacts) VALUES (255, '100030011202400255', '202400255', '2024-04-04', 21, 11, 3, 3, 2, 5, 5, 3, '2024-04-04 15:00:00', '2024-04-04 17:00:00', '2024-04-04 15:00:00', 12.894000, 74.836000, 'Incident reported at Urwa Police Station. Initial investigation launched by IO Anil Gowda.');
INSERT INTO Inv_OccuranceTime (CaseMasterID, IncidentFromDate, IncidentToDate, latitude, longitude, PlaceOfOccurrence) VALUES (255, '2024-04-04 15:00:00', '2024-04-04 17:00:00', 12.894000, 74.836000, 'Near Junction, Urwa');
INSERT INTO ComplainantDetails (ComplainantID, CaseMasterID, ComplainantName, AgeYear, OccupationID, ReligionID, CasteID, GenderID) VALUES (255, 255, 'Pooja Hegde', 49, 2, 1, 1, 1);
INSERT INTO ActSectionAssociation (CaseMasterID, ActID, SectionID, ActOrderID, SectionOrderID) VALUES (255, 'IPC', '302', 1, 1);
INSERT INTO Victim (VictimMasterID, CaseMasterID, VictimName, AgeYear, GenderID, VictimPolice) VALUES (255, 255, 'Ganesh Murthy', 45, 1, '0');
INSERT INTO Accused (AccusedMasterID, CaseMasterID, AccusedName, AgeYear, GenderID, PersonID) VALUES (341, 255, 'Imtiaz Khan', 37, 1, 'A1');
INSERT INTO Accused (AccusedMasterID, CaseMasterID, AccusedName, AgeYear, GenderID, PersonID) VALUES (342, 255, 'Mantu Singh', 21, 1, 'A2');
INSERT INTO ChargesheetDetails (CSID, CaseMasterID, csdate, cstype, PolicePersonID) VALUES (86, 255, '2024-04-04 15:00:00', 'A', 21);
INSERT INTO CaseMaster (CaseMasterID, CrimeNo, CaseNo, CrimeRegisteredDate, PolicePersonID, PoliceStationID, CaseCategoryID, GravityOffenceID, CrimeMajorHeadID, CrimeMinorHeadID, CaseStatusID, CourtID, IncidentFromDate, IncidentToDate, InfoReceivedPSDate, latitude, longitude, BriefFacts) VALUES (256, '100040012202400256', '202400256', '2024-05-05', 23, 12, 4, 1, 3, 6, 1, 4, '2024-05-05 16:00:00', '2024-05-05 18:00:00', '2024-05-05 16:00:00', 15.358000, 75.147000, 'Incident reported at Suburban Police Station Hubballi. Initial investigation launched by IO Basavaraj Rao.');
INSERT INTO Inv_OccuranceTime (CaseMasterID, IncidentFromDate, IncidentToDate, latitude, longitude, PlaceOfOccurrence) VALUES (256, '2024-05-05 16:00:00', '2024-05-05 18:00:00', 15.358000, 75.147000, 'Near Junction, Suburban Hubballi');
INSERT INTO ComplainantDetails (ComplainantID, CaseMasterID, ComplainantName, AgeYear, OccupationID, ReligionID, CasteID, GenderID) VALUES (256, 256, 'Meena Deshpande', 54, 2, 1, 1, 1);
INSERT INTO ActSectionAssociation (CaseMasterID, ActID, SectionID, ActOrderID, SectionOrderID) VALUES (256, 'IT_ACT', '66D', 1, 1);
INSERT INTO Victim (VictimMasterID, CaseMasterID, VictimName, AgeYear, GenderID, VictimPolice) VALUES (256, 256, 'Kiran Rao', 53, 1, '0');
INSERT INTO Accused (AccusedMasterID, CaseMasterID, AccusedName, AgeYear, GenderID, PersonID) VALUES (343, 256, 'Pandu Verma', 36, 1, 'A1');
INSERT INTO ArrestSurrender (ArrestSurrenderID, CaseMasterID, ArrestSurrenderTypeID, ArrestSurrenderDate, ArrestSurrenderStateId, ArrestSurrenderDistrictId, PoliceStationID, IOID, CourtID, AccusedMasterID, IsAccused, IsComplainantAccused) VALUES (131, 256, 1, '2024-05-05', 1, 4, 12, 23, 4, 343, 1, 0);
INSERT INTO inv_arrestsurrenderaccused (ArrestSurrenderID, AccusedMasterID) VALUES (131, 343);
INSERT INTO CaseMaster (CaseMasterID, CrimeNo, CaseNo, CrimeRegisteredDate, PolicePersonID, PoliceStationID, CaseCategoryID, GravityOffenceID, CrimeMajorHeadID, CrimeMinorHeadID, CaseStatusID, CourtID, IncidentFromDate, IncidentToDate, InfoReceivedPSDate, latitude, longitude, BriefFacts) VALUES (257, '100050016202400257', '202400257', '2024-06-06', 31, 16, 1, 2, 3, 7, 2, 5, '2024-06-06 17:00:00', '2024-06-06 19:00:00', '2024-06-06 17:00:00', 15.851000, 74.515000, 'Incident reported at Tilakwadi Police Station. Initial investigation launched by IO Prakash Patil.');
INSERT INTO Inv_OccuranceTime (CaseMasterID, IncidentFromDate, IncidentToDate, latitude, longitude, PlaceOfOccurrence) VALUES (257, '2024-06-06 17:00:00', '2024-06-06 19:00:00', 15.851000, 74.515000, 'Near Junction, Tilakwadi');
INSERT INTO ComplainantDetails (ComplainantID, CaseMasterID, ComplainantName, AgeYear, OccupationID, ReligionID, CasteID, GenderID) VALUES (257, 257, 'Latha Kulkarni', 31, 2, 1, 1, 1);
INSERT INTO ActSectionAssociation (CaseMasterID, ActID, SectionID, ActOrderID, SectionOrderID) VALUES (257, 'IT_ACT', '66D', 1, 1);
INSERT INTO Victim (VictimMasterID, CaseMasterID, VictimName, AgeYear, GenderID, VictimPolice) VALUES (257, 257, 'Ganesh Deshpande', 53, 1, '0');
INSERT INTO Accused (AccusedMasterID, CaseMasterID, AccusedName, AgeYear, GenderID, PersonID) VALUES (344, 257, 'Vicky Singh', 41, 1, 'A1');
INSERT INTO CaseMaster (CaseMasterID, CrimeNo, CaseNo, CrimeRegisteredDate, PolicePersonID, PoliceStationID, CaseCategoryID, GravityOffenceID, CrimeMajorHeadID, CrimeMinorHeadID, CaseStatusID, CourtID, IncidentFromDate, IncidentToDate, InfoReceivedPSDate, latitude, longitude, BriefFacts) VALUES (258, '100060018202400258', '202400258', '2024-07-07', 35, 18, 2, 3, 4, 8, 3, 6, '2024-07-07 18:00:00', '2024-07-07 20:00:00', '2024-07-07 18:00:00', 17.337000, 76.842000, 'Incident reported at Station Bazar Police Station. Initial investigation launched by IO Mahesh Bhat.');
INSERT INTO Inv_OccuranceTime (CaseMasterID, IncidentFromDate, IncidentToDate, latitude, longitude, PlaceOfOccurrence) VALUES (258, '2024-07-07 18:00:00', '2024-07-07 20:00:00', 17.337000, 76.842000, 'Near Junction, Station Bazar');
INSERT INTO ComplainantDetails (ComplainantID, CaseMasterID, ComplainantName, AgeYear, OccupationID, ReligionID, CasteID, GenderID) VALUES (258, 258, 'Eshwar Naik', 65, 2, 1, 1, 1);
INSERT INTO ActSectionAssociation (CaseMasterID, ActID, SectionID, ActOrderID, SectionOrderID) VALUES (258, 'IPC', '420', 1, 1);
INSERT INTO Victim (VictimMasterID, CaseMasterID, VictimName, AgeYear, GenderID, VictimPolice) VALUES (258, 258, 'Praveen Naik', 51, 1, '0');
INSERT INTO Accused (AccusedMasterID, CaseMasterID, AccusedName, AgeYear, GenderID, PersonID) VALUES (345, 258, 'Dharma Salim', 40, 1, 'A1');
INSERT INTO Accused (AccusedMasterID, CaseMasterID, AccusedName, AgeYear, GenderID, PersonID) VALUES (346, 258, 'Babloo Pashan', 40, 1, 'A2');
INSERT INTO ArrestSurrender (ArrestSurrenderID, CaseMasterID, ArrestSurrenderTypeID, ArrestSurrenderDate, ArrestSurrenderStateId, ArrestSurrenderDistrictId, PoliceStationID, IOID, CourtID, AccusedMasterID, IsAccused, IsComplainantAccused) VALUES (132, 258, 1, '2024-07-07', 1, 6, 18, 35, 6, 345, 1, 0);
INSERT INTO inv_arrestsurrenderaccused (ArrestSurrenderID, AccusedMasterID) VALUES (132, 345);
INSERT INTO inv_arrestsurrenderaccused (ArrestSurrenderID, AccusedMasterID) VALUES (132, 346);
INSERT INTO ChargesheetDetails (CSID, CaseMasterID, csdate, cstype, PolicePersonID) VALUES (87, 258, '2024-07-07 18:00:00', 'A', 35);
INSERT INTO CaseMaster (CaseMasterID, CrimeNo, CaseNo, CrimeRegisteredDate, PolicePersonID, PoliceStationID, CaseCategoryID, GravityOffenceID, CrimeMajorHeadID, CrimeMinorHeadID, CaseStatusID, CourtID, IncidentFromDate, IncidentToDate, InfoReceivedPSDate, latitude, longitude, BriefFacts) VALUES (259, '100010004202400259', '202400259', '2024-08-08', 7, 4, 3, 1, 5, 9, 4, 1, '2024-08-08 19:00:00', '2024-08-08 21:00:00', '2024-08-08 19:00:00', 12.934000, 77.602800, 'Incident reported at Jayanagar Police Station. Initial investigation launched by IO Vijay Kulkarni.');
INSERT INTO Inv_OccuranceTime (CaseMasterID, IncidentFromDate, IncidentToDate, latitude, longitude, PlaceOfOccurrence) VALUES (259, '2024-08-08 19:00:00', '2024-08-08 21:00:00', 12.934000, 77.602800, 'Near Junction, Jayanagar');
INSERT INTO ComplainantDetails (ComplainantID, CaseMasterID, ComplainantName, AgeYear, OccupationID, ReligionID, CasteID, GenderID) VALUES (259, 259, 'Nandini Naik', 62, 2, 1, 1, 1);
INSERT INTO ActSectionAssociation (CaseMasterID, ActID, SectionID, ActOrderID, SectionOrderID) VALUES (259, 'NDPS', '20', 1, 1);
INSERT INTO Victim (VictimMasterID, CaseMasterID, VictimName, AgeYear, GenderID, VictimPolice) VALUES (259, 259, 'Divya Bhat', 38, 1, '0');
INSERT INTO Accused (AccusedMasterID, CaseMasterID, AccusedName, AgeYear, GenderID, PersonID) VALUES (347, 259, 'Babloo Khan', 40, 1, 'A1');
INSERT INTO CaseMaster (CaseMasterID, CrimeNo, CaseNo, CrimeRegisteredDate, PolicePersonID, PoliceStationID, CaseCategoryID, GravityOffenceID, CrimeMajorHeadID, CrimeMinorHeadID, CaseStatusID, CourtID, IncidentFromDate, IncidentToDate, InfoReceivedPSDate, latitude, longitude, BriefFacts) VALUES (260, '100020007202400260', '202400260', '2024-09-09', 13, 7, 4, 2, 1, 10, 5, 2, '2024-09-09 20:00:00', '2024-09-09 22:00:00', '2024-09-09 20:00:00', 12.302000, 76.648000, 'Incident reported at Lashkar Police Station. Initial investigation launched by IO Anil Kulkarni.');
INSERT INTO Inv_OccuranceTime (CaseMasterID, IncidentFromDate, IncidentToDate, latitude, longitude, PlaceOfOccurrence) VALUES (260, '2024-09-09 20:00:00', '2024-09-09 22:00:00', 12.302000, 76.648000, 'Near Junction, Lashkar');
INSERT INTO ComplainantDetails (ComplainantID, CaseMasterID, ComplainantName, AgeYear, OccupationID, ReligionID, CasteID, GenderID) VALUES (260, 260, 'Kavitha Deshpande', 34, 2, 1, 1, 1);
INSERT INTO ActSectionAssociation (CaseMasterID, ActID, SectionID, ActOrderID, SectionOrderID) VALUES (260, 'IPC', '379', 1, 1);
INSERT INTO Victim (VictimMasterID, CaseMasterID, VictimName, AgeYear, GenderID, VictimPolice) VALUES (260, 260, 'Divya Shetty', 23, 1, '0');
INSERT INTO Accused (AccusedMasterID, CaseMasterID, AccusedName, AgeYear, GenderID, PersonID) VALUES (348, 260, 'Mantu Alias', 45, 1, 'A1');
INSERT INTO ArrestSurrender (ArrestSurrenderID, CaseMasterID, ArrestSurrenderTypeID, ArrestSurrenderDate, ArrestSurrenderStateId, ArrestSurrenderDistrictId, PoliceStationID, IOID, CourtID, AccusedMasterID, IsAccused, IsComplainantAccused) VALUES (133, 260, 1, '2024-09-09', 1, 2, 7, 13, 2, 348, 1, 0);
INSERT INTO inv_arrestsurrenderaccused (ArrestSurrenderID, AccusedMasterID) VALUES (133, 348);
INSERT INTO CaseMaster (CaseMasterID, CrimeNo, CaseNo, CrimeRegisteredDate, PolicePersonID, PoliceStationID, CaseCategoryID, GravityOffenceID, CrimeMajorHeadID, CrimeMinorHeadID, CaseStatusID, CourtID, IncidentFromDate, IncidentToDate, InfoReceivedPSDate, latitude, longitude, BriefFacts) VALUES (261, '100030011202400261', '202400261', '2024-10-10', 21, 11, 1, 3, 1, 1, 1, 3, '2024-10-10 21:00:00', '2024-10-10 23:00:00', '2024-10-10 21:00:00', 12.880000, 74.822000, 'Incident reported at Urwa Police Station. Initial investigation launched by IO Anil Gowda.');
INSERT INTO Inv_OccuranceTime (CaseMasterID, IncidentFromDate, IncidentToDate, latitude, longitude, PlaceOfOccurrence) VALUES (261, '2024-10-10 21:00:00', '2024-10-10 23:00:00', 12.880000, 74.822000, 'Near Junction, Urwa');
INSERT INTO ComplainantDetails (ComplainantID, CaseMasterID, ComplainantName, AgeYear, OccupationID, ReligionID, CasteID, GenderID) VALUES (261, 261, 'Bharath Naik', 32, 2, 1, 1, 1);
INSERT INTO ActSectionAssociation (CaseMasterID, ActID, SectionID, ActOrderID, SectionOrderID) VALUES (261, 'IPC', '379', 1, 1);
INSERT INTO Victim (VictimMasterID, CaseMasterID, VictimName, AgeYear, GenderID, VictimPolice) VALUES (261, 261, 'Arun Deshpande', 30, 1, '0');
INSERT INTO Accused (AccusedMasterID, CaseMasterID, AccusedName, AgeYear, GenderID, PersonID) VALUES (349, 261, 'Vicky Verma', 38, 1, 'A1');
INSERT INTO Accused (AccusedMasterID, CaseMasterID, AccusedName, AgeYear, GenderID, PersonID) VALUES (350, 261, 'Altaf Pashan', 39, 1, 'A2');
INSERT INTO ChargesheetDetails (CSID, CaseMasterID, csdate, cstype, PolicePersonID) VALUES (88, 261, '2024-10-10 21:00:00', 'A', 21);
INSERT INTO CaseMaster (CaseMasterID, CrimeNo, CaseNo, CrimeRegisteredDate, PolicePersonID, PoliceStationID, CaseCategoryID, GravityOffenceID, CrimeMajorHeadID, CrimeMinorHeadID, CaseStatusID, CourtID, IncidentFromDate, IncidentToDate, InfoReceivedPSDate, latitude, longitude, BriefFacts) VALUES (262, '100040012202400262', '202400262', '2024-11-11', 23, 12, 2, 1, 1, 2, 2, 4, '2024-11-11 22:00:00', '2024-11-11 00:00:00', '2024-11-11 22:00:00', 15.344000, 75.133000, 'Incident reported at Suburban Police Station Hubballi. Initial investigation launched by IO Basavaraj Rao.');
INSERT INTO Inv_OccuranceTime (CaseMasterID, IncidentFromDate, IncidentToDate, latitude, longitude, PlaceOfOccurrence) VALUES (262, '2024-11-11 22:00:00', '2024-11-11 00:00:00', 15.344000, 75.133000, 'Near Junction, Suburban Hubballi');
INSERT INTO ComplainantDetails (ComplainantID, CaseMasterID, ComplainantName, AgeYear, OccupationID, ReligionID, CasteID, GenderID) VALUES (262, 262, 'Pooja Shetty', 57, 2, 1, 1, 1);
INSERT INTO ActSectionAssociation (CaseMasterID, ActID, SectionID, ActOrderID, SectionOrderID) VALUES (262, 'IPC', '379', 1, 1);
INSERT INTO Victim (VictimMasterID, CaseMasterID, VictimName, AgeYear, GenderID, VictimPolice) VALUES (262, 262, 'Manoj Naik', 57, 1, '0');
INSERT INTO Accused (AccusedMasterID, CaseMasterID, AccusedName, AgeYear, GenderID, PersonID) VALUES (351, 262, 'Vicky Salim', 34, 1, 'A1');
INSERT INTO ArrestSurrender (ArrestSurrenderID, CaseMasterID, ArrestSurrenderTypeID, ArrestSurrenderDate, ArrestSurrenderStateId, ArrestSurrenderDistrictId, PoliceStationID, IOID, CourtID, AccusedMasterID, IsAccused, IsComplainantAccused) VALUES (134, 262, 1, '2024-11-11', 1, 4, 12, 23, 4, 351, 1, 0);
INSERT INTO inv_arrestsurrenderaccused (ArrestSurrenderID, AccusedMasterID) VALUES (134, 351);
INSERT INTO CaseMaster (CaseMasterID, CrimeNo, CaseNo, CrimeRegisteredDate, PolicePersonID, PoliceStationID, CaseCategoryID, GravityOffenceID, CrimeMajorHeadID, CrimeMinorHeadID, CaseStatusID, CourtID, IncidentFromDate, IncidentToDate, InfoReceivedPSDate, latitude, longitude, BriefFacts) VALUES (263, '100050016202400263', '202400263', '2024-12-12', 31, 16, 3, 2, 1, 3, 3, 5, '2024-12-12 23:00:00', '2024-12-12 01:00:00', '2024-12-12 23:00:00', 15.837000, 74.501000, 'Incident reported at Tilakwadi Police Station. Initial investigation launched by IO Prakash Patil.');
INSERT INTO Inv_OccuranceTime (CaseMasterID, IncidentFromDate, IncidentToDate, latitude, longitude, PlaceOfOccurrence) VALUES (263, '2024-12-12 23:00:00', '2024-12-12 01:00:00', 15.837000, 74.501000, 'Near Junction, Tilakwadi');
INSERT INTO ComplainantDetails (ComplainantID, CaseMasterID, ComplainantName, AgeYear, OccupationID, ReligionID, CasteID, GenderID) VALUES (263, 263, 'Kavitha Joshi', 64, 2, 1, 1, 1);
INSERT INTO ActSectionAssociation (CaseMasterID, ActID, SectionID, ActOrderID, SectionOrderID) VALUES (263, 'IPC', '379', 1, 1);
INSERT INTO Victim (VictimMasterID, CaseMasterID, VictimName, AgeYear, GenderID, VictimPolice) VALUES (263, 263, 'Nikhil Gowda', 57, 1, '0');
INSERT INTO Accused (AccusedMasterID, CaseMasterID, AccusedName, AgeYear, GenderID, PersonID) VALUES (352, 263, 'Imtiaz Verma', 42, 1, 'A1');
INSERT INTO CaseMaster (CaseMasterID, CrimeNo, CaseNo, CrimeRegisteredDate, PolicePersonID, PoliceStationID, CaseCategoryID, GravityOffenceID, CrimeMajorHeadID, CrimeMinorHeadID, CaseStatusID, CourtID, IncidentFromDate, IncidentToDate, InfoReceivedPSDate, latitude, longitude, BriefFacts) VALUES (264, '100060018202400264', '202400264', '2024-01-13', 35, 18, 4, 3, 2, 4, 4, 6, '2024-01-13 00:00:00', '2024-01-13 02:00:00', '2024-01-13 00:00:00', 17.323000, 76.828000, 'Incident reported at Station Bazar Police Station. Initial investigation launched by IO Mahesh Bhat.');
INSERT INTO Inv_OccuranceTime (CaseMasterID, IncidentFromDate, IncidentToDate, latitude, longitude, PlaceOfOccurrence) VALUES (264, '2024-01-13 00:00:00', '2024-01-13 02:00:00', 17.323000, 76.828000, 'Near Junction, Station Bazar');
INSERT INTO ComplainantDetails (ComplainantID, CaseMasterID, ComplainantName, AgeYear, OccupationID, ReligionID, CasteID, GenderID) VALUES (264, 264, 'Shilpa Gowda', 41, 2, 1, 1, 1);
INSERT INTO ActSectionAssociation (CaseMasterID, ActID, SectionID, ActOrderID, SectionOrderID) VALUES (264, 'IPC', '302', 1, 1);
INSERT INTO Victim (VictimMasterID, CaseMasterID, VictimName, AgeYear, GenderID, VictimPolice) VALUES (264, 264, 'Rajesh Bhat', 60, 1, '0');
INSERT INTO Accused (AccusedMasterID, CaseMasterID, AccusedName, AgeYear, GenderID, PersonID) VALUES (353, 264, 'Tukaram Kumar', 23, 1, 'A1');
INSERT INTO Accused (AccusedMasterID, CaseMasterID, AccusedName, AgeYear, GenderID, PersonID) VALUES (354, 264, 'Jagga Khan', 28, 1, 'A2');
INSERT INTO ArrestSurrender (ArrestSurrenderID, CaseMasterID, ArrestSurrenderTypeID, ArrestSurrenderDate, ArrestSurrenderStateId, ArrestSurrenderDistrictId, PoliceStationID, IOID, CourtID, AccusedMasterID, IsAccused, IsComplainantAccused) VALUES (135, 264, 1, '2024-01-13', 1, 6, 18, 35, 6, 353, 1, 0);
INSERT INTO inv_arrestsurrenderaccused (ArrestSurrenderID, AccusedMasterID) VALUES (135, 353);
INSERT INTO inv_arrestsurrenderaccused (ArrestSurrenderID, AccusedMasterID) VALUES (135, 354);
INSERT INTO ChargesheetDetails (CSID, CaseMasterID, csdate, cstype, PolicePersonID) VALUES (89, 264, '2024-01-13 00:00:00', 'A', 35);
INSERT INTO CaseMaster (CaseMasterID, CrimeNo, CaseNo, CrimeRegisteredDate, PolicePersonID, PoliceStationID, CaseCategoryID, GravityOffenceID, CrimeMajorHeadID, CrimeMinorHeadID, CaseStatusID, CourtID, IncidentFromDate, IncidentToDate, InfoReceivedPSDate, latitude, longitude, BriefFacts) VALUES (265, '100010005202400265', '202400265', '2024-02-14', 9, 5, 1, 1, 2, 5, 5, 1, '2024-02-14 01:00:00', '2024-02-14 03:00:00', '2024-02-14 01:00:00', 12.998100, 77.559300, 'Incident reported at Malleshwaram Police Station. Initial investigation launched by IO Santosh Shetty.');
INSERT INTO Inv_OccuranceTime (CaseMasterID, IncidentFromDate, IncidentToDate, latitude, longitude, PlaceOfOccurrence) VALUES (265, '2024-02-14 01:00:00', '2024-02-14 03:00:00', 12.998100, 77.559300, 'Near Junction, Malleshwaram');
INSERT INTO ComplainantDetails (ComplainantID, CaseMasterID, ComplainantName, AgeYear, OccupationID, ReligionID, CasteID, GenderID) VALUES (265, 265, 'Pooja Shetty', 56, 2, 1, 1, 1);
INSERT INTO ActSectionAssociation (CaseMasterID, ActID, SectionID, ActOrderID, SectionOrderID) VALUES (265, 'IPC', '302', 1, 1);
INSERT INTO Victim (VictimMasterID, CaseMasterID, VictimName, AgeYear, GenderID, VictimPolice) VALUES (265, 265, 'Divya Shetty', 22, 1, '0');
INSERT INTO Accused (AccusedMasterID, CaseMasterID, AccusedName, AgeYear, GenderID, PersonID) VALUES (355, 265, 'Vicky Pashan', 33, 1, 'A1');
INSERT INTO CaseMaster (CaseMasterID, CrimeNo, CaseNo, CrimeRegisteredDate, PolicePersonID, PoliceStationID, CaseCategoryID, GravityOffenceID, CrimeMajorHeadID, CrimeMinorHeadID, CaseStatusID, CourtID, IncidentFromDate, IncidentToDate, InfoReceivedPSDate, latitude, longitude, BriefFacts) VALUES (266, '100020007202400266', '202400266', '2024-03-15', 13, 7, 2, 2, 3, 6, 1, 2, '2024-03-15 02:00:00', '2024-03-15 04:00:00', '2024-03-15 02:00:00', 12.308000, 76.654000, 'Incident reported at Lashkar Police Station. Initial investigation launched by IO Anil Kulkarni.');
INSERT INTO Inv_OccuranceTime (CaseMasterID, IncidentFromDate, IncidentToDate, latitude, longitude, PlaceOfOccurrence) VALUES (266, '2024-03-15 02:00:00', '2024-03-15 04:00:00', 12.308000, 76.654000, 'Near Junction, Lashkar');
INSERT INTO ComplainantDetails (ComplainantID, CaseMasterID, ComplainantName, AgeYear, OccupationID, ReligionID, CasteID, GenderID) VALUES (266, 266, 'Nandini Joshi', 65, 2, 1, 1, 1);
INSERT INTO ActSectionAssociation (CaseMasterID, ActID, SectionID, ActOrderID, SectionOrderID) VALUES (266, 'IT_ACT', '66D', 1, 1);
INSERT INTO Victim (VictimMasterID, CaseMasterID, VictimName, AgeYear, GenderID, VictimPolice) VALUES (266, 266, 'Bhavya Bhat', 20, 1, '0');
INSERT INTO Accused (AccusedMasterID, CaseMasterID, AccusedName, AgeYear, GenderID, PersonID) VALUES (356, 266, 'Imtiaz Kumar', 28, 1, 'A1');
INSERT INTO ArrestSurrender (ArrestSurrenderID, CaseMasterID, ArrestSurrenderTypeID, ArrestSurrenderDate, ArrestSurrenderStateId, ArrestSurrenderDistrictId, PoliceStationID, IOID, CourtID, AccusedMasterID, IsAccused, IsComplainantAccused) VALUES (136, 266, 1, '2024-03-15', 1, 2, 7, 13, 2, 356, 1, 0);
INSERT INTO inv_arrestsurrenderaccused (ArrestSurrenderID, AccusedMasterID) VALUES (136, 356);
INSERT INTO CaseMaster (CaseMasterID, CrimeNo, CaseNo, CrimeRegisteredDate, PolicePersonID, PoliceStationID, CaseCategoryID, GravityOffenceID, CrimeMajorHeadID, CrimeMinorHeadID, CaseStatusID, CourtID, IncidentFromDate, IncidentToDate, InfoReceivedPSDate, latitude, longitude, BriefFacts) VALUES (267, '100030011202400267', '202400267', '2024-04-16', 21, 11, 3, 3, 3, 7, 2, 3, '2024-04-16 03:00:00', '2024-04-16 05:00:00', '2024-04-16 03:00:00', 12.886000, 74.828000, 'Incident reported at Urwa Police Station. Initial investigation launched by IO Anil Gowda.');
INSERT INTO Inv_OccuranceTime (CaseMasterID, IncidentFromDate, IncidentToDate, latitude, longitude, PlaceOfOccurrence) VALUES (267, '2024-04-16 03:00:00', '2024-04-16 05:00:00', 12.886000, 74.828000, 'Near Junction, Urwa');
INSERT INTO ComplainantDetails (ComplainantID, CaseMasterID, ComplainantName, AgeYear, OccupationID, ReligionID, CasteID, GenderID) VALUES (267, 267, 'Harish Shetty', 36, 2, 1, 1, 1);
INSERT INTO ActSectionAssociation (CaseMasterID, ActID, SectionID, ActOrderID, SectionOrderID) VALUES (267, 'IT_ACT', '66D', 1, 1);
INSERT INTO Victim (VictimMasterID, CaseMasterID, VictimName, AgeYear, GenderID, VictimPolice) VALUES (267, 267, 'Arun Shetty', 24, 1, '0');
INSERT INTO Accused (AccusedMasterID, CaseMasterID, AccusedName, AgeYear, GenderID, PersonID) VALUES (357, 267, 'Jagga Singh', 43, 1, 'A1');
INSERT INTO Accused (AccusedMasterID, CaseMasterID, AccusedName, AgeYear, GenderID, PersonID) VALUES (358, 267, 'Vicky Kumar', 23, 1, 'A2');
INSERT INTO ChargesheetDetails (CSID, CaseMasterID, csdate, cstype, PolicePersonID) VALUES (90, 267, '2024-04-16 03:00:00', 'A', 21);
INSERT INTO CaseMaster (CaseMasterID, CrimeNo, CaseNo, CrimeRegisteredDate, PolicePersonID, PoliceStationID, CaseCategoryID, GravityOffenceID, CrimeMajorHeadID, CrimeMinorHeadID, CaseStatusID, CourtID, IncidentFromDate, IncidentToDate, InfoReceivedPSDate, latitude, longitude, BriefFacts) VALUES (268, '100040012202400268', '202400268', '2024-05-17', 23, 12, 4, 1, 4, 8, 3, 4, '2024-05-17 04:00:00', '2024-05-17 06:00:00', '2024-05-17 04:00:00', 15.350000, 75.139000, 'Incident reported at Suburban Police Station Hubballi. Initial investigation launched by IO Basavaraj Rao.');
INSERT INTO Inv_OccuranceTime (CaseMasterID, IncidentFromDate, IncidentToDate, latitude, longitude, PlaceOfOccurrence) VALUES (268, '2024-05-17 04:00:00', '2024-05-17 06:00:00', 15.350000, 75.139000, 'Near Junction, Suburban Hubballi');
INSERT INTO ComplainantDetails (ComplainantID, CaseMasterID, ComplainantName, AgeYear, OccupationID, ReligionID, CasteID, GenderID) VALUES (268, 268, 'Suma Murthy', 55, 2, 1, 1, 1);
INSERT INTO ActSectionAssociation (CaseMasterID, ActID, SectionID, ActOrderID, SectionOrderID) VALUES (268, 'IPC', '420', 1, 1);
INSERT INTO Victim (VictimMasterID, CaseMasterID, VictimName, AgeYear, GenderID, VictimPolice) VALUES (268, 268, 'Chaitra Rao', 51, 1, '0');
INSERT INTO Accused (AccusedMasterID, CaseMasterID, AccusedName, AgeYear, GenderID, PersonID) VALUES (359, 268, 'Vicky Verma', 29, 1, 'A1');
INSERT INTO ArrestSurrender (ArrestSurrenderID, CaseMasterID, ArrestSurrenderTypeID, ArrestSurrenderDate, ArrestSurrenderStateId, ArrestSurrenderDistrictId, PoliceStationID, IOID, CourtID, AccusedMasterID, IsAccused, IsComplainantAccused) VALUES (137, 268, 1, '2024-05-17', 1, 4, 12, 23, 4, 359, 1, 0);
INSERT INTO inv_arrestsurrenderaccused (ArrestSurrenderID, AccusedMasterID) VALUES (137, 359);
INSERT INTO CaseMaster (CaseMasterID, CrimeNo, CaseNo, CrimeRegisteredDate, PolicePersonID, PoliceStationID, CaseCategoryID, GravityOffenceID, CrimeMajorHeadID, CrimeMinorHeadID, CaseStatusID, CourtID, IncidentFromDate, IncidentToDate, InfoReceivedPSDate, latitude, longitude, BriefFacts) VALUES (269, '100050016202400269', '202400269', '2024-06-18', 31, 16, 1, 2, 5, 9, 4, 5, '2024-06-18 05:00:00', '2024-06-18 07:00:00', '2024-06-18 05:00:00', 15.843000, 74.507000, 'Incident reported at Tilakwadi Police Station. Initial investigation launched by IO Prakash Patil.');
INSERT INTO Inv_OccuranceTime (CaseMasterID, IncidentFromDate, IncidentToDate, latitude, longitude, PlaceOfOccurrence) VALUES (269, '2024-06-18 05:00:00', '2024-06-18 07:00:00', 15.843000, 74.507000, 'Near Junction, Tilakwadi');
INSERT INTO ComplainantDetails (ComplainantID, CaseMasterID, ComplainantName, AgeYear, OccupationID, ReligionID, CasteID, GenderID) VALUES (269, 269, 'Eshwar Shetty', 52, 2, 1, 1, 1);
INSERT INTO ActSectionAssociation (CaseMasterID, ActID, SectionID, ActOrderID, SectionOrderID) VALUES (269, 'NDPS', '20', 1, 1);
INSERT INTO Victim (VictimMasterID, CaseMasterID, VictimName, AgeYear, GenderID, VictimPolice) VALUES (269, 269, 'Vinay Bhat', 28, 1, '0');
INSERT INTO Accused (AccusedMasterID, CaseMasterID, AccusedName, AgeYear, GenderID, PersonID) VALUES (360, 269, 'Yogesh Salim', 34, 1, 'A1');
INSERT INTO CaseMaster (CaseMasterID, CrimeNo, CaseNo, CrimeRegisteredDate, PolicePersonID, PoliceStationID, CaseCategoryID, GravityOffenceID, CrimeMajorHeadID, CrimeMinorHeadID, CaseStatusID, CourtID, IncidentFromDate, IncidentToDate, InfoReceivedPSDate, latitude, longitude, BriefFacts) VALUES (270, '100060018202400270', '202400270', '2024-07-19', 35, 18, 2, 3, 1, 10, 5, 6, '2024-07-19 06:00:00', '2024-07-19 08:00:00', '2024-07-19 06:00:00', 17.329000, 76.834000, 'Incident reported at Station Bazar Police Station. Initial investigation launched by IO Mahesh Bhat.');
INSERT INTO Inv_OccuranceTime (CaseMasterID, IncidentFromDate, IncidentToDate, latitude, longitude, PlaceOfOccurrence) VALUES (270, '2024-07-19 06:00:00', '2024-07-19 08:00:00', 17.329000, 76.834000, 'Near Junction, Station Bazar');
INSERT INTO ComplainantDetails (ComplainantID, CaseMasterID, ComplainantName, AgeYear, OccupationID, ReligionID, CasteID, GenderID) VALUES (270, 270, 'Latha Hegde', 43, 2, 1, 1, 1);
INSERT INTO ActSectionAssociation (CaseMasterID, ActID, SectionID, ActOrderID, SectionOrderID) VALUES (270, 'IPC', '379', 1, 1);
INSERT INTO Victim (VictimMasterID, CaseMasterID, VictimName, AgeYear, GenderID, VictimPolice) VALUES (270, 270, 'Praveen Gowda', 51, 1, '0');
INSERT INTO Accused (AccusedMasterID, CaseMasterID, AccusedName, AgeYear, GenderID, PersonID) VALUES (361, 270, 'Yogesh Khan', 31, 1, 'A1');
INSERT INTO Accused (AccusedMasterID, CaseMasterID, AccusedName, AgeYear, GenderID, PersonID) VALUES (362, 270, 'Raja Singh', 28, 1, 'A2');
INSERT INTO ArrestSurrender (ArrestSurrenderID, CaseMasterID, ArrestSurrenderTypeID, ArrestSurrenderDate, ArrestSurrenderStateId, ArrestSurrenderDistrictId, PoliceStationID, IOID, CourtID, AccusedMasterID, IsAccused, IsComplainantAccused) VALUES (138, 270, 1, '2024-07-19', 1, 6, 18, 35, 6, 361, 1, 0);
INSERT INTO inv_arrestsurrenderaccused (ArrestSurrenderID, AccusedMasterID) VALUES (138, 361);
INSERT INTO inv_arrestsurrenderaccused (ArrestSurrenderID, AccusedMasterID) VALUES (138, 362);
INSERT INTO ChargesheetDetails (CSID, CaseMasterID, csdate, cstype, PolicePersonID) VALUES (91, 270, '2024-07-19 06:00:00', 'A', 35);
INSERT INTO CaseMaster (CaseMasterID, CrimeNo, CaseNo, CrimeRegisteredDate, PolicePersonID, PoliceStationID, CaseCategoryID, GravityOffenceID, CrimeMajorHeadID, CrimeMinorHeadID, CaseStatusID, CourtID, IncidentFromDate, IncidentToDate, InfoReceivedPSDate, latitude, longitude, BriefFacts) VALUES (271, '100010001202400271', '202400271', '2024-08-20', 1, 1, 3, 1, 1, 1, 1, 1, '2024-08-20 07:00:00', '2024-08-20 09:00:00', '2024-08-20 07:00:00', 12.979400, 77.641800, 'Incident reported at Indiranagar Police Station. Initial investigation launched by IO Suresh Rao.');
INSERT INTO Inv_OccuranceTime (CaseMasterID, IncidentFromDate, IncidentToDate, latitude, longitude, PlaceOfOccurrence) VALUES (271, '2024-08-20 07:00:00', '2024-08-20 09:00:00', 12.979400, 77.641800, 'Near Junction, Indiranagar');
INSERT INTO ComplainantDetails (ComplainantID, CaseMasterID, ComplainantName, AgeYear, OccupationID, ReligionID, CasteID, GenderID) VALUES (271, 271, 'Eshwar Bhat', 65, 2, 1, 1, 1);
INSERT INTO ActSectionAssociation (CaseMasterID, ActID, SectionID, ActOrderID, SectionOrderID) VALUES (271, 'IPC', '379', 1, 1);
INSERT INTO Victim (VictimMasterID, CaseMasterID, VictimName, AgeYear, GenderID, VictimPolice) VALUES (271, 271, 'Divya Gowda', 21, 1, '0');
INSERT INTO Accused (AccusedMasterID, CaseMasterID, AccusedName, AgeYear, GenderID, PersonID) VALUES (363, 271, 'Babloo Khan', 42, 1, 'A1');
INSERT INTO CaseMaster (CaseMasterID, CrimeNo, CaseNo, CrimeRegisteredDate, PolicePersonID, PoliceStationID, CaseCategoryID, GravityOffenceID, CrimeMajorHeadID, CrimeMinorHeadID, CaseStatusID, CourtID, IncidentFromDate, IncidentToDate, InfoReceivedPSDate, latitude, longitude, BriefFacts) VALUES (272, '100020007202400272', '202400272', '2024-09-21', 13, 7, 4, 2, 1, 2, 2, 2, '2024-09-21 08:00:00', '2024-09-21 10:00:00', '2024-09-21 08:00:00', 12.314000, 76.660000, 'Incident reported at Lashkar Police Station. Initial investigation launched by IO Anil Kulkarni.');
INSERT INTO Inv_OccuranceTime (CaseMasterID, IncidentFromDate, IncidentToDate, latitude, longitude, PlaceOfOccurrence) VALUES (272, '2024-09-21 08:00:00', '2024-09-21 10:00:00', 12.314000, 76.660000, 'Near Junction, Lashkar');
INSERT INTO ComplainantDetails (ComplainantID, CaseMasterID, ComplainantName, AgeYear, OccupationID, ReligionID, CasteID, GenderID) VALUES (272, 272, 'Meena Gowda', 49, 2, 1, 1, 1);
INSERT INTO ActSectionAssociation (CaseMasterID, ActID, SectionID, ActOrderID, SectionOrderID) VALUES (272, 'IPC', '379', 1, 1);
INSERT INTO Victim (VictimMasterID, CaseMasterID, VictimName, AgeYear, GenderID, VictimPolice) VALUES (272, 272, 'Kiran Shetty', 38, 1, '0');
INSERT INTO Accused (AccusedMasterID, CaseMasterID, AccusedName, AgeYear, GenderID, PersonID) VALUES (364, 272, 'Jagga Verma', 39, 1, 'A1');
INSERT INTO ArrestSurrender (ArrestSurrenderID, CaseMasterID, ArrestSurrenderTypeID, ArrestSurrenderDate, ArrestSurrenderStateId, ArrestSurrenderDistrictId, PoliceStationID, IOID, CourtID, AccusedMasterID, IsAccused, IsComplainantAccused) VALUES (139, 272, 1, '2024-09-21', 1, 2, 7, 13, 2, 364, 1, 0);
INSERT INTO inv_arrestsurrenderaccused (ArrestSurrenderID, AccusedMasterID) VALUES (139, 364);
INSERT INTO CaseMaster (CaseMasterID, CrimeNo, CaseNo, CrimeRegisteredDate, PolicePersonID, PoliceStationID, CaseCategoryID, GravityOffenceID, CrimeMajorHeadID, CrimeMinorHeadID, CaseStatusID, CourtID, IncidentFromDate, IncidentToDate, InfoReceivedPSDate, latitude, longitude, BriefFacts) VALUES (273, '100030011202400273', '202400273', '2024-10-22', 21, 11, 1, 3, 1, 3, 3, 3, '2024-10-22 09:00:00', '2024-10-22 11:00:00', '2024-10-22 09:00:00', 12.892000, 74.834000, 'Incident reported at Urwa Police Station. Initial investigation launched by IO Anil Gowda.');
INSERT INTO Inv_OccuranceTime (CaseMasterID, IncidentFromDate, IncidentToDate, latitude, longitude, PlaceOfOccurrence) VALUES (273, '2024-10-22 09:00:00', '2024-10-22 11:00:00', 12.892000, 74.834000, 'Near Junction, Urwa');
INSERT INTO ComplainantDetails (ComplainantID, CaseMasterID, ComplainantName, AgeYear, OccupationID, ReligionID, CasteID, GenderID) VALUES (273, 273, 'Chetan Shetty', 42, 2, 1, 1, 1);
INSERT INTO ActSectionAssociation (CaseMasterID, ActID, SectionID, ActOrderID, SectionOrderID) VALUES (273, 'IPC', '379', 1, 1);
INSERT INTO Victim (VictimMasterID, CaseMasterID, VictimName, AgeYear, GenderID, VictimPolice) VALUES (273, 273, 'Arun Hegde', 33, 1, '0');
INSERT INTO Accused (AccusedMasterID, CaseMasterID, AccusedName, AgeYear, GenderID, PersonID) VALUES (365, 273, 'Jagga Alias', 41, 1, 'A1');
INSERT INTO Accused (AccusedMasterID, CaseMasterID, AccusedName, AgeYear, GenderID, PersonID) VALUES (366, 273, 'Vicky Verma', 30, 1, 'A2');
INSERT INTO ChargesheetDetails (CSID, CaseMasterID, csdate, cstype, PolicePersonID) VALUES (92, 273, '2024-10-22 09:00:00', 'A', 21);
INSERT INTO CaseMaster (CaseMasterID, CrimeNo, CaseNo, CrimeRegisteredDate, PolicePersonID, PoliceStationID, CaseCategoryID, GravityOffenceID, CrimeMajorHeadID, CrimeMinorHeadID, CaseStatusID, CourtID, IncidentFromDate, IncidentToDate, InfoReceivedPSDate, latitude, longitude, BriefFacts) VALUES (274, '100040012202400274', '202400274', '2024-11-23', 23, 12, 2, 1, 2, 4, 4, 4, '2024-11-23 10:00:00', '2024-11-23 12:00:00', '2024-11-23 10:00:00', 15.356000, 75.145000, 'Incident reported at Suburban Police Station Hubballi. Initial investigation launched by IO Basavaraj Rao.');
INSERT INTO Inv_OccuranceTime (CaseMasterID, IncidentFromDate, IncidentToDate, latitude, longitude, PlaceOfOccurrence) VALUES (274, '2024-11-23 10:00:00', '2024-11-23 12:00:00', 15.356000, 75.145000, 'Near Junction, Suburban Hubballi');
INSERT INTO ComplainantDetails (ComplainantID, CaseMasterID, ComplainantName, AgeYear, OccupationID, ReligionID, CasteID, GenderID) VALUES (274, 274, 'Bharath Kulkarni', 57, 2, 1, 1, 1);
INSERT INTO ActSectionAssociation (CaseMasterID, ActID, SectionID, ActOrderID, SectionOrderID) VALUES (274, 'IPC', '302', 1, 1);
INSERT INTO Victim (VictimMasterID, CaseMasterID, VictimName, AgeYear, GenderID, VictimPolice) VALUES (274, 274, 'Arun Bhat', 25, 1, '0');
INSERT INTO Accused (AccusedMasterID, CaseMasterID, AccusedName, AgeYear, GenderID, PersonID) VALUES (367, 274, 'Altaf Reddy', 34, 1, 'A1');
INSERT INTO ArrestSurrender (ArrestSurrenderID, CaseMasterID, ArrestSurrenderTypeID, ArrestSurrenderDate, ArrestSurrenderStateId, ArrestSurrenderDistrictId, PoliceStationID, IOID, CourtID, AccusedMasterID, IsAccused, IsComplainantAccused) VALUES (140, 274, 1, '2024-11-23', 1, 4, 12, 23, 4, 367, 1, 0);
INSERT INTO inv_arrestsurrenderaccused (ArrestSurrenderID, AccusedMasterID) VALUES (140, 367);
INSERT INTO CaseMaster (CaseMasterID, CrimeNo, CaseNo, CrimeRegisteredDate, PolicePersonID, PoliceStationID, CaseCategoryID, GravityOffenceID, CrimeMajorHeadID, CrimeMinorHeadID, CaseStatusID, CourtID, IncidentFromDate, IncidentToDate, InfoReceivedPSDate, latitude, longitude, BriefFacts) VALUES (275, '100050016202400275', '202400275', '2024-12-24', 31, 16, 3, 2, 2, 5, 5, 5, '2024-12-24 11:00:00', '2024-12-24 13:00:00', '2024-12-24 11:00:00', 15.849000, 74.513000, 'Incident reported at Tilakwadi Police Station. Initial investigation launched by IO Prakash Patil.');
INSERT INTO Inv_OccuranceTime (CaseMasterID, IncidentFromDate, IncidentToDate, latitude, longitude, PlaceOfOccurrence) VALUES (275, '2024-12-24 11:00:00', '2024-12-24 13:00:00', 15.849000, 74.513000, 'Near Junction, Tilakwadi');
INSERT INTO ComplainantDetails (ComplainantID, CaseMasterID, ComplainantName, AgeYear, OccupationID, ReligionID, CasteID, GenderID) VALUES (275, 275, 'Jagadish Hegde', 49, 2, 1, 1, 1);
INSERT INTO ActSectionAssociation (CaseMasterID, ActID, SectionID, ActOrderID, SectionOrderID) VALUES (275, 'IPC', '302', 1, 1);
INSERT INTO Victim (VictimMasterID, CaseMasterID, VictimName, AgeYear, GenderID, VictimPolice) VALUES (275, 275, 'Sangeetha Naik', 22, 1, '0');
INSERT INTO Accused (AccusedMasterID, CaseMasterID, AccusedName, AgeYear, GenderID, PersonID) VALUES (368, 275, 'Vicky Pashan', 30, 1, 'A1');
INSERT INTO CaseMaster (CaseMasterID, CrimeNo, CaseNo, CrimeRegisteredDate, PolicePersonID, PoliceStationID, CaseCategoryID, GravityOffenceID, CrimeMajorHeadID, CrimeMinorHeadID, CaseStatusID, CourtID, IncidentFromDate, IncidentToDate, InfoReceivedPSDate, latitude, longitude, BriefFacts) VALUES (276, '100060018202400276', '202400276', '2024-01-25', 35, 18, 4, 3, 3, 6, 1, 6, '2024-01-25 12:00:00', '2024-01-25 14:00:00', '2024-01-25 12:00:00', 17.335000, 76.840000, 'Incident reported at Station Bazar Police Station. Initial investigation launched by IO Mahesh Bhat.');
INSERT INTO Inv_OccuranceTime (CaseMasterID, IncidentFromDate, IncidentToDate, latitude, longitude, PlaceOfOccurrence) VALUES (276, '2024-01-25 12:00:00', '2024-01-25 14:00:00', 17.335000, 76.840000, 'Near Junction, Station Bazar');
INSERT INTO ComplainantDetails (ComplainantID, CaseMasterID, ComplainantName, AgeYear, OccupationID, ReligionID, CasteID, GenderID) VALUES (276, 276, 'Deepak Rao', 36, 2, 1, 1, 1);
INSERT INTO ActSectionAssociation (CaseMasterID, ActID, SectionID, ActOrderID, SectionOrderID) VALUES (276, 'IT_ACT', '66D', 1, 1);
INSERT INTO Victim (VictimMasterID, CaseMasterID, VictimName, AgeYear, GenderID, VictimPolice) VALUES (276, 276, 'Sangeetha Bhat', 58, 1, '0');
INSERT INTO Accused (AccusedMasterID, CaseMasterID, AccusedName, AgeYear, GenderID, PersonID) VALUES (369, 276, 'Tukaram Verma', 37, 1, 'A1');
INSERT INTO Accused (AccusedMasterID, CaseMasterID, AccusedName, AgeYear, GenderID, PersonID) VALUES (370, 276, 'Mantu Singh', 40, 1, 'A2');
INSERT INTO ArrestSurrender (ArrestSurrenderID, CaseMasterID, ArrestSurrenderTypeID, ArrestSurrenderDate, ArrestSurrenderStateId, ArrestSurrenderDistrictId, PoliceStationID, IOID, CourtID, AccusedMasterID, IsAccused, IsComplainantAccused) VALUES (141, 276, 1, '2024-01-25', 1, 6, 18, 35, 6, 369, 1, 0);
INSERT INTO inv_arrestsurrenderaccused (ArrestSurrenderID, AccusedMasterID) VALUES (141, 369);
INSERT INTO inv_arrestsurrenderaccused (ArrestSurrenderID, AccusedMasterID) VALUES (141, 370);
INSERT INTO ChargesheetDetails (CSID, CaseMasterID, csdate, cstype, PolicePersonID) VALUES (93, 276, '2024-01-25 12:00:00', 'A', 35);
INSERT INTO CaseMaster (CaseMasterID, CrimeNo, CaseNo, CrimeRegisteredDate, PolicePersonID, PoliceStationID, CaseCategoryID, GravityOffenceID, CrimeMajorHeadID, CrimeMinorHeadID, CaseStatusID, CourtID, IncidentFromDate, IncidentToDate, InfoReceivedPSDate, latitude, longitude, BriefFacts) VALUES (277, '100010002202400277', '202400277', '2024-02-26', 3, 2, 1, 1, 3, 7, 2, 1, '2024-02-26 13:00:00', '2024-02-26 15:00:00', '2024-02-26 13:00:00', 12.942200, 77.631500, 'Incident reported at Koramangala Police Station. Initial investigation launched by IO Ganesh Nayak.');
INSERT INTO Inv_OccuranceTime (CaseMasterID, IncidentFromDate, IncidentToDate, latitude, longitude, PlaceOfOccurrence) VALUES (277, '2024-02-26 13:00:00', '2024-02-26 15:00:00', 12.942200, 77.631500, 'Near Junction, Koramangala');
INSERT INTO ComplainantDetails (ComplainantID, CaseMasterID, ComplainantName, AgeYear, OccupationID, ReligionID, CasteID, GenderID) VALUES (277, 277, 'Girish Kulkarni', 47, 2, 1, 1, 1);
INSERT INTO ActSectionAssociation (CaseMasterID, ActID, SectionID, ActOrderID, SectionOrderID) VALUES (277, 'IT_ACT', '66D', 1, 1);
INSERT INTO Victim (VictimMasterID, CaseMasterID, VictimName, AgeYear, GenderID, VictimPolice) VALUES (277, 277, 'Divya Kulkarni', 29, 1, '0');
INSERT INTO Accused (AccusedMasterID, CaseMasterID, AccusedName, AgeYear, GenderID, PersonID) VALUES (371, 277, 'Pandu Reddy', 24, 1, 'A1');
INSERT INTO CaseMaster (CaseMasterID, CrimeNo, CaseNo, CrimeRegisteredDate, PolicePersonID, PoliceStationID, CaseCategoryID, GravityOffenceID, CrimeMajorHeadID, CrimeMinorHeadID, CaseStatusID, CourtID, IncidentFromDate, IncidentToDate, InfoReceivedPSDate, latitude, longitude, BriefFacts) VALUES (278, '100020007202400278', '202400278', '2024-03-27', 13, 7, 2, 2, 4, 8, 3, 2, '2024-03-27 14:00:00', '2024-03-27 16:00:00', '2024-03-27 14:00:00', 12.320000, 76.666000, 'Incident reported at Lashkar Police Station. Initial investigation launched by IO Anil Kulkarni.');
INSERT INTO Inv_OccuranceTime (CaseMasterID, IncidentFromDate, IncidentToDate, latitude, longitude, PlaceOfOccurrence) VALUES (278, '2024-03-27 14:00:00', '2024-03-27 16:00:00', 12.320000, 76.666000, 'Near Junction, Lashkar');
INSERT INTO ComplainantDetails (ComplainantID, CaseMasterID, ComplainantName, AgeYear, OccupationID, ReligionID, CasteID, GenderID) VALUES (278, 278, 'Latha Joshi', 56, 2, 1, 1, 1);
INSERT INTO ActSectionAssociation (CaseMasterID, ActID, SectionID, ActOrderID, SectionOrderID) VALUES (278, 'IPC', '420', 1, 1);
INSERT INTO Victim (VictimMasterID, CaseMasterID, VictimName, AgeYear, GenderID, VictimPolice) VALUES (278, 278, 'Kiran Hegde', 44, 1, '0');
INSERT INTO Accused (AccusedMasterID, CaseMasterID, AccusedName, AgeYear, GenderID, PersonID) VALUES (372, 278, 'Pandu Khan', 39, 1, 'A1');
INSERT INTO ArrestSurrender (ArrestSurrenderID, CaseMasterID, ArrestSurrenderTypeID, ArrestSurrenderDate, ArrestSurrenderStateId, ArrestSurrenderDistrictId, PoliceStationID, IOID, CourtID, AccusedMasterID, IsAccused, IsComplainantAccused) VALUES (142, 278, 1, '2024-03-27', 1, 2, 7, 13, 2, 372, 1, 0);
INSERT INTO inv_arrestsurrenderaccused (ArrestSurrenderID, AccusedMasterID) VALUES (142, 372);
INSERT INTO CaseMaster (CaseMasterID, CrimeNo, CaseNo, CrimeRegisteredDate, PolicePersonID, PoliceStationID, CaseCategoryID, GravityOffenceID, CrimeMajorHeadID, CrimeMinorHeadID, CaseStatusID, CourtID, IncidentFromDate, IncidentToDate, InfoReceivedPSDate, latitude, longitude, BriefFacts) VALUES (279, '100030011202400279', '202400279', '2024-04-28', 21, 11, 3, 3, 5, 9, 4, 3, '2024-04-28 15:00:00', '2024-04-28 17:00:00', '2024-04-28 15:00:00', 12.898000, 74.840000, 'Incident reported at Urwa Police Station. Initial investigation launched by IO Anil Gowda.');
INSERT INTO Inv_OccuranceTime (CaseMasterID, IncidentFromDate, IncidentToDate, latitude, longitude, PlaceOfOccurrence) VALUES (279, '2024-04-28 15:00:00', '2024-04-28 17:00:00', 12.898000, 74.840000, 'Near Junction, Urwa');
INSERT INTO ComplainantDetails (ComplainantID, CaseMasterID, ComplainantName, AgeYear, OccupationID, ReligionID, CasteID, GenderID) VALUES (279, 279, 'Shilpa Shetty', 53, 2, 1, 1, 1);
INSERT INTO ActSectionAssociation (CaseMasterID, ActID, SectionID, ActOrderID, SectionOrderID) VALUES (279, 'NDPS', '20', 1, 1);
INSERT INTO Victim (VictimMasterID, CaseMasterID, VictimName, AgeYear, GenderID, VictimPolice) VALUES (279, 279, 'Chaitra Joshi', 40, 1, '0');
INSERT INTO Accused (AccusedMasterID, CaseMasterID, AccusedName, AgeYear, GenderID, PersonID) VALUES (373, 279, 'Yogesh Salim', 36, 1, 'A1');
INSERT INTO Accused (AccusedMasterID, CaseMasterID, AccusedName, AgeYear, GenderID, PersonID) VALUES (374, 279, 'Raja Kumar', 28, 1, 'A2');
INSERT INTO ChargesheetDetails (CSID, CaseMasterID, csdate, cstype, PolicePersonID) VALUES (94, 279, '2024-04-28 15:00:00', 'A', 21);
INSERT INTO CaseMaster (CaseMasterID, CrimeNo, CaseNo, CrimeRegisteredDate, PolicePersonID, PoliceStationID, CaseCategoryID, GravityOffenceID, CrimeMajorHeadID, CrimeMinorHeadID, CaseStatusID, CourtID, IncidentFromDate, IncidentToDate, InfoReceivedPSDate, latitude, longitude, BriefFacts) VALUES (280, '100040012202400280', '202400280', '2024-05-01', 23, 12, 4, 1, 1, 10, 5, 4, '2024-05-01 16:00:00', '2024-05-01 18:00:00', '2024-05-01 16:00:00', 15.342000, 75.131000, 'Incident reported at Suburban Police Station Hubballi. Initial investigation launched by IO Basavaraj Rao.');
INSERT INTO Inv_OccuranceTime (CaseMasterID, IncidentFromDate, IncidentToDate, latitude, longitude, PlaceOfOccurrence) VALUES (280, '2024-05-01 16:00:00', '2024-05-01 18:00:00', 15.342000, 75.131000, 'Near Junction, Suburban Hubballi');
INSERT INTO ComplainantDetails (ComplainantID, CaseMasterID, ComplainantName, AgeYear, OccupationID, ReligionID, CasteID, GenderID) VALUES (280, 280, 'Shilpa Hegde', 30, 2, 1, 1, 1);
INSERT INTO ActSectionAssociation (CaseMasterID, ActID, SectionID, ActOrderID, SectionOrderID) VALUES (280, 'IPC', '379', 1, 1);
INSERT INTO Victim (VictimMasterID, CaseMasterID, VictimName, AgeYear, GenderID, VictimPolice) VALUES (280, 280, 'Chaitra Rao', 31, 1, '0');
INSERT INTO Accused (AccusedMasterID, CaseMasterID, AccusedName, AgeYear, GenderID, PersonID) VALUES (375, 280, 'Yogesh Salim', 32, 1, 'A1');
INSERT INTO ArrestSurrender (ArrestSurrenderID, CaseMasterID, ArrestSurrenderTypeID, ArrestSurrenderDate, ArrestSurrenderStateId, ArrestSurrenderDistrictId, PoliceStationID, IOID, CourtID, AccusedMasterID, IsAccused, IsComplainantAccused) VALUES (143, 280, 1, '2024-05-01', 1, 4, 12, 23, 4, 375, 1, 0);
INSERT INTO inv_arrestsurrenderaccused (ArrestSurrenderID, AccusedMasterID) VALUES (143, 375);
INSERT INTO CaseMaster (CaseMasterID, CrimeNo, CaseNo, CrimeRegisteredDate, PolicePersonID, PoliceStationID, CaseCategoryID, GravityOffenceID, CrimeMajorHeadID, CrimeMinorHeadID, CaseStatusID, CourtID, IncidentFromDate, IncidentToDate, InfoReceivedPSDate, latitude, longitude, BriefFacts) VALUES (281, '100050016202400281', '202400281', '2024-06-02', 31, 16, 1, 2, 1, 1, 1, 5, '2024-06-02 17:00:00', '2024-06-02 19:00:00', '2024-06-02 17:00:00', 15.835000, 74.499000, 'Incident reported at Tilakwadi Police Station. Initial investigation launched by IO Prakash Patil.');
INSERT INTO Inv_OccuranceTime (CaseMasterID, IncidentFromDate, IncidentToDate, latitude, longitude, PlaceOfOccurrence) VALUES (281, '2024-06-02 17:00:00', '2024-06-02 19:00:00', 15.835000, 74.499000, 'Near Junction, Tilakwadi');
INSERT INTO ComplainantDetails (ComplainantID, CaseMasterID, ComplainantName, AgeYear, OccupationID, ReligionID, CasteID, GenderID) VALUES (281, 281, 'Chetan Rao', 36, 2, 1, 1, 1);
INSERT INTO ActSectionAssociation (CaseMasterID, ActID, SectionID, ActOrderID, SectionOrderID) VALUES (281, 'IPC', '379', 1, 1);
INSERT INTO Victim (VictimMasterID, CaseMasterID, VictimName, AgeYear, GenderID, VictimPolice) VALUES (281, 281, 'Manoj Deshpande', 53, 1, '0');
INSERT INTO Accused (AccusedMasterID, CaseMasterID, AccusedName, AgeYear, GenderID, PersonID) VALUES (376, 281, 'Dharma Khan', 23, 1, 'A1');
INSERT INTO CaseMaster (CaseMasterID, CrimeNo, CaseNo, CrimeRegisteredDate, PolicePersonID, PoliceStationID, CaseCategoryID, GravityOffenceID, CrimeMajorHeadID, CrimeMinorHeadID, CaseStatusID, CourtID, IncidentFromDate, IncidentToDate, InfoReceivedPSDate, latitude, longitude, BriefFacts) VALUES (282, '100060018202400282', '202400282', '2024-07-03', 35, 18, 2, 3, 1, 2, 2, 6, '2024-07-03 18:00:00', '2024-07-03 20:00:00', '2024-07-03 18:00:00', 17.321000, 76.826000, 'Incident reported at Station Bazar Police Station. Initial investigation launched by IO Mahesh Bhat.');
INSERT INTO Inv_OccuranceTime (CaseMasterID, IncidentFromDate, IncidentToDate, latitude, longitude, PlaceOfOccurrence) VALUES (282, '2024-07-03 18:00:00', '2024-07-03 20:00:00', 17.321000, 76.826000, 'Near Junction, Station Bazar');
INSERT INTO ComplainantDetails (ComplainantID, CaseMasterID, ComplainantName, AgeYear, OccupationID, ReligionID, CasteID, GenderID) VALUES (282, 282, 'Radha Deshpande', 35, 2, 1, 1, 1);
INSERT INTO ActSectionAssociation (CaseMasterID, ActID, SectionID, ActOrderID, SectionOrderID) VALUES (282, 'IPC', '379', 1, 1);
INSERT INTO Victim (VictimMasterID, CaseMasterID, VictimName, AgeYear, GenderID, VictimPolice) VALUES (282, 282, 'Rajesh Bhat', 49, 1, '0');
INSERT INTO Accused (AccusedMasterID, CaseMasterID, AccusedName, AgeYear, GenderID, PersonID) VALUES (377, 282, 'Raja Alias', 43, 1, 'A1');
INSERT INTO Accused (AccusedMasterID, CaseMasterID, AccusedName, AgeYear, GenderID, PersonID) VALUES (378, 282, 'Babloo Singh', 33, 1, 'A2');
INSERT INTO ArrestSurrender (ArrestSurrenderID, CaseMasterID, ArrestSurrenderTypeID, ArrestSurrenderDate, ArrestSurrenderStateId, ArrestSurrenderDistrictId, PoliceStationID, IOID, CourtID, AccusedMasterID, IsAccused, IsComplainantAccused) VALUES (144, 282, 1, '2024-07-03', 1, 6, 18, 35, 6, 377, 1, 0);
INSERT INTO inv_arrestsurrenderaccused (ArrestSurrenderID, AccusedMasterID) VALUES (144, 377);
INSERT INTO inv_arrestsurrenderaccused (ArrestSurrenderID, AccusedMasterID) VALUES (144, 378);
INSERT INTO ChargesheetDetails (CSID, CaseMasterID, csdate, cstype, PolicePersonID) VALUES (95, 282, '2024-07-03 18:00:00', 'A', 35);
INSERT INTO CaseMaster (CaseMasterID, CrimeNo, CaseNo, CrimeRegisteredDate, PolicePersonID, PoliceStationID, CaseCategoryID, GravityOffenceID, CrimeMajorHeadID, CrimeMinorHeadID, CaseStatusID, CourtID, IncidentFromDate, IncidentToDate, InfoReceivedPSDate, latitude, longitude, BriefFacts) VALUES (283, '100010003202400283', '202400283', '2024-08-04', 5, 3, 3, 1, 1, 3, 3, 1, '2024-08-04 19:00:00', '2024-08-04 21:00:00', '2024-08-04 19:00:00', 12.962800, 77.742900, 'Incident reported at Whitefield Police Station. Initial investigation launched by IO Sunil Bhat.');
INSERT INTO Inv_OccuranceTime (CaseMasterID, IncidentFromDate, IncidentToDate, latitude, longitude, PlaceOfOccurrence) VALUES (283, '2024-08-04 19:00:00', '2024-08-04 21:00:00', 12.962800, 77.742900, 'Near Junction, Whitefield');
INSERT INTO ComplainantDetails (ComplainantID, CaseMasterID, ComplainantName, AgeYear, OccupationID, ReligionID, CasteID, GenderID) VALUES (283, 283, 'Kavitha Joshi', 60, 2, 1, 1, 1);
INSERT INTO ActSectionAssociation (CaseMasterID, ActID, SectionID, ActOrderID, SectionOrderID) VALUES (283, 'IPC', '379', 1, 1);
INSERT INTO Victim (VictimMasterID, CaseMasterID, VictimName, AgeYear, GenderID, VictimPolice) VALUES (283, 283, 'Manoj Naik', 28, 1, '0');
INSERT INTO Accused (AccusedMasterID, CaseMasterID, AccusedName, AgeYear, GenderID, PersonID) VALUES (379, 283, 'Pandu Alias', 27, 1, 'A1');
INSERT INTO CaseMaster (CaseMasterID, CrimeNo, CaseNo, CrimeRegisteredDate, PolicePersonID, PoliceStationID, CaseCategoryID, GravityOffenceID, CrimeMajorHeadID, CrimeMinorHeadID, CaseStatusID, CourtID, IncidentFromDate, IncidentToDate, InfoReceivedPSDate, latitude, longitude, BriefFacts) VALUES (284, '100020007202400284', '202400284', '2024-09-05', 13, 7, 4, 2, 2, 4, 4, 2, '2024-09-05 20:00:00', '2024-09-05 22:00:00', '2024-09-05 20:00:00', 12.306000, 76.652000, 'Incident reported at Lashkar Police Station. Initial investigation launched by IO Anil Kulkarni.');
INSERT INTO Inv_OccuranceTime (CaseMasterID, IncidentFromDate, IncidentToDate, latitude, longitude, PlaceOfOccurrence) VALUES (284, '2024-09-05 20:00:00', '2024-09-05 22:00:00', 12.306000, 76.652000, 'Near Junction, Lashkar');
INSERT INTO ComplainantDetails (ComplainantID, CaseMasterID, ComplainantName, AgeYear, OccupationID, ReligionID, CasteID, GenderID) VALUES (284, 284, 'Radha Shetty', 37, 2, 1, 1, 1);
INSERT INTO ActSectionAssociation (CaseMasterID, ActID, SectionID, ActOrderID, SectionOrderID) VALUES (284, 'IPC', '302', 1, 1);
INSERT INTO Victim (VictimMasterID, CaseMasterID, VictimName, AgeYear, GenderID, VictimPolice) VALUES (284, 284, 'Manoj Hegde', 42, 1, '0');
INSERT INTO Accused (AccusedMasterID, CaseMasterID, AccusedName, AgeYear, GenderID, PersonID) VALUES (380, 284, 'Vicky Alias', 41, 1, 'A1');
INSERT INTO ArrestSurrender (ArrestSurrenderID, CaseMasterID, ArrestSurrenderTypeID, ArrestSurrenderDate, ArrestSurrenderStateId, ArrestSurrenderDistrictId, PoliceStationID, IOID, CourtID, AccusedMasterID, IsAccused, IsComplainantAccused) VALUES (145, 284, 1, '2024-09-05', 1, 2, 7, 13, 2, 380, 1, 0);
INSERT INTO inv_arrestsurrenderaccused (ArrestSurrenderID, AccusedMasterID) VALUES (145, 380);
INSERT INTO CaseMaster (CaseMasterID, CrimeNo, CaseNo, CrimeRegisteredDate, PolicePersonID, PoliceStationID, CaseCategoryID, GravityOffenceID, CrimeMajorHeadID, CrimeMinorHeadID, CaseStatusID, CourtID, IncidentFromDate, IncidentToDate, InfoReceivedPSDate, latitude, longitude, BriefFacts) VALUES (285, '100030011202400285', '202400285', '2024-10-06', 21, 11, 1, 3, 2, 5, 5, 3, '2024-10-06 21:00:00', '2024-10-06 23:00:00', '2024-10-06 21:00:00', 12.884000, 74.826000, 'Incident reported at Urwa Police Station. Initial investigation launched by IO Anil Gowda.');
INSERT INTO Inv_OccuranceTime (CaseMasterID, IncidentFromDate, IncidentToDate, latitude, longitude, PlaceOfOccurrence) VALUES (285, '2024-10-06 21:00:00', '2024-10-06 23:00:00', 12.884000, 74.826000, 'Near Junction, Urwa');
INSERT INTO ComplainantDetails (ComplainantID, CaseMasterID, ComplainantName, AgeYear, OccupationID, ReligionID, CasteID, GenderID) VALUES (285, 285, 'Shilpa Deshpande', 53, 2, 1, 1, 1);
INSERT INTO ActSectionAssociation (CaseMasterID, ActID, SectionID, ActOrderID, SectionOrderID) VALUES (285, 'IPC', '302', 1, 1);
INSERT INTO Victim (VictimMasterID, CaseMasterID, VictimName, AgeYear, GenderID, VictimPolice) VALUES (285, 285, 'Arun Joshi', 27, 1, '0');
INSERT INTO Accused (AccusedMasterID, CaseMasterID, AccusedName, AgeYear, GenderID, PersonID) VALUES (381, 285, 'Imtiaz Verma', 40, 1, 'A1');
INSERT INTO Accused (AccusedMasterID, CaseMasterID, AccusedName, AgeYear, GenderID, PersonID) VALUES (382, 285, 'Raja Kumar', 25, 1, 'A2');
INSERT INTO ChargesheetDetails (CSID, CaseMasterID, csdate, cstype, PolicePersonID) VALUES (96, 285, '2024-10-06 21:00:00', 'A', 21);
INSERT INTO CaseMaster (CaseMasterID, CrimeNo, CaseNo, CrimeRegisteredDate, PolicePersonID, PoliceStationID, CaseCategoryID, GravityOffenceID, CrimeMajorHeadID, CrimeMinorHeadID, CaseStatusID, CourtID, IncidentFromDate, IncidentToDate, InfoReceivedPSDate, latitude, longitude, BriefFacts) VALUES (286, '100040012202400286', '202400286', '2024-11-07', 23, 12, 2, 1, 3, 6, 1, 4, '2024-11-07 22:00:00', '2024-11-07 00:00:00', '2024-11-07 22:00:00', 15.348000, 75.137000, 'Incident reported at Suburban Police Station Hubballi. Initial investigation launched by IO Basavaraj Rao.');
INSERT INTO Inv_OccuranceTime (CaseMasterID, IncidentFromDate, IncidentToDate, latitude, longitude, PlaceOfOccurrence) VALUES (286, '2024-11-07 22:00:00', '2024-11-07 00:00:00', 15.348000, 75.137000, 'Near Junction, Suburban Hubballi');
INSERT INTO ComplainantDetails (ComplainantID, CaseMasterID, ComplainantName, AgeYear, OccupationID, ReligionID, CasteID, GenderID) VALUES (286, 286, 'Deepak Hegde', 59, 2, 1, 1, 1);
INSERT INTO ActSectionAssociation (CaseMasterID, ActID, SectionID, ActOrderID, SectionOrderID) VALUES (286, 'IT_ACT', '66D', 1, 1);
INSERT INTO Victim (VictimMasterID, CaseMasterID, VictimName, AgeYear, GenderID, VictimPolice) VALUES (286, 286, 'Ganesh Hegde', 26, 1, '0');
INSERT INTO Accused (AccusedMasterID, CaseMasterID, AccusedName, AgeYear, GenderID, PersonID) VALUES (383, 286, 'Raja Singh', 38, 1, 'A1');
INSERT INTO ArrestSurrender (ArrestSurrenderID, CaseMasterID, ArrestSurrenderTypeID, ArrestSurrenderDate, ArrestSurrenderStateId, ArrestSurrenderDistrictId, PoliceStationID, IOID, CourtID, AccusedMasterID, IsAccused, IsComplainantAccused) VALUES (146, 286, 1, '2024-11-07', 1, 4, 12, 23, 4, 383, 1, 0);
INSERT INTO inv_arrestsurrenderaccused (ArrestSurrenderID, AccusedMasterID) VALUES (146, 383);
INSERT INTO CaseMaster (CaseMasterID, CrimeNo, CaseNo, CrimeRegisteredDate, PolicePersonID, PoliceStationID, CaseCategoryID, GravityOffenceID, CrimeMajorHeadID, CrimeMinorHeadID, CaseStatusID, CourtID, IncidentFromDate, IncidentToDate, InfoReceivedPSDate, latitude, longitude, BriefFacts) VALUES (287, '100050016202400287', '202400287', '2024-12-08', 31, 16, 3, 2, 3, 7, 2, 5, '2024-12-08 23:00:00', '2024-12-08 01:00:00', '2024-12-08 23:00:00', 15.841000, 74.505000, 'Incident reported at Tilakwadi Police Station. Initial investigation launched by IO Prakash Patil.');
INSERT INTO Inv_OccuranceTime (CaseMasterID, IncidentFromDate, IncidentToDate, latitude, longitude, PlaceOfOccurrence) VALUES (287, '2024-12-08 23:00:00', '2024-12-08 01:00:00', 15.841000, 74.505000, 'Near Junction, Tilakwadi');
INSERT INTO ComplainantDetails (ComplainantID, CaseMasterID, ComplainantName, AgeYear, OccupationID, ReligionID, CasteID, GenderID) VALUES (287, 287, 'Harish Gowda', 51, 2, 1, 1, 1);
INSERT INTO ActSectionAssociation (CaseMasterID, ActID, SectionID, ActOrderID, SectionOrderID) VALUES (287, 'IT_ACT', '66D', 1, 1);
INSERT INTO Victim (VictimMasterID, CaseMasterID, VictimName, AgeYear, GenderID, VictimPolice) VALUES (287, 287, 'Chaitra Murthy', 50, 1, '0');
INSERT INTO Accused (AccusedMasterID, CaseMasterID, AccusedName, AgeYear, GenderID, PersonID) VALUES (384, 287, 'Shiva Pashan', 22, 1, 'A1');
INSERT INTO CaseMaster (CaseMasterID, CrimeNo, CaseNo, CrimeRegisteredDate, PolicePersonID, PoliceStationID, CaseCategoryID, GravityOffenceID, CrimeMajorHeadID, CrimeMinorHeadID, CaseStatusID, CourtID, IncidentFromDate, IncidentToDate, InfoReceivedPSDate, latitude, longitude, BriefFacts) VALUES (288, '100060018202400288', '202400288', '2024-01-09', 35, 18, 4, 3, 4, 8, 3, 6, '2024-01-09 00:00:00', '2024-01-09 02:00:00', '2024-01-09 00:00:00', 17.327000, 76.832000, 'Incident reported at Station Bazar Police Station. Initial investigation launched by IO Mahesh Bhat.');
INSERT INTO Inv_OccuranceTime (CaseMasterID, IncidentFromDate, IncidentToDate, latitude, longitude, PlaceOfOccurrence) VALUES (288, '2024-01-09 00:00:00', '2024-01-09 02:00:00', 17.327000, 76.832000, 'Near Junction, Station Bazar');
INSERT INTO ComplainantDetails (ComplainantID, CaseMasterID, ComplainantName, AgeYear, OccupationID, ReligionID, CasteID, GenderID) VALUES (288, 288, 'Harish Shetty', 62, 2, 1, 1, 1);
INSERT INTO ActSectionAssociation (CaseMasterID, ActID, SectionID, ActOrderID, SectionOrderID) VALUES (288, 'IPC', '420', 1, 1);
INSERT INTO Victim (VictimMasterID, CaseMasterID, VictimName, AgeYear, GenderID, VictimPolice) VALUES (288, 288, 'Sangeetha Naik', 51, 1, '0');
INSERT INTO Accused (AccusedMasterID, CaseMasterID, AccusedName, AgeYear, GenderID, PersonID) VALUES (385, 288, 'Raja Khan', 45, 1, 'A1');
INSERT INTO Accused (AccusedMasterID, CaseMasterID, AccusedName, AgeYear, GenderID, PersonID) VALUES (386, 288, 'Vicky Alias', 23, 1, 'A2');
INSERT INTO ArrestSurrender (ArrestSurrenderID, CaseMasterID, ArrestSurrenderTypeID, ArrestSurrenderDate, ArrestSurrenderStateId, ArrestSurrenderDistrictId, PoliceStationID, IOID, CourtID, AccusedMasterID, IsAccused, IsComplainantAccused) VALUES (147, 288, 1, '2024-01-09', 1, 6, 18, 35, 6, 385, 1, 0);
INSERT INTO inv_arrestsurrenderaccused (ArrestSurrenderID, AccusedMasterID) VALUES (147, 385);
INSERT INTO inv_arrestsurrenderaccused (ArrestSurrenderID, AccusedMasterID) VALUES (147, 386);
INSERT INTO ChargesheetDetails (CSID, CaseMasterID, csdate, cstype, PolicePersonID) VALUES (97, 288, '2024-01-09 00:00:00', 'A', 35);
INSERT INTO CaseMaster (CaseMasterID, CrimeNo, CaseNo, CrimeRegisteredDate, PolicePersonID, PoliceStationID, CaseCategoryID, GravityOffenceID, CrimeMajorHeadID, CrimeMinorHeadID, CaseStatusID, CourtID, IncidentFromDate, IncidentToDate, InfoReceivedPSDate, latitude, longitude, BriefFacts) VALUES (289, '100010004202400289', '202400289', '2024-02-10', 7, 4, 1, 1, 5, 9, 4, 1, '2024-02-10 01:00:00', '2024-02-10 03:00:00', '2024-02-10 01:00:00', 12.924000, 77.592800, 'Incident reported at Jayanagar Police Station. Initial investigation launched by IO Vijay Kulkarni.');
INSERT INTO Inv_OccuranceTime (CaseMasterID, IncidentFromDate, IncidentToDate, latitude, longitude, PlaceOfOccurrence) VALUES (289, '2024-02-10 01:00:00', '2024-02-10 03:00:00', 12.924000, 77.592800, 'Near Junction, Jayanagar');
INSERT INTO ComplainantDetails (ComplainantID, CaseMasterID, ComplainantName, AgeYear, OccupationID, ReligionID, CasteID, GenderID) VALUES (289, 289, 'Pooja Naik', 58, 2, 1, 1, 1);
INSERT INTO ActSectionAssociation (CaseMasterID, ActID, SectionID, ActOrderID, SectionOrderID) VALUES (289, 'NDPS', '20', 1, 1);
INSERT INTO Victim (VictimMasterID, CaseMasterID, VictimName, AgeYear, GenderID, VictimPolice) VALUES (289, 289, 'Ganesh Hegde', 38, 1, '0');
INSERT INTO Accused (AccusedMasterID, CaseMasterID, AccusedName, AgeYear, GenderID, PersonID) VALUES (387, 289, 'Babloo Verma', 42, 1, 'A1');
INSERT INTO CaseMaster (CaseMasterID, CrimeNo, CaseNo, CrimeRegisteredDate, PolicePersonID, PoliceStationID, CaseCategoryID, GravityOffenceID, CrimeMajorHeadID, CrimeMinorHeadID, CaseStatusID, CourtID, IncidentFromDate, IncidentToDate, InfoReceivedPSDate, latitude, longitude, BriefFacts) VALUES (290, '100020007202400290', '202400290', '2024-03-11', 13, 7, 2, 2, 1, 10, 5, 2, '2024-03-11 02:00:00', '2024-03-11 04:00:00', '2024-03-11 02:00:00', 12.312000, 76.658000, 'Incident reported at Lashkar Police Station. Initial investigation launched by IO Anil Kulkarni.');
INSERT INTO Inv_OccuranceTime (CaseMasterID, IncidentFromDate, IncidentToDate, latitude, longitude, PlaceOfOccurrence) VALUES (290, '2024-03-11 02:00:00', '2024-03-11 04:00:00', 12.312000, 76.658000, 'Near Junction, Lashkar');
INSERT INTO ComplainantDetails (ComplainantID, CaseMasterID, ComplainantName, AgeYear, OccupationID, ReligionID, CasteID, GenderID) VALUES (290, 290, 'Nandini Shetty', 63, 2, 1, 1, 1);
INSERT INTO ActSectionAssociation (CaseMasterID, ActID, SectionID, ActOrderID, SectionOrderID) VALUES (290, 'IPC', '379', 1, 1);
INSERT INTO Victim (VictimMasterID, CaseMasterID, VictimName, AgeYear, GenderID, VictimPolice) VALUES (290, 290, 'Divya Rao', 40, 1, '0');
INSERT INTO Accused (AccusedMasterID, CaseMasterID, AccusedName, AgeYear, GenderID, PersonID) VALUES (388, 290, 'Dharma Verma', 22, 1, 'A1');
INSERT INTO ArrestSurrender (ArrestSurrenderID, CaseMasterID, ArrestSurrenderTypeID, ArrestSurrenderDate, ArrestSurrenderStateId, ArrestSurrenderDistrictId, PoliceStationID, IOID, CourtID, AccusedMasterID, IsAccused, IsComplainantAccused) VALUES (148, 290, 1, '2024-03-11', 1, 2, 7, 13, 2, 388, 1, 0);
INSERT INTO inv_arrestsurrenderaccused (ArrestSurrenderID, AccusedMasterID) VALUES (148, 388);
INSERT INTO CaseMaster (CaseMasterID, CrimeNo, CaseNo, CrimeRegisteredDate, PolicePersonID, PoliceStationID, CaseCategoryID, GravityOffenceID, CrimeMajorHeadID, CrimeMinorHeadID, CaseStatusID, CourtID, IncidentFromDate, IncidentToDate, InfoReceivedPSDate, latitude, longitude, BriefFacts) VALUES (291, '100030011202400291', '202400291', '2024-04-12', 21, 11, 3, 3, 1, 1, 1, 3, '2024-04-12 03:00:00', '2024-04-12 05:00:00', '2024-04-12 03:00:00', 12.890000, 74.832000, 'Incident reported at Urwa Police Station. Initial investigation launched by IO Anil Gowda.');
INSERT INTO Inv_OccuranceTime (CaseMasterID, IncidentFromDate, IncidentToDate, latitude, longitude, PlaceOfOccurrence) VALUES (291, '2024-04-12 03:00:00', '2024-04-12 05:00:00', 12.890000, 74.832000, 'Near Junction, Urwa');
INSERT INTO ComplainantDetails (ComplainantID, CaseMasterID, ComplainantName, AgeYear, OccupationID, ReligionID, CasteID, GenderID) VALUES (291, 291, 'Anand Joshi', 45, 2, 1, 1, 1);
INSERT INTO ActSectionAssociation (CaseMasterID, ActID, SectionID, ActOrderID, SectionOrderID) VALUES (291, 'IPC', '379', 1, 1);
INSERT INTO Victim (VictimMasterID, CaseMasterID, VictimName, AgeYear, GenderID, VictimPolice) VALUES (291, 291, 'Rajesh Shetty', 58, 1, '0');
INSERT INTO Accused (AccusedMasterID, CaseMasterID, AccusedName, AgeYear, GenderID, PersonID) VALUES (389, 291, 'Imtiaz Pashan', 44, 1, 'A1');
INSERT INTO Accused (AccusedMasterID, CaseMasterID, AccusedName, AgeYear, GenderID, PersonID) VALUES (390, 291, 'Pandu Salim', 38, 1, 'A2');
INSERT INTO ChargesheetDetails (CSID, CaseMasterID, csdate, cstype, PolicePersonID) VALUES (98, 291, '2024-04-12 03:00:00', 'A', 21);
INSERT INTO CaseMaster (CaseMasterID, CrimeNo, CaseNo, CrimeRegisteredDate, PolicePersonID, PoliceStationID, CaseCategoryID, GravityOffenceID, CrimeMajorHeadID, CrimeMinorHeadID, CaseStatusID, CourtID, IncidentFromDate, IncidentToDate, InfoReceivedPSDate, latitude, longitude, BriefFacts) VALUES (292, '100040012202400292', '202400292', '2024-05-13', 23, 12, 4, 1, 1, 2, 2, 4, '2024-05-13 04:00:00', '2024-05-13 06:00:00', '2024-05-13 04:00:00', 15.354000, 75.143000, 'Incident reported at Suburban Police Station Hubballi. Initial investigation launched by IO Basavaraj Rao.');
INSERT INTO Inv_OccuranceTime (CaseMasterID, IncidentFromDate, IncidentToDate, latitude, longitude, PlaceOfOccurrence) VALUES (292, '2024-05-13 04:00:00', '2024-05-13 06:00:00', 15.354000, 75.143000, 'Near Junction, Suburban Hubballi');
INSERT INTO ComplainantDetails (ComplainantID, CaseMasterID, ComplainantName, AgeYear, OccupationID, ReligionID, CasteID, GenderID) VALUES (292, 292, 'Nandini Murthy', 49, 2, 1, 1, 1);
INSERT INTO ActSectionAssociation (CaseMasterID, ActID, SectionID, ActOrderID, SectionOrderID) VALUES (292, 'IPC', '379', 1, 1);
INSERT INTO Victim (VictimMasterID, CaseMasterID, VictimName, AgeYear, GenderID, VictimPolice) VALUES (292, 292, 'Vinay Rao', 55, 1, '0');
INSERT INTO Accused (AccusedMasterID, CaseMasterID, AccusedName, AgeYear, GenderID, PersonID) VALUES (391, 292, 'Raja Pashan', 37, 1, 'A1');
INSERT INTO ArrestSurrender (ArrestSurrenderID, CaseMasterID, ArrestSurrenderTypeID, ArrestSurrenderDate, ArrestSurrenderStateId, ArrestSurrenderDistrictId, PoliceStationID, IOID, CourtID, AccusedMasterID, IsAccused, IsComplainantAccused) VALUES (149, 292, 1, '2024-05-13', 1, 4, 12, 23, 4, 391, 1, 0);
INSERT INTO inv_arrestsurrenderaccused (ArrestSurrenderID, AccusedMasterID) VALUES (149, 391);
INSERT INTO CaseMaster (CaseMasterID, CrimeNo, CaseNo, CrimeRegisteredDate, PolicePersonID, PoliceStationID, CaseCategoryID, GravityOffenceID, CrimeMajorHeadID, CrimeMinorHeadID, CaseStatusID, CourtID, IncidentFromDate, IncidentToDate, InfoReceivedPSDate, latitude, longitude, BriefFacts) VALUES (293, '100050016202400293', '202400293', '2024-06-14', 31, 16, 1, 2, 1, 3, 3, 5, '2024-06-14 05:00:00', '2024-06-14 07:00:00', '2024-06-14 05:00:00', 15.847000, 74.511000, 'Incident reported at Tilakwadi Police Station. Initial investigation launched by IO Prakash Patil.');
INSERT INTO Inv_OccuranceTime (CaseMasterID, IncidentFromDate, IncidentToDate, latitude, longitude, PlaceOfOccurrence) VALUES (293, '2024-06-14 05:00:00', '2024-06-14 07:00:00', 15.847000, 74.511000, 'Near Junction, Tilakwadi');
INSERT INTO ComplainantDetails (ComplainantID, CaseMasterID, ComplainantName, AgeYear, OccupationID, ReligionID, CasteID, GenderID) VALUES (293, 293, 'Chetan Shetty', 33, 2, 1, 1, 1);
INSERT INTO ActSectionAssociation (CaseMasterID, ActID, SectionID, ActOrderID, SectionOrderID) VALUES (293, 'IPC', '379', 1, 1);
INSERT INTO Victim (VictimMasterID, CaseMasterID, VictimName, AgeYear, GenderID, VictimPolice) VALUES (293, 293, 'Sangeetha Murthy', 42, 1, '0');
INSERT INTO Accused (AccusedMasterID, CaseMasterID, AccusedName, AgeYear, GenderID, PersonID) VALUES (392, 293, 'Shiva Singh', 22, 1, 'A1');
INSERT INTO CaseMaster (CaseMasterID, CrimeNo, CaseNo, CrimeRegisteredDate, PolicePersonID, PoliceStationID, CaseCategoryID, GravityOffenceID, CrimeMajorHeadID, CrimeMinorHeadID, CaseStatusID, CourtID, IncidentFromDate, IncidentToDate, InfoReceivedPSDate, latitude, longitude, BriefFacts) VALUES (294, '100060018202400294', '202400294', '2024-07-15', 35, 18, 2, 3, 2, 4, 4, 6, '2024-07-15 06:00:00', '2024-07-15 08:00:00', '2024-07-15 06:00:00', 17.333000, 76.838000, 'Incident reported at Station Bazar Police Station. Initial investigation launched by IO Mahesh Bhat.');
INSERT INTO Inv_OccuranceTime (CaseMasterID, IncidentFromDate, IncidentToDate, latitude, longitude, PlaceOfOccurrence) VALUES (294, '2024-07-15 06:00:00', '2024-07-15 08:00:00', 17.333000, 76.838000, 'Near Junction, Station Bazar');
INSERT INTO ComplainantDetails (ComplainantID, CaseMasterID, ComplainantName, AgeYear, OccupationID, ReligionID, CasteID, GenderID) VALUES (294, 294, 'Jagadish Rao', 34, 2, 1, 1, 1);
INSERT INTO ActSectionAssociation (CaseMasterID, ActID, SectionID, ActOrderID, SectionOrderID) VALUES (294, 'IPC', '302', 1, 1);
INSERT INTO Victim (VictimMasterID, CaseMasterID, VictimName, AgeYear, GenderID, VictimPolice) VALUES (294, 294, 'Bhavya Rao', 36, 1, '0');
INSERT INTO Accused (AccusedMasterID, CaseMasterID, AccusedName, AgeYear, GenderID, PersonID) VALUES (393, 294, 'Raja Pashan', 45, 1, 'A1');
INSERT INTO Accused (AccusedMasterID, CaseMasterID, AccusedName, AgeYear, GenderID, PersonID) VALUES (394, 294, 'Imtiaz Alias', 31, 1, 'A2');
INSERT INTO ArrestSurrender (ArrestSurrenderID, CaseMasterID, ArrestSurrenderTypeID, ArrestSurrenderDate, ArrestSurrenderStateId, ArrestSurrenderDistrictId, PoliceStationID, IOID, CourtID, AccusedMasterID, IsAccused, IsComplainantAccused) VALUES (150, 294, 1, '2024-07-15', 1, 6, 18, 35, 6, 393, 1, 0);
INSERT INTO inv_arrestsurrenderaccused (ArrestSurrenderID, AccusedMasterID) VALUES (150, 393);
INSERT INTO inv_arrestsurrenderaccused (ArrestSurrenderID, AccusedMasterID) VALUES (150, 394);
INSERT INTO ChargesheetDetails (CSID, CaseMasterID, csdate, cstype, PolicePersonID) VALUES (99, 294, '2024-07-15 06:00:00', 'A', 35);
INSERT INTO CaseMaster (CaseMasterID, CrimeNo, CaseNo, CrimeRegisteredDate, PolicePersonID, PoliceStationID, CaseCategoryID, GravityOffenceID, CrimeMajorHeadID, CrimeMinorHeadID, CaseStatusID, CourtID, IncidentFromDate, IncidentToDate, InfoReceivedPSDate, latitude, longitude, BriefFacts) VALUES (295, '100010005202400295', '202400295', '2024-08-16', 9, 5, 3, 1, 2, 5, 5, 1, '2024-08-16 07:00:00', '2024-08-16 09:00:00', '2024-08-16 07:00:00', 13.008100, 77.569300, 'Incident reported at Malleshwaram Police Station. Initial investigation launched by IO Santosh Shetty.');
INSERT INTO Inv_OccuranceTime (CaseMasterID, IncidentFromDate, IncidentToDate, latitude, longitude, PlaceOfOccurrence) VALUES (295, '2024-08-16 07:00:00', '2024-08-16 09:00:00', 13.008100, 77.569300, 'Near Junction, Malleshwaram');
INSERT INTO ComplainantDetails (ComplainantID, CaseMasterID, ComplainantName, AgeYear, OccupationID, ReligionID, CasteID, GenderID) VALUES (295, 295, 'Eshwar Gowda', 55, 2, 1, 1, 1);
INSERT INTO ActSectionAssociation (CaseMasterID, ActID, SectionID, ActOrderID, SectionOrderID) VALUES (295, 'IPC', '302', 1, 1);
INSERT INTO Victim (VictimMasterID, CaseMasterID, VictimName, AgeYear, GenderID, VictimPolice) VALUES (295, 295, 'Ganesh Shetty', 36, 1, '0');
INSERT INTO Accused (AccusedMasterID, CaseMasterID, AccusedName, AgeYear, GenderID, PersonID) VALUES (395, 295, 'Altaf Salim', 20, 1, 'A1');
INSERT INTO CaseMaster (CaseMasterID, CrimeNo, CaseNo, CrimeRegisteredDate, PolicePersonID, PoliceStationID, CaseCategoryID, GravityOffenceID, CrimeMajorHeadID, CrimeMinorHeadID, CaseStatusID, CourtID, IncidentFromDate, IncidentToDate, InfoReceivedPSDate, latitude, longitude, BriefFacts) VALUES (296, '100020007202400296', '202400296', '2024-09-17', 13, 7, 4, 2, 3, 6, 1, 2, '2024-09-17 08:00:00', '2024-09-17 10:00:00', '2024-09-17 08:00:00', 12.318000, 76.664000, 'Incident reported at Lashkar Police Station. Initial investigation launched by IO Anil Kulkarni.');
INSERT INTO Inv_OccuranceTime (CaseMasterID, IncidentFromDate, IncidentToDate, latitude, longitude, PlaceOfOccurrence) VALUES (296, '2024-09-17 08:00:00', '2024-09-17 10:00:00', 12.318000, 76.664000, 'Near Junction, Lashkar');
INSERT INTO ComplainantDetails (ComplainantID, CaseMasterID, ComplainantName, AgeYear, OccupationID, ReligionID, CasteID, GenderID) VALUES (296, 296, 'Nandini Murthy', 59, 2, 1, 1, 1);
INSERT INTO ActSectionAssociation (CaseMasterID, ActID, SectionID, ActOrderID, SectionOrderID) VALUES (296, 'IT_ACT', '66D', 1, 1);
INSERT INTO Victim (VictimMasterID, CaseMasterID, VictimName, AgeYear, GenderID, VictimPolice) VALUES (296, 296, 'Manoj Deshpande', 40, 1, '0');
INSERT INTO Accused (AccusedMasterID, CaseMasterID, AccusedName, AgeYear, GenderID, PersonID) VALUES (396, 296, 'Yogesh Kumar', 40, 1, 'A1');
INSERT INTO ArrestSurrender (ArrestSurrenderID, CaseMasterID, ArrestSurrenderTypeID, ArrestSurrenderDate, ArrestSurrenderStateId, ArrestSurrenderDistrictId, PoliceStationID, IOID, CourtID, AccusedMasterID, IsAccused, IsComplainantAccused) VALUES (151, 296, 1, '2024-09-17', 1, 2, 7, 13, 2, 396, 1, 0);
INSERT INTO inv_arrestsurrenderaccused (ArrestSurrenderID, AccusedMasterID) VALUES (151, 396);
INSERT INTO CaseMaster (CaseMasterID, CrimeNo, CaseNo, CrimeRegisteredDate, PolicePersonID, PoliceStationID, CaseCategoryID, GravityOffenceID, CrimeMajorHeadID, CrimeMinorHeadID, CaseStatusID, CourtID, IncidentFromDate, IncidentToDate, InfoReceivedPSDate, latitude, longitude, BriefFacts) VALUES (297, '100030011202400297', '202400297', '2024-10-18', 21, 11, 1, 3, 3, 7, 2, 3, '2024-10-18 09:00:00', '2024-10-18 11:00:00', '2024-10-18 09:00:00', 12.896000, 74.838000, 'Incident reported at Urwa Police Station. Initial investigation launched by IO Anil Gowda.');
INSERT INTO Inv_OccuranceTime (CaseMasterID, IncidentFromDate, IncidentToDate, latitude, longitude, PlaceOfOccurrence) VALUES (297, '2024-10-18 09:00:00', '2024-10-18 11:00:00', 12.896000, 74.838000, 'Near Junction, Urwa');
INSERT INTO ComplainantDetails (ComplainantID, CaseMasterID, ComplainantName, AgeYear, OccupationID, ReligionID, CasteID, GenderID) VALUES (297, 297, 'Pooja Rao', 53, 2, 1, 1, 1);
INSERT INTO ActSectionAssociation (CaseMasterID, ActID, SectionID, ActOrderID, SectionOrderID) VALUES (297, 'IT_ACT', '66D', 1, 1);
INSERT INTO Victim (VictimMasterID, CaseMasterID, VictimName, AgeYear, GenderID, VictimPolice) VALUES (297, 297, 'Sangeetha Rao', 50, 1, '0');
INSERT INTO Accused (AccusedMasterID, CaseMasterID, AccusedName, AgeYear, GenderID, PersonID) VALUES (397, 297, 'Yogesh Pashan', 34, 1, 'A1');
INSERT INTO Accused (AccusedMasterID, CaseMasterID, AccusedName, AgeYear, GenderID, PersonID) VALUES (398, 297, 'Pandu Singh', 32, 1, 'A2');
INSERT INTO ChargesheetDetails (CSID, CaseMasterID, csdate, cstype, PolicePersonID) VALUES (100, 297, '2024-10-18 09:00:00', 'A', 21);
INSERT INTO CaseMaster (CaseMasterID, CrimeNo, CaseNo, CrimeRegisteredDate, PolicePersonID, PoliceStationID, CaseCategoryID, GravityOffenceID, CrimeMajorHeadID, CrimeMinorHeadID, CaseStatusID, CourtID, IncidentFromDate, IncidentToDate, InfoReceivedPSDate, latitude, longitude, BriefFacts) VALUES (298, '100040012202400298', '202400298', '2024-11-19', 23, 12, 2, 1, 4, 8, 3, 4, '2024-11-19 10:00:00', '2024-11-19 12:00:00', '2024-11-19 10:00:00', 15.360000, 75.149000, 'Incident reported at Suburban Police Station Hubballi. Initial investigation launched by IO Basavaraj Rao.');
INSERT INTO Inv_OccuranceTime (CaseMasterID, IncidentFromDate, IncidentToDate, latitude, longitude, PlaceOfOccurrence) VALUES (298, '2024-11-19 10:00:00', '2024-11-19 12:00:00', 15.360000, 75.149000, 'Near Junction, Suburban Hubballi');
INSERT INTO ComplainantDetails (ComplainantID, CaseMasterID, ComplainantName, AgeYear, OccupationID, ReligionID, CasteID, GenderID) VALUES (298, 298, 'Latha Murthy', 34, 2, 1, 1, 1);
INSERT INTO ActSectionAssociation (CaseMasterID, ActID, SectionID, ActOrderID, SectionOrderID) VALUES (298, 'IPC', '420', 1, 1);
INSERT INTO Victim (VictimMasterID, CaseMasterID, VictimName, AgeYear, GenderID, VictimPolice) VALUES (298, 298, 'Divya Joshi', 31, 1, '0');
INSERT INTO Accused (AccusedMasterID, CaseMasterID, AccusedName, AgeYear, GenderID, PersonID) VALUES (399, 298, 'Tukaram Pashan', 43, 1, 'A1');
INSERT INTO ArrestSurrender (ArrestSurrenderID, CaseMasterID, ArrestSurrenderTypeID, ArrestSurrenderDate, ArrestSurrenderStateId, ArrestSurrenderDistrictId, PoliceStationID, IOID, CourtID, AccusedMasterID, IsAccused, IsComplainantAccused) VALUES (152, 298, 1, '2024-11-19', 1, 4, 12, 23, 4, 399, 1, 0);
INSERT INTO inv_arrestsurrenderaccused (ArrestSurrenderID, AccusedMasterID) VALUES (152, 399);
INSERT INTO CaseMaster (CaseMasterID, CrimeNo, CaseNo, CrimeRegisteredDate, PolicePersonID, PoliceStationID, CaseCategoryID, GravityOffenceID, CrimeMajorHeadID, CrimeMinorHeadID, CaseStatusID, CourtID, IncidentFromDate, IncidentToDate, InfoReceivedPSDate, latitude, longitude, BriefFacts) VALUES (299, '100050016202400299', '202400299', '2024-12-20', 31, 16, 3, 2, 5, 9, 4, 5, '2024-12-20 11:00:00', '2024-12-20 13:00:00', '2024-12-20 11:00:00', 15.853000, 74.517000, 'Incident reported at Tilakwadi Police Station. Initial investigation launched by IO Prakash Patil.');
INSERT INTO Inv_OccuranceTime (CaseMasterID, IncidentFromDate, IncidentToDate, latitude, longitude, PlaceOfOccurrence) VALUES (299, '2024-12-20 11:00:00', '2024-12-20 13:00:00', 15.853000, 74.517000, 'Near Junction, Tilakwadi');
INSERT INTO ComplainantDetails (ComplainantID, CaseMasterID, ComplainantName, AgeYear, OccupationID, ReligionID, CasteID, GenderID) VALUES (299, 299, 'Harish Naik', 58, 2, 1, 1, 1);
INSERT INTO ActSectionAssociation (CaseMasterID, ActID, SectionID, ActOrderID, SectionOrderID) VALUES (299, 'NDPS', '20', 1, 1);
INSERT INTO Victim (VictimMasterID, CaseMasterID, VictimName, AgeYear, GenderID, VictimPolice) VALUES (299, 299, 'Divya Joshi', 27, 1, '0');
INSERT INTO Accused (AccusedMasterID, CaseMasterID, AccusedName, AgeYear, GenderID, PersonID) VALUES (400, 299, 'Raja Reddy', 30, 1, 'A1');
INSERT INTO CaseMaster (CaseMasterID, CrimeNo, CaseNo, CrimeRegisteredDate, PolicePersonID, PoliceStationID, CaseCategoryID, GravityOffenceID, CrimeMajorHeadID, CrimeMinorHeadID, CaseStatusID, CourtID, IncidentFromDate, IncidentToDate, InfoReceivedPSDate, latitude, longitude, BriefFacts) VALUES (300, '100060018202400300', '202400300', '2024-01-21', 35, 18, 4, 3, 1, 10, 5, 6, '2024-01-21 12:00:00', '2024-01-21 14:00:00', '2024-01-21 12:00:00', 17.319000, 76.824000, 'Incident reported at Station Bazar Police Station. Initial investigation launched by IO Mahesh Bhat.');
INSERT INTO Inv_OccuranceTime (CaseMasterID, IncidentFromDate, IncidentToDate, latitude, longitude, PlaceOfOccurrence) VALUES (300, '2024-01-21 12:00:00', '2024-01-21 14:00:00', 17.319000, 76.824000, 'Near Junction, Station Bazar');
INSERT INTO ComplainantDetails (ComplainantID, CaseMasterID, ComplainantName, AgeYear, OccupationID, ReligionID, CasteID, GenderID) VALUES (300, 300, 'Nandini Joshi', 35, 2, 1, 1, 1);
INSERT INTO ActSectionAssociation (CaseMasterID, ActID, SectionID, ActOrderID, SectionOrderID) VALUES (300, 'IPC', '379', 1, 1);
INSERT INTO Victim (VictimMasterID, CaseMasterID, VictimName, AgeYear, GenderID, VictimPolice) VALUES (300, 300, 'Vinay Deshpande', 25, 1, '0');
INSERT INTO Accused (AccusedMasterID, CaseMasterID, AccusedName, AgeYear, GenderID, PersonID) VALUES (401, 300, 'Mantu Pashan', 42, 1, 'A1');
INSERT INTO Accused (AccusedMasterID, CaseMasterID, AccusedName, AgeYear, GenderID, PersonID) VALUES (402, 300, 'Vicky Verma', 30, 1, 'A2');
INSERT INTO ArrestSurrender (ArrestSurrenderID, CaseMasterID, ArrestSurrenderTypeID, ArrestSurrenderDate, ArrestSurrenderStateId, ArrestSurrenderDistrictId, PoliceStationID, IOID, CourtID, AccusedMasterID, IsAccused, IsComplainantAccused) VALUES (153, 300, 1, '2024-01-21', 1, 6, 18, 35, 6, 401, 1, 0);
INSERT INTO inv_arrestsurrenderaccused (ArrestSurrenderID, AccusedMasterID) VALUES (153, 401);
INSERT INTO inv_arrestsurrenderaccused (ArrestSurrenderID, AccusedMasterID) VALUES (153, 402);
INSERT INTO ChargesheetDetails (CSID, CaseMasterID, csdate, cstype, PolicePersonID) VALUES (101, 300, '2024-01-21 12:00:00', 'A', 35);
INSERT INTO CaseMaster (CaseMasterID, CrimeNo, CaseNo, CrimeRegisteredDate, PolicePersonID, PoliceStationID, CaseCategoryID, GravityOffenceID, CrimeMajorHeadID, CrimeMinorHeadID, CaseStatusID, CourtID, IncidentFromDate, IncidentToDate, InfoReceivedPSDate, latitude, longitude, BriefFacts) VALUES (301, '100010001202400301', '202400301', '2024-02-22', 1, 1, 1, 1, 1, 1, 1, 1, '2024-02-22 13:00:00', '2024-02-22 15:00:00', '2024-02-22 13:00:00', 12.969400, 77.631800, 'Incident reported at Indiranagar Police Station. Initial investigation launched by IO Suresh Rao.');
INSERT INTO Inv_OccuranceTime (CaseMasterID, IncidentFromDate, IncidentToDate, latitude, longitude, PlaceOfOccurrence) VALUES (301, '2024-02-22 13:00:00', '2024-02-22 15:00:00', 12.969400, 77.631800, 'Near Junction, Indiranagar');
INSERT INTO ComplainantDetails (ComplainantID, CaseMasterID, ComplainantName, AgeYear, OccupationID, ReligionID, CasteID, GenderID) VALUES (301, 301, 'Suma Joshi', 64, 2, 1, 1, 1);
INSERT INTO ActSectionAssociation (CaseMasterID, ActID, SectionID, ActOrderID, SectionOrderID) VALUES (301, 'IPC', '379', 1, 1);
INSERT INTO Victim (VictimMasterID, CaseMasterID, VictimName, AgeYear, GenderID, VictimPolice) VALUES (301, 301, 'Praveen Gowda', 21, 1, '0');
INSERT INTO Accused (AccusedMasterID, CaseMasterID, AccusedName, AgeYear, GenderID, PersonID) VALUES (403, 301, 'Imtiaz Verma', 23, 1, 'A1');
INSERT INTO CaseMaster (CaseMasterID, CrimeNo, CaseNo, CrimeRegisteredDate, PolicePersonID, PoliceStationID, CaseCategoryID, GravityOffenceID, CrimeMajorHeadID, CrimeMinorHeadID, CaseStatusID, CourtID, IncidentFromDate, IncidentToDate, InfoReceivedPSDate, latitude, longitude, BriefFacts) VALUES (302, '100020007202400302', '202400302', '2024-03-23', 13, 7, 2, 2, 1, 2, 2, 2, '2024-03-23 14:00:00', '2024-03-23 16:00:00', '2024-03-23 14:00:00', 12.304000, 76.650000, 'Incident reported at Lashkar Police Station. Initial investigation launched by IO Anil Kulkarni.');
INSERT INTO Inv_OccuranceTime (CaseMasterID, IncidentFromDate, IncidentToDate, latitude, longitude, PlaceOfOccurrence) VALUES (302, '2024-03-23 14:00:00', '2024-03-23 16:00:00', 12.304000, 76.650000, 'Near Junction, Lashkar');
INSERT INTO ComplainantDetails (ComplainantID, CaseMasterID, ComplainantName, AgeYear, OccupationID, ReligionID, CasteID, GenderID) VALUES (302, 302, 'Bharath Gowda', 44, 2, 1, 1, 1);
INSERT INTO ActSectionAssociation (CaseMasterID, ActID, SectionID, ActOrderID, SectionOrderID) VALUES (302, 'IPC', '379', 1, 1);
INSERT INTO Victim (VictimMasterID, CaseMasterID, VictimName, AgeYear, GenderID, VictimPolice) VALUES (302, 302, 'Kiran Murthy', 27, 1, '0');
INSERT INTO Accused (AccusedMasterID, CaseMasterID, AccusedName, AgeYear, GenderID, PersonID) VALUES (404, 302, 'Dharma Khan', 32, 1, 'A1');
INSERT INTO ArrestSurrender (ArrestSurrenderID, CaseMasterID, ArrestSurrenderTypeID, ArrestSurrenderDate, ArrestSurrenderStateId, ArrestSurrenderDistrictId, PoliceStationID, IOID, CourtID, AccusedMasterID, IsAccused, IsComplainantAccused) VALUES (154, 302, 1, '2024-03-23', 1, 2, 7, 13, 2, 404, 1, 0);
INSERT INTO inv_arrestsurrenderaccused (ArrestSurrenderID, AccusedMasterID) VALUES (154, 404);
INSERT INTO CaseMaster (CaseMasterID, CrimeNo, CaseNo, CrimeRegisteredDate, PolicePersonID, PoliceStationID, CaseCategoryID, GravityOffenceID, CrimeMajorHeadID, CrimeMinorHeadID, CaseStatusID, CourtID, IncidentFromDate, IncidentToDate, InfoReceivedPSDate, latitude, longitude, BriefFacts) VALUES (303, '100030011202400303', '202400303', '2024-04-24', 21, 11, 3, 3, 1, 3, 3, 3, '2024-04-24 15:00:00', '2024-04-24 17:00:00', '2024-04-24 15:00:00', 12.882000, 74.824000, 'Incident reported at Urwa Police Station. Initial investigation launched by IO Anil Gowda.');
INSERT INTO Inv_OccuranceTime (CaseMasterID, IncidentFromDate, IncidentToDate, latitude, longitude, PlaceOfOccurrence) VALUES (303, '2024-04-24 15:00:00', '2024-04-24 17:00:00', 12.882000, 74.824000, 'Near Junction, Urwa');
INSERT INTO ComplainantDetails (ComplainantID, CaseMasterID, ComplainantName, AgeYear, OccupationID, ReligionID, CasteID, GenderID) VALUES (303, 303, 'Latha Kulkarni', 42, 2, 1, 1, 1);
INSERT INTO ActSectionAssociation (CaseMasterID, ActID, SectionID, ActOrderID, SectionOrderID) VALUES (303, 'IPC', '379', 1, 1);
INSERT INTO Victim (VictimMasterID, CaseMasterID, VictimName, AgeYear, GenderID, VictimPolice) VALUES (303, 303, 'Kiran Deshpande', 52, 1, '0');
INSERT INTO Accused (AccusedMasterID, CaseMasterID, AccusedName, AgeYear, GenderID, PersonID) VALUES (405, 303, 'Vicky Singh', 38, 1, 'A1');
INSERT INTO Accused (AccusedMasterID, CaseMasterID, AccusedName, AgeYear, GenderID, PersonID) VALUES (406, 303, 'Mantu Khan', 38, 1, 'A2');
INSERT INTO ChargesheetDetails (CSID, CaseMasterID, csdate, cstype, PolicePersonID) VALUES (102, 303, '2024-04-24 15:00:00', 'A', 21);
INSERT INTO CaseMaster (CaseMasterID, CrimeNo, CaseNo, CrimeRegisteredDate, PolicePersonID, PoliceStationID, CaseCategoryID, GravityOffenceID, CrimeMajorHeadID, CrimeMinorHeadID, CaseStatusID, CourtID, IncidentFromDate, IncidentToDate, InfoReceivedPSDate, latitude, longitude, BriefFacts) VALUES (304, '100040012202400304', '202400304', '2024-05-25', 23, 12, 4, 1, 2, 4, 4, 4, '2024-05-25 16:00:00', '2024-05-25 18:00:00', '2024-05-25 16:00:00', 15.346000, 75.135000, 'Incident reported at Suburban Police Station Hubballi. Initial investigation launched by IO Basavaraj Rao.');
INSERT INTO Inv_OccuranceTime (CaseMasterID, IncidentFromDate, IncidentToDate, latitude, longitude, PlaceOfOccurrence) VALUES (304, '2024-05-25 16:00:00', '2024-05-25 18:00:00', 15.346000, 75.135000, 'Near Junction, Suburban Hubballi');
INSERT INTO ComplainantDetails (ComplainantID, CaseMasterID, ComplainantName, AgeYear, OccupationID, ReligionID, CasteID, GenderID) VALUES (304, 304, 'Kavitha Murthy', 39, 2, 1, 1, 1);
INSERT INTO ActSectionAssociation (CaseMasterID, ActID, SectionID, ActOrderID, SectionOrderID) VALUES (304, 'IPC', '302', 1, 1);
INSERT INTO Victim (VictimMasterID, CaseMasterID, VictimName, AgeYear, GenderID, VictimPolice) VALUES (304, 304, 'Vinay Naik', 46, 1, '0');
INSERT INTO Accused (AccusedMasterID, CaseMasterID, AccusedName, AgeYear, GenderID, PersonID) VALUES (407, 304, 'Imtiaz Singh', 21, 1, 'A1');
INSERT INTO ArrestSurrender (ArrestSurrenderID, CaseMasterID, ArrestSurrenderTypeID, ArrestSurrenderDate, ArrestSurrenderStateId, ArrestSurrenderDistrictId, PoliceStationID, IOID, CourtID, AccusedMasterID, IsAccused, IsComplainantAccused) VALUES (155, 304, 1, '2024-05-25', 1, 4, 12, 23, 4, 407, 1, 0);
INSERT INTO inv_arrestsurrenderaccused (ArrestSurrenderID, AccusedMasterID) VALUES (155, 407);
INSERT INTO CaseMaster (CaseMasterID, CrimeNo, CaseNo, CrimeRegisteredDate, PolicePersonID, PoliceStationID, CaseCategoryID, GravityOffenceID, CrimeMajorHeadID, CrimeMinorHeadID, CaseStatusID, CourtID, IncidentFromDate, IncidentToDate, InfoReceivedPSDate, latitude, longitude, BriefFacts) VALUES (305, '100050016202400305', '202400305', '2024-06-26', 31, 16, 1, 2, 2, 5, 5, 5, '2024-06-26 17:00:00', '2024-06-26 19:00:00', '2024-06-26 17:00:00', 15.839000, 74.503000, 'Incident reported at Tilakwadi Police Station. Initial investigation launched by IO Prakash Patil.');
INSERT INTO Inv_OccuranceTime (CaseMasterID, IncidentFromDate, IncidentToDate, latitude, longitude, PlaceOfOccurrence) VALUES (305, '2024-06-26 17:00:00', '2024-06-26 19:00:00', 15.839000, 74.503000, 'Near Junction, Tilakwadi');
INSERT INTO ComplainantDetails (ComplainantID, CaseMasterID, ComplainantName, AgeYear, OccupationID, ReligionID, CasteID, GenderID) VALUES (305, 305, 'Bharath Rao', 37, 2, 1, 1, 1);
INSERT INTO ActSectionAssociation (CaseMasterID, ActID, SectionID, ActOrderID, SectionOrderID) VALUES (305, 'IPC', '302', 1, 1);
INSERT INTO Victim (VictimMasterID, CaseMasterID, VictimName, AgeYear, GenderID, VictimPolice) VALUES (305, 305, 'Ganesh Deshpande', 57, 1, '0');
INSERT INTO Accused (AccusedMasterID, CaseMasterID, AccusedName, AgeYear, GenderID, PersonID) VALUES (408, 305, 'Tukaram Singh', 28, 1, 'A1');
INSERT INTO CaseMaster (CaseMasterID, CrimeNo, CaseNo, CrimeRegisteredDate, PolicePersonID, PoliceStationID, CaseCategoryID, GravityOffenceID, CrimeMajorHeadID, CrimeMinorHeadID, CaseStatusID, CourtID, IncidentFromDate, IncidentToDate, InfoReceivedPSDate, latitude, longitude, BriefFacts) VALUES (306, '100060018202400306', '202400306', '2024-07-27', 35, 18, 2, 3, 3, 6, 1, 6, '2024-07-27 18:00:00', '2024-07-27 20:00:00', '2024-07-27 18:00:00', 17.325000, 76.830000, 'Incident reported at Station Bazar Police Station. Initial investigation launched by IO Mahesh Bhat.');
INSERT INTO Inv_OccuranceTime (CaseMasterID, IncidentFromDate, IncidentToDate, latitude, longitude, PlaceOfOccurrence) VALUES (306, '2024-07-27 18:00:00', '2024-07-27 20:00:00', 17.325000, 76.830000, 'Near Junction, Station Bazar');
INSERT INTO ComplainantDetails (ComplainantID, CaseMasterID, ComplainantName, AgeYear, OccupationID, ReligionID, CasteID, GenderID) VALUES (306, 306, 'Deepak Kulkarni', 56, 2, 1, 1, 1);
INSERT INTO ActSectionAssociation (CaseMasterID, ActID, SectionID, ActOrderID, SectionOrderID) VALUES (306, 'IT_ACT', '66D', 1, 1);
INSERT INTO Victim (VictimMasterID, CaseMasterID, VictimName, AgeYear, GenderID, VictimPolice) VALUES (306, 306, 'Praveen Bhat', 30, 1, '0');
INSERT INTO Accused (AccusedMasterID, CaseMasterID, AccusedName, AgeYear, GenderID, PersonID) VALUES (409, 306, 'Imtiaz Singh', 45, 1, 'A1');
INSERT INTO Accused (AccusedMasterID, CaseMasterID, AccusedName, AgeYear, GenderID, PersonID) VALUES (410, 306, 'Babloo Khan', 40, 1, 'A2');
INSERT INTO ArrestSurrender (ArrestSurrenderID, CaseMasterID, ArrestSurrenderTypeID, ArrestSurrenderDate, ArrestSurrenderStateId, ArrestSurrenderDistrictId, PoliceStationID, IOID, CourtID, AccusedMasterID, IsAccused, IsComplainantAccused) VALUES (156, 306, 1, '2024-07-27', 1, 6, 18, 35, 6, 409, 1, 0);
INSERT INTO inv_arrestsurrenderaccused (ArrestSurrenderID, AccusedMasterID) VALUES (156, 409);
INSERT INTO inv_arrestsurrenderaccused (ArrestSurrenderID, AccusedMasterID) VALUES (156, 410);
INSERT INTO ChargesheetDetails (CSID, CaseMasterID, csdate, cstype, PolicePersonID) VALUES (103, 306, '2024-07-27 18:00:00', 'A', 35);
INSERT INTO CaseMaster (CaseMasterID, CrimeNo, CaseNo, CrimeRegisteredDate, PolicePersonID, PoliceStationID, CaseCategoryID, GravityOffenceID, CrimeMajorHeadID, CrimeMinorHeadID, CaseStatusID, CourtID, IncidentFromDate, IncidentToDate, InfoReceivedPSDate, latitude, longitude, BriefFacts) VALUES (307, '100010002202400307', '202400307', '2024-08-28', 3, 2, 3, 1, 3, 7, 2, 1, '2024-08-28 19:00:00', '2024-08-28 21:00:00', '2024-08-28 19:00:00', 12.932200, 77.621500, 'Incident reported at Koramangala Police Station. Initial investigation launched by IO Ganesh Nayak.');
INSERT INTO Inv_OccuranceTime (CaseMasterID, IncidentFromDate, IncidentToDate, latitude, longitude, PlaceOfOccurrence) VALUES (307, '2024-08-28 19:00:00', '2024-08-28 21:00:00', 12.932200, 77.621500, 'Near Junction, Koramangala');
INSERT INTO ComplainantDetails (ComplainantID, CaseMasterID, ComplainantName, AgeYear, OccupationID, ReligionID, CasteID, GenderID) VALUES (307, 307, 'Latha Shetty', 35, 2, 1, 1, 1);
INSERT INTO ActSectionAssociation (CaseMasterID, ActID, SectionID, ActOrderID, SectionOrderID) VALUES (307, 'IT_ACT', '66D', 1, 1);
INSERT INTO Victim (VictimMasterID, CaseMasterID, VictimName, AgeYear, GenderID, VictimPolice) VALUES (307, 307, 'Manoj Shetty', 31, 1, '0');
INSERT INTO Accused (AccusedMasterID, CaseMasterID, AccusedName, AgeYear, GenderID, PersonID) VALUES (411, 307, 'Pandu Khan', 43, 1, 'A1');
INSERT INTO CaseMaster (CaseMasterID, CrimeNo, CaseNo, CrimeRegisteredDate, PolicePersonID, PoliceStationID, CaseCategoryID, GravityOffenceID, CrimeMajorHeadID, CrimeMinorHeadID, CaseStatusID, CourtID, IncidentFromDate, IncidentToDate, InfoReceivedPSDate, latitude, longitude, BriefFacts) VALUES (308, '100020007202400308', '202400308', '2024-09-01', 13, 7, 4, 2, 4, 8, 3, 2, '2024-09-01 20:00:00', '2024-09-01 22:00:00', '2024-09-01 20:00:00', 12.310000, 76.656000, 'Incident reported at Lashkar Police Station. Initial investigation launched by IO Anil Kulkarni.');
INSERT INTO Inv_OccuranceTime (CaseMasterID, IncidentFromDate, IncidentToDate, latitude, longitude, PlaceOfOccurrence) VALUES (308, '2024-09-01 20:00:00', '2024-09-01 22:00:00', 12.310000, 76.656000, 'Near Junction, Lashkar');
INSERT INTO ComplainantDetails (ComplainantID, CaseMasterID, ComplainantName, AgeYear, OccupationID, ReligionID, CasteID, GenderID) VALUES (308, 308, 'Chetan Shetty', 28, 2, 1, 1, 1);
INSERT INTO ActSectionAssociation (CaseMasterID, ActID, SectionID, ActOrderID, SectionOrderID) VALUES (308, 'IPC', '420', 1, 1);
INSERT INTO Victim (VictimMasterID, CaseMasterID, VictimName, AgeYear, GenderID, VictimPolice) VALUES (308, 308, 'Chaitra Hegde', 36, 1, '0');
INSERT INTO Accused (AccusedMasterID, CaseMasterID, AccusedName, AgeYear, GenderID, PersonID) VALUES (412, 308, 'Shiva Khan', 43, 1, 'A1');
INSERT INTO ArrestSurrender (ArrestSurrenderID, CaseMasterID, ArrestSurrenderTypeID, ArrestSurrenderDate, ArrestSurrenderStateId, ArrestSurrenderDistrictId, PoliceStationID, IOID, CourtID, AccusedMasterID, IsAccused, IsComplainantAccused) VALUES (157, 308, 1, '2024-09-01', 1, 2, 7, 13, 2, 412, 1, 0);
INSERT INTO inv_arrestsurrenderaccused (ArrestSurrenderID, AccusedMasterID) VALUES (157, 412);
INSERT INTO CaseMaster (CaseMasterID, CrimeNo, CaseNo, CrimeRegisteredDate, PolicePersonID, PoliceStationID, CaseCategoryID, GravityOffenceID, CrimeMajorHeadID, CrimeMinorHeadID, CaseStatusID, CourtID, IncidentFromDate, IncidentToDate, InfoReceivedPSDate, latitude, longitude, BriefFacts) VALUES (309, '100030011202400309', '202400309', '2024-10-02', 21, 11, 1, 3, 5, 9, 4, 3, '2024-10-02 21:00:00', '2024-10-02 23:00:00', '2024-10-02 21:00:00', 12.888000, 74.830000, 'Incident reported at Urwa Police Station. Initial investigation launched by IO Anil Gowda.');
INSERT INTO Inv_OccuranceTime (CaseMasterID, IncidentFromDate, IncidentToDate, latitude, longitude, PlaceOfOccurrence) VALUES (309, '2024-10-02 21:00:00', '2024-10-02 23:00:00', 12.888000, 74.830000, 'Near Junction, Urwa');
INSERT INTO ComplainantDetails (ComplainantID, CaseMasterID, ComplainantName, AgeYear, OccupationID, ReligionID, CasteID, GenderID) VALUES (309, 309, 'Eshwar Rao', 38, 2, 1, 1, 1);
INSERT INTO ActSectionAssociation (CaseMasterID, ActID, SectionID, ActOrderID, SectionOrderID) VALUES (309, 'NDPS', '20', 1, 1);
INSERT INTO Victim (VictimMasterID, CaseMasterID, VictimName, AgeYear, GenderID, VictimPolice) VALUES (309, 309, 'Nikhil Hegde', 41, 1, '0');
INSERT INTO Accused (AccusedMasterID, CaseMasterID, AccusedName, AgeYear, GenderID, PersonID) VALUES (413, 309, 'Altaf Khan', 27, 1, 'A1');
INSERT INTO Accused (AccusedMasterID, CaseMasterID, AccusedName, AgeYear, GenderID, PersonID) VALUES (414, 309, 'Tukaram Khan', 41, 1, 'A2');
INSERT INTO ChargesheetDetails (CSID, CaseMasterID, csdate, cstype, PolicePersonID) VALUES (104, 309, '2024-10-02 21:00:00', 'A', 21);
INSERT INTO CaseMaster (CaseMasterID, CrimeNo, CaseNo, CrimeRegisteredDate, PolicePersonID, PoliceStationID, CaseCategoryID, GravityOffenceID, CrimeMajorHeadID, CrimeMinorHeadID, CaseStatusID, CourtID, IncidentFromDate, IncidentToDate, InfoReceivedPSDate, latitude, longitude, BriefFacts) VALUES (310, '100040012202400310', '202400310', '2024-11-03', 23, 12, 2, 1, 1, 10, 5, 4, '2024-11-03 22:00:00', '2024-11-03 00:00:00', '2024-11-03 22:00:00', 15.352000, 75.141000, 'Incident reported at Suburban Police Station Hubballi. Initial investigation launched by IO Basavaraj Rao.');
INSERT INTO Inv_OccuranceTime (CaseMasterID, IncidentFromDate, IncidentToDate, latitude, longitude, PlaceOfOccurrence) VALUES (310, '2024-11-03 22:00:00', '2024-11-03 00:00:00', 15.352000, 75.141000, 'Near Junction, Suburban Hubballi');
INSERT INTO ComplainantDetails (ComplainantID, CaseMasterID, ComplainantName, AgeYear, OccupationID, ReligionID, CasteID, GenderID) VALUES (310, 310, 'Anand Joshi', 52, 2, 1, 1, 1);
INSERT INTO ActSectionAssociation (CaseMasterID, ActID, SectionID, ActOrderID, SectionOrderID) VALUES (310, 'IPC', '379', 1, 1);
INSERT INTO Victim (VictimMasterID, CaseMasterID, VictimName, AgeYear, GenderID, VictimPolice) VALUES (310, 310, 'Ganesh Naik', 52, 1, '0');
INSERT INTO Accused (AccusedMasterID, CaseMasterID, AccusedName, AgeYear, GenderID, PersonID) VALUES (415, 310, 'Pandu Pashan', 30, 1, 'A1');
INSERT INTO ArrestSurrender (ArrestSurrenderID, CaseMasterID, ArrestSurrenderTypeID, ArrestSurrenderDate, ArrestSurrenderStateId, ArrestSurrenderDistrictId, PoliceStationID, IOID, CourtID, AccusedMasterID, IsAccused, IsComplainantAccused) VALUES (158, 310, 1, '2024-11-03', 1, 4, 12, 23, 4, 415, 1, 0);
INSERT INTO inv_arrestsurrenderaccused (ArrestSurrenderID, AccusedMasterID) VALUES (158, 415);
INSERT INTO CaseMaster (CaseMasterID, CrimeNo, CaseNo, CrimeRegisteredDate, PolicePersonID, PoliceStationID, CaseCategoryID, GravityOffenceID, CrimeMajorHeadID, CrimeMinorHeadID, CaseStatusID, CourtID, IncidentFromDate, IncidentToDate, InfoReceivedPSDate, latitude, longitude, BriefFacts) VALUES (311, '100050016202400311', '202400311', '2024-12-04', 31, 16, 3, 2, 1, 1, 1, 5, '2024-12-04 23:00:00', '2024-12-04 01:00:00', '2024-12-04 23:00:00', 15.845000, 74.509000, 'Incident reported at Tilakwadi Police Station. Initial investigation launched by IO Prakash Patil.');
INSERT INTO Inv_OccuranceTime (CaseMasterID, IncidentFromDate, IncidentToDate, latitude, longitude, PlaceOfOccurrence) VALUES (311, '2024-12-04 23:00:00', '2024-12-04 01:00:00', 15.845000, 74.509000, 'Near Junction, Tilakwadi');
INSERT INTO ComplainantDetails (ComplainantID, CaseMasterID, ComplainantName, AgeYear, OccupationID, ReligionID, CasteID, GenderID) VALUES (311, 311, 'Jagadish Hegde', 59, 2, 1, 1, 1);
INSERT INTO ActSectionAssociation (CaseMasterID, ActID, SectionID, ActOrderID, SectionOrderID) VALUES (311, 'IPC', '379', 1, 1);
INSERT INTO Victim (VictimMasterID, CaseMasterID, VictimName, AgeYear, GenderID, VictimPolice) VALUES (311, 311, 'Divya Murthy', 44, 1, '0');
INSERT INTO Accused (AccusedMasterID, CaseMasterID, AccusedName, AgeYear, GenderID, PersonID) VALUES (416, 311, 'Mantu Salim', 37, 1, 'A1');
INSERT INTO CaseMaster (CaseMasterID, CrimeNo, CaseNo, CrimeRegisteredDate, PolicePersonID, PoliceStationID, CaseCategoryID, GravityOffenceID, CrimeMajorHeadID, CrimeMinorHeadID, CaseStatusID, CourtID, IncidentFromDate, IncidentToDate, InfoReceivedPSDate, latitude, longitude, BriefFacts) VALUES (312, '100060018202400312', '202400312', '2024-01-05', 35, 18, 4, 3, 1, 2, 2, 6, '2024-01-05 00:00:00', '2024-01-05 02:00:00', '2024-01-05 00:00:00', 17.331000, 76.836000, 'Incident reported at Station Bazar Police Station. Initial investigation launched by IO Mahesh Bhat.');
INSERT INTO Inv_OccuranceTime (CaseMasterID, IncidentFromDate, IncidentToDate, latitude, longitude, PlaceOfOccurrence) VALUES (312, '2024-01-05 00:00:00', '2024-01-05 02:00:00', 17.331000, 76.836000, 'Near Junction, Station Bazar');
INSERT INTO ComplainantDetails (ComplainantID, CaseMasterID, ComplainantName, AgeYear, OccupationID, ReligionID, CasteID, GenderID) VALUES (312, 312, 'Nandini Naik', 63, 2, 1, 1, 1);
INSERT INTO ActSectionAssociation (CaseMasterID, ActID, SectionID, ActOrderID, SectionOrderID) VALUES (312, 'IPC', '379', 1, 1);
INSERT INTO Victim (VictimMasterID, CaseMasterID, VictimName, AgeYear, GenderID, VictimPolice) VALUES (312, 312, 'Bhavya Rao', 25, 1, '0');
INSERT INTO Accused (AccusedMasterID, CaseMasterID, AccusedName, AgeYear, GenderID, PersonID) VALUES (417, 312, 'Dharma Khan', 20, 1, 'A1');
INSERT INTO Accused (AccusedMasterID, CaseMasterID, AccusedName, AgeYear, GenderID, PersonID) VALUES (418, 312, 'Yogesh Verma', 27, 1, 'A2');
INSERT INTO ArrestSurrender (ArrestSurrenderID, CaseMasterID, ArrestSurrenderTypeID, ArrestSurrenderDate, ArrestSurrenderStateId, ArrestSurrenderDistrictId, PoliceStationID, IOID, CourtID, AccusedMasterID, IsAccused, IsComplainantAccused) VALUES (159, 312, 1, '2024-01-05', 1, 6, 18, 35, 6, 417, 1, 0);
INSERT INTO inv_arrestsurrenderaccused (ArrestSurrenderID, AccusedMasterID) VALUES (159, 417);
INSERT INTO inv_arrestsurrenderaccused (ArrestSurrenderID, AccusedMasterID) VALUES (159, 418);
INSERT INTO ChargesheetDetails (CSID, CaseMasterID, csdate, cstype, PolicePersonID) VALUES (105, 312, '2024-01-05 00:00:00', 'A', 35);
INSERT INTO CaseMaster (CaseMasterID, CrimeNo, CaseNo, CrimeRegisteredDate, PolicePersonID, PoliceStationID, CaseCategoryID, GravityOffenceID, CrimeMajorHeadID, CrimeMinorHeadID, CaseStatusID, CourtID, IncidentFromDate, IncidentToDate, InfoReceivedPSDate, latitude, longitude, BriefFacts) VALUES (313, '100010003202400313', '202400313', '2024-02-06', 5, 3, 1, 1, 1, 3, 3, 1, '2024-02-06 01:00:00', '2024-02-06 03:00:00', '2024-02-06 01:00:00', 12.972800, 77.752900, 'Incident reported at Whitefield Police Station. Initial investigation launched by IO Sunil Bhat.');
INSERT INTO Inv_OccuranceTime (CaseMasterID, IncidentFromDate, IncidentToDate, latitude, longitude, PlaceOfOccurrence) VALUES (313, '2024-02-06 01:00:00', '2024-02-06 03:00:00', 12.972800, 77.752900, 'Near Junction, Whitefield');
INSERT INTO ComplainantDetails (ComplainantID, CaseMasterID, ComplainantName, AgeYear, OccupationID, ReligionID, CasteID, GenderID) VALUES (313, 313, 'Shilpa Joshi', 55, 2, 1, 1, 1);
INSERT INTO ActSectionAssociation (CaseMasterID, ActID, SectionID, ActOrderID, SectionOrderID) VALUES (313, 'IPC', '379', 1, 1);
INSERT INTO Victim (VictimMasterID, CaseMasterID, VictimName, AgeYear, GenderID, VictimPolice) VALUES (313, 313, 'Vinay Joshi', 60, 1, '0');
INSERT INTO Accused (AccusedMasterID, CaseMasterID, AccusedName, AgeYear, GenderID, PersonID) VALUES (419, 313, 'Mantu Salim', 35, 1, 'A1');
INSERT INTO CaseMaster (CaseMasterID, CrimeNo, CaseNo, CrimeRegisteredDate, PolicePersonID, PoliceStationID, CaseCategoryID, GravityOffenceID, CrimeMajorHeadID, CrimeMinorHeadID, CaseStatusID, CourtID, IncidentFromDate, IncidentToDate, InfoReceivedPSDate, latitude, longitude, BriefFacts) VALUES (314, '100020007202400314', '202400314', '2024-03-07', 13, 7, 2, 2, 2, 4, 4, 2, '2024-03-07 02:00:00', '2024-03-07 04:00:00', '2024-03-07 02:00:00', 12.316000, 76.662000, 'Incident reported at Lashkar Police Station. Initial investigation launched by IO Anil Kulkarni.');
INSERT INTO Inv_OccuranceTime (CaseMasterID, IncidentFromDate, IncidentToDate, latitude, longitude, PlaceOfOccurrence) VALUES (314, '2024-03-07 02:00:00', '2024-03-07 04:00:00', 12.316000, 76.662000, 'Near Junction, Lashkar');
INSERT INTO ComplainantDetails (ComplainantID, CaseMasterID, ComplainantName, AgeYear, OccupationID, ReligionID, CasteID, GenderID) VALUES (314, 314, 'Girish Rao', 52, 2, 1, 1, 1);
INSERT INTO ActSectionAssociation (CaseMasterID, ActID, SectionID, ActOrderID, SectionOrderID) VALUES (314, 'IPC', '302', 1, 1);
INSERT INTO Victim (VictimMasterID, CaseMasterID, VictimName, AgeYear, GenderID, VictimPolice) VALUES (314, 314, 'Praveen Joshi', 32, 1, '0');
INSERT INTO Accused (AccusedMasterID, CaseMasterID, AccusedName, AgeYear, GenderID, PersonID) VALUES (420, 314, 'Pandu Singh', 34, 1, 'A1');
INSERT INTO ArrestSurrender (ArrestSurrenderID, CaseMasterID, ArrestSurrenderTypeID, ArrestSurrenderDate, ArrestSurrenderStateId, ArrestSurrenderDistrictId, PoliceStationID, IOID, CourtID, AccusedMasterID, IsAccused, IsComplainantAccused) VALUES (160, 314, 1, '2024-03-07', 1, 2, 7, 13, 2, 420, 1, 0);
INSERT INTO inv_arrestsurrenderaccused (ArrestSurrenderID, AccusedMasterID) VALUES (160, 420);
INSERT INTO CaseMaster (CaseMasterID, CrimeNo, CaseNo, CrimeRegisteredDate, PolicePersonID, PoliceStationID, CaseCategoryID, GravityOffenceID, CrimeMajorHeadID, CrimeMinorHeadID, CaseStatusID, CourtID, IncidentFromDate, IncidentToDate, InfoReceivedPSDate, latitude, longitude, BriefFacts) VALUES (315, '100030011202400315', '202400315', '2024-04-08', 21, 11, 3, 3, 2, 5, 5, 3, '2024-04-08 03:00:00', '2024-04-08 05:00:00', '2024-04-08 03:00:00', 12.894000, 74.836000, 'Incident reported at Urwa Police Station. Initial investigation launched by IO Anil Gowda.');
INSERT INTO Inv_OccuranceTime (CaseMasterID, IncidentFromDate, IncidentToDate, latitude, longitude, PlaceOfOccurrence) VALUES (315, '2024-04-08 03:00:00', '2024-04-08 05:00:00', 12.894000, 74.836000, 'Near Junction, Urwa');
INSERT INTO ComplainantDetails (ComplainantID, CaseMasterID, ComplainantName, AgeYear, OccupationID, ReligionID, CasteID, GenderID) VALUES (315, 315, 'Pooja Hegde', 31, 2, 1, 1, 1);
INSERT INTO ActSectionAssociation (CaseMasterID, ActID, SectionID, ActOrderID, SectionOrderID) VALUES (315, 'IPC', '302', 1, 1);
INSERT INTO Victim (VictimMasterID, CaseMasterID, VictimName, AgeYear, GenderID, VictimPolice) VALUES (315, 315, 'Sangeetha Shetty', 56, 1, '0');
INSERT INTO Accused (AccusedMasterID, CaseMasterID, AccusedName, AgeYear, GenderID, PersonID) VALUES (421, 315, 'Jagga Salim', 29, 1, 'A1');
INSERT INTO Accused (AccusedMasterID, CaseMasterID, AccusedName, AgeYear, GenderID, PersonID) VALUES (422, 315, 'Vicky Salim', 28, 1, 'A2');
INSERT INTO ChargesheetDetails (CSID, CaseMasterID, csdate, cstype, PolicePersonID) VALUES (106, 315, '2024-04-08 03:00:00', 'A', 21);
INSERT INTO CaseMaster (CaseMasterID, CrimeNo, CaseNo, CrimeRegisteredDate, PolicePersonID, PoliceStationID, CaseCategoryID, GravityOffenceID, CrimeMajorHeadID, CrimeMinorHeadID, CaseStatusID, CourtID, IncidentFromDate, IncidentToDate, InfoReceivedPSDate, latitude, longitude, BriefFacts) VALUES (316, '100040012202400316', '202400316', '2024-05-09', 23, 12, 4, 1, 3, 6, 1, 4, '2024-05-09 04:00:00', '2024-05-09 06:00:00', '2024-05-09 04:00:00', 15.358000, 75.147000, 'Incident reported at Suburban Police Station Hubballi. Initial investigation launched by IO Basavaraj Rao.');
INSERT INTO Inv_OccuranceTime (CaseMasterID, IncidentFromDate, IncidentToDate, latitude, longitude, PlaceOfOccurrence) VALUES (316, '2024-05-09 04:00:00', '2024-05-09 06:00:00', 15.358000, 75.147000, 'Near Junction, Suburban Hubballi');
INSERT INTO ComplainantDetails (ComplainantID, CaseMasterID, ComplainantName, AgeYear, OccupationID, ReligionID, CasteID, GenderID) VALUES (316, 316, 'Pooja Deshpande', 59, 2, 1, 1, 1);
INSERT INTO ActSectionAssociation (CaseMasterID, ActID, SectionID, ActOrderID, SectionOrderID) VALUES (316, 'IT_ACT', '66D', 1, 1);
INSERT INTO Victim (VictimMasterID, CaseMasterID, VictimName, AgeYear, GenderID, VictimPolice) VALUES (316, 316, 'Divya Bhat', 28, 1, '0');
INSERT INTO Accused (AccusedMasterID, CaseMasterID, AccusedName, AgeYear, GenderID, PersonID) VALUES (423, 316, 'Babloo Salim', 28, 1, 'A1');
INSERT INTO ArrestSurrender (ArrestSurrenderID, CaseMasterID, ArrestSurrenderTypeID, ArrestSurrenderDate, ArrestSurrenderStateId, ArrestSurrenderDistrictId, PoliceStationID, IOID, CourtID, AccusedMasterID, IsAccused, IsComplainantAccused) VALUES (161, 316, 1, '2024-05-09', 1, 4, 12, 23, 4, 423, 1, 0);
INSERT INTO inv_arrestsurrenderaccused (ArrestSurrenderID, AccusedMasterID) VALUES (161, 423);
INSERT INTO CaseMaster (CaseMasterID, CrimeNo, CaseNo, CrimeRegisteredDate, PolicePersonID, PoliceStationID, CaseCategoryID, GravityOffenceID, CrimeMajorHeadID, CrimeMinorHeadID, CaseStatusID, CourtID, IncidentFromDate, IncidentToDate, InfoReceivedPSDate, latitude, longitude, BriefFacts) VALUES (317, '100050016202400317', '202400317', '2024-06-10', 31, 16, 1, 2, 3, 7, 2, 5, '2024-06-10 05:00:00', '2024-06-10 07:00:00', '2024-06-10 05:00:00', 15.851000, 74.515000, 'Incident reported at Tilakwadi Police Station. Initial investigation launched by IO Prakash Patil.');
INSERT INTO Inv_OccuranceTime (CaseMasterID, IncidentFromDate, IncidentToDate, latitude, longitude, PlaceOfOccurrence) VALUES (317, '2024-06-10 05:00:00', '2024-06-10 07:00:00', 15.851000, 74.515000, 'Near Junction, Tilakwadi');
INSERT INTO ComplainantDetails (ComplainantID, CaseMasterID, ComplainantName, AgeYear, OccupationID, ReligionID, CasteID, GenderID) VALUES (317, 317, 'Kavitha Deshpande', 63, 2, 1, 1, 1);
INSERT INTO ActSectionAssociation (CaseMasterID, ActID, SectionID, ActOrderID, SectionOrderID) VALUES (317, 'IT_ACT', '66D', 1, 1);
INSERT INTO Victim (VictimMasterID, CaseMasterID, VictimName, AgeYear, GenderID, VictimPolice) VALUES (317, 317, 'Kiran Joshi', 44, 1, '0');
INSERT INTO Accused (AccusedMasterID, CaseMasterID, AccusedName, AgeYear, GenderID, PersonID) VALUES (424, 317, 'Imtiaz Pashan', 20, 1, 'A1');
INSERT INTO CaseMaster (CaseMasterID, CrimeNo, CaseNo, CrimeRegisteredDate, PolicePersonID, PoliceStationID, CaseCategoryID, GravityOffenceID, CrimeMajorHeadID, CrimeMinorHeadID, CaseStatusID, CourtID, IncidentFromDate, IncidentToDate, InfoReceivedPSDate, latitude, longitude, BriefFacts) VALUES (318, '100060018202400318', '202400318', '2024-07-11', 35, 18, 2, 3, 4, 8, 3, 6, '2024-07-11 06:00:00', '2024-07-11 08:00:00', '2024-07-11 06:00:00', 17.337000, 76.842000, 'Incident reported at Station Bazar Police Station. Initial investigation launched by IO Mahesh Bhat.');
INSERT INTO Inv_OccuranceTime (CaseMasterID, IncidentFromDate, IncidentToDate, latitude, longitude, PlaceOfOccurrence) VALUES (318, '2024-07-11 06:00:00', '2024-07-11 08:00:00', 17.337000, 76.842000, 'Near Junction, Station Bazar');
INSERT INTO ComplainantDetails (ComplainantID, CaseMasterID, ComplainantName, AgeYear, OccupationID, ReligionID, CasteID, GenderID) VALUES (318, 318, 'Anand Gowda', 52, 2, 1, 1, 1);
INSERT INTO ActSectionAssociation (CaseMasterID, ActID, SectionID, ActOrderID, SectionOrderID) VALUES (318, 'IPC', '420', 1, 1);
INSERT INTO Victim (VictimMasterID, CaseMasterID, VictimName, AgeYear, GenderID, VictimPolice) VALUES (318, 318, 'Manoj Deshpande', 58, 1, '0');
INSERT INTO Accused (AccusedMasterID, CaseMasterID, AccusedName, AgeYear, GenderID, PersonID) VALUES (425, 318, 'Mantu Reddy', 21, 1, 'A1');
INSERT INTO Accused (AccusedMasterID, CaseMasterID, AccusedName, AgeYear, GenderID, PersonID) VALUES (426, 318, 'Babloo Pashan', 39, 1, 'A2');
INSERT INTO ArrestSurrender (ArrestSurrenderID, CaseMasterID, ArrestSurrenderTypeID, ArrestSurrenderDate, ArrestSurrenderStateId, ArrestSurrenderDistrictId, PoliceStationID, IOID, CourtID, AccusedMasterID, IsAccused, IsComplainantAccused) VALUES (162, 318, 1, '2024-07-11', 1, 6, 18, 35, 6, 425, 1, 0);
INSERT INTO inv_arrestsurrenderaccused (ArrestSurrenderID, AccusedMasterID) VALUES (162, 425);
INSERT INTO inv_arrestsurrenderaccused (ArrestSurrenderID, AccusedMasterID) VALUES (162, 426);
INSERT INTO ChargesheetDetails (CSID, CaseMasterID, csdate, cstype, PolicePersonID) VALUES (107, 318, '2024-07-11 06:00:00', 'A', 35);
INSERT INTO CaseMaster (CaseMasterID, CrimeNo, CaseNo, CrimeRegisteredDate, PolicePersonID, PoliceStationID, CaseCategoryID, GravityOffenceID, CrimeMajorHeadID, CrimeMinorHeadID, CaseStatusID, CourtID, IncidentFromDate, IncidentToDate, InfoReceivedPSDate, latitude, longitude, BriefFacts) VALUES (319, '100010004202400319', '202400319', '2024-08-12', 7, 4, 3, 1, 5, 9, 4, 1, '2024-08-12 07:00:00', '2024-08-12 09:00:00', '2024-08-12 07:00:00', 12.934000, 77.602800, 'Incident reported at Jayanagar Police Station. Initial investigation launched by IO Vijay Kulkarni.');
INSERT INTO Inv_OccuranceTime (CaseMasterID, IncidentFromDate, IncidentToDate, latitude, longitude, PlaceOfOccurrence) VALUES (319, '2024-08-12 07:00:00', '2024-08-12 09:00:00', 12.934000, 77.602800, 'Near Junction, Jayanagar');
INSERT INTO ComplainantDetails (ComplainantID, CaseMasterID, ComplainantName, AgeYear, OccupationID, ReligionID, CasteID, GenderID) VALUES (319, 319, 'Kavitha Naik', 56, 2, 1, 1, 1);
INSERT INTO ActSectionAssociation (CaseMasterID, ActID, SectionID, ActOrderID, SectionOrderID) VALUES (319, 'NDPS', '20', 1, 1);
INSERT INTO Victim (VictimMasterID, CaseMasterID, VictimName, AgeYear, GenderID, VictimPolice) VALUES (319, 319, 'Kiran Rao', 48, 1, '0');
INSERT INTO Accused (AccusedMasterID, CaseMasterID, AccusedName, AgeYear, GenderID, PersonID) VALUES (427, 319, 'Pandu Singh', 42, 1, 'A1');
INSERT INTO CaseMaster (CaseMasterID, CrimeNo, CaseNo, CrimeRegisteredDate, PolicePersonID, PoliceStationID, CaseCategoryID, GravityOffenceID, CrimeMajorHeadID, CrimeMinorHeadID, CaseStatusID, CourtID, IncidentFromDate, IncidentToDate, InfoReceivedPSDate, latitude, longitude, BriefFacts) VALUES (320, '100020007202400320', '202400320', '2024-09-13', 13, 7, 4, 2, 1, 10, 5, 2, '2024-09-13 08:00:00', '2024-09-13 10:00:00', '2024-09-13 08:00:00', 12.302000, 76.648000, 'Incident reported at Lashkar Police Station. Initial investigation launched by IO Anil Kulkarni.');
INSERT INTO Inv_OccuranceTime (CaseMasterID, IncidentFromDate, IncidentToDate, latitude, longitude, PlaceOfOccurrence) VALUES (320, '2024-09-13 08:00:00', '2024-09-13 10:00:00', 12.302000, 76.648000, 'Near Junction, Lashkar');
INSERT INTO ComplainantDetails (ComplainantID, CaseMasterID, ComplainantName, AgeYear, OccupationID, ReligionID, CasteID, GenderID) VALUES (320, 320, 'Jagadish Deshpande', 64, 2, 1, 1, 1);
INSERT INTO ActSectionAssociation (CaseMasterID, ActID, SectionID, ActOrderID, SectionOrderID) VALUES (320, 'IPC', '379', 1, 1);
INSERT INTO Victim (VictimMasterID, CaseMasterID, VictimName, AgeYear, GenderID, VictimPolice) VALUES (320, 320, 'Chaitra Naik', 32, 1, '0');
INSERT INTO Accused (AccusedMasterID, CaseMasterID, AccusedName, AgeYear, GenderID, PersonID) VALUES (428, 320, 'Jagga Khan', 23, 1, 'A1');
INSERT INTO ArrestSurrender (ArrestSurrenderID, CaseMasterID, ArrestSurrenderTypeID, ArrestSurrenderDate, ArrestSurrenderStateId, ArrestSurrenderDistrictId, PoliceStationID, IOID, CourtID, AccusedMasterID, IsAccused, IsComplainantAccused) VALUES (163, 320, 1, '2024-09-13', 1, 2, 7, 13, 2, 428, 1, 0);
INSERT INTO inv_arrestsurrenderaccused (ArrestSurrenderID, AccusedMasterID) VALUES (163, 428);
INSERT INTO CaseMaster (CaseMasterID, CrimeNo, CaseNo, CrimeRegisteredDate, PolicePersonID, PoliceStationID, CaseCategoryID, GravityOffenceID, CrimeMajorHeadID, CrimeMinorHeadID, CaseStatusID, CourtID, IncidentFromDate, IncidentToDate, InfoReceivedPSDate, latitude, longitude, BriefFacts) VALUES (321, '100030011202400321', '202400321', '2024-10-14', 21, 11, 1, 3, 1, 1, 1, 3, '2024-10-14 09:00:00', '2024-10-14 11:00:00', '2024-10-14 09:00:00', 12.880000, 74.822000, 'Incident reported at Urwa Police Station. Initial investigation launched by IO Anil Gowda.');
INSERT INTO Inv_OccuranceTime (CaseMasterID, IncidentFromDate, IncidentToDate, latitude, longitude, PlaceOfOccurrence) VALUES (321, '2024-10-14 09:00:00', '2024-10-14 11:00:00', 12.880000, 74.822000, 'Near Junction, Urwa');
INSERT INTO ComplainantDetails (ComplainantID, CaseMasterID, ComplainantName, AgeYear, OccupationID, ReligionID, CasteID, GenderID) VALUES (321, 321, 'Shilpa Rao', 43, 2, 1, 1, 1);
INSERT INTO ActSectionAssociation (CaseMasterID, ActID, SectionID, ActOrderID, SectionOrderID) VALUES (321, 'IPC', '379', 1, 1);
INSERT INTO Victim (VictimMasterID, CaseMasterID, VictimName, AgeYear, GenderID, VictimPolice) VALUES (321, 321, 'Kiran Naik', 34, 1, '0');
INSERT INTO Accused (AccusedMasterID, CaseMasterID, AccusedName, AgeYear, GenderID, PersonID) VALUES (429, 321, 'Imtiaz Khan', 30, 1, 'A1');
INSERT INTO Accused (AccusedMasterID, CaseMasterID, AccusedName, AgeYear, GenderID, PersonID) VALUES (430, 321, 'Babloo Salim', 38, 1, 'A2');
INSERT INTO ChargesheetDetails (CSID, CaseMasterID, csdate, cstype, PolicePersonID) VALUES (108, 321, '2024-10-14 09:00:00', 'A', 21);
INSERT INTO CaseMaster (CaseMasterID, CrimeNo, CaseNo, CrimeRegisteredDate, PolicePersonID, PoliceStationID, CaseCategoryID, GravityOffenceID, CrimeMajorHeadID, CrimeMinorHeadID, CaseStatusID, CourtID, IncidentFromDate, IncidentToDate, InfoReceivedPSDate, latitude, longitude, BriefFacts) VALUES (322, '100040012202400322', '202400322', '2024-11-15', 23, 12, 2, 1, 1, 2, 2, 4, '2024-11-15 10:00:00', '2024-11-15 12:00:00', '2024-11-15 10:00:00', 15.344000, 75.133000, 'Incident reported at Suburban Police Station Hubballi. Initial investigation launched by IO Basavaraj Rao.');
INSERT INTO Inv_OccuranceTime (CaseMasterID, IncidentFromDate, IncidentToDate, latitude, longitude, PlaceOfOccurrence) VALUES (322, '2024-11-15 10:00:00', '2024-11-15 12:00:00', 15.344000, 75.133000, 'Near Junction, Suburban Hubballi');
INSERT INTO ComplainantDetails (ComplainantID, CaseMasterID, ComplainantName, AgeYear, OccupationID, ReligionID, CasteID, GenderID) VALUES (322, 322, 'Jagadish Hegde', 29, 2, 1, 1, 1);
INSERT INTO ActSectionAssociation (CaseMasterID, ActID, SectionID, ActOrderID, SectionOrderID) VALUES (322, 'IPC', '379', 1, 1);
INSERT INTO Victim (VictimMasterID, CaseMasterID, VictimName, AgeYear, GenderID, VictimPolice) VALUES (322, 322, 'Arun Bhat', 28, 1, '0');
INSERT INTO Accused (AccusedMasterID, CaseMasterID, AccusedName, AgeYear, GenderID, PersonID) VALUES (431, 322, 'Jagga Reddy', 25, 1, 'A1');
INSERT INTO ArrestSurrender (ArrestSurrenderID, CaseMasterID, ArrestSurrenderTypeID, ArrestSurrenderDate, ArrestSurrenderStateId, ArrestSurrenderDistrictId, PoliceStationID, IOID, CourtID, AccusedMasterID, IsAccused, IsComplainantAccused) VALUES (164, 322, 1, '2024-11-15', 1, 4, 12, 23, 4, 431, 1, 0);
INSERT INTO inv_arrestsurrenderaccused (ArrestSurrenderID, AccusedMasterID) VALUES (164, 431);
INSERT INTO CaseMaster (CaseMasterID, CrimeNo, CaseNo, CrimeRegisteredDate, PolicePersonID, PoliceStationID, CaseCategoryID, GravityOffenceID, CrimeMajorHeadID, CrimeMinorHeadID, CaseStatusID, CourtID, IncidentFromDate, IncidentToDate, InfoReceivedPSDate, latitude, longitude, BriefFacts) VALUES (323, '100050016202400323', '202400323', '2024-12-16', 31, 16, 3, 2, 1, 3, 3, 5, '2024-12-16 11:00:00', '2024-12-16 13:00:00', '2024-12-16 11:00:00', 15.837000, 74.501000, 'Incident reported at Tilakwadi Police Station. Initial investigation launched by IO Prakash Patil.');
INSERT INTO Inv_OccuranceTime (CaseMasterID, IncidentFromDate, IncidentToDate, latitude, longitude, PlaceOfOccurrence) VALUES (323, '2024-12-16 11:00:00', '2024-12-16 13:00:00', 15.837000, 74.501000, 'Near Junction, Tilakwadi');
INSERT INTO ComplainantDetails (ComplainantID, CaseMasterID, ComplainantName, AgeYear, OccupationID, ReligionID, CasteID, GenderID) VALUES (323, 323, 'Deepak Hegde', 59, 2, 1, 1, 1);
INSERT INTO ActSectionAssociation (CaseMasterID, ActID, SectionID, ActOrderID, SectionOrderID) VALUES (323, 'IPC', '379', 1, 1);
INSERT INTO Victim (VictimMasterID, CaseMasterID, VictimName, AgeYear, GenderID, VictimPolice) VALUES (323, 323, 'Chaitra Gowda', 37, 1, '0');
INSERT INTO Accused (AccusedMasterID, CaseMasterID, AccusedName, AgeYear, GenderID, PersonID) VALUES (432, 323, 'Jagga Kumar', 28, 1, 'A1');
INSERT INTO CaseMaster (CaseMasterID, CrimeNo, CaseNo, CrimeRegisteredDate, PolicePersonID, PoliceStationID, CaseCategoryID, GravityOffenceID, CrimeMajorHeadID, CrimeMinorHeadID, CaseStatusID, CourtID, IncidentFromDate, IncidentToDate, InfoReceivedPSDate, latitude, longitude, BriefFacts) VALUES (324, '100060018202400324', '202400324', '2024-01-17', 35, 18, 4, 3, 2, 4, 4, 6, '2024-01-17 12:00:00', '2024-01-17 14:00:00', '2024-01-17 12:00:00', 17.323000, 76.828000, 'Incident reported at Station Bazar Police Station. Initial investigation launched by IO Mahesh Bhat.');
INSERT INTO Inv_OccuranceTime (CaseMasterID, IncidentFromDate, IncidentToDate, latitude, longitude, PlaceOfOccurrence) VALUES (324, '2024-01-17 12:00:00', '2024-01-17 14:00:00', 17.323000, 76.828000, 'Near Junction, Station Bazar');
INSERT INTO ComplainantDetails (ComplainantID, CaseMasterID, ComplainantName, AgeYear, OccupationID, ReligionID, CasteID, GenderID) VALUES (324, 324, 'Suma Kulkarni', 56, 2, 1, 1, 1);
INSERT INTO ActSectionAssociation (CaseMasterID, ActID, SectionID, ActOrderID, SectionOrderID) VALUES (324, 'IPC', '302', 1, 1);
INSERT INTO Victim (VictimMasterID, CaseMasterID, VictimName, AgeYear, GenderID, VictimPolice) VALUES (324, 324, 'Vinay Deshpande', 20, 1, '0');
INSERT INTO Accused (AccusedMasterID, CaseMasterID, AccusedName, AgeYear, GenderID, PersonID) VALUES (433, 324, 'Mantu Pashan', 27, 1, 'A1');
INSERT INTO Accused (AccusedMasterID, CaseMasterID, AccusedName, AgeYear, GenderID, PersonID) VALUES (434, 324, 'Imtiaz Verma', 41, 1, 'A2');
INSERT INTO ArrestSurrender (ArrestSurrenderID, CaseMasterID, ArrestSurrenderTypeID, ArrestSurrenderDate, ArrestSurrenderStateId, ArrestSurrenderDistrictId, PoliceStationID, IOID, CourtID, AccusedMasterID, IsAccused, IsComplainantAccused) VALUES (165, 324, 1, '2024-01-17', 1, 6, 18, 35, 6, 433, 1, 0);
INSERT INTO inv_arrestsurrenderaccused (ArrestSurrenderID, AccusedMasterID) VALUES (165, 433);
INSERT INTO inv_arrestsurrenderaccused (ArrestSurrenderID, AccusedMasterID) VALUES (165, 434);
INSERT INTO ChargesheetDetails (CSID, CaseMasterID, csdate, cstype, PolicePersonID) VALUES (109, 324, '2024-01-17 12:00:00', 'A', 35);
INSERT INTO CaseMaster (CaseMasterID, CrimeNo, CaseNo, CrimeRegisteredDate, PolicePersonID, PoliceStationID, CaseCategoryID, GravityOffenceID, CrimeMajorHeadID, CrimeMinorHeadID, CaseStatusID, CourtID, IncidentFromDate, IncidentToDate, InfoReceivedPSDate, latitude, longitude, BriefFacts) VALUES (325, '100010005202400325', '202400325', '2024-02-18', 9, 5, 1, 1, 2, 5, 5, 1, '2024-02-18 13:00:00', '2024-02-18 15:00:00', '2024-02-18 13:00:00', 12.998100, 77.559300, 'Incident reported at Malleshwaram Police Station. Initial investigation launched by IO Santosh Shetty.');
INSERT INTO Inv_OccuranceTime (CaseMasterID, IncidentFromDate, IncidentToDate, latitude, longitude, PlaceOfOccurrence) VALUES (325, '2024-02-18 13:00:00', '2024-02-18 15:00:00', 12.998100, 77.559300, 'Near Junction, Malleshwaram');
INSERT INTO ComplainantDetails (ComplainantID, CaseMasterID, ComplainantName, AgeYear, OccupationID, ReligionID, CasteID, GenderID) VALUES (325, 325, 'Harish Joshi', 30, 2, 1, 1, 1);
INSERT INTO ActSectionAssociation (CaseMasterID, ActID, SectionID, ActOrderID, SectionOrderID) VALUES (325, 'IPC', '302', 1, 1);
INSERT INTO Victim (VictimMasterID, CaseMasterID, VictimName, AgeYear, GenderID, VictimPolice) VALUES (325, 325, 'Praveen Murthy', 44, 1, '0');
INSERT INTO Accused (AccusedMasterID, CaseMasterID, AccusedName, AgeYear, GenderID, PersonID) VALUES (435, 325, 'Pandu Verma', 30, 1, 'A1');
INSERT INTO CaseMaster (CaseMasterID, CrimeNo, CaseNo, CrimeRegisteredDate, PolicePersonID, PoliceStationID, CaseCategoryID, GravityOffenceID, CrimeMajorHeadID, CrimeMinorHeadID, CaseStatusID, CourtID, IncidentFromDate, IncidentToDate, InfoReceivedPSDate, latitude, longitude, BriefFacts) VALUES (326, '100020007202400326', '202400326', '2024-03-19', 13, 7, 2, 2, 3, 6, 1, 2, '2024-03-19 14:00:00', '2024-03-19 16:00:00', '2024-03-19 14:00:00', 12.308000, 76.654000, 'Incident reported at Lashkar Police Station. Initial investigation launched by IO Anil Kulkarni.');
INSERT INTO Inv_OccuranceTime (CaseMasterID, IncidentFromDate, IncidentToDate, latitude, longitude, PlaceOfOccurrence) VALUES (326, '2024-03-19 14:00:00', '2024-03-19 16:00:00', 12.308000, 76.654000, 'Near Junction, Lashkar');
INSERT INTO ComplainantDetails (ComplainantID, CaseMasterID, ComplainantName, AgeYear, OccupationID, ReligionID, CasteID, GenderID) VALUES (326, 326, 'Radha Gowda', 43, 2, 1, 1, 1);
INSERT INTO ActSectionAssociation (CaseMasterID, ActID, SectionID, ActOrderID, SectionOrderID) VALUES (326, 'IT_ACT', '66D', 1, 1);
INSERT INTO Victim (VictimMasterID, CaseMasterID, VictimName, AgeYear, GenderID, VictimPolice) VALUES (326, 326, 'Vinay Kulkarni', 56, 1, '0');
INSERT INTO Accused (AccusedMasterID, CaseMasterID, AccusedName, AgeYear, GenderID, PersonID) VALUES (436, 326, 'Yogesh Kumar', 43, 1, 'A1');
INSERT INTO ArrestSurrender (ArrestSurrenderID, CaseMasterID, ArrestSurrenderTypeID, ArrestSurrenderDate, ArrestSurrenderStateId, ArrestSurrenderDistrictId, PoliceStationID, IOID, CourtID, AccusedMasterID, IsAccused, IsComplainantAccused) VALUES (166, 326, 1, '2024-03-19', 1, 2, 7, 13, 2, 436, 1, 0);
INSERT INTO inv_arrestsurrenderaccused (ArrestSurrenderID, AccusedMasterID) VALUES (166, 436);
INSERT INTO CaseMaster (CaseMasterID, CrimeNo, CaseNo, CrimeRegisteredDate, PolicePersonID, PoliceStationID, CaseCategoryID, GravityOffenceID, CrimeMajorHeadID, CrimeMinorHeadID, CaseStatusID, CourtID, IncidentFromDate, IncidentToDate, InfoReceivedPSDate, latitude, longitude, BriefFacts) VALUES (327, '100030011202400327', '202400327', '2024-04-20', 21, 11, 3, 3, 3, 7, 2, 3, '2024-04-20 15:00:00', '2024-04-20 17:00:00', '2024-04-20 15:00:00', 12.886000, 74.828000, 'Incident reported at Urwa Police Station. Initial investigation launched by IO Anil Gowda.');
INSERT INTO Inv_OccuranceTime (CaseMasterID, IncidentFromDate, IncidentToDate, latitude, longitude, PlaceOfOccurrence) VALUES (327, '2024-04-20 15:00:00', '2024-04-20 17:00:00', 12.886000, 74.828000, 'Near Junction, Urwa');
INSERT INTO ComplainantDetails (ComplainantID, CaseMasterID, ComplainantName, AgeYear, OccupationID, ReligionID, CasteID, GenderID) VALUES (327, 327, 'Suma Joshi', 49, 2, 1, 1, 1);
INSERT INTO ActSectionAssociation (CaseMasterID, ActID, SectionID, ActOrderID, SectionOrderID) VALUES (327, 'IT_ACT', '66D', 1, 1);
INSERT INTO Victim (VictimMasterID, CaseMasterID, VictimName, AgeYear, GenderID, VictimPolice) VALUES (327, 327, 'Nikhil Rao', 57, 1, '0');
INSERT INTO Accused (AccusedMasterID, CaseMasterID, AccusedName, AgeYear, GenderID, PersonID) VALUES (437, 327, 'Tukaram Kumar', 25, 1, 'A1');
INSERT INTO Accused (AccusedMasterID, CaseMasterID, AccusedName, AgeYear, GenderID, PersonID) VALUES (438, 327, 'Babloo Alias', 29, 1, 'A2');
INSERT INTO ChargesheetDetails (CSID, CaseMasterID, csdate, cstype, PolicePersonID) VALUES (110, 327, '2024-04-20 15:00:00', 'A', 21);
INSERT INTO CaseMaster (CaseMasterID, CrimeNo, CaseNo, CrimeRegisteredDate, PolicePersonID, PoliceStationID, CaseCategoryID, GravityOffenceID, CrimeMajorHeadID, CrimeMinorHeadID, CaseStatusID, CourtID, IncidentFromDate, IncidentToDate, InfoReceivedPSDate, latitude, longitude, BriefFacts) VALUES (328, '100040012202400328', '202400328', '2024-05-21', 23, 12, 4, 1, 4, 8, 3, 4, '2024-05-21 16:00:00', '2024-05-21 18:00:00', '2024-05-21 16:00:00', 15.350000, 75.139000, 'Incident reported at Suburban Police Station Hubballi. Initial investigation launched by IO Basavaraj Rao.');
INSERT INTO Inv_OccuranceTime (CaseMasterID, IncidentFromDate, IncidentToDate, latitude, longitude, PlaceOfOccurrence) VALUES (328, '2024-05-21 16:00:00', '2024-05-21 18:00:00', 15.350000, 75.139000, 'Near Junction, Suburban Hubballi');
INSERT INTO ComplainantDetails (ComplainantID, CaseMasterID, ComplainantName, AgeYear, OccupationID, ReligionID, CasteID, GenderID) VALUES (328, 328, 'Jagadish Rao', 59, 2, 1, 1, 1);
INSERT INTO ActSectionAssociation (CaseMasterID, ActID, SectionID, ActOrderID, SectionOrderID) VALUES (328, 'IPC', '420', 1, 1);
INSERT INTO Victim (VictimMasterID, CaseMasterID, VictimName, AgeYear, GenderID, VictimPolice) VALUES (328, 328, 'Kiran Naik', 50, 1, '0');
INSERT INTO Accused (AccusedMasterID, CaseMasterID, AccusedName, AgeYear, GenderID, PersonID) VALUES (439, 328, 'Pandu Singh', 27, 1, 'A1');
INSERT INTO ArrestSurrender (ArrestSurrenderID, CaseMasterID, ArrestSurrenderTypeID, ArrestSurrenderDate, ArrestSurrenderStateId, ArrestSurrenderDistrictId, PoliceStationID, IOID, CourtID, AccusedMasterID, IsAccused, IsComplainantAccused) VALUES (167, 328, 1, '2024-05-21', 1, 4, 12, 23, 4, 439, 1, 0);
INSERT INTO inv_arrestsurrenderaccused (ArrestSurrenderID, AccusedMasterID) VALUES (167, 439);
INSERT INTO CaseMaster (CaseMasterID, CrimeNo, CaseNo, CrimeRegisteredDate, PolicePersonID, PoliceStationID, CaseCategoryID, GravityOffenceID, CrimeMajorHeadID, CrimeMinorHeadID, CaseStatusID, CourtID, IncidentFromDate, IncidentToDate, InfoReceivedPSDate, latitude, longitude, BriefFacts) VALUES (329, '100050016202400329', '202400329', '2024-06-22', 31, 16, 1, 2, 5, 9, 4, 5, '2024-06-22 17:00:00', '2024-06-22 19:00:00', '2024-06-22 17:00:00', 15.843000, 74.507000, 'Incident reported at Tilakwadi Police Station. Initial investigation launched by IO Prakash Patil.');
INSERT INTO Inv_OccuranceTime (CaseMasterID, IncidentFromDate, IncidentToDate, latitude, longitude, PlaceOfOccurrence) VALUES (329, '2024-06-22 17:00:00', '2024-06-22 19:00:00', 15.843000, 74.507000, 'Near Junction, Tilakwadi');
INSERT INTO ComplainantDetails (ComplainantID, CaseMasterID, ComplainantName, AgeYear, OccupationID, ReligionID, CasteID, GenderID) VALUES (329, 329, 'Radha Shetty', 26, 2, 1, 1, 1);
INSERT INTO ActSectionAssociation (CaseMasterID, ActID, SectionID, ActOrderID, SectionOrderID) VALUES (329, 'NDPS', '20', 1, 1);
INSERT INTO Victim (VictimMasterID, CaseMasterID, VictimName, AgeYear, GenderID, VictimPolice) VALUES (329, 329, 'Rajesh Hegde', 28, 1, '0');
INSERT INTO Accused (AccusedMasterID, CaseMasterID, AccusedName, AgeYear, GenderID, PersonID) VALUES (440, 329, 'Dharma Kumar', 24, 1, 'A1');
INSERT INTO CaseMaster (CaseMasterID, CrimeNo, CaseNo, CrimeRegisteredDate, PolicePersonID, PoliceStationID, CaseCategoryID, GravityOffenceID, CrimeMajorHeadID, CrimeMinorHeadID, CaseStatusID, CourtID, IncidentFromDate, IncidentToDate, InfoReceivedPSDate, latitude, longitude, BriefFacts) VALUES (330, '100060018202400330', '202400330', '2024-07-23', 35, 18, 2, 3, 1, 10, 5, 6, '2024-07-23 18:00:00', '2024-07-23 20:00:00', '2024-07-23 18:00:00', 17.329000, 76.834000, 'Incident reported at Station Bazar Police Station. Initial investigation launched by IO Mahesh Bhat.');
INSERT INTO Inv_OccuranceTime (CaseMasterID, IncidentFromDate, IncidentToDate, latitude, longitude, PlaceOfOccurrence) VALUES (330, '2024-07-23 18:00:00', '2024-07-23 20:00:00', 17.329000, 76.834000, 'Near Junction, Station Bazar');
INSERT INTO ComplainantDetails (ComplainantID, CaseMasterID, ComplainantName, AgeYear, OccupationID, ReligionID, CasteID, GenderID) VALUES (330, 330, 'Shilpa Naik', 40, 2, 1, 1, 1);
INSERT INTO ActSectionAssociation (CaseMasterID, ActID, SectionID, ActOrderID, SectionOrderID) VALUES (330, 'IPC', '379', 1, 1);
INSERT INTO Victim (VictimMasterID, CaseMasterID, VictimName, AgeYear, GenderID, VictimPolice) VALUES (330, 330, 'Divya Gowda', 31, 1, '0');
INSERT INTO Accused (AccusedMasterID, CaseMasterID, AccusedName, AgeYear, GenderID, PersonID) VALUES (441, 330, 'Mantu Pashan', 35, 1, 'A1');
INSERT INTO Accused (AccusedMasterID, CaseMasterID, AccusedName, AgeYear, GenderID, PersonID) VALUES (442, 330, 'Babloo Reddy', 37, 1, 'A2');
INSERT INTO ArrestSurrender (ArrestSurrenderID, CaseMasterID, ArrestSurrenderTypeID, ArrestSurrenderDate, ArrestSurrenderStateId, ArrestSurrenderDistrictId, PoliceStationID, IOID, CourtID, AccusedMasterID, IsAccused, IsComplainantAccused) VALUES (168, 330, 1, '2024-07-23', 1, 6, 18, 35, 6, 441, 1, 0);
INSERT INTO inv_arrestsurrenderaccused (ArrestSurrenderID, AccusedMasterID) VALUES (168, 441);
INSERT INTO inv_arrestsurrenderaccused (ArrestSurrenderID, AccusedMasterID) VALUES (168, 442);
INSERT INTO ChargesheetDetails (CSID, CaseMasterID, csdate, cstype, PolicePersonID) VALUES (111, 330, '2024-07-23 18:00:00', 'A', 35);
INSERT INTO CaseMaster (CaseMasterID, CrimeNo, CaseNo, CrimeRegisteredDate, PolicePersonID, PoliceStationID, CaseCategoryID, GravityOffenceID, CrimeMajorHeadID, CrimeMinorHeadID, CaseStatusID, CourtID, IncidentFromDate, IncidentToDate, InfoReceivedPSDate, latitude, longitude, BriefFacts) VALUES (331, '100010001202400331', '202400331', '2024-08-24', 1, 1, 3, 1, 1, 1, 1, 1, '2024-08-24 19:00:00', '2024-08-24 21:00:00', '2024-08-24 19:00:00', 12.979400, 77.641800, 'Incident reported at Indiranagar Police Station. Initial investigation launched by IO Suresh Rao.');
INSERT INTO Inv_OccuranceTime (CaseMasterID, IncidentFromDate, IncidentToDate, latitude, longitude, PlaceOfOccurrence) VALUES (331, '2024-08-24 19:00:00', '2024-08-24 21:00:00', 12.979400, 77.641800, 'Near Junction, Indiranagar');
INSERT INTO ComplainantDetails (ComplainantID, CaseMasterID, ComplainantName, AgeYear, OccupationID, ReligionID, CasteID, GenderID) VALUES (331, 331, 'Nandini Joshi', 54, 2, 1, 1, 1);
INSERT INTO ActSectionAssociation (CaseMasterID, ActID, SectionID, ActOrderID, SectionOrderID) VALUES (331, 'IPC', '379', 1, 1);
INSERT INTO Victim (VictimMasterID, CaseMasterID, VictimName, AgeYear, GenderID, VictimPolice) VALUES (331, 331, 'Nikhil Hegde', 42, 1, '0');
INSERT INTO Accused (AccusedMasterID, CaseMasterID, AccusedName, AgeYear, GenderID, PersonID) VALUES (443, 331, 'Yogesh Pashan', 29, 1, 'A1');
INSERT INTO CaseMaster (CaseMasterID, CrimeNo, CaseNo, CrimeRegisteredDate, PolicePersonID, PoliceStationID, CaseCategoryID, GravityOffenceID, CrimeMajorHeadID, CrimeMinorHeadID, CaseStatusID, CourtID, IncidentFromDate, IncidentToDate, InfoReceivedPSDate, latitude, longitude, BriefFacts) VALUES (332, '100020007202400332', '202400332', '2024-09-25', 13, 7, 4, 2, 1, 2, 2, 2, '2024-09-25 20:00:00', '2024-09-25 22:00:00', '2024-09-25 20:00:00', 12.314000, 76.660000, 'Incident reported at Lashkar Police Station. Initial investigation launched by IO Anil Kulkarni.');
INSERT INTO Inv_OccuranceTime (CaseMasterID, IncidentFromDate, IncidentToDate, latitude, longitude, PlaceOfOccurrence) VALUES (332, '2024-09-25 20:00:00', '2024-09-25 22:00:00', 12.314000, 76.660000, 'Near Junction, Lashkar');
INSERT INTO ComplainantDetails (ComplainantID, CaseMasterID, ComplainantName, AgeYear, OccupationID, ReligionID, CasteID, GenderID) VALUES (332, 332, 'Deepak Kulkarni', 36, 2, 1, 1, 1);
INSERT INTO ActSectionAssociation (CaseMasterID, ActID, SectionID, ActOrderID, SectionOrderID) VALUES (332, 'IPC', '379', 1, 1);
INSERT INTO Victim (VictimMasterID, CaseMasterID, VictimName, AgeYear, GenderID, VictimPolice) VALUES (332, 332, 'Chaitra Bhat', 33, 1, '0');
INSERT INTO Accused (AccusedMasterID, CaseMasterID, AccusedName, AgeYear, GenderID, PersonID) VALUES (444, 332, 'Jagga Kumar', 31, 1, 'A1');
INSERT INTO ArrestSurrender (ArrestSurrenderID, CaseMasterID, ArrestSurrenderTypeID, ArrestSurrenderDate, ArrestSurrenderStateId, ArrestSurrenderDistrictId, PoliceStationID, IOID, CourtID, AccusedMasterID, IsAccused, IsComplainantAccused) VALUES (169, 332, 1, '2024-09-25', 1, 2, 7, 13, 2, 444, 1, 0);
INSERT INTO inv_arrestsurrenderaccused (ArrestSurrenderID, AccusedMasterID) VALUES (169, 444);
INSERT INTO CaseMaster (CaseMasterID, CrimeNo, CaseNo, CrimeRegisteredDate, PolicePersonID, PoliceStationID, CaseCategoryID, GravityOffenceID, CrimeMajorHeadID, CrimeMinorHeadID, CaseStatusID, CourtID, IncidentFromDate, IncidentToDate, InfoReceivedPSDate, latitude, longitude, BriefFacts) VALUES (333, '100030011202400333', '202400333', '2024-10-26', 21, 11, 1, 3, 1, 3, 3, 3, '2024-10-26 21:00:00', '2024-10-26 23:00:00', '2024-10-26 21:00:00', 12.892000, 74.834000, 'Incident reported at Urwa Police Station. Initial investigation launched by IO Anil Gowda.');
INSERT INTO Inv_OccuranceTime (CaseMasterID, IncidentFromDate, IncidentToDate, latitude, longitude, PlaceOfOccurrence) VALUES (333, '2024-10-26 21:00:00', '2024-10-26 23:00:00', 12.892000, 74.834000, 'Near Junction, Urwa');
INSERT INTO ComplainantDetails (ComplainantID, CaseMasterID, ComplainantName, AgeYear, OccupationID, ReligionID, CasteID, GenderID) VALUES (333, 333, 'Eshwar Rao', 40, 2, 1, 1, 1);
INSERT INTO ActSectionAssociation (CaseMasterID, ActID, SectionID, ActOrderID, SectionOrderID) VALUES (333, 'IPC', '379', 1, 1);
INSERT INTO Victim (VictimMasterID, CaseMasterID, VictimName, AgeYear, GenderID, VictimPolice) VALUES (333, 333, 'Rajesh Bhat', 29, 1, '0');
INSERT INTO Accused (AccusedMasterID, CaseMasterID, AccusedName, AgeYear, GenderID, PersonID) VALUES (445, 333, 'Vicky Verma', 42, 1, 'A1');
INSERT INTO Accused (AccusedMasterID, CaseMasterID, AccusedName, AgeYear, GenderID, PersonID) VALUES (446, 333, 'Altaf Khan', 37, 1, 'A2');
INSERT INTO ChargesheetDetails (CSID, CaseMasterID, csdate, cstype, PolicePersonID) VALUES (112, 333, '2024-10-26 21:00:00', 'A', 21);
INSERT INTO CaseMaster (CaseMasterID, CrimeNo, CaseNo, CrimeRegisteredDate, PolicePersonID, PoliceStationID, CaseCategoryID, GravityOffenceID, CrimeMajorHeadID, CrimeMinorHeadID, CaseStatusID, CourtID, IncidentFromDate, IncidentToDate, InfoReceivedPSDate, latitude, longitude, BriefFacts) VALUES (334, '100040012202400334', '202400334', '2024-11-27', 23, 12, 2, 1, 2, 4, 4, 4, '2024-11-27 22:00:00', '2024-11-27 00:00:00', '2024-11-27 22:00:00', 15.356000, 75.145000, 'Incident reported at Suburban Police Station Hubballi. Initial investigation launched by IO Basavaraj Rao.');
INSERT INTO Inv_OccuranceTime (CaseMasterID, IncidentFromDate, IncidentToDate, latitude, longitude, PlaceOfOccurrence) VALUES (334, '2024-11-27 22:00:00', '2024-11-27 00:00:00', 15.356000, 75.145000, 'Near Junction, Suburban Hubballi');
INSERT INTO ComplainantDetails (ComplainantID, CaseMasterID, ComplainantName, AgeYear, OccupationID, ReligionID, CasteID, GenderID) VALUES (334, 334, 'Latha Murthy', 63, 2, 1, 1, 1);
INSERT INTO ActSectionAssociation (CaseMasterID, ActID, SectionID, ActOrderID, SectionOrderID) VALUES (334, 'IPC', '302', 1, 1);
INSERT INTO Victim (VictimMasterID, CaseMasterID, VictimName, AgeYear, GenderID, VictimPolice) VALUES (334, 334, 'Rajesh Rao', 29, 1, '0');
INSERT INTO Accused (AccusedMasterID, CaseMasterID, AccusedName, AgeYear, GenderID, PersonID) VALUES (447, 334, 'Yogesh Khan', 30, 1, 'A1');
INSERT INTO ArrestSurrender (ArrestSurrenderID, CaseMasterID, ArrestSurrenderTypeID, ArrestSurrenderDate, ArrestSurrenderStateId, ArrestSurrenderDistrictId, PoliceStationID, IOID, CourtID, AccusedMasterID, IsAccused, IsComplainantAccused) VALUES (170, 334, 1, '2024-11-27', 1, 4, 12, 23, 4, 447, 1, 0);
INSERT INTO inv_arrestsurrenderaccused (ArrestSurrenderID, AccusedMasterID) VALUES (170, 447);
INSERT INTO CaseMaster (CaseMasterID, CrimeNo, CaseNo, CrimeRegisteredDate, PolicePersonID, PoliceStationID, CaseCategoryID, GravityOffenceID, CrimeMajorHeadID, CrimeMinorHeadID, CaseStatusID, CourtID, IncidentFromDate, IncidentToDate, InfoReceivedPSDate, latitude, longitude, BriefFacts) VALUES (335, '100050016202400335', '202400335', '2024-12-28', 31, 16, 3, 2, 2, 5, 5, 5, '2024-12-28 23:00:00', '2024-12-28 01:00:00', '2024-12-28 23:00:00', 15.849000, 74.513000, 'Incident reported at Tilakwadi Police Station. Initial investigation launched by IO Prakash Patil.');
INSERT INTO Inv_OccuranceTime (CaseMasterID, IncidentFromDate, IncidentToDate, latitude, longitude, PlaceOfOccurrence) VALUES (335, '2024-12-28 23:00:00', '2024-12-28 01:00:00', 15.849000, 74.513000, 'Near Junction, Tilakwadi');
INSERT INTO ComplainantDetails (ComplainantID, CaseMasterID, ComplainantName, AgeYear, OccupationID, ReligionID, CasteID, GenderID) VALUES (335, 335, 'Radha Naik', 44, 2, 1, 1, 1);
INSERT INTO ActSectionAssociation (CaseMasterID, ActID, SectionID, ActOrderID, SectionOrderID) VALUES (335, 'IPC', '302', 1, 1);
INSERT INTO Victim (VictimMasterID, CaseMasterID, VictimName, AgeYear, GenderID, VictimPolice) VALUES (335, 335, 'Rajesh Rao', 45, 1, '0');
INSERT INTO Accused (AccusedMasterID, CaseMasterID, AccusedName, AgeYear, GenderID, PersonID) VALUES (448, 335, 'Pandu Kumar', 27, 1, 'A1');
INSERT INTO CaseMaster (CaseMasterID, CrimeNo, CaseNo, CrimeRegisteredDate, PolicePersonID, PoliceStationID, CaseCategoryID, GravityOffenceID, CrimeMajorHeadID, CrimeMinorHeadID, CaseStatusID, CourtID, IncidentFromDate, IncidentToDate, InfoReceivedPSDate, latitude, longitude, BriefFacts) VALUES (336, '100060018202400336', '202400336', '2024-01-01', 35, 18, 4, 3, 3, 6, 1, 6, '2024-01-01 00:00:00', '2024-01-01 02:00:00', '2024-01-01 00:00:00', 17.335000, 76.840000, 'Incident reported at Station Bazar Police Station. Initial investigation launched by IO Mahesh Bhat.');
INSERT INTO Inv_OccuranceTime (CaseMasterID, IncidentFromDate, IncidentToDate, latitude, longitude, PlaceOfOccurrence) VALUES (336, '2024-01-01 00:00:00', '2024-01-01 02:00:00', 17.335000, 76.840000, 'Near Junction, Station Bazar');
INSERT INTO ComplainantDetails (ComplainantID, CaseMasterID, ComplainantName, AgeYear, OccupationID, ReligionID, CasteID, GenderID) VALUES (336, 336, 'Jagadish Shetty', 33, 2, 1, 1, 1);
INSERT INTO ActSectionAssociation (CaseMasterID, ActID, SectionID, ActOrderID, SectionOrderID) VALUES (336, 'IT_ACT', '66D', 1, 1);
INSERT INTO Victim (VictimMasterID, CaseMasterID, VictimName, AgeYear, GenderID, VictimPolice) VALUES (336, 336, 'Kiran Gowda', 41, 1, '0');
INSERT INTO Accused (AccusedMasterID, CaseMasterID, AccusedName, AgeYear, GenderID, PersonID) VALUES (449, 336, 'Tukaram Kumar', 34, 1, 'A1');
INSERT INTO Accused (AccusedMasterID, CaseMasterID, AccusedName, AgeYear, GenderID, PersonID) VALUES (450, 336, 'Vicky Kumar', 21, 1, 'A2');
INSERT INTO ArrestSurrender (ArrestSurrenderID, CaseMasterID, ArrestSurrenderTypeID, ArrestSurrenderDate, ArrestSurrenderStateId, ArrestSurrenderDistrictId, PoliceStationID, IOID, CourtID, AccusedMasterID, IsAccused, IsComplainantAccused) VALUES (171, 336, 1, '2024-01-01', 1, 6, 18, 35, 6, 449, 1, 0);
INSERT INTO inv_arrestsurrenderaccused (ArrestSurrenderID, AccusedMasterID) VALUES (171, 449);
INSERT INTO inv_arrestsurrenderaccused (ArrestSurrenderID, AccusedMasterID) VALUES (171, 450);
INSERT INTO ChargesheetDetails (CSID, CaseMasterID, csdate, cstype, PolicePersonID) VALUES (113, 336, '2024-01-01 00:00:00', 'A', 35);
INSERT INTO CaseMaster (CaseMasterID, CrimeNo, CaseNo, CrimeRegisteredDate, PolicePersonID, PoliceStationID, CaseCategoryID, GravityOffenceID, CrimeMajorHeadID, CrimeMinorHeadID, CaseStatusID, CourtID, IncidentFromDate, IncidentToDate, InfoReceivedPSDate, latitude, longitude, BriefFacts) VALUES (337, '100010002202400337', '202400337', '2024-02-02', 3, 2, 1, 1, 3, 7, 2, 1, '2024-02-02 01:00:00', '2024-02-02 03:00:00', '2024-02-02 01:00:00', 12.942200, 77.631500, 'Incident reported at Koramangala Police Station. Initial investigation launched by IO Ganesh Nayak.');
INSERT INTO Inv_OccuranceTime (CaseMasterID, IncidentFromDate, IncidentToDate, latitude, longitude, PlaceOfOccurrence) VALUES (337, '2024-02-02 01:00:00', '2024-02-02 03:00:00', 12.942200, 77.631500, 'Near Junction, Koramangala');
INSERT INTO ComplainantDetails (ComplainantID, CaseMasterID, ComplainantName, AgeYear, OccupationID, ReligionID, CasteID, GenderID) VALUES (337, 337, 'Girish Rao', 40, 2, 1, 1, 1);
INSERT INTO ActSectionAssociation (CaseMasterID, ActID, SectionID, ActOrderID, SectionOrderID) VALUES (337, 'IT_ACT', '66D', 1, 1);
INSERT INTO Victim (VictimMasterID, CaseMasterID, VictimName, AgeYear, GenderID, VictimPolice) VALUES (337, 337, 'Ganesh Murthy', 60, 1, '0');
INSERT INTO Accused (AccusedMasterID, CaseMasterID, AccusedName, AgeYear, GenderID, PersonID) VALUES (451, 337, 'Shiva Salim', 42, 1, 'A1');
INSERT INTO CaseMaster (CaseMasterID, CrimeNo, CaseNo, CrimeRegisteredDate, PolicePersonID, PoliceStationID, CaseCategoryID, GravityOffenceID, CrimeMajorHeadID, CrimeMinorHeadID, CaseStatusID, CourtID, IncidentFromDate, IncidentToDate, InfoReceivedPSDate, latitude, longitude, BriefFacts) VALUES (338, '100020007202400338', '202400338', '2024-03-03', 13, 7, 2, 2, 4, 8, 3, 2, '2024-03-03 02:00:00', '2024-03-03 04:00:00', '2024-03-03 02:00:00', 12.320000, 76.666000, 'Incident reported at Lashkar Police Station. Initial investigation launched by IO Anil Kulkarni.');
INSERT INTO Inv_OccuranceTime (CaseMasterID, IncidentFromDate, IncidentToDate, latitude, longitude, PlaceOfOccurrence) VALUES (338, '2024-03-03 02:00:00', '2024-03-03 04:00:00', 12.320000, 76.666000, 'Near Junction, Lashkar');
INSERT INTO ComplainantDetails (ComplainantID, CaseMasterID, ComplainantName, AgeYear, OccupationID, ReligionID, CasteID, GenderID) VALUES (338, 338, 'Chetan Rao', 57, 2, 1, 1, 1);
INSERT INTO ActSectionAssociation (CaseMasterID, ActID, SectionID, ActOrderID, SectionOrderID) VALUES (338, 'IPC', '420', 1, 1);
INSERT INTO Victim (VictimMasterID, CaseMasterID, VictimName, AgeYear, GenderID, VictimPolice) VALUES (338, 338, 'Kiran Kulkarni', 46, 1, '0');
INSERT INTO Accused (AccusedMasterID, CaseMasterID, AccusedName, AgeYear, GenderID, PersonID) VALUES (452, 338, 'Altaf Kumar', 37, 1, 'A1');
INSERT INTO ArrestSurrender (ArrestSurrenderID, CaseMasterID, ArrestSurrenderTypeID, ArrestSurrenderDate, ArrestSurrenderStateId, ArrestSurrenderDistrictId, PoliceStationID, IOID, CourtID, AccusedMasterID, IsAccused, IsComplainantAccused) VALUES (172, 338, 1, '2024-03-03', 1, 2, 7, 13, 2, 452, 1, 0);
INSERT INTO inv_arrestsurrenderaccused (ArrestSurrenderID, AccusedMasterID) VALUES (172, 452);
INSERT INTO CaseMaster (CaseMasterID, CrimeNo, CaseNo, CrimeRegisteredDate, PolicePersonID, PoliceStationID, CaseCategoryID, GravityOffenceID, CrimeMajorHeadID, CrimeMinorHeadID, CaseStatusID, CourtID, IncidentFromDate, IncidentToDate, InfoReceivedPSDate, latitude, longitude, BriefFacts) VALUES (339, '100030011202400339', '202400339', '2024-04-04', 21, 11, 3, 3, 5, 9, 4, 3, '2024-04-04 03:00:00', '2024-04-04 05:00:00', '2024-04-04 03:00:00', 12.898000, 74.840000, 'Incident reported at Urwa Police Station. Initial investigation launched by IO Anil Gowda.');
INSERT INTO Inv_OccuranceTime (CaseMasterID, IncidentFromDate, IncidentToDate, latitude, longitude, PlaceOfOccurrence) VALUES (339, '2024-04-04 03:00:00', '2024-04-04 05:00:00', 12.898000, 74.840000, 'Near Junction, Urwa');
INSERT INTO ComplainantDetails (ComplainantID, CaseMasterID, ComplainantName, AgeYear, OccupationID, ReligionID, CasteID, GenderID) VALUES (339, 339, 'Harish Joshi', 45, 2, 1, 1, 1);
INSERT INTO ActSectionAssociation (CaseMasterID, ActID, SectionID, ActOrderID, SectionOrderID) VALUES (339, 'NDPS', '20', 1, 1);
INSERT INTO Victim (VictimMasterID, CaseMasterID, VictimName, AgeYear, GenderID, VictimPolice) VALUES (339, 339, 'Divya Shetty', 26, 1, '0');
INSERT INTO Accused (AccusedMasterID, CaseMasterID, AccusedName, AgeYear, GenderID, PersonID) VALUES (453, 339, 'Jagga Singh', 36, 1, 'A1');
INSERT INTO Accused (AccusedMasterID, CaseMasterID, AccusedName, AgeYear, GenderID, PersonID) VALUES (454, 339, 'Pandu Pashan', 28, 1, 'A2');
INSERT INTO ChargesheetDetails (CSID, CaseMasterID, csdate, cstype, PolicePersonID) VALUES (114, 339, '2024-04-04 03:00:00', 'A', 21);
INSERT INTO CaseMaster (CaseMasterID, CrimeNo, CaseNo, CrimeRegisteredDate, PolicePersonID, PoliceStationID, CaseCategoryID, GravityOffenceID, CrimeMajorHeadID, CrimeMinorHeadID, CaseStatusID, CourtID, IncidentFromDate, IncidentToDate, InfoReceivedPSDate, latitude, longitude, BriefFacts) VALUES (340, '100010005202400340', '202400340', '2024-05-05', 9, 5, 4, 1, 1, 10, 5, 1, '2024-05-05 04:00:00', '2024-05-05 06:00:00', '2024-05-05 04:00:00', 12.993100, 77.554300, 'Incident reported at Malleshwaram Police Station. Initial investigation launched by IO Santosh Shetty.');
INSERT INTO Inv_OccuranceTime (CaseMasterID, IncidentFromDate, IncidentToDate, latitude, longitude, PlaceOfOccurrence) VALUES (340, '2024-05-05 04:00:00', '2024-05-05 06:00:00', 12.993100, 77.554300, 'Near Junction, Malleshwaram');
INSERT INTO ComplainantDetails (ComplainantID, CaseMasterID, ComplainantName, AgeYear, OccupationID, ReligionID, CasteID, GenderID) VALUES (340, 340, 'Radha Bhat', 27, 2, 1, 1, 1);
INSERT INTO ActSectionAssociation (CaseMasterID, ActID, SectionID, ActOrderID, SectionOrderID) VALUES (340, 'IPC', '379', 1, 1);
INSERT INTO Victim (VictimMasterID, CaseMasterID, VictimName, AgeYear, GenderID, VictimPolice) VALUES (340, 340, 'Chaitra Naik', 54, 1, '0');
INSERT INTO Accused (AccusedMasterID, CaseMasterID, AccusedName, AgeYear, GenderID, PersonID) VALUES (455, 340, 'Syed ''Jaguar'' Imran', 29, 1, 'A1');
INSERT INTO Accused (AccusedMasterID, CaseMasterID, AccusedName, AgeYear, GenderID, PersonID) VALUES (456, 340, 'Kiran ''Bullet'' Gowda', 29, 1, 'A2');
INSERT INTO Accused (AccusedMasterID, CaseMasterID, AccusedName, AgeYear, GenderID, PersonID) VALUES (457, 340, 'Pradeep ''Chotta'' Kumar', 29, 1, 'A3');
INSERT INTO ArrestSurrender (ArrestSurrenderID, CaseMasterID, ArrestSurrenderTypeID, ArrestSurrenderDate, ArrestSurrenderStateId, ArrestSurrenderDistrictId, PoliceStationID, IOID, CourtID, AccusedMasterID, IsAccused, IsComplainantAccused) VALUES (173, 340, 1, '2024-05-05', 1, 1, 5, 9, 1, 455, 1, 0);
INSERT INTO inv_arrestsurrenderaccused (ArrestSurrenderID, AccusedMasterID) VALUES (173, 455);
INSERT INTO inv_arrestsurrenderaccused (ArrestSurrenderID, AccusedMasterID) VALUES (173, 456);
INSERT INTO inv_arrestsurrenderaccused (ArrestSurrenderID, AccusedMasterID) VALUES (173, 457);
INSERT INTO ChargesheetDetails (CSID, CaseMasterID, csdate, cstype, PolicePersonID) VALUES (115, 340, '2024-05-05 04:00:00', 'A', 9);
INSERT INTO CaseMaster (CaseMasterID, CrimeNo, CaseNo, CrimeRegisteredDate, PolicePersonID, PoliceStationID, CaseCategoryID, GravityOffenceID, CrimeMajorHeadID, CrimeMinorHeadID, CaseStatusID, CourtID, IncidentFromDate, IncidentToDate, InfoReceivedPSDate, latitude, longitude, BriefFacts) VALUES (341, '100050016202400341', '202400341', '2024-06-06', 31, 16, 1, 2, 1, 1, 1, 5, '2024-06-06 05:00:00', '2024-06-06 07:00:00', '2024-06-06 05:00:00', 15.835000, 74.499000, 'Incident reported at Tilakwadi Police Station. Initial investigation launched by IO Prakash Patil.');
INSERT INTO Inv_OccuranceTime (CaseMasterID, IncidentFromDate, IncidentToDate, latitude, longitude, PlaceOfOccurrence) VALUES (341, '2024-06-06 05:00:00', '2024-06-06 07:00:00', 15.835000, 74.499000, 'Near Junction, Tilakwadi');
INSERT INTO ComplainantDetails (ComplainantID, CaseMasterID, ComplainantName, AgeYear, OccupationID, ReligionID, CasteID, GenderID) VALUES (341, 341, 'Eshwar Kulkarni', 63, 2, 1, 1, 1);
INSERT INTO ActSectionAssociation (CaseMasterID, ActID, SectionID, ActOrderID, SectionOrderID) VALUES (341, 'IPC', '379', 1, 1);
INSERT INTO Victim (VictimMasterID, CaseMasterID, VictimName, AgeYear, GenderID, VictimPolice) VALUES (341, 341, 'Ganesh Gowda', 58, 1, '0');
INSERT INTO Accused (AccusedMasterID, CaseMasterID, AccusedName, AgeYear, GenderID, PersonID) VALUES (458, 341, 'Imtiaz Pashan', 43, 1, 'A1');
INSERT INTO CaseMaster (CaseMasterID, CrimeNo, CaseNo, CrimeRegisteredDate, PolicePersonID, PoliceStationID, CaseCategoryID, GravityOffenceID, CrimeMajorHeadID, CrimeMinorHeadID, CaseStatusID, CourtID, IncidentFromDate, IncidentToDate, InfoReceivedPSDate, latitude, longitude, BriefFacts) VALUES (342, '100060018202400342', '202400342', '2024-07-07', 35, 18, 2, 3, 1, 2, 2, 6, '2024-07-07 06:00:00', '2024-07-07 08:00:00', '2024-07-07 06:00:00', 17.321000, 76.826000, 'Incident reported at Station Bazar Police Station. Initial investigation launched by IO Mahesh Bhat.');
INSERT INTO Inv_OccuranceTime (CaseMasterID, IncidentFromDate, IncidentToDate, latitude, longitude, PlaceOfOccurrence) VALUES (342, '2024-07-07 06:00:00', '2024-07-07 08:00:00', 17.321000, 76.826000, 'Near Junction, Station Bazar');
INSERT INTO ComplainantDetails (ComplainantID, CaseMasterID, ComplainantName, AgeYear, OccupationID, ReligionID, CasteID, GenderID) VALUES (342, 342, 'Meena Deshpande', 53, 2, 1, 1, 1);
INSERT INTO ActSectionAssociation (CaseMasterID, ActID, SectionID, ActOrderID, SectionOrderID) VALUES (342, 'IPC', '379', 1, 1);
INSERT INTO Victim (VictimMasterID, CaseMasterID, VictimName, AgeYear, GenderID, VictimPolice) VALUES (342, 342, 'Arun Hegde', 45, 1, '0');
INSERT INTO Accused (AccusedMasterID, CaseMasterID, AccusedName, AgeYear, GenderID, PersonID) VALUES (459, 342, 'Pandu Verma', 36, 1, 'A1');
INSERT INTO Accused (AccusedMasterID, CaseMasterID, AccusedName, AgeYear, GenderID, PersonID) VALUES (460, 342, 'Altaf Alias', 27, 1, 'A2');
INSERT INTO ArrestSurrender (ArrestSurrenderID, CaseMasterID, ArrestSurrenderTypeID, ArrestSurrenderDate, ArrestSurrenderStateId, ArrestSurrenderDistrictId, PoliceStationID, IOID, CourtID, AccusedMasterID, IsAccused, IsComplainantAccused) VALUES (174, 342, 1, '2024-07-07', 1, 6, 18, 35, 6, 459, 1, 0);
INSERT INTO inv_arrestsurrenderaccused (ArrestSurrenderID, AccusedMasterID) VALUES (174, 459);
INSERT INTO inv_arrestsurrenderaccused (ArrestSurrenderID, AccusedMasterID) VALUES (174, 460);
INSERT INTO ChargesheetDetails (CSID, CaseMasterID, csdate, cstype, PolicePersonID) VALUES (116, 342, '2024-07-07 06:00:00', 'A', 35);
INSERT INTO CaseMaster (CaseMasterID, CrimeNo, CaseNo, CrimeRegisteredDate, PolicePersonID, PoliceStationID, CaseCategoryID, GravityOffenceID, CrimeMajorHeadID, CrimeMinorHeadID, CaseStatusID, CourtID, IncidentFromDate, IncidentToDate, InfoReceivedPSDate, latitude, longitude, BriefFacts) VALUES (343, '100010003202400343', '202400343', '2024-08-08', 5, 3, 3, 1, 1, 3, 3, 1, '2024-08-08 07:00:00', '2024-08-08 09:00:00', '2024-08-08 07:00:00', 12.962800, 77.742900, 'Incident reported at Whitefield Police Station. Initial investigation launched by IO Sunil Bhat.');
INSERT INTO Inv_OccuranceTime (CaseMasterID, IncidentFromDate, IncidentToDate, latitude, longitude, PlaceOfOccurrence) VALUES (343, '2024-08-08 07:00:00', '2024-08-08 09:00:00', 12.962800, 77.742900, 'Near Junction, Whitefield');
INSERT INTO ComplainantDetails (ComplainantID, CaseMasterID, ComplainantName, AgeYear, OccupationID, ReligionID, CasteID, GenderID) VALUES (343, 343, 'Kavitha Murthy', 34, 2, 1, 1, 1);
INSERT INTO ActSectionAssociation (CaseMasterID, ActID, SectionID, ActOrderID, SectionOrderID) VALUES (343, 'IPC', '379', 1, 1);
INSERT INTO Victim (VictimMasterID, CaseMasterID, VictimName, AgeYear, GenderID, VictimPolice) VALUES (343, 343, 'Ganesh Naik', 57, 1, '0');
INSERT INTO Accused (AccusedMasterID, CaseMasterID, AccusedName, AgeYear, GenderID, PersonID) VALUES (461, 343, 'Tukaram Pashan', 44, 1, 'A1');
INSERT INTO CaseMaster (CaseMasterID, CrimeNo, CaseNo, CrimeRegisteredDate, PolicePersonID, PoliceStationID, CaseCategoryID, GravityOffenceID, CrimeMajorHeadID, CrimeMinorHeadID, CaseStatusID, CourtID, IncidentFromDate, IncidentToDate, InfoReceivedPSDate, latitude, longitude, BriefFacts) VALUES (344, '100020007202400344', '202400344', '2024-09-09', 13, 7, 4, 2, 2, 4, 4, 2, '2024-09-09 08:00:00', '2024-09-09 10:00:00', '2024-09-09 08:00:00', 12.306000, 76.652000, 'Incident reported at Lashkar Police Station. Initial investigation launched by IO Anil Kulkarni.');
INSERT INTO Inv_OccuranceTime (CaseMasterID, IncidentFromDate, IncidentToDate, latitude, longitude, PlaceOfOccurrence) VALUES (344, '2024-09-09 08:00:00', '2024-09-09 10:00:00', 12.306000, 76.652000, 'Near Junction, Lashkar');
INSERT INTO ComplainantDetails (ComplainantID, CaseMasterID, ComplainantName, AgeYear, OccupationID, ReligionID, CasteID, GenderID) VALUES (344, 344, 'Suma Rao', 38, 2, 1, 1, 1);
INSERT INTO ActSectionAssociation (CaseMasterID, ActID, SectionID, ActOrderID, SectionOrderID) VALUES (344, 'IPC', '302', 1, 1);
INSERT INTO Victim (VictimMasterID, CaseMasterID, VictimName, AgeYear, GenderID, VictimPolice) VALUES (344, 344, 'Kiran Joshi', 23, 1, '0');
INSERT INTO Accused (AccusedMasterID, CaseMasterID, AccusedName, AgeYear, GenderID, PersonID) VALUES (462, 344, 'Pandu Kumar', 35, 1, 'A1');
INSERT INTO ArrestSurrender (ArrestSurrenderID, CaseMasterID, ArrestSurrenderTypeID, ArrestSurrenderDate, ArrestSurrenderStateId, ArrestSurrenderDistrictId, PoliceStationID, IOID, CourtID, AccusedMasterID, IsAccused, IsComplainantAccused) VALUES (175, 344, 1, '2024-09-09', 1, 2, 7, 13, 2, 462, 1, 0);
INSERT INTO inv_arrestsurrenderaccused (ArrestSurrenderID, AccusedMasterID) VALUES (175, 462);
INSERT INTO CaseMaster (CaseMasterID, CrimeNo, CaseNo, CrimeRegisteredDate, PolicePersonID, PoliceStationID, CaseCategoryID, GravityOffenceID, CrimeMajorHeadID, CrimeMinorHeadID, CaseStatusID, CourtID, IncidentFromDate, IncidentToDate, InfoReceivedPSDate, latitude, longitude, BriefFacts) VALUES (345, '100030011202400345', '202400345', '2024-10-10', 21, 11, 1, 3, 2, 5, 5, 3, '2024-10-10 09:00:00', '2024-10-10 11:00:00', '2024-10-10 09:00:00', 12.884000, 74.826000, 'Incident reported at Urwa Police Station. Initial investigation launched by IO Anil Gowda.');
INSERT INTO Inv_OccuranceTime (CaseMasterID, IncidentFromDate, IncidentToDate, latitude, longitude, PlaceOfOccurrence) VALUES (345, '2024-10-10 09:00:00', '2024-10-10 11:00:00', 12.884000, 74.826000, 'Near Junction, Urwa');
INSERT INTO ComplainantDetails (ComplainantID, CaseMasterID, ComplainantName, AgeYear, OccupationID, ReligionID, CasteID, GenderID) VALUES (345, 345, 'Bharath Naik', 60, 2, 1, 1, 1);
INSERT INTO ActSectionAssociation (CaseMasterID, ActID, SectionID, ActOrderID, SectionOrderID) VALUES (345, 'IPC', '302', 1, 1);
INSERT INTO Victim (VictimMasterID, CaseMasterID, VictimName, AgeYear, GenderID, VictimPolice) VALUES (345, 345, 'Sangeetha Gowda', 34, 1, '0');
INSERT INTO Accused (AccusedMasterID, CaseMasterID, AccusedName, AgeYear, GenderID, PersonID) VALUES (463, 345, 'Imtiaz Khan', 37, 1, 'A1');
INSERT INTO Accused (AccusedMasterID, CaseMasterID, AccusedName, AgeYear, GenderID, PersonID) VALUES (464, 345, 'Vicky Pashan', 23, 1, 'A2');
INSERT INTO ChargesheetDetails (CSID, CaseMasterID, csdate, cstype, PolicePersonID) VALUES (117, 345, '2024-10-10 09:00:00', 'A', 21);
INSERT INTO CaseMaster (CaseMasterID, CrimeNo, CaseNo, CrimeRegisteredDate, PolicePersonID, PoliceStationID, CaseCategoryID, GravityOffenceID, CrimeMajorHeadID, CrimeMinorHeadID, CaseStatusID, CourtID, IncidentFromDate, IncidentToDate, InfoReceivedPSDate, latitude, longitude, BriefFacts) VALUES (346, '100040012202400346', '202400346', '2024-11-11', 23, 12, 2, 1, 3, 6, 1, 4, '2024-11-11 10:00:00', '2024-11-11 12:00:00', '2024-11-11 10:00:00', 15.348000, 75.137000, 'Incident reported at Suburban Police Station Hubballi. Initial investigation launched by IO Basavaraj Rao.');
INSERT INTO Inv_OccuranceTime (CaseMasterID, IncidentFromDate, IncidentToDate, latitude, longitude, PlaceOfOccurrence) VALUES (346, '2024-11-11 10:00:00', '2024-11-11 12:00:00', 15.348000, 75.137000, 'Near Junction, Suburban Hubballi');
INSERT INTO ComplainantDetails (ComplainantID, CaseMasterID, ComplainantName, AgeYear, OccupationID, ReligionID, CasteID, GenderID) VALUES (346, 346, 'Bharath Hegde', 27, 2, 1, 1, 1);
INSERT INTO ActSectionAssociation (CaseMasterID, ActID, SectionID, ActOrderID, SectionOrderID) VALUES (346, 'IT_ACT', '66D', 1, 1);
INSERT INTO Victim (VictimMasterID, CaseMasterID, VictimName, AgeYear, GenderID, VictimPolice) VALUES (346, 346, 'Chaitra Deshpande', 56, 1, '0');
INSERT INTO Accused (AccusedMasterID, CaseMasterID, AccusedName, AgeYear, GenderID, PersonID) VALUES (465, 346, 'Raja Alias', 39, 1, 'A1');
INSERT INTO ArrestSurrender (ArrestSurrenderID, CaseMasterID, ArrestSurrenderTypeID, ArrestSurrenderDate, ArrestSurrenderStateId, ArrestSurrenderDistrictId, PoliceStationID, IOID, CourtID, AccusedMasterID, IsAccused, IsComplainantAccused) VALUES (176, 346, 1, '2024-11-11', 1, 4, 12, 23, 4, 465, 1, 0);
INSERT INTO inv_arrestsurrenderaccused (ArrestSurrenderID, AccusedMasterID) VALUES (176, 465);
INSERT INTO CaseMaster (CaseMasterID, CrimeNo, CaseNo, CrimeRegisteredDate, PolicePersonID, PoliceStationID, CaseCategoryID, GravityOffenceID, CrimeMajorHeadID, CrimeMinorHeadID, CaseStatusID, CourtID, IncidentFromDate, IncidentToDate, InfoReceivedPSDate, latitude, longitude, BriefFacts) VALUES (347, '100050016202400347', '202400347', '2024-12-12', 31, 16, 3, 2, 3, 7, 2, 5, '2024-12-12 11:00:00', '2024-12-12 13:00:00', '2024-12-12 11:00:00', 15.841000, 74.505000, 'Incident reported at Tilakwadi Police Station. Initial investigation launched by IO Prakash Patil.');
INSERT INTO Inv_OccuranceTime (CaseMasterID, IncidentFromDate, IncidentToDate, latitude, longitude, PlaceOfOccurrence) VALUES (347, '2024-12-12 11:00:00', '2024-12-12 13:00:00', 15.841000, 74.505000, 'Near Junction, Tilakwadi');
INSERT INTO ComplainantDetails (ComplainantID, CaseMasterID, ComplainantName, AgeYear, OccupationID, ReligionID, CasteID, GenderID) VALUES (347, 347, 'Nandini Kulkarni', 50, 2, 1, 1, 1);
INSERT INTO ActSectionAssociation (CaseMasterID, ActID, SectionID, ActOrderID, SectionOrderID) VALUES (347, 'IT_ACT', '66D', 1, 1);
INSERT INTO Victim (VictimMasterID, CaseMasterID, VictimName, AgeYear, GenderID, VictimPolice) VALUES (347, 347, 'Sangeetha Rao', 49, 1, '0');
INSERT INTO Accused (AccusedMasterID, CaseMasterID, AccusedName, AgeYear, GenderID, PersonID) VALUES (466, 347, 'Dharma Reddy', 42, 1, 'A1');
INSERT INTO CaseMaster (CaseMasterID, CrimeNo, CaseNo, CrimeRegisteredDate, PolicePersonID, PoliceStationID, CaseCategoryID, GravityOffenceID, CrimeMajorHeadID, CrimeMinorHeadID, CaseStatusID, CourtID, IncidentFromDate, IncidentToDate, InfoReceivedPSDate, latitude, longitude, BriefFacts) VALUES (348, '100060018202400348', '202400348', '2024-01-13', 35, 18, 4, 3, 4, 8, 3, 6, '2024-01-13 12:00:00', '2024-01-13 14:00:00', '2024-01-13 12:00:00', 17.327000, 76.832000, 'Incident reported at Station Bazar Police Station. Initial investigation launched by IO Mahesh Bhat.');
INSERT INTO Inv_OccuranceTime (CaseMasterID, IncidentFromDate, IncidentToDate, latitude, longitude, PlaceOfOccurrence) VALUES (348, '2024-01-13 12:00:00', '2024-01-13 14:00:00', 17.327000, 76.832000, 'Near Junction, Station Bazar');
INSERT INTO ComplainantDetails (ComplainantID, CaseMasterID, ComplainantName, AgeYear, OccupationID, ReligionID, CasteID, GenderID) VALUES (348, 348, 'Latha Joshi', 62, 2, 1, 1, 1);
INSERT INTO ActSectionAssociation (CaseMasterID, ActID, SectionID, ActOrderID, SectionOrderID) VALUES (348, 'IPC', '420', 1, 1);
INSERT INTO Victim (VictimMasterID, CaseMasterID, VictimName, AgeYear, GenderID, VictimPolice) VALUES (348, 348, 'Arun Rao', 33, 1, '0');
INSERT INTO Accused (AccusedMasterID, CaseMasterID, AccusedName, AgeYear, GenderID, PersonID) VALUES (467, 348, 'Altaf Pashan', 26, 1, 'A1');
INSERT INTO Accused (AccusedMasterID, CaseMasterID, AccusedName, AgeYear, GenderID, PersonID) VALUES (468, 348, 'Altaf Verma', 30, 1, 'A2');
INSERT INTO ArrestSurrender (ArrestSurrenderID, CaseMasterID, ArrestSurrenderTypeID, ArrestSurrenderDate, ArrestSurrenderStateId, ArrestSurrenderDistrictId, PoliceStationID, IOID, CourtID, AccusedMasterID, IsAccused, IsComplainantAccused) VALUES (177, 348, 1, '2024-01-13', 1, 6, 18, 35, 6, 467, 1, 0);
INSERT INTO inv_arrestsurrenderaccused (ArrestSurrenderID, AccusedMasterID) VALUES (177, 467);
INSERT INTO inv_arrestsurrenderaccused (ArrestSurrenderID, AccusedMasterID) VALUES (177, 468);
INSERT INTO ChargesheetDetails (CSID, CaseMasterID, csdate, cstype, PolicePersonID) VALUES (118, 348, '2024-01-13 12:00:00', 'A', 35);
INSERT INTO CaseMaster (CaseMasterID, CrimeNo, CaseNo, CrimeRegisteredDate, PolicePersonID, PoliceStationID, CaseCategoryID, GravityOffenceID, CrimeMajorHeadID, CrimeMinorHeadID, CaseStatusID, CourtID, IncidentFromDate, IncidentToDate, InfoReceivedPSDate, latitude, longitude, BriefFacts) VALUES (349, '100010004202400349', '202400349', '2024-02-14', 7, 4, 1, 1, 5, 9, 4, 1, '2024-02-14 13:00:00', '2024-02-14 15:00:00', '2024-02-14 13:00:00', 12.924000, 77.592800, 'Incident reported at Jayanagar Police Station. Initial investigation launched by IO Vijay Kulkarni.');
INSERT INTO Inv_OccuranceTime (CaseMasterID, IncidentFromDate, IncidentToDate, latitude, longitude, PlaceOfOccurrence) VALUES (349, '2024-02-14 13:00:00', '2024-02-14 15:00:00', 12.924000, 77.592800, 'Near Junction, Jayanagar');
INSERT INTO ComplainantDetails (ComplainantID, CaseMasterID, ComplainantName, AgeYear, OccupationID, ReligionID, CasteID, GenderID) VALUES (349, 349, 'Deepak Murthy', 28, 2, 1, 1, 1);
INSERT INTO ActSectionAssociation (CaseMasterID, ActID, SectionID, ActOrderID, SectionOrderID) VALUES (349, 'NDPS', '20', 1, 1);
INSERT INTO Victim (VictimMasterID, CaseMasterID, VictimName, AgeYear, GenderID, VictimPolice) VALUES (349, 349, 'Nikhil Shetty', 40, 1, '0');
INSERT INTO Accused (AccusedMasterID, CaseMasterID, AccusedName, AgeYear, GenderID, PersonID) VALUES (469, 349, 'Altaf Verma', 41, 1, 'A1');
INSERT INTO CaseMaster (CaseMasterID, CrimeNo, CaseNo, CrimeRegisteredDate, PolicePersonID, PoliceStationID, CaseCategoryID, GravityOffenceID, CrimeMajorHeadID, CrimeMinorHeadID, CaseStatusID, CourtID, IncidentFromDate, IncidentToDate, InfoReceivedPSDate, latitude, longitude, BriefFacts) VALUES (350, '100020007202400350', '202400350', '2024-03-15', 13, 7, 2, 2, 1, 10, 5, 2, '2024-03-15 14:00:00', '2024-03-15 16:00:00', '2024-03-15 14:00:00', 12.312000, 76.658000, 'Incident reported at Lashkar Police Station. Initial investigation launched by IO Anil Kulkarni.');
INSERT INTO Inv_OccuranceTime (CaseMasterID, IncidentFromDate, IncidentToDate, latitude, longitude, PlaceOfOccurrence) VALUES (350, '2024-03-15 14:00:00', '2024-03-15 16:00:00', 12.312000, 76.658000, 'Near Junction, Lashkar');
INSERT INTO ComplainantDetails (ComplainantID, CaseMasterID, ComplainantName, AgeYear, OccupationID, ReligionID, CasteID, GenderID) VALUES (350, 350, 'Eshwar Bhat', 58, 2, 1, 1, 1);
INSERT INTO ActSectionAssociation (CaseMasterID, ActID, SectionID, ActOrderID, SectionOrderID) VALUES (350, 'IPC', '379', 1, 1);
INSERT INTO Victim (VictimMasterID, CaseMasterID, VictimName, AgeYear, GenderID, VictimPolice) VALUES (350, 350, 'Divya Deshpande', 29, 1, '0');
INSERT INTO Accused (AccusedMasterID, CaseMasterID, AccusedName, AgeYear, GenderID, PersonID) VALUES (470, 350, 'Pandu Verma', 41, 1, 'A1');
INSERT INTO ArrestSurrender (ArrestSurrenderID, CaseMasterID, ArrestSurrenderTypeID, ArrestSurrenderDate, ArrestSurrenderStateId, ArrestSurrenderDistrictId, PoliceStationID, IOID, CourtID, AccusedMasterID, IsAccused, IsComplainantAccused) VALUES (178, 350, 1, '2024-03-15', 1, 2, 7, 13, 2, 470, 1, 0);
INSERT INTO inv_arrestsurrenderaccused (ArrestSurrenderID, AccusedMasterID) VALUES (178, 470);
INSERT INTO CaseMaster (CaseMasterID, CrimeNo, CaseNo, CrimeRegisteredDate, PolicePersonID, PoliceStationID, CaseCategoryID, GravityOffenceID, CrimeMajorHeadID, CrimeMinorHeadID, CaseStatusID, CourtID, IncidentFromDate, IncidentToDate, InfoReceivedPSDate, latitude, longitude, BriefFacts) VALUES (351, '100030011202400351', '202400351', '2024-04-16', 21, 11, 3, 3, 1, 1, 1, 3, '2024-04-16 15:00:00', '2024-04-16 17:00:00', '2024-04-16 15:00:00', 12.890000, 74.832000, 'Incident reported at Urwa Police Station. Initial investigation launched by IO Anil Gowda.');
INSERT INTO Inv_OccuranceTime (CaseMasterID, IncidentFromDate, IncidentToDate, latitude, longitude, PlaceOfOccurrence) VALUES (351, '2024-04-16 15:00:00', '2024-04-16 17:00:00', 12.890000, 74.832000, 'Near Junction, Urwa');
INSERT INTO ComplainantDetails (ComplainantID, CaseMasterID, ComplainantName, AgeYear, OccupationID, ReligionID, CasteID, GenderID) VALUES (351, 351, 'Nandini Bhat', 31, 2, 1, 1, 1);
INSERT INTO ActSectionAssociation (CaseMasterID, ActID, SectionID, ActOrderID, SectionOrderID) VALUES (351, 'IPC', '379', 1, 1);
INSERT INTO Victim (VictimMasterID, CaseMasterID, VictimName, AgeYear, GenderID, VictimPolice) VALUES (351, 351, 'Ganesh Rao', 45, 1, '0');
INSERT INTO Accused (AccusedMasterID, CaseMasterID, AccusedName, AgeYear, GenderID, PersonID) VALUES (471, 351, 'Tukaram Singh', 30, 1, 'A1');
INSERT INTO Accused (AccusedMasterID, CaseMasterID, AccusedName, AgeYear, GenderID, PersonID) VALUES (472, 351, 'Babloo Verma', 32, 1, 'A2');
INSERT INTO ChargesheetDetails (CSID, CaseMasterID, csdate, cstype, PolicePersonID) VALUES (119, 351, '2024-04-16 15:00:00', 'A', 21);
INSERT INTO CaseMaster (CaseMasterID, CrimeNo, CaseNo, CrimeRegisteredDate, PolicePersonID, PoliceStationID, CaseCategoryID, GravityOffenceID, CrimeMajorHeadID, CrimeMinorHeadID, CaseStatusID, CourtID, IncidentFromDate, IncidentToDate, InfoReceivedPSDate, latitude, longitude, BriefFacts) VALUES (352, '100040012202400352', '202400352', '2024-05-17', 23, 12, 4, 1, 1, 2, 2, 4, '2024-05-17 16:00:00', '2024-05-17 18:00:00', '2024-05-17 16:00:00', 15.354000, 75.143000, 'Incident reported at Suburban Police Station Hubballi. Initial investigation launched by IO Basavaraj Rao.');
INSERT INTO Inv_OccuranceTime (CaseMasterID, IncidentFromDate, IncidentToDate, latitude, longitude, PlaceOfOccurrence) VALUES (352, '2024-05-17 16:00:00', '2024-05-17 18:00:00', 15.354000, 75.143000, 'Near Junction, Suburban Hubballi');
INSERT INTO ComplainantDetails (ComplainantID, CaseMasterID, ComplainantName, AgeYear, OccupationID, ReligionID, CasteID, GenderID) VALUES (352, 352, 'Latha Hegde', 47, 2, 1, 1, 1);
INSERT INTO ActSectionAssociation (CaseMasterID, ActID, SectionID, ActOrderID, SectionOrderID) VALUES (352, 'IPC', '379', 1, 1);
INSERT INTO Victim (VictimMasterID, CaseMasterID, VictimName, AgeYear, GenderID, VictimPolice) VALUES (352, 352, 'Kiran Joshi', 35, 1, '0');
INSERT INTO Accused (AccusedMasterID, CaseMasterID, AccusedName, AgeYear, GenderID, PersonID) VALUES (473, 352, 'Shiva Salim', 31, 1, 'A1');
INSERT INTO ArrestSurrender (ArrestSurrenderID, CaseMasterID, ArrestSurrenderTypeID, ArrestSurrenderDate, ArrestSurrenderStateId, ArrestSurrenderDistrictId, PoliceStationID, IOID, CourtID, AccusedMasterID, IsAccused, IsComplainantAccused) VALUES (179, 352, 1, '2024-05-17', 1, 4, 12, 23, 4, 473, 1, 0);
INSERT INTO inv_arrestsurrenderaccused (ArrestSurrenderID, AccusedMasterID) VALUES (179, 473);
INSERT INTO CaseMaster (CaseMasterID, CrimeNo, CaseNo, CrimeRegisteredDate, PolicePersonID, PoliceStationID, CaseCategoryID, GravityOffenceID, CrimeMajorHeadID, CrimeMinorHeadID, CaseStatusID, CourtID, IncidentFromDate, IncidentToDate, InfoReceivedPSDate, latitude, longitude, BriefFacts) VALUES (353, '100050016202400353', '202400353', '2024-06-18', 31, 16, 1, 2, 1, 3, 3, 5, '2024-06-18 17:00:00', '2024-06-18 19:00:00', '2024-06-18 17:00:00', 15.847000, 74.511000, 'Incident reported at Tilakwadi Police Station. Initial investigation launched by IO Prakash Patil.');
INSERT INTO Inv_OccuranceTime (CaseMasterID, IncidentFromDate, IncidentToDate, latitude, longitude, PlaceOfOccurrence) VALUES (353, '2024-06-18 17:00:00', '2024-06-18 19:00:00', 15.847000, 74.511000, 'Near Junction, Tilakwadi');
INSERT INTO ComplainantDetails (ComplainantID, CaseMasterID, ComplainantName, AgeYear, OccupationID, ReligionID, CasteID, GenderID) VALUES (353, 353, 'Jagadish Joshi', 49, 2, 1, 1, 1);
INSERT INTO ActSectionAssociation (CaseMasterID, ActID, SectionID, ActOrderID, SectionOrderID) VALUES (353, 'IPC', '379', 1, 1);
INSERT INTO Victim (VictimMasterID, CaseMasterID, VictimName, AgeYear, GenderID, VictimPolice) VALUES (353, 353, 'Divya Kulkarni', 38, 1, '0');
INSERT INTO Accused (AccusedMasterID, CaseMasterID, AccusedName, AgeYear, GenderID, PersonID) VALUES (474, 353, 'Shiva Salim', 41, 1, 'A1');
INSERT INTO CaseMaster (CaseMasterID, CrimeNo, CaseNo, CrimeRegisteredDate, PolicePersonID, PoliceStationID, CaseCategoryID, GravityOffenceID, CrimeMajorHeadID, CrimeMinorHeadID, CaseStatusID, CourtID, IncidentFromDate, IncidentToDate, InfoReceivedPSDate, latitude, longitude, BriefFacts) VALUES (354, '100060018202400354', '202400354', '2024-07-19', 35, 18, 2, 3, 2, 4, 4, 6, '2024-07-19 18:00:00', '2024-07-19 20:00:00', '2024-07-19 18:00:00', 17.333000, 76.838000, 'Incident reported at Station Bazar Police Station. Initial investigation launched by IO Mahesh Bhat.');
INSERT INTO Inv_OccuranceTime (CaseMasterID, IncidentFromDate, IncidentToDate, latitude, longitude, PlaceOfOccurrence) VALUES (354, '2024-07-19 18:00:00', '2024-07-19 20:00:00', 17.333000, 76.838000, 'Near Junction, Station Bazar');
INSERT INTO ComplainantDetails (ComplainantID, CaseMasterID, ComplainantName, AgeYear, OccupationID, ReligionID, CasteID, GenderID) VALUES (354, 354, 'Jagadish Bhat', 52, 2, 1, 1, 1);
INSERT INTO ActSectionAssociation (CaseMasterID, ActID, SectionID, ActOrderID, SectionOrderID) VALUES (354, 'IPC', '302', 1, 1);
INSERT INTO Victim (VictimMasterID, CaseMasterID, VictimName, AgeYear, GenderID, VictimPolice) VALUES (354, 354, 'Nikhil Joshi', 31, 1, '0');
INSERT INTO Accused (AccusedMasterID, CaseMasterID, AccusedName, AgeYear, GenderID, PersonID) VALUES (475, 354, 'Yogesh Verma', 34, 1, 'A1');
INSERT INTO Accused (AccusedMasterID, CaseMasterID, AccusedName, AgeYear, GenderID, PersonID) VALUES (476, 354, 'Altaf Kumar', 44, 1, 'A2');
INSERT INTO ArrestSurrender (ArrestSurrenderID, CaseMasterID, ArrestSurrenderTypeID, ArrestSurrenderDate, ArrestSurrenderStateId, ArrestSurrenderDistrictId, PoliceStationID, IOID, CourtID, AccusedMasterID, IsAccused, IsComplainantAccused) VALUES (180, 354, 1, '2024-07-19', 1, 6, 18, 35, 6, 475, 1, 0);
INSERT INTO inv_arrestsurrenderaccused (ArrestSurrenderID, AccusedMasterID) VALUES (180, 475);
INSERT INTO inv_arrestsurrenderaccused (ArrestSurrenderID, AccusedMasterID) VALUES (180, 476);
INSERT INTO ChargesheetDetails (CSID, CaseMasterID, csdate, cstype, PolicePersonID) VALUES (120, 354, '2024-07-19 18:00:00', 'A', 35);
INSERT INTO CaseMaster (CaseMasterID, CrimeNo, CaseNo, CrimeRegisteredDate, PolicePersonID, PoliceStationID, CaseCategoryID, GravityOffenceID, CrimeMajorHeadID, CrimeMinorHeadID, CaseStatusID, CourtID, IncidentFromDate, IncidentToDate, InfoReceivedPSDate, latitude, longitude, BriefFacts) VALUES (355, '100010005202400355', '202400355', '2024-08-20', 9, 5, 3, 1, 2, 5, 5, 1, '2024-08-20 19:00:00', '2024-08-20 21:00:00', '2024-08-20 19:00:00', 13.008100, 77.569300, 'Incident reported at Malleshwaram Police Station. Initial investigation launched by IO Santosh Shetty.');
INSERT INTO Inv_OccuranceTime (CaseMasterID, IncidentFromDate, IncidentToDate, latitude, longitude, PlaceOfOccurrence) VALUES (355, '2024-08-20 19:00:00', '2024-08-20 21:00:00', 13.008100, 77.569300, 'Near Junction, Malleshwaram');
INSERT INTO ComplainantDetails (ComplainantID, CaseMasterID, ComplainantName, AgeYear, OccupationID, ReligionID, CasteID, GenderID) VALUES (355, 355, 'Deepak Gowda', 60, 2, 1, 1, 1);
INSERT INTO ActSectionAssociation (CaseMasterID, ActID, SectionID, ActOrderID, SectionOrderID) VALUES (355, 'IPC', '302', 1, 1);
INSERT INTO Victim (VictimMasterID, CaseMasterID, VictimName, AgeYear, GenderID, VictimPolice) VALUES (355, 355, 'Kiran Bhat', 55, 1, '0');
INSERT INTO Accused (AccusedMasterID, CaseMasterID, AccusedName, AgeYear, GenderID, PersonID) VALUES (477, 355, 'Pandu Pashan', 26, 1, 'A1');
INSERT INTO CaseMaster (CaseMasterID, CrimeNo, CaseNo, CrimeRegisteredDate, PolicePersonID, PoliceStationID, CaseCategoryID, GravityOffenceID, CrimeMajorHeadID, CrimeMinorHeadID, CaseStatusID, CourtID, IncidentFromDate, IncidentToDate, InfoReceivedPSDate, latitude, longitude, BriefFacts) VALUES (356, '100020007202400356', '202400356', '2024-09-21', 13, 7, 4, 2, 3, 6, 1, 2, '2024-09-21 20:00:00', '2024-09-21 22:00:00', '2024-09-21 20:00:00', 12.318000, 76.664000, 'Incident reported at Lashkar Police Station. Initial investigation launched by IO Anil Kulkarni.');
INSERT INTO Inv_OccuranceTime (CaseMasterID, IncidentFromDate, IncidentToDate, latitude, longitude, PlaceOfOccurrence) VALUES (356, '2024-09-21 20:00:00', '2024-09-21 22:00:00', 12.318000, 76.664000, 'Near Junction, Lashkar');
INSERT INTO ComplainantDetails (ComplainantID, CaseMasterID, ComplainantName, AgeYear, OccupationID, ReligionID, CasteID, GenderID) VALUES (356, 356, 'Girish Bhat', 27, 2, 1, 1, 1);
INSERT INTO ActSectionAssociation (CaseMasterID, ActID, SectionID, ActOrderID, SectionOrderID) VALUES (356, 'IT_ACT', '66D', 1, 1);
INSERT INTO Victim (VictimMasterID, CaseMasterID, VictimName, AgeYear, GenderID, VictimPolice) VALUES (356, 356, 'Kiran Deshpande', 43, 1, '0');
INSERT INTO Accused (AccusedMasterID, CaseMasterID, AccusedName, AgeYear, GenderID, PersonID) VALUES (478, 356, 'Mantu Alias', 28, 1, 'A1');
INSERT INTO ArrestSurrender (ArrestSurrenderID, CaseMasterID, ArrestSurrenderTypeID, ArrestSurrenderDate, ArrestSurrenderStateId, ArrestSurrenderDistrictId, PoliceStationID, IOID, CourtID, AccusedMasterID, IsAccused, IsComplainantAccused) VALUES (181, 356, 1, '2024-09-21', 1, 2, 7, 13, 2, 478, 1, 0);
INSERT INTO inv_arrestsurrenderaccused (ArrestSurrenderID, AccusedMasterID) VALUES (181, 478);
INSERT INTO CaseMaster (CaseMasterID, CrimeNo, CaseNo, CrimeRegisteredDate, PolicePersonID, PoliceStationID, CaseCategoryID, GravityOffenceID, CrimeMajorHeadID, CrimeMinorHeadID, CaseStatusID, CourtID, IncidentFromDate, IncidentToDate, InfoReceivedPSDate, latitude, longitude, BriefFacts) VALUES (357, '100030011202400357', '202400357', '2024-10-22', 21, 11, 1, 3, 3, 7, 2, 3, '2024-10-22 21:00:00', '2024-10-22 23:00:00', '2024-10-22 21:00:00', 12.896000, 74.838000, 'Incident reported at Urwa Police Station. Initial investigation launched by IO Anil Gowda.');
INSERT INTO Inv_OccuranceTime (CaseMasterID, IncidentFromDate, IncidentToDate, latitude, longitude, PlaceOfOccurrence) VALUES (357, '2024-10-22 21:00:00', '2024-10-22 23:00:00', 12.896000, 74.838000, 'Near Junction, Urwa');
INSERT INTO ComplainantDetails (ComplainantID, CaseMasterID, ComplainantName, AgeYear, OccupationID, ReligionID, CasteID, GenderID) VALUES (357, 357, 'Pooja Kulkarni', 57, 2, 1, 1, 1);
INSERT INTO ActSectionAssociation (CaseMasterID, ActID, SectionID, ActOrderID, SectionOrderID) VALUES (357, 'IT_ACT', '66D', 1, 1);
INSERT INTO Victim (VictimMasterID, CaseMasterID, VictimName, AgeYear, GenderID, VictimPolice) VALUES (357, 357, 'Rajesh Joshi', 36, 1, '0');
INSERT INTO Accused (AccusedMasterID, CaseMasterID, AccusedName, AgeYear, GenderID, PersonID) VALUES (479, 357, 'Pandu Salim', 45, 1, 'A1');
INSERT INTO Accused (AccusedMasterID, CaseMasterID, AccusedName, AgeYear, GenderID, PersonID) VALUES (480, 357, 'Tukaram Khan', 37, 1, 'A2');
INSERT INTO ChargesheetDetails (CSID, CaseMasterID, csdate, cstype, PolicePersonID) VALUES (121, 357, '2024-10-22 21:00:00', 'A', 21);
INSERT INTO CaseMaster (CaseMasterID, CrimeNo, CaseNo, CrimeRegisteredDate, PolicePersonID, PoliceStationID, CaseCategoryID, GravityOffenceID, CrimeMajorHeadID, CrimeMinorHeadID, CaseStatusID, CourtID, IncidentFromDate, IncidentToDate, InfoReceivedPSDate, latitude, longitude, BriefFacts) VALUES (358, '100040012202400358', '202400358', '2024-11-23', 23, 12, 2, 1, 4, 8, 3, 4, '2024-11-23 22:00:00', '2024-11-23 00:00:00', '2024-11-23 22:00:00', 15.360000, 75.149000, 'Incident reported at Suburban Police Station Hubballi. Initial investigation launched by IO Basavaraj Rao.');
INSERT INTO Inv_OccuranceTime (CaseMasterID, IncidentFromDate, IncidentToDate, latitude, longitude, PlaceOfOccurrence) VALUES (358, '2024-11-23 22:00:00', '2024-11-23 00:00:00', 15.360000, 75.149000, 'Near Junction, Suburban Hubballi');
INSERT INTO ComplainantDetails (ComplainantID, CaseMasterID, ComplainantName, AgeYear, OccupationID, ReligionID, CasteID, GenderID) VALUES (358, 358, 'Chetan Deshpande', 45, 2, 1, 1, 1);
INSERT INTO ActSectionAssociation (CaseMasterID, ActID, SectionID, ActOrderID, SectionOrderID) VALUES (358, 'IPC', '420', 1, 1);
INSERT INTO Victim (VictimMasterID, CaseMasterID, VictimName, AgeYear, GenderID, VictimPolice) VALUES (358, 358, 'Chaitra Bhat', 47, 1, '0');
INSERT INTO Accused (AccusedMasterID, CaseMasterID, AccusedName, AgeYear, GenderID, PersonID) VALUES (481, 358, 'Babloo Verma', 41, 1, 'A1');
INSERT INTO ArrestSurrender (ArrestSurrenderID, CaseMasterID, ArrestSurrenderTypeID, ArrestSurrenderDate, ArrestSurrenderStateId, ArrestSurrenderDistrictId, PoliceStationID, IOID, CourtID, AccusedMasterID, IsAccused, IsComplainantAccused) VALUES (182, 358, 1, '2024-11-23', 1, 4, 12, 23, 4, 481, 1, 0);
INSERT INTO inv_arrestsurrenderaccused (ArrestSurrenderID, AccusedMasterID) VALUES (182, 481);
INSERT INTO CaseMaster (CaseMasterID, CrimeNo, CaseNo, CrimeRegisteredDate, PolicePersonID, PoliceStationID, CaseCategoryID, GravityOffenceID, CrimeMajorHeadID, CrimeMinorHeadID, CaseStatusID, CourtID, IncidentFromDate, IncidentToDate, InfoReceivedPSDate, latitude, longitude, BriefFacts) VALUES (359, '100050016202400359', '202400359', '2024-12-24', 31, 16, 3, 2, 5, 9, 4, 5, '2024-12-24 23:00:00', '2024-12-24 01:00:00', '2024-12-24 23:00:00', 15.853000, 74.517000, 'Incident reported at Tilakwadi Police Station. Initial investigation launched by IO Prakash Patil.');
INSERT INTO Inv_OccuranceTime (CaseMasterID, IncidentFromDate, IncidentToDate, latitude, longitude, PlaceOfOccurrence) VALUES (359, '2024-12-24 23:00:00', '2024-12-24 01:00:00', 15.853000, 74.517000, 'Near Junction, Tilakwadi');
INSERT INTO ComplainantDetails (ComplainantID, CaseMasterID, ComplainantName, AgeYear, OccupationID, ReligionID, CasteID, GenderID) VALUES (359, 359, 'Girish Deshpande', 43, 2, 1, 1, 1);
INSERT INTO ActSectionAssociation (CaseMasterID, ActID, SectionID, ActOrderID, SectionOrderID) VALUES (359, 'NDPS', '20', 1, 1);
INSERT INTO Victim (VictimMasterID, CaseMasterID, VictimName, AgeYear, GenderID, VictimPolice) VALUES (359, 359, 'Bhavya Deshpande', 48, 1, '0');
INSERT INTO Accused (AccusedMasterID, CaseMasterID, AccusedName, AgeYear, GenderID, PersonID) VALUES (482, 359, 'Tukaram Kumar', 30, 1, 'A1');
INSERT INTO CaseMaster (CaseMasterID, CrimeNo, CaseNo, CrimeRegisteredDate, PolicePersonID, PoliceStationID, CaseCategoryID, GravityOffenceID, CrimeMajorHeadID, CrimeMinorHeadID, CaseStatusID, CourtID, IncidentFromDate, IncidentToDate, InfoReceivedPSDate, latitude, longitude, BriefFacts) VALUES (360, '100060018202400360', '202400360', '2024-01-25', 35, 18, 4, 3, 1, 10, 5, 6, '2024-01-25 00:00:00', '2024-01-25 02:00:00', '2024-01-25 00:00:00', 17.319000, 76.824000, 'Incident reported at Station Bazar Police Station. Initial investigation launched by IO Mahesh Bhat.');
INSERT INTO Inv_OccuranceTime (CaseMasterID, IncidentFromDate, IncidentToDate, latitude, longitude, PlaceOfOccurrence) VALUES (360, '2024-01-25 00:00:00', '2024-01-25 02:00:00', 17.319000, 76.824000, 'Near Junction, Station Bazar');
INSERT INTO ComplainantDetails (ComplainantID, CaseMasterID, ComplainantName, AgeYear, OccupationID, ReligionID, CasteID, GenderID) VALUES (360, 360, 'Girish Deshpande', 43, 2, 1, 1, 1);
INSERT INTO ActSectionAssociation (CaseMasterID, ActID, SectionID, ActOrderID, SectionOrderID) VALUES (360, 'IPC', '379', 1, 1);
INSERT INTO Victim (VictimMasterID, CaseMasterID, VictimName, AgeYear, GenderID, VictimPolice) VALUES (360, 360, 'Chaitra Joshi', 36, 1, '0');
INSERT INTO Accused (AccusedMasterID, CaseMasterID, AccusedName, AgeYear, GenderID, PersonID) VALUES (483, 360, 'Pandu Reddy', 38, 1, 'A1');
INSERT INTO Accused (AccusedMasterID, CaseMasterID, AccusedName, AgeYear, GenderID, PersonID) VALUES (484, 360, 'Vicky Khan', 23, 1, 'A2');
INSERT INTO ArrestSurrender (ArrestSurrenderID, CaseMasterID, ArrestSurrenderTypeID, ArrestSurrenderDate, ArrestSurrenderStateId, ArrestSurrenderDistrictId, PoliceStationID, IOID, CourtID, AccusedMasterID, IsAccused, IsComplainantAccused) VALUES (183, 360, 1, '2024-01-25', 1, 6, 18, 35, 6, 483, 1, 0);
INSERT INTO inv_arrestsurrenderaccused (ArrestSurrenderID, AccusedMasterID) VALUES (183, 483);
INSERT INTO inv_arrestsurrenderaccused (ArrestSurrenderID, AccusedMasterID) VALUES (183, 484);
INSERT INTO ChargesheetDetails (CSID, CaseMasterID, csdate, cstype, PolicePersonID) VALUES (122, 360, '2024-01-25 00:00:00', 'A', 35);
INSERT INTO CaseMaster (CaseMasterID, CrimeNo, CaseNo, CrimeRegisteredDate, PolicePersonID, PoliceStationID, CaseCategoryID, GravityOffenceID, CrimeMajorHeadID, CrimeMinorHeadID, CaseStatusID, CourtID, IncidentFromDate, IncidentToDate, InfoReceivedPSDate, latitude, longitude, BriefFacts) VALUES (361, '100010001202400361', '202400361', '2024-02-26', 1, 1, 1, 1, 1, 1, 1, 1, '2024-02-26 01:00:00', '2024-02-26 03:00:00', '2024-02-26 01:00:00', 12.969400, 77.631800, 'Incident reported at Indiranagar Police Station. Initial investigation launched by IO Suresh Rao.');
INSERT INTO Inv_OccuranceTime (CaseMasterID, IncidentFromDate, IncidentToDate, latitude, longitude, PlaceOfOccurrence) VALUES (361, '2024-02-26 01:00:00', '2024-02-26 03:00:00', 12.969400, 77.631800, 'Near Junction, Indiranagar');
INSERT INTO ComplainantDetails (ComplainantID, CaseMasterID, ComplainantName, AgeYear, OccupationID, ReligionID, CasteID, GenderID) VALUES (361, 361, 'Meena Rao', 26, 2, 1, 1, 1);
INSERT INTO ActSectionAssociation (CaseMasterID, ActID, SectionID, ActOrderID, SectionOrderID) VALUES (361, 'IPC', '379', 1, 1);
INSERT INTO Victim (VictimMasterID, CaseMasterID, VictimName, AgeYear, GenderID, VictimPolice) VALUES (361, 361, 'Vinay Naik', 59, 1, '0');
INSERT INTO Accused (AccusedMasterID, CaseMasterID, AccusedName, AgeYear, GenderID, PersonID) VALUES (485, 361, 'Imtiaz Reddy', 23, 1, 'A1');
INSERT INTO CaseMaster (CaseMasterID, CrimeNo, CaseNo, CrimeRegisteredDate, PolicePersonID, PoliceStationID, CaseCategoryID, GravityOffenceID, CrimeMajorHeadID, CrimeMinorHeadID, CaseStatusID, CourtID, IncidentFromDate, IncidentToDate, InfoReceivedPSDate, latitude, longitude, BriefFacts) VALUES (362, '100020007202400362', '202400362', '2024-03-27', 13, 7, 2, 2, 1, 2, 2, 2, '2024-03-27 02:00:00', '2024-03-27 04:00:00', '2024-03-27 02:00:00', 12.304000, 76.650000, 'Incident reported at Lashkar Police Station. Initial investigation launched by IO Anil Kulkarni.');
INSERT INTO Inv_OccuranceTime (CaseMasterID, IncidentFromDate, IncidentToDate, latitude, longitude, PlaceOfOccurrence) VALUES (362, '2024-03-27 02:00:00', '2024-03-27 04:00:00', 12.304000, 76.650000, 'Near Junction, Lashkar');
INSERT INTO ComplainantDetails (ComplainantID, CaseMasterID, ComplainantName, AgeYear, OccupationID, ReligionID, CasteID, GenderID) VALUES (362, 362, 'Pooja Rao', 59, 2, 1, 1, 1);
INSERT INTO ActSectionAssociation (CaseMasterID, ActID, SectionID, ActOrderID, SectionOrderID) VALUES (362, 'IPC', '379', 1, 1);
INSERT INTO Victim (VictimMasterID, CaseMasterID, VictimName, AgeYear, GenderID, VictimPolice) VALUES (362, 362, 'Bhavya Shetty', 26, 1, '0');
INSERT INTO Accused (AccusedMasterID, CaseMasterID, AccusedName, AgeYear, GenderID, PersonID) VALUES (486, 362, 'Raja Kumar', 40, 1, 'A1');
INSERT INTO ArrestSurrender (ArrestSurrenderID, CaseMasterID, ArrestSurrenderTypeID, ArrestSurrenderDate, ArrestSurrenderStateId, ArrestSurrenderDistrictId, PoliceStationID, IOID, CourtID, AccusedMasterID, IsAccused, IsComplainantAccused) VALUES (184, 362, 1, '2024-03-27', 1, 2, 7, 13, 2, 486, 1, 0);
INSERT INTO inv_arrestsurrenderaccused (ArrestSurrenderID, AccusedMasterID) VALUES (184, 486);
INSERT INTO CaseMaster (CaseMasterID, CrimeNo, CaseNo, CrimeRegisteredDate, PolicePersonID, PoliceStationID, CaseCategoryID, GravityOffenceID, CrimeMajorHeadID, CrimeMinorHeadID, CaseStatusID, CourtID, IncidentFromDate, IncidentToDate, InfoReceivedPSDate, latitude, longitude, BriefFacts) VALUES (363, '100030011202400363', '202400363', '2024-04-28', 21, 11, 3, 3, 1, 3, 3, 3, '2024-04-28 03:00:00', '2024-04-28 05:00:00', '2024-04-28 03:00:00', 12.882000, 74.824000, 'Incident reported at Urwa Police Station. Initial investigation launched by IO Anil Gowda.');
INSERT INTO Inv_OccuranceTime (CaseMasterID, IncidentFromDate, IncidentToDate, latitude, longitude, PlaceOfOccurrence) VALUES (363, '2024-04-28 03:00:00', '2024-04-28 05:00:00', 12.882000, 74.824000, 'Near Junction, Urwa');
INSERT INTO ComplainantDetails (ComplainantID, CaseMasterID, ComplainantName, AgeYear, OccupationID, ReligionID, CasteID, GenderID) VALUES (363, 363, 'Harish Hegde', 45, 2, 1, 1, 1);
INSERT INTO ActSectionAssociation (CaseMasterID, ActID, SectionID, ActOrderID, SectionOrderID) VALUES (363, 'IPC', '379', 1, 1);
INSERT INTO Victim (VictimMasterID, CaseMasterID, VictimName, AgeYear, GenderID, VictimPolice) VALUES (363, 363, 'Arun Gowda', 28, 1, '0');
INSERT INTO Accused (AccusedMasterID, CaseMasterID, AccusedName, AgeYear, GenderID, PersonID) VALUES (487, 363, 'Babloo Reddy', 30, 1, 'A1');
INSERT INTO Accused (AccusedMasterID, CaseMasterID, AccusedName, AgeYear, GenderID, PersonID) VALUES (488, 363, 'Imtiaz Verma', 38, 1, 'A2');
INSERT INTO ChargesheetDetails (CSID, CaseMasterID, csdate, cstype, PolicePersonID) VALUES (123, 363, '2024-04-28 03:00:00', 'A', 21);
INSERT INTO CaseMaster (CaseMasterID, CrimeNo, CaseNo, CrimeRegisteredDate, PolicePersonID, PoliceStationID, CaseCategoryID, GravityOffenceID, CrimeMajorHeadID, CrimeMinorHeadID, CaseStatusID, CourtID, IncidentFromDate, IncidentToDate, InfoReceivedPSDate, latitude, longitude, BriefFacts) VALUES (364, '100040012202400364', '202400364', '2024-05-01', 23, 12, 4, 1, 2, 4, 4, 4, '2024-05-01 04:00:00', '2024-05-01 06:00:00', '2024-05-01 04:00:00', 15.346000, 75.135000, 'Incident reported at Suburban Police Station Hubballi. Initial investigation launched by IO Basavaraj Rao.');
INSERT INTO Inv_OccuranceTime (CaseMasterID, IncidentFromDate, IncidentToDate, latitude, longitude, PlaceOfOccurrence) VALUES (364, '2024-05-01 04:00:00', '2024-05-01 06:00:00', 15.346000, 75.135000, 'Near Junction, Suburban Hubballi');
INSERT INTO ComplainantDetails (ComplainantID, CaseMasterID, ComplainantName, AgeYear, OccupationID, ReligionID, CasteID, GenderID) VALUES (364, 364, 'Girish Deshpande', 31, 2, 1, 1, 1);
INSERT INTO ActSectionAssociation (CaseMasterID, ActID, SectionID, ActOrderID, SectionOrderID) VALUES (364, 'IPC', '302', 1, 1);
INSERT INTO Victim (VictimMasterID, CaseMasterID, VictimName, AgeYear, GenderID, VictimPolice) VALUES (364, 364, 'Chaitra Deshpande', 51, 1, '0');
INSERT INTO Accused (AccusedMasterID, CaseMasterID, AccusedName, AgeYear, GenderID, PersonID) VALUES (489, 364, 'Imtiaz Verma', 37, 1, 'A1');
INSERT INTO ArrestSurrender (ArrestSurrenderID, CaseMasterID, ArrestSurrenderTypeID, ArrestSurrenderDate, ArrestSurrenderStateId, ArrestSurrenderDistrictId, PoliceStationID, IOID, CourtID, AccusedMasterID, IsAccused, IsComplainantAccused) VALUES (185, 364, 1, '2024-05-01', 1, 4, 12, 23, 4, 489, 1, 0);
INSERT INTO inv_arrestsurrenderaccused (ArrestSurrenderID, AccusedMasterID) VALUES (185, 489);
INSERT INTO CaseMaster (CaseMasterID, CrimeNo, CaseNo, CrimeRegisteredDate, PolicePersonID, PoliceStationID, CaseCategoryID, GravityOffenceID, CrimeMajorHeadID, CrimeMinorHeadID, CaseStatusID, CourtID, IncidentFromDate, IncidentToDate, InfoReceivedPSDate, latitude, longitude, BriefFacts) VALUES (365, '100050016202400365', '202400365', '2024-06-02', 31, 16, 1, 2, 2, 5, 5, 5, '2024-06-02 05:00:00', '2024-06-02 07:00:00', '2024-06-02 05:00:00', 15.839000, 74.503000, 'Incident reported at Tilakwadi Police Station. Initial investigation launched by IO Prakash Patil.');
INSERT INTO Inv_OccuranceTime (CaseMasterID, IncidentFromDate, IncidentToDate, latitude, longitude, PlaceOfOccurrence) VALUES (365, '2024-06-02 05:00:00', '2024-06-02 07:00:00', 15.839000, 74.503000, 'Near Junction, Tilakwadi');
INSERT INTO ComplainantDetails (ComplainantID, CaseMasterID, ComplainantName, AgeYear, OccupationID, ReligionID, CasteID, GenderID) VALUES (365, 365, 'Meena Kulkarni', 65, 2, 1, 1, 1);
INSERT INTO ActSectionAssociation (CaseMasterID, ActID, SectionID, ActOrderID, SectionOrderID) VALUES (365, 'IPC', '302', 1, 1);
INSERT INTO Victim (VictimMasterID, CaseMasterID, VictimName, AgeYear, GenderID, VictimPolice) VALUES (365, 365, 'Arun Rao', 25, 1, '0');
INSERT INTO Accused (AccusedMasterID, CaseMasterID, AccusedName, AgeYear, GenderID, PersonID) VALUES (490, 365, 'Pandu Alias', 37, 1, 'A1');
INSERT INTO CaseMaster (CaseMasterID, CrimeNo, CaseNo, CrimeRegisteredDate, PolicePersonID, PoliceStationID, CaseCategoryID, GravityOffenceID, CrimeMajorHeadID, CrimeMinorHeadID, CaseStatusID, CourtID, IncidentFromDate, IncidentToDate, InfoReceivedPSDate, latitude, longitude, BriefFacts) VALUES (366, '100060018202400366', '202400366', '2024-07-03', 35, 18, 2, 3, 3, 6, 1, 6, '2024-07-03 06:00:00', '2024-07-03 08:00:00', '2024-07-03 06:00:00', 17.325000, 76.830000, 'Incident reported at Station Bazar Police Station. Initial investigation launched by IO Mahesh Bhat.');
INSERT INTO Inv_OccuranceTime (CaseMasterID, IncidentFromDate, IncidentToDate, latitude, longitude, PlaceOfOccurrence) VALUES (366, '2024-07-03 06:00:00', '2024-07-03 08:00:00', 17.325000, 76.830000, 'Near Junction, Station Bazar');
INSERT INTO ComplainantDetails (ComplainantID, CaseMasterID, ComplainantName, AgeYear, OccupationID, ReligionID, CasteID, GenderID) VALUES (366, 366, 'Eshwar Hegde', 59, 2, 1, 1, 1);
INSERT INTO ActSectionAssociation (CaseMasterID, ActID, SectionID, ActOrderID, SectionOrderID) VALUES (366, 'IT_ACT', '66D', 1, 1);
INSERT INTO Victim (VictimMasterID, CaseMasterID, VictimName, AgeYear, GenderID, VictimPolice) VALUES (366, 366, 'Kiran Naik', 26, 1, '0');
INSERT INTO Accused (AccusedMasterID, CaseMasterID, AccusedName, AgeYear, GenderID, PersonID) VALUES (491, 366, 'Jagga Verma', 29, 1, 'A1');
INSERT INTO Accused (AccusedMasterID, CaseMasterID, AccusedName, AgeYear, GenderID, PersonID) VALUES (492, 366, 'Pandu Khan', 26, 1, 'A2');
INSERT INTO ArrestSurrender (ArrestSurrenderID, CaseMasterID, ArrestSurrenderTypeID, ArrestSurrenderDate, ArrestSurrenderStateId, ArrestSurrenderDistrictId, PoliceStationID, IOID, CourtID, AccusedMasterID, IsAccused, IsComplainantAccused) VALUES (186, 366, 1, '2024-07-03', 1, 6, 18, 35, 6, 491, 1, 0);
INSERT INTO inv_arrestsurrenderaccused (ArrestSurrenderID, AccusedMasterID) VALUES (186, 491);
INSERT INTO inv_arrestsurrenderaccused (ArrestSurrenderID, AccusedMasterID) VALUES (186, 492);
INSERT INTO ChargesheetDetails (CSID, CaseMasterID, csdate, cstype, PolicePersonID) VALUES (124, 366, '2024-07-03 06:00:00', 'A', 35);
INSERT INTO CaseMaster (CaseMasterID, CrimeNo, CaseNo, CrimeRegisteredDate, PolicePersonID, PoliceStationID, CaseCategoryID, GravityOffenceID, CrimeMajorHeadID, CrimeMinorHeadID, CaseStatusID, CourtID, IncidentFromDate, IncidentToDate, InfoReceivedPSDate, latitude, longitude, BriefFacts) VALUES (367, '100010002202400367', '202400367', '2024-08-04', 3, 2, 3, 1, 3, 7, 2, 1, '2024-08-04 07:00:00', '2024-08-04 09:00:00', '2024-08-04 07:00:00', 12.932200, 77.621500, 'Incident reported at Koramangala Police Station. Initial investigation launched by IO Ganesh Nayak.');
INSERT INTO Inv_OccuranceTime (CaseMasterID, IncidentFromDate, IncidentToDate, latitude, longitude, PlaceOfOccurrence) VALUES (367, '2024-08-04 07:00:00', '2024-08-04 09:00:00', 12.932200, 77.621500, 'Near Junction, Koramangala');
INSERT INTO ComplainantDetails (ComplainantID, CaseMasterID, ComplainantName, AgeYear, OccupationID, ReligionID, CasteID, GenderID) VALUES (367, 367, 'Eshwar Deshpande', 27, 2, 1, 1, 1);
INSERT INTO ActSectionAssociation (CaseMasterID, ActID, SectionID, ActOrderID, SectionOrderID) VALUES (367, 'IT_ACT', '66D', 1, 1);
INSERT INTO Victim (VictimMasterID, CaseMasterID, VictimName, AgeYear, GenderID, VictimPolice) VALUES (367, 367, 'Manoj Shetty', 24, 1, '0');
INSERT INTO Accused (AccusedMasterID, CaseMasterID, AccusedName, AgeYear, GenderID, PersonID) VALUES (493, 367, 'Pandu Pashan', 36, 1, 'A1');
INSERT INTO CaseMaster (CaseMasterID, CrimeNo, CaseNo, CrimeRegisteredDate, PolicePersonID, PoliceStationID, CaseCategoryID, GravityOffenceID, CrimeMajorHeadID, CrimeMinorHeadID, CaseStatusID, CourtID, IncidentFromDate, IncidentToDate, InfoReceivedPSDate, latitude, longitude, BriefFacts) VALUES (368, '100020007202400368', '202400368', '2024-09-05', 13, 7, 4, 2, 4, 8, 3, 2, '2024-09-05 08:00:00', '2024-09-05 10:00:00', '2024-09-05 08:00:00', 12.310000, 76.656000, 'Incident reported at Lashkar Police Station. Initial investigation launched by IO Anil Kulkarni.');
INSERT INTO Inv_OccuranceTime (CaseMasterID, IncidentFromDate, IncidentToDate, latitude, longitude, PlaceOfOccurrence) VALUES (368, '2024-09-05 08:00:00', '2024-09-05 10:00:00', 12.310000, 76.656000, 'Near Junction, Lashkar');
INSERT INTO ComplainantDetails (ComplainantID, CaseMasterID, ComplainantName, AgeYear, OccupationID, ReligionID, CasteID, GenderID) VALUES (368, 368, 'Latha Shetty', 54, 2, 1, 1, 1);
INSERT INTO ActSectionAssociation (CaseMasterID, ActID, SectionID, ActOrderID, SectionOrderID) VALUES (368, 'IPC', '420', 1, 1);
INSERT INTO Victim (VictimMasterID, CaseMasterID, VictimName, AgeYear, GenderID, VictimPolice) VALUES (368, 368, 'Bhavya Naik', 52, 1, '0');
INSERT INTO Accused (AccusedMasterID, CaseMasterID, AccusedName, AgeYear, GenderID, PersonID) VALUES (494, 368, 'Shiva Pashan', 37, 1, 'A1');
INSERT INTO ArrestSurrender (ArrestSurrenderID, CaseMasterID, ArrestSurrenderTypeID, ArrestSurrenderDate, ArrestSurrenderStateId, ArrestSurrenderDistrictId, PoliceStationID, IOID, CourtID, AccusedMasterID, IsAccused, IsComplainantAccused) VALUES (187, 368, 1, '2024-09-05', 1, 2, 7, 13, 2, 494, 1, 0);
INSERT INTO inv_arrestsurrenderaccused (ArrestSurrenderID, AccusedMasterID) VALUES (187, 494);
INSERT INTO CaseMaster (CaseMasterID, CrimeNo, CaseNo, CrimeRegisteredDate, PolicePersonID, PoliceStationID, CaseCategoryID, GravityOffenceID, CrimeMajorHeadID, CrimeMinorHeadID, CaseStatusID, CourtID, IncidentFromDate, IncidentToDate, InfoReceivedPSDate, latitude, longitude, BriefFacts) VALUES (369, '100030011202400369', '202400369', '2024-10-06', 21, 11, 1, 3, 5, 9, 4, 3, '2024-10-06 09:00:00', '2024-10-06 11:00:00', '2024-10-06 09:00:00', 12.888000, 74.830000, 'Incident reported at Urwa Police Station. Initial investigation launched by IO Anil Gowda.');
INSERT INTO Inv_OccuranceTime (CaseMasterID, IncidentFromDate, IncidentToDate, latitude, longitude, PlaceOfOccurrence) VALUES (369, '2024-10-06 09:00:00', '2024-10-06 11:00:00', 12.888000, 74.830000, 'Near Junction, Urwa');
INSERT INTO ComplainantDetails (ComplainantID, CaseMasterID, ComplainantName, AgeYear, OccupationID, ReligionID, CasteID, GenderID) VALUES (369, 369, 'Jagadish Hegde', 51, 2, 1, 1, 1);
INSERT INTO ActSectionAssociation (CaseMasterID, ActID, SectionID, ActOrderID, SectionOrderID) VALUES (369, 'NDPS', '20', 1, 1);
INSERT INTO Victim (VictimMasterID, CaseMasterID, VictimName, AgeYear, GenderID, VictimPolice) VALUES (369, 369, 'Divya Hegde', 25, 1, '0');
INSERT INTO Accused (AccusedMasterID, CaseMasterID, AccusedName, AgeYear, GenderID, PersonID) VALUES (495, 369, 'Babloo Reddy', 22, 1, 'A1');
INSERT INTO Accused (AccusedMasterID, CaseMasterID, AccusedName, AgeYear, GenderID, PersonID) VALUES (496, 369, 'Dharma Verma', 36, 1, 'A2');
INSERT INTO ChargesheetDetails (CSID, CaseMasterID, csdate, cstype, PolicePersonID) VALUES (125, 369, '2024-10-06 09:00:00', 'A', 21);
INSERT INTO CaseMaster (CaseMasterID, CrimeNo, CaseNo, CrimeRegisteredDate, PolicePersonID, PoliceStationID, CaseCategoryID, GravityOffenceID, CrimeMajorHeadID, CrimeMinorHeadID, CaseStatusID, CourtID, IncidentFromDate, IncidentToDate, InfoReceivedPSDate, latitude, longitude, BriefFacts) VALUES (370, '100040012202400370', '202400370', '2024-11-07', 23, 12, 2, 1, 1, 10, 5, 4, '2024-11-07 10:00:00', '2024-11-07 12:00:00', '2024-11-07 10:00:00', 15.352000, 75.141000, 'Incident reported at Suburban Police Station Hubballi. Initial investigation launched by IO Basavaraj Rao.');
INSERT INTO Inv_OccuranceTime (CaseMasterID, IncidentFromDate, IncidentToDate, latitude, longitude, PlaceOfOccurrence) VALUES (370, '2024-11-07 10:00:00', '2024-11-07 12:00:00', 15.352000, 75.141000, 'Near Junction, Suburban Hubballi');
INSERT INTO ComplainantDetails (ComplainantID, CaseMasterID, ComplainantName, AgeYear, OccupationID, ReligionID, CasteID, GenderID) VALUES (370, 370, 'Deepak Deshpande', 34, 2, 1, 1, 1);
INSERT INTO ActSectionAssociation (CaseMasterID, ActID, SectionID, ActOrderID, SectionOrderID) VALUES (370, 'IPC', '379', 1, 1);
INSERT INTO Victim (VictimMasterID, CaseMasterID, VictimName, AgeYear, GenderID, VictimPolice) VALUES (370, 370, 'Nikhil Rao', 55, 1, '0');
INSERT INTO Accused (AccusedMasterID, CaseMasterID, AccusedName, AgeYear, GenderID, PersonID) VALUES (497, 370, 'Mantu Reddy', 23, 1, 'A1');
INSERT INTO ArrestSurrender (ArrestSurrenderID, CaseMasterID, ArrestSurrenderTypeID, ArrestSurrenderDate, ArrestSurrenderStateId, ArrestSurrenderDistrictId, PoliceStationID, IOID, CourtID, AccusedMasterID, IsAccused, IsComplainantAccused) VALUES (188, 370, 1, '2024-11-07', 1, 4, 12, 23, 4, 497, 1, 0);
INSERT INTO inv_arrestsurrenderaccused (ArrestSurrenderID, AccusedMasterID) VALUES (188, 497);
INSERT INTO CaseMaster (CaseMasterID, CrimeNo, CaseNo, CrimeRegisteredDate, PolicePersonID, PoliceStationID, CaseCategoryID, GravityOffenceID, CrimeMajorHeadID, CrimeMinorHeadID, CaseStatusID, CourtID, IncidentFromDate, IncidentToDate, InfoReceivedPSDate, latitude, longitude, BriefFacts) VALUES (371, '100050016202400371', '202400371', '2024-12-08', 31, 16, 3, 2, 1, 1, 1, 5, '2024-12-08 11:00:00', '2024-12-08 13:00:00', '2024-12-08 11:00:00', 15.845000, 74.509000, 'Incident reported at Tilakwadi Police Station. Initial investigation launched by IO Prakash Patil.');
INSERT INTO Inv_OccuranceTime (CaseMasterID, IncidentFromDate, IncidentToDate, latitude, longitude, PlaceOfOccurrence) VALUES (371, '2024-12-08 11:00:00', '2024-12-08 13:00:00', 15.845000, 74.509000, 'Near Junction, Tilakwadi');
INSERT INTO ComplainantDetails (ComplainantID, CaseMasterID, ComplainantName, AgeYear, OccupationID, ReligionID, CasteID, GenderID) VALUES (371, 371, 'Shilpa Joshi', 48, 2, 1, 1, 1);
INSERT INTO ActSectionAssociation (CaseMasterID, ActID, SectionID, ActOrderID, SectionOrderID) VALUES (371, 'IPC', '379', 1, 1);
INSERT INTO Victim (VictimMasterID, CaseMasterID, VictimName, AgeYear, GenderID, VictimPolice) VALUES (371, 371, 'Sangeetha Joshi', 41, 1, '0');
INSERT INTO Accused (AccusedMasterID, CaseMasterID, AccusedName, AgeYear, GenderID, PersonID) VALUES (498, 371, 'Vicky Pashan', 20, 1, 'A1');
INSERT INTO CaseMaster (CaseMasterID, CrimeNo, CaseNo, CrimeRegisteredDate, PolicePersonID, PoliceStationID, CaseCategoryID, GravityOffenceID, CrimeMajorHeadID, CrimeMinorHeadID, CaseStatusID, CourtID, IncidentFromDate, IncidentToDate, InfoReceivedPSDate, latitude, longitude, BriefFacts) VALUES (372, '100060018202400372', '202400372', '2024-01-09', 35, 18, 4, 3, 1, 2, 2, 6, '2024-01-09 12:00:00', '2024-01-09 14:00:00', '2024-01-09 12:00:00', 17.331000, 76.836000, 'Incident reported at Station Bazar Police Station. Initial investigation launched by IO Mahesh Bhat.');
INSERT INTO Inv_OccuranceTime (CaseMasterID, IncidentFromDate, IncidentToDate, latitude, longitude, PlaceOfOccurrence) VALUES (372, '2024-01-09 12:00:00', '2024-01-09 14:00:00', 17.331000, 76.836000, 'Near Junction, Station Bazar');
INSERT INTO ComplainantDetails (ComplainantID, CaseMasterID, ComplainantName, AgeYear, OccupationID, ReligionID, CasteID, GenderID) VALUES (372, 372, 'Girish Deshpande', 28, 2, 1, 1, 1);
INSERT INTO ActSectionAssociation (CaseMasterID, ActID, SectionID, ActOrderID, SectionOrderID) VALUES (372, 'IPC', '379', 1, 1);
INSERT INTO Victim (VictimMasterID, CaseMasterID, VictimName, AgeYear, GenderID, VictimPolice) VALUES (372, 372, 'Chaitra Joshi', 45, 1, '0');
INSERT INTO Accused (AccusedMasterID, CaseMasterID, AccusedName, AgeYear, GenderID, PersonID) VALUES (499, 372, 'Mantu Kumar', 35, 1, 'A1');
INSERT INTO Accused (AccusedMasterID, CaseMasterID, AccusedName, AgeYear, GenderID, PersonID) VALUES (500, 372, 'Vicky Salim', 21, 1, 'A2');
INSERT INTO ArrestSurrender (ArrestSurrenderID, CaseMasterID, ArrestSurrenderTypeID, ArrestSurrenderDate, ArrestSurrenderStateId, ArrestSurrenderDistrictId, PoliceStationID, IOID, CourtID, AccusedMasterID, IsAccused, IsComplainantAccused) VALUES (189, 372, 1, '2024-01-09', 1, 6, 18, 35, 6, 499, 1, 0);
INSERT INTO inv_arrestsurrenderaccused (ArrestSurrenderID, AccusedMasterID) VALUES (189, 499);
INSERT INTO inv_arrestsurrenderaccused (ArrestSurrenderID, AccusedMasterID) VALUES (189, 500);
INSERT INTO ChargesheetDetails (CSID, CaseMasterID, csdate, cstype, PolicePersonID) VALUES (126, 372, '2024-01-09 12:00:00', 'A', 35);
INSERT INTO CaseMaster (CaseMasterID, CrimeNo, CaseNo, CrimeRegisteredDate, PolicePersonID, PoliceStationID, CaseCategoryID, GravityOffenceID, CrimeMajorHeadID, CrimeMinorHeadID, CaseStatusID, CourtID, IncidentFromDate, IncidentToDate, InfoReceivedPSDate, latitude, longitude, BriefFacts) VALUES (373, '100010003202400373', '202400373', '2024-02-10', 5, 3, 1, 1, 1, 3, 3, 1, '2024-02-10 13:00:00', '2024-02-10 15:00:00', '2024-02-10 13:00:00', 12.972800, 77.752900, 'Incident reported at Whitefield Police Station. Initial investigation launched by IO Sunil Bhat.');
INSERT INTO Inv_OccuranceTime (CaseMasterID, IncidentFromDate, IncidentToDate, latitude, longitude, PlaceOfOccurrence) VALUES (373, '2024-02-10 13:00:00', '2024-02-10 15:00:00', 12.972800, 77.752900, 'Near Junction, Whitefield');
INSERT INTO ComplainantDetails (ComplainantID, CaseMasterID, ComplainantName, AgeYear, OccupationID, ReligionID, CasteID, GenderID) VALUES (373, 373, 'Meena Joshi', 41, 2, 1, 1, 1);
INSERT INTO ActSectionAssociation (CaseMasterID, ActID, SectionID, ActOrderID, SectionOrderID) VALUES (373, 'IPC', '379', 1, 1);
INSERT INTO Victim (VictimMasterID, CaseMasterID, VictimName, AgeYear, GenderID, VictimPolice) VALUES (373, 373, 'Divya Joshi', 60, 1, '0');
INSERT INTO Accused (AccusedMasterID, CaseMasterID, AccusedName, AgeYear, GenderID, PersonID) VALUES (501, 373, 'Mantu Reddy', 37, 1, 'A1');
INSERT INTO CaseMaster (CaseMasterID, CrimeNo, CaseNo, CrimeRegisteredDate, PolicePersonID, PoliceStationID, CaseCategoryID, GravityOffenceID, CrimeMajorHeadID, CrimeMinorHeadID, CaseStatusID, CourtID, IncidentFromDate, IncidentToDate, InfoReceivedPSDate, latitude, longitude, BriefFacts) VALUES (374, '100020007202400374', '202400374', '2024-03-11', 13, 7, 2, 2, 2, 4, 4, 2, '2024-03-11 14:00:00', '2024-03-11 16:00:00', '2024-03-11 14:00:00', 12.316000, 76.662000, 'Incident reported at Lashkar Police Station. Initial investigation launched by IO Anil Kulkarni.');
INSERT INTO Inv_OccuranceTime (CaseMasterID, IncidentFromDate, IncidentToDate, latitude, longitude, PlaceOfOccurrence) VALUES (374, '2024-03-11 14:00:00', '2024-03-11 16:00:00', 12.316000, 76.662000, 'Near Junction, Lashkar');
INSERT INTO ComplainantDetails (ComplainantID, CaseMasterID, ComplainantName, AgeYear, OccupationID, ReligionID, CasteID, GenderID) VALUES (374, 374, 'Kavitha Gowda', 56, 2, 1, 1, 1);
INSERT INTO ActSectionAssociation (CaseMasterID, ActID, SectionID, ActOrderID, SectionOrderID) VALUES (374, 'IPC', '302', 1, 1);
INSERT INTO Victim (VictimMasterID, CaseMasterID, VictimName, AgeYear, GenderID, VictimPolice) VALUES (374, 374, 'Sangeetha Shetty', 20, 1, '0');
INSERT INTO Accused (AccusedMasterID, CaseMasterID, AccusedName, AgeYear, GenderID, PersonID) VALUES (502, 374, 'Raja Pashan', 40, 1, 'A1');
INSERT INTO ArrestSurrender (ArrestSurrenderID, CaseMasterID, ArrestSurrenderTypeID, ArrestSurrenderDate, ArrestSurrenderStateId, ArrestSurrenderDistrictId, PoliceStationID, IOID, CourtID, AccusedMasterID, IsAccused, IsComplainantAccused) VALUES (190, 374, 1, '2024-03-11', 1, 2, 7, 13, 2, 502, 1, 0);
INSERT INTO inv_arrestsurrenderaccused (ArrestSurrenderID, AccusedMasterID) VALUES (190, 502);
INSERT INTO CaseMaster (CaseMasterID, CrimeNo, CaseNo, CrimeRegisteredDate, PolicePersonID, PoliceStationID, CaseCategoryID, GravityOffenceID, CrimeMajorHeadID, CrimeMinorHeadID, CaseStatusID, CourtID, IncidentFromDate, IncidentToDate, InfoReceivedPSDate, latitude, longitude, BriefFacts) VALUES (375, '100030011202400375', '202400375', '2024-04-12', 21, 11, 3, 3, 2, 5, 5, 3, '2024-04-12 15:00:00', '2024-04-12 17:00:00', '2024-04-12 15:00:00', 12.894000, 74.836000, 'Incident reported at Urwa Police Station. Initial investigation launched by IO Anil Gowda.');
INSERT INTO Inv_OccuranceTime (CaseMasterID, IncidentFromDate, IncidentToDate, latitude, longitude, PlaceOfOccurrence) VALUES (375, '2024-04-12 15:00:00', '2024-04-12 17:00:00', 12.894000, 74.836000, 'Near Junction, Urwa');
INSERT INTO ComplainantDetails (ComplainantID, CaseMasterID, ComplainantName, AgeYear, OccupationID, ReligionID, CasteID, GenderID) VALUES (375, 375, 'Eshwar Rao', 53, 2, 1, 1, 1);
INSERT INTO ActSectionAssociation (CaseMasterID, ActID, SectionID, ActOrderID, SectionOrderID) VALUES (375, 'IPC', '302', 1, 1);
INSERT INTO Victim (VictimMasterID, CaseMasterID, VictimName, AgeYear, GenderID, VictimPolice) VALUES (375, 375, 'Vinay Deshpande', 54, 1, '0');
INSERT INTO Accused (AccusedMasterID, CaseMasterID, AccusedName, AgeYear, GenderID, PersonID) VALUES (503, 375, 'Yogesh Alias', 24, 1, 'A1');
INSERT INTO Accused (AccusedMasterID, CaseMasterID, AccusedName, AgeYear, GenderID, PersonID) VALUES (504, 375, 'Imtiaz Kumar', 37, 1, 'A2');
INSERT INTO ChargesheetDetails (CSID, CaseMasterID, csdate, cstype, PolicePersonID) VALUES (127, 375, '2024-04-12 15:00:00', 'A', 21);
INSERT INTO CaseMaster (CaseMasterID, CrimeNo, CaseNo, CrimeRegisteredDate, PolicePersonID, PoliceStationID, CaseCategoryID, GravityOffenceID, CrimeMajorHeadID, CrimeMinorHeadID, CaseStatusID, CourtID, IncidentFromDate, IncidentToDate, InfoReceivedPSDate, latitude, longitude, BriefFacts) VALUES (376, '100040012202400376', '202400376', '2024-05-13', 23, 12, 4, 1, 3, 6, 1, 4, '2024-05-13 16:00:00', '2024-05-13 18:00:00', '2024-05-13 16:00:00', 15.358000, 75.147000, 'Incident reported at Suburban Police Station Hubballi. Initial investigation launched by IO Basavaraj Rao.');
INSERT INTO Inv_OccuranceTime (CaseMasterID, IncidentFromDate, IncidentToDate, latitude, longitude, PlaceOfOccurrence) VALUES (376, '2024-05-13 16:00:00', '2024-05-13 18:00:00', 15.358000, 75.147000, 'Near Junction, Suburban Hubballi');
INSERT INTO ComplainantDetails (ComplainantID, CaseMasterID, ComplainantName, AgeYear, OccupationID, ReligionID, CasteID, GenderID) VALUES (376, 376, 'Nandini Naik', 40, 2, 1, 1, 1);
INSERT INTO ActSectionAssociation (CaseMasterID, ActID, SectionID, ActOrderID, SectionOrderID) VALUES (376, 'IT_ACT', '66D', 1, 1);
INSERT INTO Victim (VictimMasterID, CaseMasterID, VictimName, AgeYear, GenderID, VictimPolice) VALUES (376, 376, 'Manoj Joshi', 55, 1, '0');
INSERT INTO Accused (AccusedMasterID, CaseMasterID, AccusedName, AgeYear, GenderID, PersonID) VALUES (505, 376, 'Shiva Verma', 28, 1, 'A1');
INSERT INTO ArrestSurrender (ArrestSurrenderID, CaseMasterID, ArrestSurrenderTypeID, ArrestSurrenderDate, ArrestSurrenderStateId, ArrestSurrenderDistrictId, PoliceStationID, IOID, CourtID, AccusedMasterID, IsAccused, IsComplainantAccused) VALUES (191, 376, 1, '2024-05-13', 1, 4, 12, 23, 4, 505, 1, 0);
INSERT INTO inv_arrestsurrenderaccused (ArrestSurrenderID, AccusedMasterID) VALUES (191, 505);
INSERT INTO CaseMaster (CaseMasterID, CrimeNo, CaseNo, CrimeRegisteredDate, PolicePersonID, PoliceStationID, CaseCategoryID, GravityOffenceID, CrimeMajorHeadID, CrimeMinorHeadID, CaseStatusID, CourtID, IncidentFromDate, IncidentToDate, InfoReceivedPSDate, latitude, longitude, BriefFacts) VALUES (377, '100050016202400377', '202400377', '2024-06-14', 31, 16, 1, 2, 3, 7, 2, 5, '2024-06-14 17:00:00', '2024-06-14 19:00:00', '2024-06-14 17:00:00', 15.851000, 74.515000, 'Incident reported at Tilakwadi Police Station. Initial investigation launched by IO Prakash Patil.');
INSERT INTO Inv_OccuranceTime (CaseMasterID, IncidentFromDate, IncidentToDate, latitude, longitude, PlaceOfOccurrence) VALUES (377, '2024-06-14 17:00:00', '2024-06-14 19:00:00', 15.851000, 74.515000, 'Near Junction, Tilakwadi');
INSERT INTO ComplainantDetails (ComplainantID, CaseMasterID, ComplainantName, AgeYear, OccupationID, ReligionID, CasteID, GenderID) VALUES (377, 377, 'Jagadish Naik', 36, 2, 1, 1, 1);
INSERT INTO ActSectionAssociation (CaseMasterID, ActID, SectionID, ActOrderID, SectionOrderID) VALUES (377, 'IT_ACT', '66D', 1, 1);
INSERT INTO Victim (VictimMasterID, CaseMasterID, VictimName, AgeYear, GenderID, VictimPolice) VALUES (377, 377, 'Ganesh Gowda', 45, 1, '0');
INSERT INTO Accused (AccusedMasterID, CaseMasterID, AccusedName, AgeYear, GenderID, PersonID) VALUES (506, 377, 'Babloo Khan', 30, 1, 'A1');
INSERT INTO CaseMaster (CaseMasterID, CrimeNo, CaseNo, CrimeRegisteredDate, PolicePersonID, PoliceStationID, CaseCategoryID, GravityOffenceID, CrimeMajorHeadID, CrimeMinorHeadID, CaseStatusID, CourtID, IncidentFromDate, IncidentToDate, InfoReceivedPSDate, latitude, longitude, BriefFacts) VALUES (378, '100060018202400378', '202400378', '2024-07-15', 35, 18, 2, 3, 4, 8, 3, 6, '2024-07-15 18:00:00', '2024-07-15 20:00:00', '2024-07-15 18:00:00', 17.337000, 76.842000, 'Incident reported at Station Bazar Police Station. Initial investigation launched by IO Mahesh Bhat.');
INSERT INTO Inv_OccuranceTime (CaseMasterID, IncidentFromDate, IncidentToDate, latitude, longitude, PlaceOfOccurrence) VALUES (378, '2024-07-15 18:00:00', '2024-07-15 20:00:00', 17.337000, 76.842000, 'Near Junction, Station Bazar');
INSERT INTO ComplainantDetails (ComplainantID, CaseMasterID, ComplainantName, AgeYear, OccupationID, ReligionID, CasteID, GenderID) VALUES (378, 378, 'Girish Hegde', 63, 2, 1, 1, 1);
INSERT INTO ActSectionAssociation (CaseMasterID, ActID, SectionID, ActOrderID, SectionOrderID) VALUES (378, 'IPC', '420', 1, 1);
INSERT INTO Victim (VictimMasterID, CaseMasterID, VictimName, AgeYear, GenderID, VictimPolice) VALUES (378, 378, 'Nikhil Gowda', 39, 1, '0');
INSERT INTO Accused (AccusedMasterID, CaseMasterID, AccusedName, AgeYear, GenderID, PersonID) VALUES (507, 378, 'Imtiaz Kumar', 39, 1, 'A1');
INSERT INTO Accused (AccusedMasterID, CaseMasterID, AccusedName, AgeYear, GenderID, PersonID) VALUES (508, 378, 'Tukaram Singh', 45, 1, 'A2');
INSERT INTO ArrestSurrender (ArrestSurrenderID, CaseMasterID, ArrestSurrenderTypeID, ArrestSurrenderDate, ArrestSurrenderStateId, ArrestSurrenderDistrictId, PoliceStationID, IOID, CourtID, AccusedMasterID, IsAccused, IsComplainantAccused) VALUES (192, 378, 1, '2024-07-15', 1, 6, 18, 35, 6, 507, 1, 0);
INSERT INTO inv_arrestsurrenderaccused (ArrestSurrenderID, AccusedMasterID) VALUES (192, 507);
INSERT INTO inv_arrestsurrenderaccused (ArrestSurrenderID, AccusedMasterID) VALUES (192, 508);
INSERT INTO ChargesheetDetails (CSID, CaseMasterID, csdate, cstype, PolicePersonID) VALUES (128, 378, '2024-07-15 18:00:00', 'A', 35);
INSERT INTO CaseMaster (CaseMasterID, CrimeNo, CaseNo, CrimeRegisteredDate, PolicePersonID, PoliceStationID, CaseCategoryID, GravityOffenceID, CrimeMajorHeadID, CrimeMinorHeadID, CaseStatusID, CourtID, IncidentFromDate, IncidentToDate, InfoReceivedPSDate, latitude, longitude, BriefFacts) VALUES (379, '100010004202400379', '202400379', '2024-08-16', 7, 4, 3, 1, 5, 9, 4, 1, '2024-08-16 19:00:00', '2024-08-16 21:00:00', '2024-08-16 19:00:00', 12.934000, 77.602800, 'Incident reported at Jayanagar Police Station. Initial investigation launched by IO Vijay Kulkarni.');
INSERT INTO Inv_OccuranceTime (CaseMasterID, IncidentFromDate, IncidentToDate, latitude, longitude, PlaceOfOccurrence) VALUES (379, '2024-08-16 19:00:00', '2024-08-16 21:00:00', 12.934000, 77.602800, 'Near Junction, Jayanagar');
INSERT INTO ComplainantDetails (ComplainantID, CaseMasterID, ComplainantName, AgeYear, OccupationID, ReligionID, CasteID, GenderID) VALUES (379, 379, 'Chetan Hegde', 65, 2, 1, 1, 1);
INSERT INTO ActSectionAssociation (CaseMasterID, ActID, SectionID, ActOrderID, SectionOrderID) VALUES (379, 'NDPS', '20', 1, 1);
INSERT INTO Victim (VictimMasterID, CaseMasterID, VictimName, AgeYear, GenderID, VictimPolice) VALUES (379, 379, 'Ganesh Rao', 58, 1, '0');
INSERT INTO Accused (AccusedMasterID, CaseMasterID, AccusedName, AgeYear, GenderID, PersonID) VALUES (509, 379, 'Imtiaz Salim', 31, 1, 'A1');
INSERT INTO CaseMaster (CaseMasterID, CrimeNo, CaseNo, CrimeRegisteredDate, PolicePersonID, PoliceStationID, CaseCategoryID, GravityOffenceID, CrimeMajorHeadID, CrimeMinorHeadID, CaseStatusID, CourtID, IncidentFromDate, IncidentToDate, InfoReceivedPSDate, latitude, longitude, BriefFacts) VALUES (380, '100020007202400380', '202400380', '2024-09-17', 13, 7, 4, 2, 1, 10, 5, 2, '2024-09-17 20:00:00', '2024-09-17 22:00:00', '2024-09-17 20:00:00', 12.302000, 76.648000, 'Incident reported at Lashkar Police Station. Initial investigation launched by IO Anil Kulkarni.');
INSERT INTO Inv_OccuranceTime (CaseMasterID, IncidentFromDate, IncidentToDate, latitude, longitude, PlaceOfOccurrence) VALUES (380, '2024-09-17 20:00:00', '2024-09-17 22:00:00', 12.302000, 76.648000, 'Near Junction, Lashkar');
INSERT INTO ComplainantDetails (ComplainantID, CaseMasterID, ComplainantName, AgeYear, OccupationID, ReligionID, CasteID, GenderID) VALUES (380, 380, 'Kavitha Shetty', 39, 2, 1, 1, 1);
INSERT INTO ActSectionAssociation (CaseMasterID, ActID, SectionID, ActOrderID, SectionOrderID) VALUES (380, 'IPC', '379', 1, 1);
INSERT INTO Victim (VictimMasterID, CaseMasterID, VictimName, AgeYear, GenderID, VictimPolice) VALUES (380, 380, 'Sangeetha Shetty', 59, 1, '0');
INSERT INTO Accused (AccusedMasterID, CaseMasterID, AccusedName, AgeYear, GenderID, PersonID) VALUES (510, 380, 'Babloo Salim', 28, 1, 'A1');
INSERT INTO ArrestSurrender (ArrestSurrenderID, CaseMasterID, ArrestSurrenderTypeID, ArrestSurrenderDate, ArrestSurrenderStateId, ArrestSurrenderDistrictId, PoliceStationID, IOID, CourtID, AccusedMasterID, IsAccused, IsComplainantAccused) VALUES (193, 380, 1, '2024-09-17', 1, 2, 7, 13, 2, 510, 1, 0);
INSERT INTO inv_arrestsurrenderaccused (ArrestSurrenderID, AccusedMasterID) VALUES (193, 510);
INSERT INTO CaseMaster (CaseMasterID, CrimeNo, CaseNo, CrimeRegisteredDate, PolicePersonID, PoliceStationID, CaseCategoryID, GravityOffenceID, CrimeMajorHeadID, CrimeMinorHeadID, CaseStatusID, CourtID, IncidentFromDate, IncidentToDate, InfoReceivedPSDate, latitude, longitude, BriefFacts) VALUES (381, '100030011202400381', '202400381', '2024-10-18', 21, 11, 1, 3, 1, 1, 1, 3, '2024-10-18 21:00:00', '2024-10-18 23:00:00', '2024-10-18 21:00:00', 12.880000, 74.822000, 'Incident reported at Urwa Police Station. Initial investigation launched by IO Anil Gowda.');
INSERT INTO Inv_OccuranceTime (CaseMasterID, IncidentFromDate, IncidentToDate, latitude, longitude, PlaceOfOccurrence) VALUES (381, '2024-10-18 21:00:00', '2024-10-18 23:00:00', 12.880000, 74.822000, 'Near Junction, Urwa');
INSERT INTO ComplainantDetails (ComplainantID, CaseMasterID, ComplainantName, AgeYear, OccupationID, ReligionID, CasteID, GenderID) VALUES (381, 381, 'Meena Naik', 47, 2, 1, 1, 1);
INSERT INTO ActSectionAssociation (CaseMasterID, ActID, SectionID, ActOrderID, SectionOrderID) VALUES (381, 'IPC', '379', 1, 1);
INSERT INTO Victim (VictimMasterID, CaseMasterID, VictimName, AgeYear, GenderID, VictimPolice) VALUES (381, 381, 'Vinay Hegde', 45, 1, '0');
INSERT INTO Accused (AccusedMasterID, CaseMasterID, AccusedName, AgeYear, GenderID, PersonID) VALUES (511, 381, 'Pandu Alias', 37, 1, 'A1');
INSERT INTO Accused (AccusedMasterID, CaseMasterID, AccusedName, AgeYear, GenderID, PersonID) VALUES (512, 381, 'Yogesh Khan', 25, 1, 'A2');
INSERT INTO ChargesheetDetails (CSID, CaseMasterID, csdate, cstype, PolicePersonID) VALUES (129, 381, '2024-10-18 21:00:00', 'A', 21);
INSERT INTO CaseMaster (CaseMasterID, CrimeNo, CaseNo, CrimeRegisteredDate, PolicePersonID, PoliceStationID, CaseCategoryID, GravityOffenceID, CrimeMajorHeadID, CrimeMinorHeadID, CaseStatusID, CourtID, IncidentFromDate, IncidentToDate, InfoReceivedPSDate, latitude, longitude, BriefFacts) VALUES (382, '100040012202400382', '202400382', '2024-11-19', 23, 12, 2, 1, 1, 2, 2, 4, '2024-11-19 22:00:00', '2024-11-19 00:00:00', '2024-11-19 22:00:00', 15.344000, 75.133000, 'Incident reported at Suburban Police Station Hubballi. Initial investigation launched by IO Basavaraj Rao.');
INSERT INTO Inv_OccuranceTime (CaseMasterID, IncidentFromDate, IncidentToDate, latitude, longitude, PlaceOfOccurrence) VALUES (382, '2024-11-19 22:00:00', '2024-11-19 00:00:00', 15.344000, 75.133000, 'Near Junction, Suburban Hubballi');
INSERT INTO ComplainantDetails (ComplainantID, CaseMasterID, ComplainantName, AgeYear, OccupationID, ReligionID, CasteID, GenderID) VALUES (382, 382, 'Pooja Hegde', 38, 2, 1, 1, 1);
INSERT INTO ActSectionAssociation (CaseMasterID, ActID, SectionID, ActOrderID, SectionOrderID) VALUES (382, 'IPC', '379', 1, 1);
INSERT INTO Victim (VictimMasterID, CaseMasterID, VictimName, AgeYear, GenderID, VictimPolice) VALUES (382, 382, 'Sangeetha Deshpande', 58, 1, '0');
INSERT INTO Accused (AccusedMasterID, CaseMasterID, AccusedName, AgeYear, GenderID, PersonID) VALUES (513, 382, 'Tukaram Singh', 24, 1, 'A1');
INSERT INTO ArrestSurrender (ArrestSurrenderID, CaseMasterID, ArrestSurrenderTypeID, ArrestSurrenderDate, ArrestSurrenderStateId, ArrestSurrenderDistrictId, PoliceStationID, IOID, CourtID, AccusedMasterID, IsAccused, IsComplainantAccused) VALUES (194, 382, 1, '2024-11-19', 1, 4, 12, 23, 4, 513, 1, 0);
INSERT INTO inv_arrestsurrenderaccused (ArrestSurrenderID, AccusedMasterID) VALUES (194, 513);
INSERT INTO CaseMaster (CaseMasterID, CrimeNo, CaseNo, CrimeRegisteredDate, PolicePersonID, PoliceStationID, CaseCategoryID, GravityOffenceID, CrimeMajorHeadID, CrimeMinorHeadID, CaseStatusID, CourtID, IncidentFromDate, IncidentToDate, InfoReceivedPSDate, latitude, longitude, BriefFacts) VALUES (383, '100050016202400383', '202400383', '2024-12-20', 31, 16, 3, 2, 1, 3, 3, 5, '2024-12-20 23:00:00', '2024-12-20 01:00:00', '2024-12-20 23:00:00', 15.837000, 74.501000, 'Incident reported at Tilakwadi Police Station. Initial investigation launched by IO Prakash Patil.');
INSERT INTO Inv_OccuranceTime (CaseMasterID, IncidentFromDate, IncidentToDate, latitude, longitude, PlaceOfOccurrence) VALUES (383, '2024-12-20 23:00:00', '2024-12-20 01:00:00', 15.837000, 74.501000, 'Near Junction, Tilakwadi');
INSERT INTO ComplainantDetails (ComplainantID, CaseMasterID, ComplainantName, AgeYear, OccupationID, ReligionID, CasteID, GenderID) VALUES (383, 383, 'Bharath Joshi', 25, 2, 1, 1, 1);
INSERT INTO ActSectionAssociation (CaseMasterID, ActID, SectionID, ActOrderID, SectionOrderID) VALUES (383, 'IPC', '379', 1, 1);
INSERT INTO Victim (VictimMasterID, CaseMasterID, VictimName, AgeYear, GenderID, VictimPolice) VALUES (383, 383, 'Sangeetha Bhat', 48, 1, '0');
INSERT INTO Accused (AccusedMasterID, CaseMasterID, AccusedName, AgeYear, GenderID, PersonID) VALUES (514, 383, 'Imtiaz Kumar', 24, 1, 'A1');
INSERT INTO CaseMaster (CaseMasterID, CrimeNo, CaseNo, CrimeRegisteredDate, PolicePersonID, PoliceStationID, CaseCategoryID, GravityOffenceID, CrimeMajorHeadID, CrimeMinorHeadID, CaseStatusID, CourtID, IncidentFromDate, IncidentToDate, InfoReceivedPSDate, latitude, longitude, BriefFacts) VALUES (384, '100060018202400384', '202400384', '2024-01-21', 35, 18, 4, 3, 2, 4, 4, 6, '2024-01-21 00:00:00', '2024-01-21 02:00:00', '2024-01-21 00:00:00', 17.323000, 76.828000, 'Incident reported at Station Bazar Police Station. Initial investigation launched by IO Mahesh Bhat.');
INSERT INTO Inv_OccuranceTime (CaseMasterID, IncidentFromDate, IncidentToDate, latitude, longitude, PlaceOfOccurrence) VALUES (384, '2024-01-21 00:00:00', '2024-01-21 02:00:00', 17.323000, 76.828000, 'Near Junction, Station Bazar');
INSERT INTO ComplainantDetails (ComplainantID, CaseMasterID, ComplainantName, AgeYear, OccupationID, ReligionID, CasteID, GenderID) VALUES (384, 384, 'Suma Kulkarni', 26, 2, 1, 1, 1);
INSERT INTO ActSectionAssociation (CaseMasterID, ActID, SectionID, ActOrderID, SectionOrderID) VALUES (384, 'IPC', '302', 1, 1);
INSERT INTO Victim (VictimMasterID, CaseMasterID, VictimName, AgeYear, GenderID, VictimPolice) VALUES (384, 384, 'Kiran Joshi', 55, 1, '0');
INSERT INTO Accused (AccusedMasterID, CaseMasterID, AccusedName, AgeYear, GenderID, PersonID) VALUES (515, 384, 'Jagga Singh', 36, 1, 'A1');
INSERT INTO Accused (AccusedMasterID, CaseMasterID, AccusedName, AgeYear, GenderID, PersonID) VALUES (516, 384, 'Babloo Alias', 41, 1, 'A2');
INSERT INTO ArrestSurrender (ArrestSurrenderID, CaseMasterID, ArrestSurrenderTypeID, ArrestSurrenderDate, ArrestSurrenderStateId, ArrestSurrenderDistrictId, PoliceStationID, IOID, CourtID, AccusedMasterID, IsAccused, IsComplainantAccused) VALUES (195, 384, 1, '2024-01-21', 1, 6, 18, 35, 6, 515, 1, 0);
INSERT INTO inv_arrestsurrenderaccused (ArrestSurrenderID, AccusedMasterID) VALUES (195, 515);
INSERT INTO inv_arrestsurrenderaccused (ArrestSurrenderID, AccusedMasterID) VALUES (195, 516);
INSERT INTO ChargesheetDetails (CSID, CaseMasterID, csdate, cstype, PolicePersonID) VALUES (130, 384, '2024-01-21 00:00:00', 'A', 35);
INSERT INTO CaseMaster (CaseMasterID, CrimeNo, CaseNo, CrimeRegisteredDate, PolicePersonID, PoliceStationID, CaseCategoryID, GravityOffenceID, CrimeMajorHeadID, CrimeMinorHeadID, CaseStatusID, CourtID, IncidentFromDate, IncidentToDate, InfoReceivedPSDate, latitude, longitude, BriefFacts) VALUES (385, '100010005202400385', '202400385', '2024-02-22', 9, 5, 1, 1, 2, 5, 5, 1, '2024-02-22 01:00:00', '2024-02-22 03:00:00', '2024-02-22 01:00:00', 12.998100, 77.559300, 'Incident reported at Malleshwaram Police Station. Initial investigation launched by IO Santosh Shetty.');
INSERT INTO Inv_OccuranceTime (CaseMasterID, IncidentFromDate, IncidentToDate, latitude, longitude, PlaceOfOccurrence) VALUES (385, '2024-02-22 01:00:00', '2024-02-22 03:00:00', 12.998100, 77.559300, 'Near Junction, Malleshwaram');
INSERT INTO ComplainantDetails (ComplainantID, CaseMasterID, ComplainantName, AgeYear, OccupationID, ReligionID, CasteID, GenderID) VALUES (385, 385, 'Eshwar Bhat', 60, 2, 1, 1, 1);
INSERT INTO ActSectionAssociation (CaseMasterID, ActID, SectionID, ActOrderID, SectionOrderID) VALUES (385, 'IPC', '302', 1, 1);
INSERT INTO Victim (VictimMasterID, CaseMasterID, VictimName, AgeYear, GenderID, VictimPolice) VALUES (385, 385, 'Vinay Gowda', 44, 1, '0');
INSERT INTO Accused (AccusedMasterID, CaseMasterID, AccusedName, AgeYear, GenderID, PersonID) VALUES (517, 385, 'Pandu Salim', 44, 1, 'A1');
INSERT INTO CaseMaster (CaseMasterID, CrimeNo, CaseNo, CrimeRegisteredDate, PolicePersonID, PoliceStationID, CaseCategoryID, GravityOffenceID, CrimeMajorHeadID, CrimeMinorHeadID, CaseStatusID, CourtID, IncidentFromDate, IncidentToDate, InfoReceivedPSDate, latitude, longitude, BriefFacts) VALUES (386, '100020007202400386', '202400386', '2024-03-23', 13, 7, 2, 2, 3, 6, 1, 2, '2024-03-23 02:00:00', '2024-03-23 04:00:00', '2024-03-23 02:00:00', 12.308000, 76.654000, 'Incident reported at Lashkar Police Station. Initial investigation launched by IO Anil Kulkarni.');
INSERT INTO Inv_OccuranceTime (CaseMasterID, IncidentFromDate, IncidentToDate, latitude, longitude, PlaceOfOccurrence) VALUES (386, '2024-03-23 02:00:00', '2024-03-23 04:00:00', 12.308000, 76.654000, 'Near Junction, Lashkar');
INSERT INTO ComplainantDetails (ComplainantID, CaseMasterID, ComplainantName, AgeYear, OccupationID, ReligionID, CasteID, GenderID) VALUES (386, 386, 'Chetan Rao', 48, 2, 1, 1, 1);
INSERT INTO ActSectionAssociation (CaseMasterID, ActID, SectionID, ActOrderID, SectionOrderID) VALUES (386, 'IT_ACT', '66D', 1, 1);
INSERT INTO Victim (VictimMasterID, CaseMasterID, VictimName, AgeYear, GenderID, VictimPolice) VALUES (386, 386, 'Sangeetha Bhat', 34, 1, '0');
INSERT INTO Accused (AccusedMasterID, CaseMasterID, AccusedName, AgeYear, GenderID, PersonID) VALUES (518, 386, 'Vicky Singh', 37, 1, 'A1');
INSERT INTO ArrestSurrender (ArrestSurrenderID, CaseMasterID, ArrestSurrenderTypeID, ArrestSurrenderDate, ArrestSurrenderStateId, ArrestSurrenderDistrictId, PoliceStationID, IOID, CourtID, AccusedMasterID, IsAccused, IsComplainantAccused) VALUES (196, 386, 1, '2024-03-23', 1, 2, 7, 13, 2, 518, 1, 0);
INSERT INTO inv_arrestsurrenderaccused (ArrestSurrenderID, AccusedMasterID) VALUES (196, 518);
INSERT INTO CaseMaster (CaseMasterID, CrimeNo, CaseNo, CrimeRegisteredDate, PolicePersonID, PoliceStationID, CaseCategoryID, GravityOffenceID, CrimeMajorHeadID, CrimeMinorHeadID, CaseStatusID, CourtID, IncidentFromDate, IncidentToDate, InfoReceivedPSDate, latitude, longitude, BriefFacts) VALUES (387, '100030011202400387', '202400387', '2024-04-24', 21, 11, 3, 3, 3, 7, 2, 3, '2024-04-24 03:00:00', '2024-04-24 05:00:00', '2024-04-24 03:00:00', 12.886000, 74.828000, 'Incident reported at Urwa Police Station. Initial investigation launched by IO Anil Gowda.');
INSERT INTO Inv_OccuranceTime (CaseMasterID, IncidentFromDate, IncidentToDate, latitude, longitude, PlaceOfOccurrence) VALUES (387, '2024-04-24 03:00:00', '2024-04-24 05:00:00', 12.886000, 74.828000, 'Near Junction, Urwa');
INSERT INTO ComplainantDetails (ComplainantID, CaseMasterID, ComplainantName, AgeYear, OccupationID, ReligionID, CasteID, GenderID) VALUES (387, 387, 'Harish Hegde', 54, 2, 1, 1, 1);
INSERT INTO ActSectionAssociation (CaseMasterID, ActID, SectionID, ActOrderID, SectionOrderID) VALUES (387, 'IT_ACT', '66D', 1, 1);
INSERT INTO Victim (VictimMasterID, CaseMasterID, VictimName, AgeYear, GenderID, VictimPolice) VALUES (387, 387, 'Divya Naik', 39, 1, '0');
INSERT INTO Accused (AccusedMasterID, CaseMasterID, AccusedName, AgeYear, GenderID, PersonID) VALUES (519, 387, 'Raja Kumar', 28, 1, 'A1');
INSERT INTO Accused (AccusedMasterID, CaseMasterID, AccusedName, AgeYear, GenderID, PersonID) VALUES (520, 387, 'Tukaram Alias', 42, 1, 'A2');
INSERT INTO ChargesheetDetails (CSID, CaseMasterID, csdate, cstype, PolicePersonID) VALUES (131, 387, '2024-04-24 03:00:00', 'A', 21);
INSERT INTO CaseMaster (CaseMasterID, CrimeNo, CaseNo, CrimeRegisteredDate, PolicePersonID, PoliceStationID, CaseCategoryID, GravityOffenceID, CrimeMajorHeadID, CrimeMinorHeadID, CaseStatusID, CourtID, IncidentFromDate, IncidentToDate, InfoReceivedPSDate, latitude, longitude, BriefFacts) VALUES (388, '100040012202400388', '202400388', '2024-05-25', 23, 12, 4, 1, 4, 8, 3, 4, '2024-05-25 04:00:00', '2024-05-25 06:00:00', '2024-05-25 04:00:00', 15.350000, 75.139000, 'Incident reported at Suburban Police Station Hubballi. Initial investigation launched by IO Basavaraj Rao.');
INSERT INTO Inv_OccuranceTime (CaseMasterID, IncidentFromDate, IncidentToDate, latitude, longitude, PlaceOfOccurrence) VALUES (388, '2024-05-25 04:00:00', '2024-05-25 06:00:00', 15.350000, 75.139000, 'Near Junction, Suburban Hubballi');
INSERT INTO ComplainantDetails (ComplainantID, CaseMasterID, ComplainantName, AgeYear, OccupationID, ReligionID, CasteID, GenderID) VALUES (388, 388, 'Chetan Deshpande', 25, 2, 1, 1, 1);
INSERT INTO ActSectionAssociation (CaseMasterID, ActID, SectionID, ActOrderID, SectionOrderID) VALUES (388, 'IPC', '420', 1, 1);
INSERT INTO Victim (VictimMasterID, CaseMasterID, VictimName, AgeYear, GenderID, VictimPolice) VALUES (388, 388, 'Praveen Murthy', 53, 1, '0');
INSERT INTO Accused (AccusedMasterID, CaseMasterID, AccusedName, AgeYear, GenderID, PersonID) VALUES (521, 388, 'Shiva Verma', 33, 1, 'A1');
INSERT INTO ArrestSurrender (ArrestSurrenderID, CaseMasterID, ArrestSurrenderTypeID, ArrestSurrenderDate, ArrestSurrenderStateId, ArrestSurrenderDistrictId, PoliceStationID, IOID, CourtID, AccusedMasterID, IsAccused, IsComplainantAccused) VALUES (197, 388, 1, '2024-05-25', 1, 4, 12, 23, 4, 521, 1, 0);
INSERT INTO inv_arrestsurrenderaccused (ArrestSurrenderID, AccusedMasterID) VALUES (197, 521);
INSERT INTO CaseMaster (CaseMasterID, CrimeNo, CaseNo, CrimeRegisteredDate, PolicePersonID, PoliceStationID, CaseCategoryID, GravityOffenceID, CrimeMajorHeadID, CrimeMinorHeadID, CaseStatusID, CourtID, IncidentFromDate, IncidentToDate, InfoReceivedPSDate, latitude, longitude, BriefFacts) VALUES (389, '100050016202400389', '202400389', '2024-06-26', 31, 16, 1, 2, 5, 9, 4, 5, '2024-06-26 05:00:00', '2024-06-26 07:00:00', '2024-06-26 05:00:00', 15.843000, 74.507000, 'Incident reported at Tilakwadi Police Station. Initial investigation launched by IO Prakash Patil.');
INSERT INTO Inv_OccuranceTime (CaseMasterID, IncidentFromDate, IncidentToDate, latitude, longitude, PlaceOfOccurrence) VALUES (389, '2024-06-26 05:00:00', '2024-06-26 07:00:00', 15.843000, 74.507000, 'Near Junction, Tilakwadi');
INSERT INTO ComplainantDetails (ComplainantID, CaseMasterID, ComplainantName, AgeYear, OccupationID, ReligionID, CasteID, GenderID) VALUES (389, 389, 'Latha Hegde', 38, 2, 1, 1, 1);
INSERT INTO ActSectionAssociation (CaseMasterID, ActID, SectionID, ActOrderID, SectionOrderID) VALUES (389, 'NDPS', '20', 1, 1);
INSERT INTO Victim (VictimMasterID, CaseMasterID, VictimName, AgeYear, GenderID, VictimPolice) VALUES (389, 389, 'Vinay Joshi', 49, 1, '0');
INSERT INTO Accused (AccusedMasterID, CaseMasterID, AccusedName, AgeYear, GenderID, PersonID) VALUES (522, 389, 'Shiva Salim', 28, 1, 'A1');
INSERT INTO CaseMaster (CaseMasterID, CrimeNo, CaseNo, CrimeRegisteredDate, PolicePersonID, PoliceStationID, CaseCategoryID, GravityOffenceID, CrimeMajorHeadID, CrimeMinorHeadID, CaseStatusID, CourtID, IncidentFromDate, IncidentToDate, InfoReceivedPSDate, latitude, longitude, BriefFacts) VALUES (390, '100060018202400390', '202400390', '2024-07-27', 35, 18, 2, 3, 1, 10, 5, 6, '2024-07-27 06:00:00', '2024-07-27 08:00:00', '2024-07-27 06:00:00', 17.329000, 76.834000, 'Incident reported at Station Bazar Police Station. Initial investigation launched by IO Mahesh Bhat.');
INSERT INTO Inv_OccuranceTime (CaseMasterID, IncidentFromDate, IncidentToDate, latitude, longitude, PlaceOfOccurrence) VALUES (390, '2024-07-27 06:00:00', '2024-07-27 08:00:00', 17.329000, 76.834000, 'Near Junction, Station Bazar');
INSERT INTO ComplainantDetails (ComplainantID, CaseMasterID, ComplainantName, AgeYear, OccupationID, ReligionID, CasteID, GenderID) VALUES (390, 390, 'Chetan Bhat', 28, 2, 1, 1, 1);
INSERT INTO ActSectionAssociation (CaseMasterID, ActID, SectionID, ActOrderID, SectionOrderID) VALUES (390, 'IPC', '379', 1, 1);
INSERT INTO Victim (VictimMasterID, CaseMasterID, VictimName, AgeYear, GenderID, VictimPolice) VALUES (390, 390, 'Praveen Rao', 56, 1, '0');
INSERT INTO Accused (AccusedMasterID, CaseMasterID, AccusedName, AgeYear, GenderID, PersonID) VALUES (523, 390, 'Vicky Khan', 32, 1, 'A1');
INSERT INTO Accused (AccusedMasterID, CaseMasterID, AccusedName, AgeYear, GenderID, PersonID) VALUES (524, 390, 'Imtiaz Khan', 39, 1, 'A2');
INSERT INTO ArrestSurrender (ArrestSurrenderID, CaseMasterID, ArrestSurrenderTypeID, ArrestSurrenderDate, ArrestSurrenderStateId, ArrestSurrenderDistrictId, PoliceStationID, IOID, CourtID, AccusedMasterID, IsAccused, IsComplainantAccused) VALUES (198, 390, 1, '2024-07-27', 1, 6, 18, 35, 6, 523, 1, 0);
INSERT INTO inv_arrestsurrenderaccused (ArrestSurrenderID, AccusedMasterID) VALUES (198, 523);
INSERT INTO inv_arrestsurrenderaccused (ArrestSurrenderID, AccusedMasterID) VALUES (198, 524);
INSERT INTO ChargesheetDetails (CSID, CaseMasterID, csdate, cstype, PolicePersonID) VALUES (132, 390, '2024-07-27 06:00:00', 'A', 35);
INSERT INTO CaseMaster (CaseMasterID, CrimeNo, CaseNo, CrimeRegisteredDate, PolicePersonID, PoliceStationID, CaseCategoryID, GravityOffenceID, CrimeMajorHeadID, CrimeMinorHeadID, CaseStatusID, CourtID, IncidentFromDate, IncidentToDate, InfoReceivedPSDate, latitude, longitude, BriefFacts) VALUES (391, '100010001202400391', '202400391', '2024-08-28', 1, 1, 3, 1, 1, 1, 1, 1, '2024-08-28 07:00:00', '2024-08-28 09:00:00', '2024-08-28 07:00:00', 12.979400, 77.641800, 'Incident reported at Indiranagar Police Station. Initial investigation launched by IO Suresh Rao.');
INSERT INTO Inv_OccuranceTime (CaseMasterID, IncidentFromDate, IncidentToDate, latitude, longitude, PlaceOfOccurrence) VALUES (391, '2024-08-28 07:00:00', '2024-08-28 09:00:00', 12.979400, 77.641800, 'Near Junction, Indiranagar');
INSERT INTO ComplainantDetails (ComplainantID, CaseMasterID, ComplainantName, AgeYear, OccupationID, ReligionID, CasteID, GenderID) VALUES (391, 391, 'Latha Kulkarni', 31, 2, 1, 1, 1);
INSERT INTO ActSectionAssociation (CaseMasterID, ActID, SectionID, ActOrderID, SectionOrderID) VALUES (391, 'IPC', '379', 1, 1);
INSERT INTO Victim (VictimMasterID, CaseMasterID, VictimName, AgeYear, GenderID, VictimPolice) VALUES (391, 391, 'Manoj Shetty', 29, 1, '0');
INSERT INTO Accused (AccusedMasterID, CaseMasterID, AccusedName, AgeYear, GenderID, PersonID) VALUES (525, 391, 'Altaf Khan', 29, 1, 'A1');
INSERT INTO CaseMaster (CaseMasterID, CrimeNo, CaseNo, CrimeRegisteredDate, PolicePersonID, PoliceStationID, CaseCategoryID, GravityOffenceID, CrimeMajorHeadID, CrimeMinorHeadID, CaseStatusID, CourtID, IncidentFromDate, IncidentToDate, InfoReceivedPSDate, latitude, longitude, BriefFacts) VALUES (392, '100020007202400392', '202400392', '2024-09-01', 13, 7, 4, 2, 1, 2, 2, 2, '2024-09-01 08:00:00', '2024-09-01 10:00:00', '2024-09-01 08:00:00', 12.314000, 76.660000, 'Incident reported at Lashkar Police Station. Initial investigation launched by IO Anil Kulkarni.');
INSERT INTO Inv_OccuranceTime (CaseMasterID, IncidentFromDate, IncidentToDate, latitude, longitude, PlaceOfOccurrence) VALUES (392, '2024-09-01 08:00:00', '2024-09-01 10:00:00', 12.314000, 76.660000, 'Near Junction, Lashkar');
INSERT INTO ComplainantDetails (ComplainantID, CaseMasterID, ComplainantName, AgeYear, OccupationID, ReligionID, CasteID, GenderID) VALUES (392, 392, 'Suma Deshpande', 54, 2, 1, 1, 1);
INSERT INTO ActSectionAssociation (CaseMasterID, ActID, SectionID, ActOrderID, SectionOrderID) VALUES (392, 'IPC', '379', 1, 1);
INSERT INTO Victim (VictimMasterID, CaseMasterID, VictimName, AgeYear, GenderID, VictimPolice) VALUES (392, 392, 'Bhavya Shetty', 26, 1, '0');
INSERT INTO Accused (AccusedMasterID, CaseMasterID, AccusedName, AgeYear, GenderID, PersonID) VALUES (526, 392, 'Babloo Pashan', 21, 1, 'A1');
INSERT INTO ArrestSurrender (ArrestSurrenderID, CaseMasterID, ArrestSurrenderTypeID, ArrestSurrenderDate, ArrestSurrenderStateId, ArrestSurrenderDistrictId, PoliceStationID, IOID, CourtID, AccusedMasterID, IsAccused, IsComplainantAccused) VALUES (199, 392, 1, '2024-09-01', 1, 2, 7, 13, 2, 526, 1, 0);
INSERT INTO inv_arrestsurrenderaccused (ArrestSurrenderID, AccusedMasterID) VALUES (199, 526);
INSERT INTO CaseMaster (CaseMasterID, CrimeNo, CaseNo, CrimeRegisteredDate, PolicePersonID, PoliceStationID, CaseCategoryID, GravityOffenceID, CrimeMajorHeadID, CrimeMinorHeadID, CaseStatusID, CourtID, IncidentFromDate, IncidentToDate, InfoReceivedPSDate, latitude, longitude, BriefFacts) VALUES (393, '100030011202400393', '202400393', '2024-10-02', 21, 11, 1, 3, 1, 3, 3, 3, '2024-10-02 09:00:00', '2024-10-02 11:00:00', '2024-10-02 09:00:00', 12.892000, 74.834000, 'Incident reported at Urwa Police Station. Initial investigation launched by IO Anil Gowda.');
INSERT INTO Inv_OccuranceTime (CaseMasterID, IncidentFromDate, IncidentToDate, latitude, longitude, PlaceOfOccurrence) VALUES (393, '2024-10-02 09:00:00', '2024-10-02 11:00:00', 12.892000, 74.834000, 'Near Junction, Urwa');
INSERT INTO ComplainantDetails (ComplainantID, CaseMasterID, ComplainantName, AgeYear, OccupationID, ReligionID, CasteID, GenderID) VALUES (393, 393, 'Shilpa Murthy', 35, 2, 1, 1, 1);
INSERT INTO ActSectionAssociation (CaseMasterID, ActID, SectionID, ActOrderID, SectionOrderID) VALUES (393, 'IPC', '379', 1, 1);
INSERT INTO Victim (VictimMasterID, CaseMasterID, VictimName, AgeYear, GenderID, VictimPolice) VALUES (393, 393, 'Sangeetha Bhat', 59, 1, '0');
INSERT INTO Accused (AccusedMasterID, CaseMasterID, AccusedName, AgeYear, GenderID, PersonID) VALUES (527, 393, 'Dharma Salim', 36, 1, 'A1');
INSERT INTO Accused (AccusedMasterID, CaseMasterID, AccusedName, AgeYear, GenderID, PersonID) VALUES (528, 393, 'Yogesh Singh', 33, 1, 'A2');
INSERT INTO ChargesheetDetails (CSID, CaseMasterID, csdate, cstype, PolicePersonID) VALUES (133, 393, '2024-10-02 09:00:00', 'A', 21);
INSERT INTO CaseMaster (CaseMasterID, CrimeNo, CaseNo, CrimeRegisteredDate, PolicePersonID, PoliceStationID, CaseCategoryID, GravityOffenceID, CrimeMajorHeadID, CrimeMinorHeadID, CaseStatusID, CourtID, IncidentFromDate, IncidentToDate, InfoReceivedPSDate, latitude, longitude, BriefFacts) VALUES (394, '100040012202400394', '202400394', '2024-11-03', 23, 12, 2, 1, 2, 4, 4, 4, '2024-11-03 10:00:00', '2024-11-03 12:00:00', '2024-11-03 10:00:00', 15.356000, 75.145000, 'Incident reported at Suburban Police Station Hubballi. Initial investigation launched by IO Basavaraj Rao.');
INSERT INTO Inv_OccuranceTime (CaseMasterID, IncidentFromDate, IncidentToDate, latitude, longitude, PlaceOfOccurrence) VALUES (394, '2024-11-03 10:00:00', '2024-11-03 12:00:00', 15.356000, 75.145000, 'Near Junction, Suburban Hubballi');
INSERT INTO ComplainantDetails (ComplainantID, CaseMasterID, ComplainantName, AgeYear, OccupationID, ReligionID, CasteID, GenderID) VALUES (394, 394, 'Deepak Shetty', 64, 2, 1, 1, 1);
INSERT INTO ActSectionAssociation (CaseMasterID, ActID, SectionID, ActOrderID, SectionOrderID) VALUES (394, 'IPC', '302', 1, 1);
INSERT INTO Victim (VictimMasterID, CaseMasterID, VictimName, AgeYear, GenderID, VictimPolice) VALUES (394, 394, 'Divya Murthy', 30, 1, '0');
INSERT INTO Accused (AccusedMasterID, CaseMasterID, AccusedName, AgeYear, GenderID, PersonID) VALUES (529, 394, 'Imtiaz Singh', 30, 1, 'A1');
INSERT INTO ArrestSurrender (ArrestSurrenderID, CaseMasterID, ArrestSurrenderTypeID, ArrestSurrenderDate, ArrestSurrenderStateId, ArrestSurrenderDistrictId, PoliceStationID, IOID, CourtID, AccusedMasterID, IsAccused, IsComplainantAccused) VALUES (200, 394, 1, '2024-11-03', 1, 4, 12, 23, 4, 529, 1, 0);
INSERT INTO inv_arrestsurrenderaccused (ArrestSurrenderID, AccusedMasterID) VALUES (200, 529);
INSERT INTO CaseMaster (CaseMasterID, CrimeNo, CaseNo, CrimeRegisteredDate, PolicePersonID, PoliceStationID, CaseCategoryID, GravityOffenceID, CrimeMajorHeadID, CrimeMinorHeadID, CaseStatusID, CourtID, IncidentFromDate, IncidentToDate, InfoReceivedPSDate, latitude, longitude, BriefFacts) VALUES (395, '100050016202400395', '202400395', '2024-12-04', 31, 16, 3, 2, 2, 5, 5, 5, '2024-12-04 11:00:00', '2024-12-04 13:00:00', '2024-12-04 11:00:00', 15.849000, 74.513000, 'Incident reported at Tilakwadi Police Station. Initial investigation launched by IO Prakash Patil.');
INSERT INTO Inv_OccuranceTime (CaseMasterID, IncidentFromDate, IncidentToDate, latitude, longitude, PlaceOfOccurrence) VALUES (395, '2024-12-04 11:00:00', '2024-12-04 13:00:00', 15.849000, 74.513000, 'Near Junction, Tilakwadi');
INSERT INTO ComplainantDetails (ComplainantID, CaseMasterID, ComplainantName, AgeYear, OccupationID, ReligionID, CasteID, GenderID) VALUES (395, 395, 'Nandini Kulkarni', 35, 2, 1, 1, 1);
INSERT INTO ActSectionAssociation (CaseMasterID, ActID, SectionID, ActOrderID, SectionOrderID) VALUES (395, 'IPC', '302', 1, 1);
INSERT INTO Victim (VictimMasterID, CaseMasterID, VictimName, AgeYear, GenderID, VictimPolice) VALUES (395, 395, 'Vinay Kulkarni', 49, 1, '0');
INSERT INTO Accused (AccusedMasterID, CaseMasterID, AccusedName, AgeYear, GenderID, PersonID) VALUES (530, 395, 'Jagga Reddy', 39, 1, 'A1');
INSERT INTO CaseMaster (CaseMasterID, CrimeNo, CaseNo, CrimeRegisteredDate, PolicePersonID, PoliceStationID, CaseCategoryID, GravityOffenceID, CrimeMajorHeadID, CrimeMinorHeadID, CaseStatusID, CourtID, IncidentFromDate, IncidentToDate, InfoReceivedPSDate, latitude, longitude, BriefFacts) VALUES (396, '100060018202400396', '202400396', '2024-01-05', 35, 18, 4, 3, 3, 6, 1, 6, '2024-01-05 12:00:00', '2024-01-05 14:00:00', '2024-01-05 12:00:00', 17.335000, 76.840000, 'Incident reported at Station Bazar Police Station. Initial investigation launched by IO Mahesh Bhat.');
INSERT INTO Inv_OccuranceTime (CaseMasterID, IncidentFromDate, IncidentToDate, latitude, longitude, PlaceOfOccurrence) VALUES (396, '2024-01-05 12:00:00', '2024-01-05 14:00:00', 17.335000, 76.840000, 'Near Junction, Station Bazar');
INSERT INTO ComplainantDetails (ComplainantID, CaseMasterID, ComplainantName, AgeYear, OccupationID, ReligionID, CasteID, GenderID) VALUES (396, 396, 'Latha Hegde', 28, 2, 1, 1, 1);
INSERT INTO ActSectionAssociation (CaseMasterID, ActID, SectionID, ActOrderID, SectionOrderID) VALUES (396, 'IT_ACT', '66D', 1, 1);
INSERT INTO Victim (VictimMasterID, CaseMasterID, VictimName, AgeYear, GenderID, VictimPolice) VALUES (396, 396, 'Manoj Naik', 20, 1, '0');
INSERT INTO Accused (AccusedMasterID, CaseMasterID, AccusedName, AgeYear, GenderID, PersonID) VALUES (531, 396, 'Yogesh Kumar', 25, 1, 'A1');
INSERT INTO Accused (AccusedMasterID, CaseMasterID, AccusedName, AgeYear, GenderID, PersonID) VALUES (532, 396, 'Dharma Salim', 35, 1, 'A2');
INSERT INTO ArrestSurrender (ArrestSurrenderID, CaseMasterID, ArrestSurrenderTypeID, ArrestSurrenderDate, ArrestSurrenderStateId, ArrestSurrenderDistrictId, PoliceStationID, IOID, CourtID, AccusedMasterID, IsAccused, IsComplainantAccused) VALUES (201, 396, 1, '2024-01-05', 1, 6, 18, 35, 6, 531, 1, 0);
INSERT INTO inv_arrestsurrenderaccused (ArrestSurrenderID, AccusedMasterID) VALUES (201, 531);
INSERT INTO inv_arrestsurrenderaccused (ArrestSurrenderID, AccusedMasterID) VALUES (201, 532);
INSERT INTO ChargesheetDetails (CSID, CaseMasterID, csdate, cstype, PolicePersonID) VALUES (134, 396, '2024-01-05 12:00:00', 'A', 35);
INSERT INTO CaseMaster (CaseMasterID, CrimeNo, CaseNo, CrimeRegisteredDate, PolicePersonID, PoliceStationID, CaseCategoryID, GravityOffenceID, CrimeMajorHeadID, CrimeMinorHeadID, CaseStatusID, CourtID, IncidentFromDate, IncidentToDate, InfoReceivedPSDate, latitude, longitude, BriefFacts) VALUES (397, '100010002202400397', '202400397', '2024-02-06', 3, 2, 1, 1, 3, 7, 2, 1, '2024-02-06 13:00:00', '2024-02-06 15:00:00', '2024-02-06 13:00:00', 12.942200, 77.631500, 'Incident reported at Koramangala Police Station. Initial investigation launched by IO Ganesh Nayak.');
INSERT INTO Inv_OccuranceTime (CaseMasterID, IncidentFromDate, IncidentToDate, latitude, longitude, PlaceOfOccurrence) VALUES (397, '2024-02-06 13:00:00', '2024-02-06 15:00:00', 12.942200, 77.631500, 'Near Junction, Koramangala');
INSERT INTO ComplainantDetails (ComplainantID, CaseMasterID, ComplainantName, AgeYear, OccupationID, ReligionID, CasteID, GenderID) VALUES (397, 397, 'Suma Joshi', 41, 2, 1, 1, 1);
INSERT INTO ActSectionAssociation (CaseMasterID, ActID, SectionID, ActOrderID, SectionOrderID) VALUES (397, 'IT_ACT', '66D', 1, 1);
INSERT INTO Victim (VictimMasterID, CaseMasterID, VictimName, AgeYear, GenderID, VictimPolice) VALUES (397, 397, 'Nikhil Kulkarni', 45, 1, '0');
INSERT INTO Accused (AccusedMasterID, CaseMasterID, AccusedName, AgeYear, GenderID, PersonID) VALUES (533, 397, 'Vicky Verma', 30, 1, 'A1');
INSERT INTO CaseMaster (CaseMasterID, CrimeNo, CaseNo, CrimeRegisteredDate, PolicePersonID, PoliceStationID, CaseCategoryID, GravityOffenceID, CrimeMajorHeadID, CrimeMinorHeadID, CaseStatusID, CourtID, IncidentFromDate, IncidentToDate, InfoReceivedPSDate, latitude, longitude, BriefFacts) VALUES (398, '100020007202400398', '202400398', '2024-03-07', 13, 7, 2, 2, 4, 8, 3, 2, '2024-03-07 14:00:00', '2024-03-07 16:00:00', '2024-03-07 14:00:00', 12.320000, 76.666000, 'Incident reported at Lashkar Police Station. Initial investigation launched by IO Anil Kulkarni.');
INSERT INTO Inv_OccuranceTime (CaseMasterID, IncidentFromDate, IncidentToDate, latitude, longitude, PlaceOfOccurrence) VALUES (398, '2024-03-07 14:00:00', '2024-03-07 16:00:00', 12.320000, 76.666000, 'Near Junction, Lashkar');
INSERT INTO ComplainantDetails (ComplainantID, CaseMasterID, ComplainantName, AgeYear, OccupationID, ReligionID, CasteID, GenderID) VALUES (398, 398, 'Suma Rao', 55, 2, 1, 1, 1);
INSERT INTO ActSectionAssociation (CaseMasterID, ActID, SectionID, ActOrderID, SectionOrderID) VALUES (398, 'IPC', '420', 1, 1);
INSERT INTO Victim (VictimMasterID, CaseMasterID, VictimName, AgeYear, GenderID, VictimPolice) VALUES (398, 398, 'Nikhil Rao', 33, 1, '0');
INSERT INTO Accused (AccusedMasterID, CaseMasterID, AccusedName, AgeYear, GenderID, PersonID) VALUES (534, 398, 'Tukaram Salim', 42, 1, 'A1');
INSERT INTO ArrestSurrender (ArrestSurrenderID, CaseMasterID, ArrestSurrenderTypeID, ArrestSurrenderDate, ArrestSurrenderStateId, ArrestSurrenderDistrictId, PoliceStationID, IOID, CourtID, AccusedMasterID, IsAccused, IsComplainantAccused) VALUES (202, 398, 1, '2024-03-07', 1, 2, 7, 13, 2, 534, 1, 0);
INSERT INTO inv_arrestsurrenderaccused (ArrestSurrenderID, AccusedMasterID) VALUES (202, 534);
INSERT INTO CaseMaster (CaseMasterID, CrimeNo, CaseNo, CrimeRegisteredDate, PolicePersonID, PoliceStationID, CaseCategoryID, GravityOffenceID, CrimeMajorHeadID, CrimeMinorHeadID, CaseStatusID, CourtID, IncidentFromDate, IncidentToDate, InfoReceivedPSDate, latitude, longitude, BriefFacts) VALUES (399, '100030011202400399', '202400399', '2024-04-08', 21, 11, 3, 3, 5, 9, 4, 3, '2024-04-08 15:00:00', '2024-04-08 17:00:00', '2024-04-08 15:00:00', 12.898000, 74.840000, 'Incident reported at Urwa Police Station. Initial investigation launched by IO Anil Gowda.');
INSERT INTO Inv_OccuranceTime (CaseMasterID, IncidentFromDate, IncidentToDate, latitude, longitude, PlaceOfOccurrence) VALUES (399, '2024-04-08 15:00:00', '2024-04-08 17:00:00', 12.898000, 74.840000, 'Near Junction, Urwa');
INSERT INTO ComplainantDetails (ComplainantID, CaseMasterID, ComplainantName, AgeYear, OccupationID, ReligionID, CasteID, GenderID) VALUES (399, 399, 'Deepak Shetty', 65, 2, 1, 1, 1);
INSERT INTO ActSectionAssociation (CaseMasterID, ActID, SectionID, ActOrderID, SectionOrderID) VALUES (399, 'NDPS', '20', 1, 1);
INSERT INTO Victim (VictimMasterID, CaseMasterID, VictimName, AgeYear, GenderID, VictimPolice) VALUES (399, 399, 'Praveen Rao', 49, 1, '0');
INSERT INTO Accused (AccusedMasterID, CaseMasterID, AccusedName, AgeYear, GenderID, PersonID) VALUES (535, 399, 'Altaf Kumar', 38, 1, 'A1');
INSERT INTO Accused (AccusedMasterID, CaseMasterID, AccusedName, AgeYear, GenderID, PersonID) VALUES (536, 399, 'Vicky Salim', 29, 1, 'A2');
INSERT INTO ChargesheetDetails (CSID, CaseMasterID, csdate, cstype, PolicePersonID) VALUES (135, 399, '2024-04-08 15:00:00', 'A', 21);
INSERT INTO CaseMaster (CaseMasterID, CrimeNo, CaseNo, CrimeRegisteredDate, PolicePersonID, PoliceStationID, CaseCategoryID, GravityOffenceID, CrimeMajorHeadID, CrimeMinorHeadID, CaseStatusID, CourtID, IncidentFromDate, IncidentToDate, InfoReceivedPSDate, latitude, longitude, BriefFacts) VALUES (400, '100040012202400400', '202400400', '2024-05-09', 23, 12, 4, 1, 1, 10, 5, 4, '2024-05-09 16:00:00', '2024-05-09 18:00:00', '2024-05-09 16:00:00', 15.342000, 75.131000, 'Incident reported at Suburban Police Station Hubballi. Initial investigation launched by IO Basavaraj Rao.');
INSERT INTO Inv_OccuranceTime (CaseMasterID, IncidentFromDate, IncidentToDate, latitude, longitude, PlaceOfOccurrence) VALUES (400, '2024-05-09 16:00:00', '2024-05-09 18:00:00', 15.342000, 75.131000, 'Near Junction, Suburban Hubballi');
INSERT INTO ComplainantDetails (ComplainantID, CaseMasterID, ComplainantName, AgeYear, OccupationID, ReligionID, CasteID, GenderID) VALUES (400, 400, 'Suma Shetty', 56, 2, 1, 1, 1);
INSERT INTO ActSectionAssociation (CaseMasterID, ActID, SectionID, ActOrderID, SectionOrderID) VALUES (400, 'IPC', '379', 1, 1);
INSERT INTO Victim (VictimMasterID, CaseMasterID, VictimName, AgeYear, GenderID, VictimPolice) VALUES (400, 400, 'Ganesh Hegde', 26, 1, '0');
INSERT INTO Accused (AccusedMasterID, CaseMasterID, AccusedName, AgeYear, GenderID, PersonID) VALUES (537, 400, 'Yogesh Kumar', 27, 1, 'A1');
INSERT INTO ArrestSurrender (ArrestSurrenderID, CaseMasterID, ArrestSurrenderTypeID, ArrestSurrenderDate, ArrestSurrenderStateId, ArrestSurrenderDistrictId, PoliceStationID, IOID, CourtID, AccusedMasterID, IsAccused, IsComplainantAccused) VALUES (203, 400, 1, '2024-05-09', 1, 4, 12, 23, 4, 537, 1, 0);
INSERT INTO inv_arrestsurrenderaccused (ArrestSurrenderID, AccusedMasterID) VALUES (203, 537);
INSERT INTO CaseMaster (CaseMasterID, CrimeNo, CaseNo, CrimeRegisteredDate, PolicePersonID, PoliceStationID, CaseCategoryID, GravityOffenceID, CrimeMajorHeadID, CrimeMinorHeadID, CaseStatusID, CourtID, IncidentFromDate, IncidentToDate, InfoReceivedPSDate, latitude, longitude, BriefFacts) VALUES (401, '100050016202400401', '202400401', '2024-06-10', 31, 16, 1, 2, 1, 1, 1, 5, '2024-06-10 17:00:00', '2024-06-10 19:00:00', '2024-06-10 17:00:00', 15.835000, 74.499000, 'Incident reported at Tilakwadi Police Station. Initial investigation launched by IO Prakash Patil.');
INSERT INTO Inv_OccuranceTime (CaseMasterID, IncidentFromDate, IncidentToDate, latitude, longitude, PlaceOfOccurrence) VALUES (401, '2024-06-10 17:00:00', '2024-06-10 19:00:00', 15.835000, 74.499000, 'Near Junction, Tilakwadi');
INSERT INTO ComplainantDetails (ComplainantID, CaseMasterID, ComplainantName, AgeYear, OccupationID, ReligionID, CasteID, GenderID) VALUES (401, 401, 'Latha Kulkarni', 40, 2, 1, 1, 1);
INSERT INTO ActSectionAssociation (CaseMasterID, ActID, SectionID, ActOrderID, SectionOrderID) VALUES (401, 'IPC', '379', 1, 1);
INSERT INTO Victim (VictimMasterID, CaseMasterID, VictimName, AgeYear, GenderID, VictimPolice) VALUES (401, 401, 'Chaitra Hegde', 52, 1, '0');
INSERT INTO Accused (AccusedMasterID, CaseMasterID, AccusedName, AgeYear, GenderID, PersonID) VALUES (538, 401, 'Vicky Reddy', 35, 1, 'A1');
INSERT INTO CaseMaster (CaseMasterID, CrimeNo, CaseNo, CrimeRegisteredDate, PolicePersonID, PoliceStationID, CaseCategoryID, GravityOffenceID, CrimeMajorHeadID, CrimeMinorHeadID, CaseStatusID, CourtID, IncidentFromDate, IncidentToDate, InfoReceivedPSDate, latitude, longitude, BriefFacts) VALUES (402, '100060018202400402', '202400402', '2024-07-11', 35, 18, 2, 3, 1, 2, 2, 6, '2024-07-11 18:00:00', '2024-07-11 20:00:00', '2024-07-11 18:00:00', 17.321000, 76.826000, 'Incident reported at Station Bazar Police Station. Initial investigation launched by IO Mahesh Bhat.');
INSERT INTO Inv_OccuranceTime (CaseMasterID, IncidentFromDate, IncidentToDate, latitude, longitude, PlaceOfOccurrence) VALUES (402, '2024-07-11 18:00:00', '2024-07-11 20:00:00', 17.321000, 76.826000, 'Near Junction, Station Bazar');
INSERT INTO ComplainantDetails (ComplainantID, CaseMasterID, ComplainantName, AgeYear, OccupationID, ReligionID, CasteID, GenderID) VALUES (402, 402, 'Jagadish Joshi', 40, 2, 1, 1, 1);
INSERT INTO ActSectionAssociation (CaseMasterID, ActID, SectionID, ActOrderID, SectionOrderID) VALUES (402, 'IPC', '379', 1, 1);
INSERT INTO Victim (VictimMasterID, CaseMasterID, VictimName, AgeYear, GenderID, VictimPolice) VALUES (402, 402, 'Chaitra Rao', 23, 1, '0');
INSERT INTO Accused (AccusedMasterID, CaseMasterID, AccusedName, AgeYear, GenderID, PersonID) VALUES (539, 402, 'Mantu Singh', 34, 1, 'A1');
INSERT INTO Accused (AccusedMasterID, CaseMasterID, AccusedName, AgeYear, GenderID, PersonID) VALUES (540, 402, 'Altaf Kumar', 43, 1, 'A2');
INSERT INTO ArrestSurrender (ArrestSurrenderID, CaseMasterID, ArrestSurrenderTypeID, ArrestSurrenderDate, ArrestSurrenderStateId, ArrestSurrenderDistrictId, PoliceStationID, IOID, CourtID, AccusedMasterID, IsAccused, IsComplainantAccused) VALUES (204, 402, 1, '2024-07-11', 1, 6, 18, 35, 6, 539, 1, 0);
INSERT INTO inv_arrestsurrenderaccused (ArrestSurrenderID, AccusedMasterID) VALUES (204, 539);
INSERT INTO inv_arrestsurrenderaccused (ArrestSurrenderID, AccusedMasterID) VALUES (204, 540);
INSERT INTO ChargesheetDetails (CSID, CaseMasterID, csdate, cstype, PolicePersonID) VALUES (136, 402, '2024-07-11 18:00:00', 'A', 35);
INSERT INTO CaseMaster (CaseMasterID, CrimeNo, CaseNo, CrimeRegisteredDate, PolicePersonID, PoliceStationID, CaseCategoryID, GravityOffenceID, CrimeMajorHeadID, CrimeMinorHeadID, CaseStatusID, CourtID, IncidentFromDate, IncidentToDate, InfoReceivedPSDate, latitude, longitude, BriefFacts) VALUES (403, '100010003202400403', '202400403', '2024-08-12', 5, 3, 3, 1, 1, 3, 3, 1, '2024-08-12 19:00:00', '2024-08-12 21:00:00', '2024-08-12 19:00:00', 12.962800, 77.742900, 'Incident reported at Whitefield Police Station. Initial investigation launched by IO Sunil Bhat.');
INSERT INTO Inv_OccuranceTime (CaseMasterID, IncidentFromDate, IncidentToDate, latitude, longitude, PlaceOfOccurrence) VALUES (403, '2024-08-12 19:00:00', '2024-08-12 21:00:00', 12.962800, 77.742900, 'Near Junction, Whitefield');
INSERT INTO ComplainantDetails (ComplainantID, CaseMasterID, ComplainantName, AgeYear, OccupationID, ReligionID, CasteID, GenderID) VALUES (403, 403, 'Pooja Kulkarni', 28, 2, 1, 1, 1);
INSERT INTO ActSectionAssociation (CaseMasterID, ActID, SectionID, ActOrderID, SectionOrderID) VALUES (403, 'IPC', '379', 1, 1);
INSERT INTO Victim (VictimMasterID, CaseMasterID, VictimName, AgeYear, GenderID, VictimPolice) VALUES (403, 403, 'Bhavya Naik', 36, 1, '0');
INSERT INTO Accused (AccusedMasterID, CaseMasterID, AccusedName, AgeYear, GenderID, PersonID) VALUES (541, 403, 'Mantu Singh', 45, 1, 'A1');
INSERT INTO CaseMaster (CaseMasterID, CrimeNo, CaseNo, CrimeRegisteredDate, PolicePersonID, PoliceStationID, CaseCategoryID, GravityOffenceID, CrimeMajorHeadID, CrimeMinorHeadID, CaseStatusID, CourtID, IncidentFromDate, IncidentToDate, InfoReceivedPSDate, latitude, longitude, BriefFacts) VALUES (404, '100020007202400404', '202400404', '2024-09-13', 13, 7, 4, 2, 2, 4, 4, 2, '2024-09-13 20:00:00', '2024-09-13 22:00:00', '2024-09-13 20:00:00', 12.306000, 76.652000, 'Incident reported at Lashkar Police Station. Initial investigation launched by IO Anil Kulkarni.');
INSERT INTO Inv_OccuranceTime (CaseMasterID, IncidentFromDate, IncidentToDate, latitude, longitude, PlaceOfOccurrence) VALUES (404, '2024-09-13 20:00:00', '2024-09-13 22:00:00', 12.306000, 76.652000, 'Near Junction, Lashkar');
INSERT INTO ComplainantDetails (ComplainantID, CaseMasterID, ComplainantName, AgeYear, OccupationID, ReligionID, CasteID, GenderID) VALUES (404, 404, 'Kavitha Bhat', 29, 2, 1, 1, 1);
INSERT INTO ActSectionAssociation (CaseMasterID, ActID, SectionID, ActOrderID, SectionOrderID) VALUES (404, 'IPC', '302', 1, 1);
INSERT INTO Victim (VictimMasterID, CaseMasterID, VictimName, AgeYear, GenderID, VictimPolice) VALUES (404, 404, 'Sangeetha Kulkarni', 57, 1, '0');
INSERT INTO Accused (AccusedMasterID, CaseMasterID, AccusedName, AgeYear, GenderID, PersonID) VALUES (542, 404, 'Dharma Alias', 33, 1, 'A1');
INSERT INTO ArrestSurrender (ArrestSurrenderID, CaseMasterID, ArrestSurrenderTypeID, ArrestSurrenderDate, ArrestSurrenderStateId, ArrestSurrenderDistrictId, PoliceStationID, IOID, CourtID, AccusedMasterID, IsAccused, IsComplainantAccused) VALUES (205, 404, 1, '2024-09-13', 1, 2, 7, 13, 2, 542, 1, 0);
INSERT INTO inv_arrestsurrenderaccused (ArrestSurrenderID, AccusedMasterID) VALUES (205, 542);
INSERT INTO CaseMaster (CaseMasterID, CrimeNo, CaseNo, CrimeRegisteredDate, PolicePersonID, PoliceStationID, CaseCategoryID, GravityOffenceID, CrimeMajorHeadID, CrimeMinorHeadID, CaseStatusID, CourtID, IncidentFromDate, IncidentToDate, InfoReceivedPSDate, latitude, longitude, BriefFacts) VALUES (405, '100030011202400405', '202400405', '2024-10-14', 21, 11, 1, 3, 2, 5, 5, 3, '2024-10-14 21:00:00', '2024-10-14 23:00:00', '2024-10-14 21:00:00', 12.884000, 74.826000, 'Incident reported at Urwa Police Station. Initial investigation launched by IO Anil Gowda.');
INSERT INTO Inv_OccuranceTime (CaseMasterID, IncidentFromDate, IncidentToDate, latitude, longitude, PlaceOfOccurrence) VALUES (405, '2024-10-14 21:00:00', '2024-10-14 23:00:00', 12.884000, 74.826000, 'Near Junction, Urwa');
INSERT INTO ComplainantDetails (ComplainantID, CaseMasterID, ComplainantName, AgeYear, OccupationID, ReligionID, CasteID, GenderID) VALUES (405, 405, 'Jagadish Joshi', 59, 2, 1, 1, 1);
INSERT INTO ActSectionAssociation (CaseMasterID, ActID, SectionID, ActOrderID, SectionOrderID) VALUES (405, 'IPC', '302', 1, 1);
INSERT INTO Victim (VictimMasterID, CaseMasterID, VictimName, AgeYear, GenderID, VictimPolice) VALUES (405, 405, 'Kiran Murthy', 57, 1, '0');
INSERT INTO Accused (AccusedMasterID, CaseMasterID, AccusedName, AgeYear, GenderID, PersonID) VALUES (543, 405, 'Dharma Pashan', 25, 1, 'A1');
INSERT INTO Accused (AccusedMasterID, CaseMasterID, AccusedName, AgeYear, GenderID, PersonID) VALUES (544, 405, 'Vicky Salim', 21, 1, 'A2');
INSERT INTO ChargesheetDetails (CSID, CaseMasterID, csdate, cstype, PolicePersonID) VALUES (137, 405, '2024-10-14 21:00:00', 'A', 21);
INSERT INTO CaseMaster (CaseMasterID, CrimeNo, CaseNo, CrimeRegisteredDate, PolicePersonID, PoliceStationID, CaseCategoryID, GravityOffenceID, CrimeMajorHeadID, CrimeMinorHeadID, CaseStatusID, CourtID, IncidentFromDate, IncidentToDate, InfoReceivedPSDate, latitude, longitude, BriefFacts) VALUES (406, '100040012202400406', '202400406', '2024-11-15', 23, 12, 2, 1, 3, 6, 1, 4, '2024-11-15 22:00:00', '2024-11-15 00:00:00', '2024-11-15 22:00:00', 15.348000, 75.137000, 'Incident reported at Suburban Police Station Hubballi. Initial investigation launched by IO Basavaraj Rao.');
INSERT INTO Inv_OccuranceTime (CaseMasterID, IncidentFromDate, IncidentToDate, latitude, longitude, PlaceOfOccurrence) VALUES (406, '2024-11-15 22:00:00', '2024-11-15 00:00:00', 15.348000, 75.137000, 'Near Junction, Suburban Hubballi');
INSERT INTO ComplainantDetails (ComplainantID, CaseMasterID, ComplainantName, AgeYear, OccupationID, ReligionID, CasteID, GenderID) VALUES (406, 406, 'Deepak Naik', 50, 2, 1, 1, 1);
INSERT INTO ActSectionAssociation (CaseMasterID, ActID, SectionID, ActOrderID, SectionOrderID) VALUES (406, 'IT_ACT', '66D', 1, 1);
INSERT INTO Victim (VictimMasterID, CaseMasterID, VictimName, AgeYear, GenderID, VictimPolice) VALUES (406, 406, 'Bhavya Shetty', 60, 1, '0');
INSERT INTO Accused (AccusedMasterID, CaseMasterID, AccusedName, AgeYear, GenderID, PersonID) VALUES (545, 406, 'Pandu Pashan', 43, 1, 'A1');
INSERT INTO ArrestSurrender (ArrestSurrenderID, CaseMasterID, ArrestSurrenderTypeID, ArrestSurrenderDate, ArrestSurrenderStateId, ArrestSurrenderDistrictId, PoliceStationID, IOID, CourtID, AccusedMasterID, IsAccused, IsComplainantAccused) VALUES (206, 406, 1, '2024-11-15', 1, 4, 12, 23, 4, 545, 1, 0);
INSERT INTO inv_arrestsurrenderaccused (ArrestSurrenderID, AccusedMasterID) VALUES (206, 545);
INSERT INTO CaseMaster (CaseMasterID, CrimeNo, CaseNo, CrimeRegisteredDate, PolicePersonID, PoliceStationID, CaseCategoryID, GravityOffenceID, CrimeMajorHeadID, CrimeMinorHeadID, CaseStatusID, CourtID, IncidentFromDate, IncidentToDate, InfoReceivedPSDate, latitude, longitude, BriefFacts) VALUES (407, '100050016202400407', '202400407', '2024-12-16', 31, 16, 3, 2, 3, 7, 2, 5, '2024-12-16 23:00:00', '2024-12-16 01:00:00', '2024-12-16 23:00:00', 15.841000, 74.505000, 'Incident reported at Tilakwadi Police Station. Initial investigation launched by IO Prakash Patil.');
INSERT INTO Inv_OccuranceTime (CaseMasterID, IncidentFromDate, IncidentToDate, latitude, longitude, PlaceOfOccurrence) VALUES (407, '2024-12-16 23:00:00', '2024-12-16 01:00:00', 15.841000, 74.505000, 'Near Junction, Tilakwadi');
INSERT INTO ComplainantDetails (ComplainantID, CaseMasterID, ComplainantName, AgeYear, OccupationID, ReligionID, CasteID, GenderID) VALUES (407, 407, 'Pooja Naik', 39, 2, 1, 1, 1);
INSERT INTO ActSectionAssociation (CaseMasterID, ActID, SectionID, ActOrderID, SectionOrderID) VALUES (407, 'IT_ACT', '66D', 1, 1);
INSERT INTO Victim (VictimMasterID, CaseMasterID, VictimName, AgeYear, GenderID, VictimPolice) VALUES (407, 407, 'Praveen Naik', 34, 1, '0');
INSERT INTO Accused (AccusedMasterID, CaseMasterID, AccusedName, AgeYear, GenderID, PersonID) VALUES (546, 407, 'Imtiaz Khan', 27, 1, 'A1');
INSERT INTO CaseMaster (CaseMasterID, CrimeNo, CaseNo, CrimeRegisteredDate, PolicePersonID, PoliceStationID, CaseCategoryID, GravityOffenceID, CrimeMajorHeadID, CrimeMinorHeadID, CaseStatusID, CourtID, IncidentFromDate, IncidentToDate, InfoReceivedPSDate, latitude, longitude, BriefFacts) VALUES (408, '100060018202400408', '202400408', '2024-01-17', 35, 18, 4, 3, 4, 8, 3, 6, '2024-01-17 00:00:00', '2024-01-17 02:00:00', '2024-01-17 00:00:00', 17.327000, 76.832000, 'Incident reported at Station Bazar Police Station. Initial investigation launched by IO Mahesh Bhat.');
INSERT INTO Inv_OccuranceTime (CaseMasterID, IncidentFromDate, IncidentToDate, latitude, longitude, PlaceOfOccurrence) VALUES (408, '2024-01-17 00:00:00', '2024-01-17 02:00:00', 17.327000, 76.832000, 'Near Junction, Station Bazar');
INSERT INTO ComplainantDetails (ComplainantID, CaseMasterID, ComplainantName, AgeYear, OccupationID, ReligionID, CasteID, GenderID) VALUES (408, 408, 'Nandini Deshpande', 40, 2, 1, 1, 1);
INSERT INTO ActSectionAssociation (CaseMasterID, ActID, SectionID, ActOrderID, SectionOrderID) VALUES (408, 'IPC', '420', 1, 1);
INSERT INTO Victim (VictimMasterID, CaseMasterID, VictimName, AgeYear, GenderID, VictimPolice) VALUES (408, 408, 'Arun Deshpande', 35, 1, '0');
INSERT INTO Accused (AccusedMasterID, CaseMasterID, AccusedName, AgeYear, GenderID, PersonID) VALUES (547, 408, 'Vicky Salim', 43, 1, 'A1');
INSERT INTO Accused (AccusedMasterID, CaseMasterID, AccusedName, AgeYear, GenderID, PersonID) VALUES (548, 408, 'Mantu Khan', 41, 1, 'A2');
INSERT INTO ArrestSurrender (ArrestSurrenderID, CaseMasterID, ArrestSurrenderTypeID, ArrestSurrenderDate, ArrestSurrenderStateId, ArrestSurrenderDistrictId, PoliceStationID, IOID, CourtID, AccusedMasterID, IsAccused, IsComplainantAccused) VALUES (207, 408, 1, '2024-01-17', 1, 6, 18, 35, 6, 547, 1, 0);
INSERT INTO inv_arrestsurrenderaccused (ArrestSurrenderID, AccusedMasterID) VALUES (207, 547);
INSERT INTO inv_arrestsurrenderaccused (ArrestSurrenderID, AccusedMasterID) VALUES (207, 548);
INSERT INTO ChargesheetDetails (CSID, CaseMasterID, csdate, cstype, PolicePersonID) VALUES (138, 408, '2024-01-17 00:00:00', 'A', 35);
INSERT INTO CaseMaster (CaseMasterID, CrimeNo, CaseNo, CrimeRegisteredDate, PolicePersonID, PoliceStationID, CaseCategoryID, GravityOffenceID, CrimeMajorHeadID, CrimeMinorHeadID, CaseStatusID, CourtID, IncidentFromDate, IncidentToDate, InfoReceivedPSDate, latitude, longitude, BriefFacts) VALUES (409, '100010004202400409', '202400409', '2024-02-18', 7, 4, 1, 1, 5, 9, 4, 1, '2024-02-18 01:00:00', '2024-02-18 03:00:00', '2024-02-18 01:00:00', 12.924000, 77.592800, 'Incident reported at Jayanagar Police Station. Initial investigation launched by IO Vijay Kulkarni.');
INSERT INTO Inv_OccuranceTime (CaseMasterID, IncidentFromDate, IncidentToDate, latitude, longitude, PlaceOfOccurrence) VALUES (409, '2024-02-18 01:00:00', '2024-02-18 03:00:00', 12.924000, 77.592800, 'Near Junction, Jayanagar');
INSERT INTO ComplainantDetails (ComplainantID, CaseMasterID, ComplainantName, AgeYear, OccupationID, ReligionID, CasteID, GenderID) VALUES (409, 409, 'Eshwar Kulkarni', 27, 2, 1, 1, 1);
INSERT INTO ActSectionAssociation (CaseMasterID, ActID, SectionID, ActOrderID, SectionOrderID) VALUES (409, 'NDPS', '20', 1, 1);
INSERT INTO Victim (VictimMasterID, CaseMasterID, VictimName, AgeYear, GenderID, VictimPolice) VALUES (409, 409, 'Kiran Murthy', 52, 1, '0');
INSERT INTO Accused (AccusedMasterID, CaseMasterID, AccusedName, AgeYear, GenderID, PersonID) VALUES (549, 409, 'Tukaram Singh', 32, 1, 'A1');
INSERT INTO CaseMaster (CaseMasterID, CrimeNo, CaseNo, CrimeRegisteredDate, PolicePersonID, PoliceStationID, CaseCategoryID, GravityOffenceID, CrimeMajorHeadID, CrimeMinorHeadID, CaseStatusID, CourtID, IncidentFromDate, IncidentToDate, InfoReceivedPSDate, latitude, longitude, BriefFacts) VALUES (410, '100020007202400410', '202400410', '2024-03-19', 13, 7, 2, 2, 1, 10, 5, 2, '2024-03-19 02:00:00', '2024-03-19 04:00:00', '2024-03-19 02:00:00', 12.312000, 76.658000, 'Incident reported at Lashkar Police Station. Initial investigation launched by IO Anil Kulkarni.');
INSERT INTO Inv_OccuranceTime (CaseMasterID, IncidentFromDate, IncidentToDate, latitude, longitude, PlaceOfOccurrence) VALUES (410, '2024-03-19 02:00:00', '2024-03-19 04:00:00', 12.312000, 76.658000, 'Near Junction, Lashkar');
INSERT INTO ComplainantDetails (ComplainantID, CaseMasterID, ComplainantName, AgeYear, OccupationID, ReligionID, CasteID, GenderID) VALUES (410, 410, 'Chetan Naik', 60, 2, 1, 1, 1);
INSERT INTO ActSectionAssociation (CaseMasterID, ActID, SectionID, ActOrderID, SectionOrderID) VALUES (410, 'IPC', '379', 1, 1);
INSERT INTO Victim (VictimMasterID, CaseMasterID, VictimName, AgeYear, GenderID, VictimPolice) VALUES (410, 410, 'Rajesh Joshi', 43, 1, '0');
INSERT INTO Accused (AccusedMasterID, CaseMasterID, AccusedName, AgeYear, GenderID, PersonID) VALUES (550, 410, 'Yogesh Kumar', 31, 1, 'A1');
INSERT INTO ArrestSurrender (ArrestSurrenderID, CaseMasterID, ArrestSurrenderTypeID, ArrestSurrenderDate, ArrestSurrenderStateId, ArrestSurrenderDistrictId, PoliceStationID, IOID, CourtID, AccusedMasterID, IsAccused, IsComplainantAccused) VALUES (208, 410, 1, '2024-03-19', 1, 2, 7, 13, 2, 550, 1, 0);
INSERT INTO inv_arrestsurrenderaccused (ArrestSurrenderID, AccusedMasterID) VALUES (208, 550);
INSERT INTO CaseMaster (CaseMasterID, CrimeNo, CaseNo, CrimeRegisteredDate, PolicePersonID, PoliceStationID, CaseCategoryID, GravityOffenceID, CrimeMajorHeadID, CrimeMinorHeadID, CaseStatusID, CourtID, IncidentFromDate, IncidentToDate, InfoReceivedPSDate, latitude, longitude, BriefFacts) VALUES (411, '100030011202400411', '202400411', '2024-04-20', 21, 11, 3, 3, 1, 1, 1, 3, '2024-04-20 03:00:00', '2024-04-20 05:00:00', '2024-04-20 03:00:00', 12.890000, 74.832000, 'Incident reported at Urwa Police Station. Initial investigation launched by IO Anil Gowda.');
INSERT INTO Inv_OccuranceTime (CaseMasterID, IncidentFromDate, IncidentToDate, latitude, longitude, PlaceOfOccurrence) VALUES (411, '2024-04-20 03:00:00', '2024-04-20 05:00:00', 12.890000, 74.832000, 'Near Junction, Urwa');
INSERT INTO ComplainantDetails (ComplainantID, CaseMasterID, ComplainantName, AgeYear, OccupationID, ReligionID, CasteID, GenderID) VALUES (411, 411, 'Jagadish Naik', 55, 2, 1, 1, 1);
INSERT INTO ActSectionAssociation (CaseMasterID, ActID, SectionID, ActOrderID, SectionOrderID) VALUES (411, 'IPC', '379', 1, 1);
INSERT INTO Victim (VictimMasterID, CaseMasterID, VictimName, AgeYear, GenderID, VictimPolice) VALUES (411, 411, 'Bhavya Kulkarni', 40, 1, '0');
INSERT INTO Accused (AccusedMasterID, CaseMasterID, AccusedName, AgeYear, GenderID, PersonID) VALUES (551, 411, 'Shiva Kumar', 22, 1, 'A1');
INSERT INTO Accused (AccusedMasterID, CaseMasterID, AccusedName, AgeYear, GenderID, PersonID) VALUES (552, 411, 'Jagga Reddy', 44, 1, 'A2');
INSERT INTO ChargesheetDetails (CSID, CaseMasterID, csdate, cstype, PolicePersonID) VALUES (139, 411, '2024-04-20 03:00:00', 'A', 21);
INSERT INTO CaseMaster (CaseMasterID, CrimeNo, CaseNo, CrimeRegisteredDate, PolicePersonID, PoliceStationID, CaseCategoryID, GravityOffenceID, CrimeMajorHeadID, CrimeMinorHeadID, CaseStatusID, CourtID, IncidentFromDate, IncidentToDate, InfoReceivedPSDate, latitude, longitude, BriefFacts) VALUES (412, '100040012202400412', '202400412', '2024-05-21', 23, 12, 4, 1, 1, 2, 2, 4, '2024-05-21 04:00:00', '2024-05-21 06:00:00', '2024-05-21 04:00:00', 15.354000, 75.143000, 'Incident reported at Suburban Police Station Hubballi. Initial investigation launched by IO Basavaraj Rao.');
INSERT INTO Inv_OccuranceTime (CaseMasterID, IncidentFromDate, IncidentToDate, latitude, longitude, PlaceOfOccurrence) VALUES (412, '2024-05-21 04:00:00', '2024-05-21 06:00:00', 15.354000, 75.143000, 'Near Junction, Suburban Hubballi');
INSERT INTO ComplainantDetails (ComplainantID, CaseMasterID, ComplainantName, AgeYear, OccupationID, ReligionID, CasteID, GenderID) VALUES (412, 412, 'Jagadish Kulkarni', 50, 2, 1, 1, 1);
INSERT INTO ActSectionAssociation (CaseMasterID, ActID, SectionID, ActOrderID, SectionOrderID) VALUES (412, 'IPC', '379', 1, 1);
INSERT INTO Victim (VictimMasterID, CaseMasterID, VictimName, AgeYear, GenderID, VictimPolice) VALUES (412, 412, 'Chaitra Bhat', 36, 1, '0');
INSERT INTO Accused (AccusedMasterID, CaseMasterID, AccusedName, AgeYear, GenderID, PersonID) VALUES (553, 412, 'Babloo Khan', 20, 1, 'A1');
INSERT INTO ArrestSurrender (ArrestSurrenderID, CaseMasterID, ArrestSurrenderTypeID, ArrestSurrenderDate, ArrestSurrenderStateId, ArrestSurrenderDistrictId, PoliceStationID, IOID, CourtID, AccusedMasterID, IsAccused, IsComplainantAccused) VALUES (209, 412, 1, '2024-05-21', 1, 4, 12, 23, 4, 553, 1, 0);
INSERT INTO inv_arrestsurrenderaccused (ArrestSurrenderID, AccusedMasterID) VALUES (209, 553);
INSERT INTO CaseMaster (CaseMasterID, CrimeNo, CaseNo, CrimeRegisteredDate, PolicePersonID, PoliceStationID, CaseCategoryID, GravityOffenceID, CrimeMajorHeadID, CrimeMinorHeadID, CaseStatusID, CourtID, IncidentFromDate, IncidentToDate, InfoReceivedPSDate, latitude, longitude, BriefFacts) VALUES (413, '100050016202400413', '202400413', '2024-06-22', 31, 16, 1, 2, 1, 3, 3, 5, '2024-06-22 05:00:00', '2024-06-22 07:00:00', '2024-06-22 05:00:00', 15.847000, 74.511000, 'Incident reported at Tilakwadi Police Station. Initial investigation launched by IO Prakash Patil.');
INSERT INTO Inv_OccuranceTime (CaseMasterID, IncidentFromDate, IncidentToDate, latitude, longitude, PlaceOfOccurrence) VALUES (413, '2024-06-22 05:00:00', '2024-06-22 07:00:00', 15.847000, 74.511000, 'Near Junction, Tilakwadi');
INSERT INTO ComplainantDetails (ComplainantID, CaseMasterID, ComplainantName, AgeYear, OccupationID, ReligionID, CasteID, GenderID) VALUES (413, 413, 'Radha Kulkarni', 29, 2, 1, 1, 1);
INSERT INTO ActSectionAssociation (CaseMasterID, ActID, SectionID, ActOrderID, SectionOrderID) VALUES (413, 'IPC', '379', 1, 1);
INSERT INTO Victim (VictimMasterID, CaseMasterID, VictimName, AgeYear, GenderID, VictimPolice) VALUES (413, 413, 'Manoj Naik', 49, 1, '0');
INSERT INTO Accused (AccusedMasterID, CaseMasterID, AccusedName, AgeYear, GenderID, PersonID) VALUES (554, 413, 'Dharma Kumar', 20, 1, 'A1');
INSERT INTO CaseMaster (CaseMasterID, CrimeNo, CaseNo, CrimeRegisteredDate, PolicePersonID, PoliceStationID, CaseCategoryID, GravityOffenceID, CrimeMajorHeadID, CrimeMinorHeadID, CaseStatusID, CourtID, IncidentFromDate, IncidentToDate, InfoReceivedPSDate, latitude, longitude, BriefFacts) VALUES (414, '100060018202400414', '202400414', '2024-07-23', 35, 18, 2, 3, 2, 4, 4, 6, '2024-07-23 06:00:00', '2024-07-23 08:00:00', '2024-07-23 06:00:00', 17.333000, 76.838000, 'Incident reported at Station Bazar Police Station. Initial investigation launched by IO Mahesh Bhat.');
INSERT INTO Inv_OccuranceTime (CaseMasterID, IncidentFromDate, IncidentToDate, latitude, longitude, PlaceOfOccurrence) VALUES (414, '2024-07-23 06:00:00', '2024-07-23 08:00:00', 17.333000, 76.838000, 'Near Junction, Station Bazar');
INSERT INTO ComplainantDetails (ComplainantID, CaseMasterID, ComplainantName, AgeYear, OccupationID, ReligionID, CasteID, GenderID) VALUES (414, 414, 'Anand Naik', 49, 2, 1, 1, 1);
INSERT INTO ActSectionAssociation (CaseMasterID, ActID, SectionID, ActOrderID, SectionOrderID) VALUES (414, 'IPC', '302', 1, 1);
INSERT INTO Victim (VictimMasterID, CaseMasterID, VictimName, AgeYear, GenderID, VictimPolice) VALUES (414, 414, 'Arun Joshi', 29, 1, '0');
INSERT INTO Accused (AccusedMasterID, CaseMasterID, AccusedName, AgeYear, GenderID, PersonID) VALUES (555, 414, 'Dharma Singh', 25, 1, 'A1');
INSERT INTO Accused (AccusedMasterID, CaseMasterID, AccusedName, AgeYear, GenderID, PersonID) VALUES (556, 414, 'Tukaram Alias', 29, 1, 'A2');
INSERT INTO ArrestSurrender (ArrestSurrenderID, CaseMasterID, ArrestSurrenderTypeID, ArrestSurrenderDate, ArrestSurrenderStateId, ArrestSurrenderDistrictId, PoliceStationID, IOID, CourtID, AccusedMasterID, IsAccused, IsComplainantAccused) VALUES (210, 414, 1, '2024-07-23', 1, 6, 18, 35, 6, 555, 1, 0);
INSERT INTO inv_arrestsurrenderaccused (ArrestSurrenderID, AccusedMasterID) VALUES (210, 555);
INSERT INTO inv_arrestsurrenderaccused (ArrestSurrenderID, AccusedMasterID) VALUES (210, 556);
INSERT INTO ChargesheetDetails (CSID, CaseMasterID, csdate, cstype, PolicePersonID) VALUES (140, 414, '2024-07-23 06:00:00', 'A', 35);
INSERT INTO CaseMaster (CaseMasterID, CrimeNo, CaseNo, CrimeRegisteredDate, PolicePersonID, PoliceStationID, CaseCategoryID, GravityOffenceID, CrimeMajorHeadID, CrimeMinorHeadID, CaseStatusID, CourtID, IncidentFromDate, IncidentToDate, InfoReceivedPSDate, latitude, longitude, BriefFacts) VALUES (415, '100010005202400415', '202400415', '2024-08-24', 9, 5, 3, 1, 2, 5, 5, 1, '2024-08-24 07:00:00', '2024-08-24 09:00:00', '2024-08-24 07:00:00', 13.008100, 77.569300, 'Incident reported at Malleshwaram Police Station. Initial investigation launched by IO Santosh Shetty.');
INSERT INTO Inv_OccuranceTime (CaseMasterID, IncidentFromDate, IncidentToDate, latitude, longitude, PlaceOfOccurrence) VALUES (415, '2024-08-24 07:00:00', '2024-08-24 09:00:00', 13.008100, 77.569300, 'Near Junction, Malleshwaram');
INSERT INTO ComplainantDetails (ComplainantID, CaseMasterID, ComplainantName, AgeYear, OccupationID, ReligionID, CasteID, GenderID) VALUES (415, 415, 'Eshwar Bhat', 64, 2, 1, 1, 1);
INSERT INTO ActSectionAssociation (CaseMasterID, ActID, SectionID, ActOrderID, SectionOrderID) VALUES (415, 'IPC', '302', 1, 1);
INSERT INTO Victim (VictimMasterID, CaseMasterID, VictimName, AgeYear, GenderID, VictimPolice) VALUES (415, 415, 'Praveen Gowda', 42, 1, '0');
INSERT INTO Accused (AccusedMasterID, CaseMasterID, AccusedName, AgeYear, GenderID, PersonID) VALUES (557, 415, 'Pandu Verma', 30, 1, 'A1');
INSERT INTO CaseMaster (CaseMasterID, CrimeNo, CaseNo, CrimeRegisteredDate, PolicePersonID, PoliceStationID, CaseCategoryID, GravityOffenceID, CrimeMajorHeadID, CrimeMinorHeadID, CaseStatusID, CourtID, IncidentFromDate, IncidentToDate, InfoReceivedPSDate, latitude, longitude, BriefFacts) VALUES (416, '100020007202400416', '202400416', '2024-09-25', 13, 7, 4, 2, 3, 6, 1, 2, '2024-09-25 08:00:00', '2024-09-25 10:00:00', '2024-09-25 08:00:00', 12.318000, 76.664000, 'Incident reported at Lashkar Police Station. Initial investigation launched by IO Anil Kulkarni.');
INSERT INTO Inv_OccuranceTime (CaseMasterID, IncidentFromDate, IncidentToDate, latitude, longitude, PlaceOfOccurrence) VALUES (416, '2024-09-25 08:00:00', '2024-09-25 10:00:00', 12.318000, 76.664000, 'Near Junction, Lashkar');
INSERT INTO ComplainantDetails (ComplainantID, CaseMasterID, ComplainantName, AgeYear, OccupationID, ReligionID, CasteID, GenderID) VALUES (416, 416, 'Girish Kulkarni', 56, 2, 1, 1, 1);
INSERT INTO ActSectionAssociation (CaseMasterID, ActID, SectionID, ActOrderID, SectionOrderID) VALUES (416, 'IT_ACT', '66D', 1, 1);
INSERT INTO Victim (VictimMasterID, CaseMasterID, VictimName, AgeYear, GenderID, VictimPolice) VALUES (416, 416, 'Praveen Murthy', 29, 1, '0');
INSERT INTO Accused (AccusedMasterID, CaseMasterID, AccusedName, AgeYear, GenderID, PersonID) VALUES (558, 416, 'Mantu Singh', 34, 1, 'A1');
INSERT INTO ArrestSurrender (ArrestSurrenderID, CaseMasterID, ArrestSurrenderTypeID, ArrestSurrenderDate, ArrestSurrenderStateId, ArrestSurrenderDistrictId, PoliceStationID, IOID, CourtID, AccusedMasterID, IsAccused, IsComplainantAccused) VALUES (211, 416, 1, '2024-09-25', 1, 2, 7, 13, 2, 558, 1, 0);
INSERT INTO inv_arrestsurrenderaccused (ArrestSurrenderID, AccusedMasterID) VALUES (211, 558);
INSERT INTO CaseMaster (CaseMasterID, CrimeNo, CaseNo, CrimeRegisteredDate, PolicePersonID, PoliceStationID, CaseCategoryID, GravityOffenceID, CrimeMajorHeadID, CrimeMinorHeadID, CaseStatusID, CourtID, IncidentFromDate, IncidentToDate, InfoReceivedPSDate, latitude, longitude, BriefFacts) VALUES (417, '100030011202400417', '202400417', '2024-10-26', 21, 11, 1, 3, 3, 7, 2, 3, '2024-10-26 09:00:00', '2024-10-26 11:00:00', '2024-10-26 09:00:00', 12.896000, 74.838000, 'Incident reported at Urwa Police Station. Initial investigation launched by IO Anil Gowda.');
INSERT INTO Inv_OccuranceTime (CaseMasterID, IncidentFromDate, IncidentToDate, latitude, longitude, PlaceOfOccurrence) VALUES (417, '2024-10-26 09:00:00', '2024-10-26 11:00:00', 12.896000, 74.838000, 'Near Junction, Urwa');
INSERT INTO ComplainantDetails (ComplainantID, CaseMasterID, ComplainantName, AgeYear, OccupationID, ReligionID, CasteID, GenderID) VALUES (417, 417, 'Pooja Shetty', 25, 2, 1, 1, 1);
INSERT INTO ActSectionAssociation (CaseMasterID, ActID, SectionID, ActOrderID, SectionOrderID) VALUES (417, 'IT_ACT', '66D', 1, 1);
INSERT INTO Victim (VictimMasterID, CaseMasterID, VictimName, AgeYear, GenderID, VictimPolice) VALUES (417, 417, 'Praveen Kulkarni', 43, 1, '0');
INSERT INTO Accused (AccusedMasterID, CaseMasterID, AccusedName, AgeYear, GenderID, PersonID) VALUES (559, 417, 'Raja Verma', 23, 1, 'A1');
INSERT INTO Accused (AccusedMasterID, CaseMasterID, AccusedName, AgeYear, GenderID, PersonID) VALUES (560, 417, 'Shiva Pashan', 40, 1, 'A2');
INSERT INTO ChargesheetDetails (CSID, CaseMasterID, csdate, cstype, PolicePersonID) VALUES (141, 417, '2024-10-26 09:00:00', 'A', 21);
INSERT INTO CaseMaster (CaseMasterID, CrimeNo, CaseNo, CrimeRegisteredDate, PolicePersonID, PoliceStationID, CaseCategoryID, GravityOffenceID, CrimeMajorHeadID, CrimeMinorHeadID, CaseStatusID, CourtID, IncidentFromDate, IncidentToDate, InfoReceivedPSDate, latitude, longitude, BriefFacts) VALUES (418, '100040012202400418', '202400418', '2024-11-27', 23, 12, 2, 1, 4, 8, 3, 4, '2024-11-27 10:00:00', '2024-11-27 12:00:00', '2024-11-27 10:00:00', 15.360000, 75.149000, 'Incident reported at Suburban Police Station Hubballi. Initial investigation launched by IO Basavaraj Rao.');
INSERT INTO Inv_OccuranceTime (CaseMasterID, IncidentFromDate, IncidentToDate, latitude, longitude, PlaceOfOccurrence) VALUES (418, '2024-11-27 10:00:00', '2024-11-27 12:00:00', 15.360000, 75.149000, 'Near Junction, Suburban Hubballi');
INSERT INTO ComplainantDetails (ComplainantID, CaseMasterID, ComplainantName, AgeYear, OccupationID, ReligionID, CasteID, GenderID) VALUES (418, 418, 'Meena Gowda', 53, 2, 1, 1, 1);
INSERT INTO ActSectionAssociation (CaseMasterID, ActID, SectionID, ActOrderID, SectionOrderID) VALUES (418, 'IPC', '420', 1, 1);
INSERT INTO Victim (VictimMasterID, CaseMasterID, VictimName, AgeYear, GenderID, VictimPolice) VALUES (418, 418, 'Vinay Hegde', 33, 1, '0');
INSERT INTO Accused (AccusedMasterID, CaseMasterID, AccusedName, AgeYear, GenderID, PersonID) VALUES (561, 418, 'Vicky Salim', 29, 1, 'A1');
INSERT INTO ArrestSurrender (ArrestSurrenderID, CaseMasterID, ArrestSurrenderTypeID, ArrestSurrenderDate, ArrestSurrenderStateId, ArrestSurrenderDistrictId, PoliceStationID, IOID, CourtID, AccusedMasterID, IsAccused, IsComplainantAccused) VALUES (212, 418, 1, '2024-11-27', 1, 4, 12, 23, 4, 561, 1, 0);
INSERT INTO inv_arrestsurrenderaccused (ArrestSurrenderID, AccusedMasterID) VALUES (212, 561);
INSERT INTO CaseMaster (CaseMasterID, CrimeNo, CaseNo, CrimeRegisteredDate, PolicePersonID, PoliceStationID, CaseCategoryID, GravityOffenceID, CrimeMajorHeadID, CrimeMinorHeadID, CaseStatusID, CourtID, IncidentFromDate, IncidentToDate, InfoReceivedPSDate, latitude, longitude, BriefFacts) VALUES (419, '100050016202400419', '202400419', '2024-12-28', 31, 16, 3, 2, 5, 9, 4, 5, '2024-12-28 11:00:00', '2024-12-28 13:00:00', '2024-12-28 11:00:00', 15.853000, 74.517000, 'Incident reported at Tilakwadi Police Station. Initial investigation launched by IO Prakash Patil.');
INSERT INTO Inv_OccuranceTime (CaseMasterID, IncidentFromDate, IncidentToDate, latitude, longitude, PlaceOfOccurrence) VALUES (419, '2024-12-28 11:00:00', '2024-12-28 13:00:00', 15.853000, 74.517000, 'Near Junction, Tilakwadi');
INSERT INTO ComplainantDetails (ComplainantID, CaseMasterID, ComplainantName, AgeYear, OccupationID, ReligionID, CasteID, GenderID) VALUES (419, 419, 'Shilpa Bhat', 63, 2, 1, 1, 1);
INSERT INTO ActSectionAssociation (CaseMasterID, ActID, SectionID, ActOrderID, SectionOrderID) VALUES (419, 'NDPS', '20', 1, 1);
INSERT INTO Victim (VictimMasterID, CaseMasterID, VictimName, AgeYear, GenderID, VictimPolice) VALUES (419, 419, 'Rajesh Murthy', 50, 1, '0');
INSERT INTO Accused (AccusedMasterID, CaseMasterID, AccusedName, AgeYear, GenderID, PersonID) VALUES (562, 419, 'Jagga Kumar', 28, 1, 'A1');
INSERT INTO CaseMaster (CaseMasterID, CrimeNo, CaseNo, CrimeRegisteredDate, PolicePersonID, PoliceStationID, CaseCategoryID, GravityOffenceID, CrimeMajorHeadID, CrimeMinorHeadID, CaseStatusID, CourtID, IncidentFromDate, IncidentToDate, InfoReceivedPSDate, latitude, longitude, BriefFacts) VALUES (420, '100060018202400420', '202400420', '2024-01-01', 35, 18, 4, 3, 1, 10, 5, 6, '2024-01-01 12:00:00', '2024-01-01 14:00:00', '2024-01-01 12:00:00', 17.319000, 76.824000, 'Incident reported at Station Bazar Police Station. Initial investigation launched by IO Mahesh Bhat.');
INSERT INTO Inv_OccuranceTime (CaseMasterID, IncidentFromDate, IncidentToDate, latitude, longitude, PlaceOfOccurrence) VALUES (420, '2024-01-01 12:00:00', '2024-01-01 14:00:00', 17.319000, 76.824000, 'Near Junction, Station Bazar');
INSERT INTO ComplainantDetails (ComplainantID, CaseMasterID, ComplainantName, AgeYear, OccupationID, ReligionID, CasteID, GenderID) VALUES (420, 420, 'Chetan Kulkarni', 44, 2, 1, 1, 1);
INSERT INTO ActSectionAssociation (CaseMasterID, ActID, SectionID, ActOrderID, SectionOrderID) VALUES (420, 'IPC', '379', 1, 1);
INSERT INTO Victim (VictimMasterID, CaseMasterID, VictimName, AgeYear, GenderID, VictimPolice) VALUES (420, 420, 'Nikhil Gowda', 26, 1, '0');
INSERT INTO Accused (AccusedMasterID, CaseMasterID, AccusedName, AgeYear, GenderID, PersonID) VALUES (563, 420, 'Shiva Verma', 20, 1, 'A1');
INSERT INTO Accused (AccusedMasterID, CaseMasterID, AccusedName, AgeYear, GenderID, PersonID) VALUES (564, 420, 'Yogesh Reddy', 32, 1, 'A2');
INSERT INTO ArrestSurrender (ArrestSurrenderID, CaseMasterID, ArrestSurrenderTypeID, ArrestSurrenderDate, ArrestSurrenderStateId, ArrestSurrenderDistrictId, PoliceStationID, IOID, CourtID, AccusedMasterID, IsAccused, IsComplainantAccused) VALUES (213, 420, 1, '2024-01-01', 1, 6, 18, 35, 6, 563, 1, 0);
INSERT INTO inv_arrestsurrenderaccused (ArrestSurrenderID, AccusedMasterID) VALUES (213, 563);
INSERT INTO inv_arrestsurrenderaccused (ArrestSurrenderID, AccusedMasterID) VALUES (213, 564);
INSERT INTO ChargesheetDetails (CSID, CaseMasterID, csdate, cstype, PolicePersonID) VALUES (142, 420, '2024-01-01 12:00:00', 'A', 35);
INSERT INTO CaseMaster (CaseMasterID, CrimeNo, CaseNo, CrimeRegisteredDate, PolicePersonID, PoliceStationID, CaseCategoryID, GravityOffenceID, CrimeMajorHeadID, CrimeMinorHeadID, CaseStatusID, CourtID, IncidentFromDate, IncidentToDate, InfoReceivedPSDate, latitude, longitude, BriefFacts) VALUES (421, '100010001202400421', '202400421', '2024-02-02', 1, 1, 1, 1, 1, 1, 1, 1, '2024-02-02 13:00:00', '2024-02-02 15:00:00', '2024-02-02 13:00:00', 12.969400, 77.631800, 'Incident reported at Indiranagar Police Station. Initial investigation launched by IO Suresh Rao.');
INSERT INTO Inv_OccuranceTime (CaseMasterID, IncidentFromDate, IncidentToDate, latitude, longitude, PlaceOfOccurrence) VALUES (421, '2024-02-02 13:00:00', '2024-02-02 15:00:00', 12.969400, 77.631800, 'Near Junction, Indiranagar');
INSERT INTO ComplainantDetails (ComplainantID, CaseMasterID, ComplainantName, AgeYear, OccupationID, ReligionID, CasteID, GenderID) VALUES (421, 421, 'Meena Hegde', 41, 2, 1, 1, 1);
INSERT INTO ActSectionAssociation (CaseMasterID, ActID, SectionID, ActOrderID, SectionOrderID) VALUES (421, 'IPC', '379', 1, 1);
INSERT INTO Victim (VictimMasterID, CaseMasterID, VictimName, AgeYear, GenderID, VictimPolice) VALUES (421, 421, 'Vinay Bhat', 33, 1, '0');
INSERT INTO Accused (AccusedMasterID, CaseMasterID, AccusedName, AgeYear, GenderID, PersonID) VALUES (565, 421, 'Babloo Verma', 28, 1, 'A1');
INSERT INTO CaseMaster (CaseMasterID, CrimeNo, CaseNo, CrimeRegisteredDate, PolicePersonID, PoliceStationID, CaseCategoryID, GravityOffenceID, CrimeMajorHeadID, CrimeMinorHeadID, CaseStatusID, CourtID, IncidentFromDate, IncidentToDate, InfoReceivedPSDate, latitude, longitude, BriefFacts) VALUES (422, '100020007202400422', '202400422', '2024-03-03', 13, 7, 2, 2, 1, 2, 2, 2, '2024-03-03 14:00:00', '2024-03-03 16:00:00', '2024-03-03 14:00:00', 12.304000, 76.650000, 'Incident reported at Lashkar Police Station. Initial investigation launched by IO Anil Kulkarni.');
INSERT INTO Inv_OccuranceTime (CaseMasterID, IncidentFromDate, IncidentToDate, latitude, longitude, PlaceOfOccurrence) VALUES (422, '2024-03-03 14:00:00', '2024-03-03 16:00:00', 12.304000, 76.650000, 'Near Junction, Lashkar');
INSERT INTO ComplainantDetails (ComplainantID, CaseMasterID, ComplainantName, AgeYear, OccupationID, ReligionID, CasteID, GenderID) VALUES (422, 422, 'Suma Naik', 46, 2, 1, 1, 1);
INSERT INTO ActSectionAssociation (CaseMasterID, ActID, SectionID, ActOrderID, SectionOrderID) VALUES (422, 'IPC', '379', 1, 1);
INSERT INTO Victim (VictimMasterID, CaseMasterID, VictimName, AgeYear, GenderID, VictimPolice) VALUES (422, 422, 'Chaitra Joshi', 39, 1, '0');
INSERT INTO Accused (AccusedMasterID, CaseMasterID, AccusedName, AgeYear, GenderID, PersonID) VALUES (566, 422, 'Mantu Reddy', 23, 1, 'A1');
INSERT INTO ArrestSurrender (ArrestSurrenderID, CaseMasterID, ArrestSurrenderTypeID, ArrestSurrenderDate, ArrestSurrenderStateId, ArrestSurrenderDistrictId, PoliceStationID, IOID, CourtID, AccusedMasterID, IsAccused, IsComplainantAccused) VALUES (214, 422, 1, '2024-03-03', 1, 2, 7, 13, 2, 566, 1, 0);
INSERT INTO inv_arrestsurrenderaccused (ArrestSurrenderID, AccusedMasterID) VALUES (214, 566);
INSERT INTO CaseMaster (CaseMasterID, CrimeNo, CaseNo, CrimeRegisteredDate, PolicePersonID, PoliceStationID, CaseCategoryID, GravityOffenceID, CrimeMajorHeadID, CrimeMinorHeadID, CaseStatusID, CourtID, IncidentFromDate, IncidentToDate, InfoReceivedPSDate, latitude, longitude, BriefFacts) VALUES (423, '100030011202400423', '202400423', '2024-04-04', 21, 11, 3, 3, 1, 3, 3, 3, '2024-04-04 15:00:00', '2024-04-04 17:00:00', '2024-04-04 15:00:00', 12.882000, 74.824000, 'Incident reported at Urwa Police Station. Initial investigation launched by IO Anil Gowda.');
INSERT INTO Inv_OccuranceTime (CaseMasterID, IncidentFromDate, IncidentToDate, latitude, longitude, PlaceOfOccurrence) VALUES (423, '2024-04-04 15:00:00', '2024-04-04 17:00:00', 12.882000, 74.824000, 'Near Junction, Urwa');
INSERT INTO ComplainantDetails (ComplainantID, CaseMasterID, ComplainantName, AgeYear, OccupationID, ReligionID, CasteID, GenderID) VALUES (423, 423, 'Chetan Joshi', 25, 2, 1, 1, 1);
INSERT INTO ActSectionAssociation (CaseMasterID, ActID, SectionID, ActOrderID, SectionOrderID) VALUES (423, 'IPC', '379', 1, 1);
INSERT INTO Victim (VictimMasterID, CaseMasterID, VictimName, AgeYear, GenderID, VictimPolice) VALUES (423, 423, 'Divya Rao', 49, 1, '0');
INSERT INTO Accused (AccusedMasterID, CaseMasterID, AccusedName, AgeYear, GenderID, PersonID) VALUES (567, 423, 'Jagga Khan', 35, 1, 'A1');
INSERT INTO Accused (AccusedMasterID, CaseMasterID, AccusedName, AgeYear, GenderID, PersonID) VALUES (568, 423, 'Dharma Kumar', 29, 1, 'A2');
INSERT INTO ChargesheetDetails (CSID, CaseMasterID, csdate, cstype, PolicePersonID) VALUES (143, 423, '2024-04-04 15:00:00', 'A', 21);
INSERT INTO CaseMaster (CaseMasterID, CrimeNo, CaseNo, CrimeRegisteredDate, PolicePersonID, PoliceStationID, CaseCategoryID, GravityOffenceID, CrimeMajorHeadID, CrimeMinorHeadID, CaseStatusID, CourtID, IncidentFromDate, IncidentToDate, InfoReceivedPSDate, latitude, longitude, BriefFacts) VALUES (424, '100040012202400424', '202400424', '2024-05-05', 23, 12, 4, 1, 2, 4, 4, 4, '2024-05-05 16:00:00', '2024-05-05 18:00:00', '2024-05-05 16:00:00', 15.346000, 75.135000, 'Incident reported at Suburban Police Station Hubballi. Initial investigation launched by IO Basavaraj Rao.');
INSERT INTO Inv_OccuranceTime (CaseMasterID, IncidentFromDate, IncidentToDate, latitude, longitude, PlaceOfOccurrence) VALUES (424, '2024-05-05 16:00:00', '2024-05-05 18:00:00', 15.346000, 75.135000, 'Near Junction, Suburban Hubballi');
INSERT INTO ComplainantDetails (ComplainantID, CaseMasterID, ComplainantName, AgeYear, OccupationID, ReligionID, CasteID, GenderID) VALUES (424, 424, 'Latha Kulkarni', 64, 2, 1, 1, 1);
INSERT INTO ActSectionAssociation (CaseMasterID, ActID, SectionID, ActOrderID, SectionOrderID) VALUES (424, 'IPC', '302', 1, 1);
INSERT INTO Victim (VictimMasterID, CaseMasterID, VictimName, AgeYear, GenderID, VictimPolice) VALUES (424, 424, 'Nikhil Bhat', 38, 1, '0');
INSERT INTO Accused (AccusedMasterID, CaseMasterID, AccusedName, AgeYear, GenderID, PersonID) VALUES (569, 424, 'Yogesh Khan', 29, 1, 'A1');
INSERT INTO ArrestSurrender (ArrestSurrenderID, CaseMasterID, ArrestSurrenderTypeID, ArrestSurrenderDate, ArrestSurrenderStateId, ArrestSurrenderDistrictId, PoliceStationID, IOID, CourtID, AccusedMasterID, IsAccused, IsComplainantAccused) VALUES (215, 424, 1, '2024-05-05', 1, 4, 12, 23, 4, 569, 1, 0);
INSERT INTO inv_arrestsurrenderaccused (ArrestSurrenderID, AccusedMasterID) VALUES (215, 569);
INSERT INTO CaseMaster (CaseMasterID, CrimeNo, CaseNo, CrimeRegisteredDate, PolicePersonID, PoliceStationID, CaseCategoryID, GravityOffenceID, CrimeMajorHeadID, CrimeMinorHeadID, CaseStatusID, CourtID, IncidentFromDate, IncidentToDate, InfoReceivedPSDate, latitude, longitude, BriefFacts) VALUES (425, '100050016202400425', '202400425', '2024-06-06', 31, 16, 1, 2, 2, 5, 5, 5, '2024-06-06 17:00:00', '2024-06-06 19:00:00', '2024-06-06 17:00:00', 15.839000, 74.503000, 'Incident reported at Tilakwadi Police Station. Initial investigation launched by IO Prakash Patil.');
INSERT INTO Inv_OccuranceTime (CaseMasterID, IncidentFromDate, IncidentToDate, latitude, longitude, PlaceOfOccurrence) VALUES (425, '2024-06-06 17:00:00', '2024-06-06 19:00:00', 15.839000, 74.503000, 'Near Junction, Tilakwadi');
INSERT INTO ComplainantDetails (ComplainantID, CaseMasterID, ComplainantName, AgeYear, OccupationID, ReligionID, CasteID, GenderID) VALUES (425, 425, 'Harish Rao', 29, 2, 1, 1, 1);
INSERT INTO ActSectionAssociation (CaseMasterID, ActID, SectionID, ActOrderID, SectionOrderID) VALUES (425, 'IPC', '302', 1, 1);
INSERT INTO Victim (VictimMasterID, CaseMasterID, VictimName, AgeYear, GenderID, VictimPolice) VALUES (425, 425, 'Nikhil Murthy', 34, 1, '0');
INSERT INTO Accused (AccusedMasterID, CaseMasterID, AccusedName, AgeYear, GenderID, PersonID) VALUES (570, 425, 'Pandu Alias', 26, 1, 'A1');
INSERT INTO CaseMaster (CaseMasterID, CrimeNo, CaseNo, CrimeRegisteredDate, PolicePersonID, PoliceStationID, CaseCategoryID, GravityOffenceID, CrimeMajorHeadID, CrimeMinorHeadID, CaseStatusID, CourtID, IncidentFromDate, IncidentToDate, InfoReceivedPSDate, latitude, longitude, BriefFacts) VALUES (426, '100060018202400426', '202400426', '2024-07-07', 35, 18, 2, 3, 3, 6, 1, 6, '2024-07-07 18:00:00', '2024-07-07 20:00:00', '2024-07-07 18:00:00', 17.325000, 76.830000, 'Incident reported at Station Bazar Police Station. Initial investigation launched by IO Mahesh Bhat.');
INSERT INTO Inv_OccuranceTime (CaseMasterID, IncidentFromDate, IncidentToDate, latitude, longitude, PlaceOfOccurrence) VALUES (426, '2024-07-07 18:00:00', '2024-07-07 20:00:00', 17.325000, 76.830000, 'Near Junction, Station Bazar');
INSERT INTO ComplainantDetails (ComplainantID, CaseMasterID, ComplainantName, AgeYear, OccupationID, ReligionID, CasteID, GenderID) VALUES (426, 426, 'Latha Deshpande', 36, 2, 1, 1, 1);
INSERT INTO ActSectionAssociation (CaseMasterID, ActID, SectionID, ActOrderID, SectionOrderID) VALUES (426, 'IT_ACT', '66D', 1, 1);
INSERT INTO Victim (VictimMasterID, CaseMasterID, VictimName, AgeYear, GenderID, VictimPolice) VALUES (426, 426, 'Kiran Rao', 45, 1, '0');
INSERT INTO Accused (AccusedMasterID, CaseMasterID, AccusedName, AgeYear, GenderID, PersonID) VALUES (571, 426, 'Dharma Singh', 32, 1, 'A1');
INSERT INTO Accused (AccusedMasterID, CaseMasterID, AccusedName, AgeYear, GenderID, PersonID) VALUES (572, 426, 'Shiva Singh', 43, 1, 'A2');
INSERT INTO ArrestSurrender (ArrestSurrenderID, CaseMasterID, ArrestSurrenderTypeID, ArrestSurrenderDate, ArrestSurrenderStateId, ArrestSurrenderDistrictId, PoliceStationID, IOID, CourtID, AccusedMasterID, IsAccused, IsComplainantAccused) VALUES (216, 426, 1, '2024-07-07', 1, 6, 18, 35, 6, 571, 1, 0);
INSERT INTO inv_arrestsurrenderaccused (ArrestSurrenderID, AccusedMasterID) VALUES (216, 571);
INSERT INTO inv_arrestsurrenderaccused (ArrestSurrenderID, AccusedMasterID) VALUES (216, 572);
INSERT INTO ChargesheetDetails (CSID, CaseMasterID, csdate, cstype, PolicePersonID) VALUES (144, 426, '2024-07-07 18:00:00', 'A', 35);
INSERT INTO CaseMaster (CaseMasterID, CrimeNo, CaseNo, CrimeRegisteredDate, PolicePersonID, PoliceStationID, CaseCategoryID, GravityOffenceID, CrimeMajorHeadID, CrimeMinorHeadID, CaseStatusID, CourtID, IncidentFromDate, IncidentToDate, InfoReceivedPSDate, latitude, longitude, BriefFacts) VALUES (427, '100010002202400427', '202400427', '2024-08-08', 3, 2, 3, 1, 3, 7, 2, 1, '2024-08-08 19:00:00', '2024-08-08 21:00:00', '2024-08-08 19:00:00', 12.932200, 77.621500, 'Incident reported at Koramangala Police Station. Initial investigation launched by IO Ganesh Nayak.');
INSERT INTO Inv_OccuranceTime (CaseMasterID, IncidentFromDate, IncidentToDate, latitude, longitude, PlaceOfOccurrence) VALUES (427, '2024-08-08 19:00:00', '2024-08-08 21:00:00', 12.932200, 77.621500, 'Near Junction, Koramangala');
INSERT INTO ComplainantDetails (ComplainantID, CaseMasterID, ComplainantName, AgeYear, OccupationID, ReligionID, CasteID, GenderID) VALUES (427, 427, 'Harish Bhat', 59, 2, 1, 1, 1);
INSERT INTO ActSectionAssociation (CaseMasterID, ActID, SectionID, ActOrderID, SectionOrderID) VALUES (427, 'IT_ACT', '66D', 1, 1);
INSERT INTO Victim (VictimMasterID, CaseMasterID, VictimName, AgeYear, GenderID, VictimPolice) VALUES (427, 427, 'Sangeetha Bhat', 50, 1, '0');
INSERT INTO Accused (AccusedMasterID, CaseMasterID, AccusedName, AgeYear, GenderID, PersonID) VALUES (573, 427, 'Altaf Alias', 24, 1, 'A1');
INSERT INTO CaseMaster (CaseMasterID, CrimeNo, CaseNo, CrimeRegisteredDate, PolicePersonID, PoliceStationID, CaseCategoryID, GravityOffenceID, CrimeMajorHeadID, CrimeMinorHeadID, CaseStatusID, CourtID, IncidentFromDate, IncidentToDate, InfoReceivedPSDate, latitude, longitude, BriefFacts) VALUES (428, '100020007202400428', '202400428', '2024-09-09', 13, 7, 4, 2, 4, 8, 3, 2, '2024-09-09 20:00:00', '2024-09-09 22:00:00', '2024-09-09 20:00:00', 12.310000, 76.656000, 'Incident reported at Lashkar Police Station. Initial investigation launched by IO Anil Kulkarni.');
INSERT INTO Inv_OccuranceTime (CaseMasterID, IncidentFromDate, IncidentToDate, latitude, longitude, PlaceOfOccurrence) VALUES (428, '2024-09-09 20:00:00', '2024-09-09 22:00:00', 12.310000, 76.656000, 'Near Junction, Lashkar');
INSERT INTO ComplainantDetails (ComplainantID, CaseMasterID, ComplainantName, AgeYear, OccupationID, ReligionID, CasteID, GenderID) VALUES (428, 428, 'Jagadish Joshi', 27, 2, 1, 1, 1);
INSERT INTO ActSectionAssociation (CaseMasterID, ActID, SectionID, ActOrderID, SectionOrderID) VALUES (428, 'IPC', '420', 1, 1);
INSERT INTO Victim (VictimMasterID, CaseMasterID, VictimName, AgeYear, GenderID, VictimPolice) VALUES (428, 428, 'Kiran Rao', 24, 1, '0');
INSERT INTO Accused (AccusedMasterID, CaseMasterID, AccusedName, AgeYear, GenderID, PersonID) VALUES (574, 428, 'Dharma Verma', 42, 1, 'A1');
INSERT INTO ArrestSurrender (ArrestSurrenderID, CaseMasterID, ArrestSurrenderTypeID, ArrestSurrenderDate, ArrestSurrenderStateId, ArrestSurrenderDistrictId, PoliceStationID, IOID, CourtID, AccusedMasterID, IsAccused, IsComplainantAccused) VALUES (217, 428, 1, '2024-09-09', 1, 2, 7, 13, 2, 574, 1, 0);
INSERT INTO inv_arrestsurrenderaccused (ArrestSurrenderID, AccusedMasterID) VALUES (217, 574);
INSERT INTO CaseMaster (CaseMasterID, CrimeNo, CaseNo, CrimeRegisteredDate, PolicePersonID, PoliceStationID, CaseCategoryID, GravityOffenceID, CrimeMajorHeadID, CrimeMinorHeadID, CaseStatusID, CourtID, IncidentFromDate, IncidentToDate, InfoReceivedPSDate, latitude, longitude, BriefFacts) VALUES (429, '100030011202400429', '202400429', '2024-10-10', 21, 11, 1, 3, 5, 9, 4, 3, '2024-10-10 21:00:00', '2024-10-10 23:00:00', '2024-10-10 21:00:00', 12.888000, 74.830000, 'Incident reported at Urwa Police Station. Initial investigation launched by IO Anil Gowda.');
INSERT INTO Inv_OccuranceTime (CaseMasterID, IncidentFromDate, IncidentToDate, latitude, longitude, PlaceOfOccurrence) VALUES (429, '2024-10-10 21:00:00', '2024-10-10 23:00:00', 12.888000, 74.830000, 'Near Junction, Urwa');
INSERT INTO ComplainantDetails (ComplainantID, CaseMasterID, ComplainantName, AgeYear, OccupationID, ReligionID, CasteID, GenderID) VALUES (429, 429, 'Deepak Naik', 36, 2, 1, 1, 1);
INSERT INTO ActSectionAssociation (CaseMasterID, ActID, SectionID, ActOrderID, SectionOrderID) VALUES (429, 'NDPS', '20', 1, 1);
INSERT INTO Victim (VictimMasterID, CaseMasterID, VictimName, AgeYear, GenderID, VictimPolice) VALUES (429, 429, 'Sangeetha Bhat', 54, 1, '0');
INSERT INTO Accused (AccusedMasterID, CaseMasterID, AccusedName, AgeYear, GenderID, PersonID) VALUES (575, 429, 'Mantu Pashan', 42, 1, 'A1');
INSERT INTO Accused (AccusedMasterID, CaseMasterID, AccusedName, AgeYear, GenderID, PersonID) VALUES (576, 429, 'Tukaram Reddy', 41, 1, 'A2');
INSERT INTO ChargesheetDetails (CSID, CaseMasterID, csdate, cstype, PolicePersonID) VALUES (145, 429, '2024-10-10 21:00:00', 'A', 21);
INSERT INTO CaseMaster (CaseMasterID, CrimeNo, CaseNo, CrimeRegisteredDate, PolicePersonID, PoliceStationID, CaseCategoryID, GravityOffenceID, CrimeMajorHeadID, CrimeMinorHeadID, CaseStatusID, CourtID, IncidentFromDate, IncidentToDate, InfoReceivedPSDate, latitude, longitude, BriefFacts) VALUES (430, '100040012202400430', '202400430', '2024-11-11', 23, 12, 2, 1, 1, 10, 5, 4, '2024-11-11 22:00:00', '2024-11-11 00:00:00', '2024-11-11 22:00:00', 15.352000, 75.141000, 'Incident reported at Suburban Police Station Hubballi. Initial investigation launched by IO Basavaraj Rao.');
INSERT INTO Inv_OccuranceTime (CaseMasterID, IncidentFromDate, IncidentToDate, latitude, longitude, PlaceOfOccurrence) VALUES (430, '2024-11-11 22:00:00', '2024-11-11 00:00:00', 15.352000, 75.141000, 'Near Junction, Suburban Hubballi');
INSERT INTO ComplainantDetails (ComplainantID, CaseMasterID, ComplainantName, AgeYear, OccupationID, ReligionID, CasteID, GenderID) VALUES (430, 430, 'Harish Kulkarni', 46, 2, 1, 1, 1);
INSERT INTO ActSectionAssociation (CaseMasterID, ActID, SectionID, ActOrderID, SectionOrderID) VALUES (430, 'IPC', '379', 1, 1);
INSERT INTO Victim (VictimMasterID, CaseMasterID, VictimName, AgeYear, GenderID, VictimPolice) VALUES (430, 430, 'Manoj Naik', 20, 1, '0');
INSERT INTO Accused (AccusedMasterID, CaseMasterID, AccusedName, AgeYear, GenderID, PersonID) VALUES (577, 430, 'Babloo Salim', 31, 1, 'A1');
INSERT INTO ArrestSurrender (ArrestSurrenderID, CaseMasterID, ArrestSurrenderTypeID, ArrestSurrenderDate, ArrestSurrenderStateId, ArrestSurrenderDistrictId, PoliceStationID, IOID, CourtID, AccusedMasterID, IsAccused, IsComplainantAccused) VALUES (218, 430, 1, '2024-11-11', 1, 4, 12, 23, 4, 577, 1, 0);
INSERT INTO inv_arrestsurrenderaccused (ArrestSurrenderID, AccusedMasterID) VALUES (218, 577);
INSERT INTO CaseMaster (CaseMasterID, CrimeNo, CaseNo, CrimeRegisteredDate, PolicePersonID, PoliceStationID, CaseCategoryID, GravityOffenceID, CrimeMajorHeadID, CrimeMinorHeadID, CaseStatusID, CourtID, IncidentFromDate, IncidentToDate, InfoReceivedPSDate, latitude, longitude, BriefFacts) VALUES (431, '100050016202400431', '202400431', '2024-12-12', 31, 16, 3, 2, 1, 1, 1, 5, '2024-12-12 23:00:00', '2024-12-12 01:00:00', '2024-12-12 23:00:00', 15.845000, 74.509000, 'Incident reported at Tilakwadi Police Station. Initial investigation launched by IO Prakash Patil.');
INSERT INTO Inv_OccuranceTime (CaseMasterID, IncidentFromDate, IncidentToDate, latitude, longitude, PlaceOfOccurrence) VALUES (431, '2024-12-12 23:00:00', '2024-12-12 01:00:00', 15.845000, 74.509000, 'Near Junction, Tilakwadi');
INSERT INTO ComplainantDetails (ComplainantID, CaseMasterID, ComplainantName, AgeYear, OccupationID, ReligionID, CasteID, GenderID) VALUES (431, 431, 'Girish Gowda', 52, 2, 1, 1, 1);
INSERT INTO ActSectionAssociation (CaseMasterID, ActID, SectionID, ActOrderID, SectionOrderID) VALUES (431, 'IPC', '379', 1, 1);
INSERT INTO Victim (VictimMasterID, CaseMasterID, VictimName, AgeYear, GenderID, VictimPolice) VALUES (431, 431, 'Praveen Gowda', 54, 1, '0');
INSERT INTO Accused (AccusedMasterID, CaseMasterID, AccusedName, AgeYear, GenderID, PersonID) VALUES (578, 431, 'Raja Verma', 23, 1, 'A1');
INSERT INTO CaseMaster (CaseMasterID, CrimeNo, CaseNo, CrimeRegisteredDate, PolicePersonID, PoliceStationID, CaseCategoryID, GravityOffenceID, CrimeMajorHeadID, CrimeMinorHeadID, CaseStatusID, CourtID, IncidentFromDate, IncidentToDate, InfoReceivedPSDate, latitude, longitude, BriefFacts) VALUES (432, '100060018202400432', '202400432', '2024-01-13', 35, 18, 4, 3, 1, 2, 2, 6, '2024-01-13 00:00:00', '2024-01-13 02:00:00', '2024-01-13 00:00:00', 17.331000, 76.836000, 'Incident reported at Station Bazar Police Station. Initial investigation launched by IO Mahesh Bhat.');
INSERT INTO Inv_OccuranceTime (CaseMasterID, IncidentFromDate, IncidentToDate, latitude, longitude, PlaceOfOccurrence) VALUES (432, '2024-01-13 00:00:00', '2024-01-13 02:00:00', 17.331000, 76.836000, 'Near Junction, Station Bazar');
INSERT INTO ComplainantDetails (ComplainantID, CaseMasterID, ComplainantName, AgeYear, OccupationID, ReligionID, CasteID, GenderID) VALUES (432, 432, 'Deepak Kulkarni', 31, 2, 1, 1, 1);
INSERT INTO ActSectionAssociation (CaseMasterID, ActID, SectionID, ActOrderID, SectionOrderID) VALUES (432, 'IPC', '379', 1, 1);
INSERT INTO Victim (VictimMasterID, CaseMasterID, VictimName, AgeYear, GenderID, VictimPolice) VALUES (432, 432, 'Bhavya Bhat', 28, 1, '0');
INSERT INTO Accused (AccusedMasterID, CaseMasterID, AccusedName, AgeYear, GenderID, PersonID) VALUES (579, 432, 'Altaf Pashan', 30, 1, 'A1');
INSERT INTO Accused (AccusedMasterID, CaseMasterID, AccusedName, AgeYear, GenderID, PersonID) VALUES (580, 432, 'Yogesh Salim', 21, 1, 'A2');
INSERT INTO ArrestSurrender (ArrestSurrenderID, CaseMasterID, ArrestSurrenderTypeID, ArrestSurrenderDate, ArrestSurrenderStateId, ArrestSurrenderDistrictId, PoliceStationID, IOID, CourtID, AccusedMasterID, IsAccused, IsComplainantAccused) VALUES (219, 432, 1, '2024-01-13', 1, 6, 18, 35, 6, 579, 1, 0);
INSERT INTO inv_arrestsurrenderaccused (ArrestSurrenderID, AccusedMasterID) VALUES (219, 579);
INSERT INTO inv_arrestsurrenderaccused (ArrestSurrenderID, AccusedMasterID) VALUES (219, 580);
INSERT INTO ChargesheetDetails (CSID, CaseMasterID, csdate, cstype, PolicePersonID) VALUES (146, 432, '2024-01-13 00:00:00', 'A', 35);
INSERT INTO CaseMaster (CaseMasterID, CrimeNo, CaseNo, CrimeRegisteredDate, PolicePersonID, PoliceStationID, CaseCategoryID, GravityOffenceID, CrimeMajorHeadID, CrimeMinorHeadID, CaseStatusID, CourtID, IncidentFromDate, IncidentToDate, InfoReceivedPSDate, latitude, longitude, BriefFacts) VALUES (433, '100010003202400433', '202400433', '2024-02-14', 5, 3, 1, 1, 1, 3, 3, 1, '2024-02-14 01:00:00', '2024-02-14 03:00:00', '2024-02-14 01:00:00', 12.972800, 77.752900, 'Incident reported at Whitefield Police Station. Initial investigation launched by IO Sunil Bhat.');
INSERT INTO Inv_OccuranceTime (CaseMasterID, IncidentFromDate, IncidentToDate, latitude, longitude, PlaceOfOccurrence) VALUES (433, '2024-02-14 01:00:00', '2024-02-14 03:00:00', 12.972800, 77.752900, 'Near Junction, Whitefield');
INSERT INTO ComplainantDetails (ComplainantID, CaseMasterID, ComplainantName, AgeYear, OccupationID, ReligionID, CasteID, GenderID) VALUES (433, 433, 'Nandini Shetty', 27, 2, 1, 1, 1);
INSERT INTO ActSectionAssociation (CaseMasterID, ActID, SectionID, ActOrderID, SectionOrderID) VALUES (433, 'IPC', '379', 1, 1);
INSERT INTO Victim (VictimMasterID, CaseMasterID, VictimName, AgeYear, GenderID, VictimPolice) VALUES (433, 433, 'Ganesh Rao', 59, 1, '0');
INSERT INTO Accused (AccusedMasterID, CaseMasterID, AccusedName, AgeYear, GenderID, PersonID) VALUES (581, 433, 'Shiva Verma', 31, 1, 'A1');
INSERT INTO CaseMaster (CaseMasterID, CrimeNo, CaseNo, CrimeRegisteredDate, PolicePersonID, PoliceStationID, CaseCategoryID, GravityOffenceID, CrimeMajorHeadID, CrimeMinorHeadID, CaseStatusID, CourtID, IncidentFromDate, IncidentToDate, InfoReceivedPSDate, latitude, longitude, BriefFacts) VALUES (434, '100020007202400434', '202400434', '2024-03-15', 13, 7, 2, 2, 2, 4, 4, 2, '2024-03-15 02:00:00', '2024-03-15 04:00:00', '2024-03-15 02:00:00', 12.316000, 76.662000, 'Incident reported at Lashkar Police Station. Initial investigation launched by IO Anil Kulkarni.');
INSERT INTO Inv_OccuranceTime (CaseMasterID, IncidentFromDate, IncidentToDate, latitude, longitude, PlaceOfOccurrence) VALUES (434, '2024-03-15 02:00:00', '2024-03-15 04:00:00', 12.316000, 76.662000, 'Near Junction, Lashkar');
INSERT INTO ComplainantDetails (ComplainantID, CaseMasterID, ComplainantName, AgeYear, OccupationID, ReligionID, CasteID, GenderID) VALUES (434, 434, 'Suma Naik', 62, 2, 1, 1, 1);
INSERT INTO ActSectionAssociation (CaseMasterID, ActID, SectionID, ActOrderID, SectionOrderID) VALUES (434, 'IPC', '302', 1, 1);
INSERT INTO Victim (VictimMasterID, CaseMasterID, VictimName, AgeYear, GenderID, VictimPolice) VALUES (434, 434, 'Nikhil Gowda', 22, 1, '0');
INSERT INTO Accused (AccusedMasterID, CaseMasterID, AccusedName, AgeYear, GenderID, PersonID) VALUES (582, 434, 'Yogesh Salim', 41, 1, 'A1');
INSERT INTO ArrestSurrender (ArrestSurrenderID, CaseMasterID, ArrestSurrenderTypeID, ArrestSurrenderDate, ArrestSurrenderStateId, ArrestSurrenderDistrictId, PoliceStationID, IOID, CourtID, AccusedMasterID, IsAccused, IsComplainantAccused) VALUES (220, 434, 1, '2024-03-15', 1, 2, 7, 13, 2, 582, 1, 0);
INSERT INTO inv_arrestsurrenderaccused (ArrestSurrenderID, AccusedMasterID) VALUES (220, 582);
INSERT INTO CaseMaster (CaseMasterID, CrimeNo, CaseNo, CrimeRegisteredDate, PolicePersonID, PoliceStationID, CaseCategoryID, GravityOffenceID, CrimeMajorHeadID, CrimeMinorHeadID, CaseStatusID, CourtID, IncidentFromDate, IncidentToDate, InfoReceivedPSDate, latitude, longitude, BriefFacts) VALUES (435, '100030011202400435', '202400435', '2024-04-16', 21, 11, 3, 3, 2, 5, 5, 3, '2024-04-16 03:00:00', '2024-04-16 05:00:00', '2024-04-16 03:00:00', 12.894000, 74.836000, 'Incident reported at Urwa Police Station. Initial investigation launched by IO Anil Gowda.');
INSERT INTO Inv_OccuranceTime (CaseMasterID, IncidentFromDate, IncidentToDate, latitude, longitude, PlaceOfOccurrence) VALUES (435, '2024-04-16 03:00:00', '2024-04-16 05:00:00', 12.894000, 74.836000, 'Near Junction, Urwa');
INSERT INTO ComplainantDetails (ComplainantID, CaseMasterID, ComplainantName, AgeYear, OccupationID, ReligionID, CasteID, GenderID) VALUES (435, 435, 'Deepak Deshpande', 58, 2, 1, 1, 1);
INSERT INTO ActSectionAssociation (CaseMasterID, ActID, SectionID, ActOrderID, SectionOrderID) VALUES (435, 'IPC', '302', 1, 1);
INSERT INTO Victim (VictimMasterID, CaseMasterID, VictimName, AgeYear, GenderID, VictimPolice) VALUES (435, 435, 'Praveen Gowda', 53, 1, '0');
INSERT INTO Accused (AccusedMasterID, CaseMasterID, AccusedName, AgeYear, GenderID, PersonID) VALUES (583, 435, 'Yogesh Khan', 22, 1, 'A1');
INSERT INTO Accused (AccusedMasterID, CaseMasterID, AccusedName, AgeYear, GenderID, PersonID) VALUES (584, 435, 'Tukaram Reddy', 39, 1, 'A2');
INSERT INTO ChargesheetDetails (CSID, CaseMasterID, csdate, cstype, PolicePersonID) VALUES (147, 435, '2024-04-16 03:00:00', 'A', 21);
INSERT INTO CaseMaster (CaseMasterID, CrimeNo, CaseNo, CrimeRegisteredDate, PolicePersonID, PoliceStationID, CaseCategoryID, GravityOffenceID, CrimeMajorHeadID, CrimeMinorHeadID, CaseStatusID, CourtID, IncidentFromDate, IncidentToDate, InfoReceivedPSDate, latitude, longitude, BriefFacts) VALUES (436, '100040012202400436', '202400436', '2024-05-17', 23, 12, 4, 1, 3, 6, 1, 4, '2024-05-17 04:00:00', '2024-05-17 06:00:00', '2024-05-17 04:00:00', 15.358000, 75.147000, 'Incident reported at Suburban Police Station Hubballi. Initial investigation launched by IO Basavaraj Rao.');
INSERT INTO Inv_OccuranceTime (CaseMasterID, IncidentFromDate, IncidentToDate, latitude, longitude, PlaceOfOccurrence) VALUES (436, '2024-05-17 04:00:00', '2024-05-17 06:00:00', 15.358000, 75.147000, 'Near Junction, Suburban Hubballi');
INSERT INTO ComplainantDetails (ComplainantID, CaseMasterID, ComplainantName, AgeYear, OccupationID, ReligionID, CasteID, GenderID) VALUES (436, 436, 'Chetan Naik', 32, 2, 1, 1, 1);
INSERT INTO ActSectionAssociation (CaseMasterID, ActID, SectionID, ActOrderID, SectionOrderID) VALUES (436, 'IT_ACT', '66D', 1, 1);
INSERT INTO Victim (VictimMasterID, CaseMasterID, VictimName, AgeYear, GenderID, VictimPolice) VALUES (436, 436, 'Praveen Deshpande', 60, 1, '0');
INSERT INTO Accused (AccusedMasterID, CaseMasterID, AccusedName, AgeYear, GenderID, PersonID) VALUES (585, 436, 'Shiva Salim', 28, 1, 'A1');
INSERT INTO ArrestSurrender (ArrestSurrenderID, CaseMasterID, ArrestSurrenderTypeID, ArrestSurrenderDate, ArrestSurrenderStateId, ArrestSurrenderDistrictId, PoliceStationID, IOID, CourtID, AccusedMasterID, IsAccused, IsComplainantAccused) VALUES (221, 436, 1, '2024-05-17', 1, 4, 12, 23, 4, 585, 1, 0);
INSERT INTO inv_arrestsurrenderaccused (ArrestSurrenderID, AccusedMasterID) VALUES (221, 585);
INSERT INTO CaseMaster (CaseMasterID, CrimeNo, CaseNo, CrimeRegisteredDate, PolicePersonID, PoliceStationID, CaseCategoryID, GravityOffenceID, CrimeMajorHeadID, CrimeMinorHeadID, CaseStatusID, CourtID, IncidentFromDate, IncidentToDate, InfoReceivedPSDate, latitude, longitude, BriefFacts) VALUES (437, '100050016202400437', '202400437', '2024-06-18', 31, 16, 1, 2, 3, 7, 2, 5, '2024-06-18 05:00:00', '2024-06-18 07:00:00', '2024-06-18 05:00:00', 15.851000, 74.515000, 'Incident reported at Tilakwadi Police Station. Initial investigation launched by IO Prakash Patil.');
INSERT INTO Inv_OccuranceTime (CaseMasterID, IncidentFromDate, IncidentToDate, latitude, longitude, PlaceOfOccurrence) VALUES (437, '2024-06-18 05:00:00', '2024-06-18 07:00:00', 15.851000, 74.515000, 'Near Junction, Tilakwadi');
INSERT INTO ComplainantDetails (ComplainantID, CaseMasterID, ComplainantName, AgeYear, OccupationID, ReligionID, CasteID, GenderID) VALUES (437, 437, 'Suma Naik', 31, 2, 1, 1, 1);
INSERT INTO ActSectionAssociation (CaseMasterID, ActID, SectionID, ActOrderID, SectionOrderID) VALUES (437, 'IT_ACT', '66D', 1, 1);
INSERT INTO Victim (VictimMasterID, CaseMasterID, VictimName, AgeYear, GenderID, VictimPolice) VALUES (437, 437, 'Bhavya Shetty', 60, 1, '0');
INSERT INTO Accused (AccusedMasterID, CaseMasterID, AccusedName, AgeYear, GenderID, PersonID) VALUES (586, 437, 'Yogesh Alias', 20, 1, 'A1');
INSERT INTO CaseMaster (CaseMasterID, CrimeNo, CaseNo, CrimeRegisteredDate, PolicePersonID, PoliceStationID, CaseCategoryID, GravityOffenceID, CrimeMajorHeadID, CrimeMinorHeadID, CaseStatusID, CourtID, IncidentFromDate, IncidentToDate, InfoReceivedPSDate, latitude, longitude, BriefFacts) VALUES (438, '100060018202400438', '202400438', '2024-07-19', 35, 18, 2, 3, 4, 8, 3, 6, '2024-07-19 06:00:00', '2024-07-19 08:00:00', '2024-07-19 06:00:00', 17.337000, 76.842000, 'Incident reported at Station Bazar Police Station. Initial investigation launched by IO Mahesh Bhat.');
INSERT INTO Inv_OccuranceTime (CaseMasterID, IncidentFromDate, IncidentToDate, latitude, longitude, PlaceOfOccurrence) VALUES (438, '2024-07-19 06:00:00', '2024-07-19 08:00:00', 17.337000, 76.842000, 'Near Junction, Station Bazar');
INSERT INTO ComplainantDetails (ComplainantID, CaseMasterID, ComplainantName, AgeYear, OccupationID, ReligionID, CasteID, GenderID) VALUES (438, 438, 'Bharath Murthy', 52, 2, 1, 1, 1);
INSERT INTO ActSectionAssociation (CaseMasterID, ActID, SectionID, ActOrderID, SectionOrderID) VALUES (438, 'IPC', '420', 1, 1);
INSERT INTO Victim (VictimMasterID, CaseMasterID, VictimName, AgeYear, GenderID, VictimPolice) VALUES (438, 438, 'Arun Joshi', 33, 1, '0');
INSERT INTO Accused (AccusedMasterID, CaseMasterID, AccusedName, AgeYear, GenderID, PersonID) VALUES (587, 438, 'Pandu Alias', 29, 1, 'A1');
INSERT INTO Accused (AccusedMasterID, CaseMasterID, AccusedName, AgeYear, GenderID, PersonID) VALUES (588, 438, 'Imtiaz Pashan', 31, 1, 'A2');
INSERT INTO ArrestSurrender (ArrestSurrenderID, CaseMasterID, ArrestSurrenderTypeID, ArrestSurrenderDate, ArrestSurrenderStateId, ArrestSurrenderDistrictId, PoliceStationID, IOID, CourtID, AccusedMasterID, IsAccused, IsComplainantAccused) VALUES (222, 438, 1, '2024-07-19', 1, 6, 18, 35, 6, 587, 1, 0);
INSERT INTO inv_arrestsurrenderaccused (ArrestSurrenderID, AccusedMasterID) VALUES (222, 587);
INSERT INTO inv_arrestsurrenderaccused (ArrestSurrenderID, AccusedMasterID) VALUES (222, 588);
INSERT INTO ChargesheetDetails (CSID, CaseMasterID, csdate, cstype, PolicePersonID) VALUES (148, 438, '2024-07-19 06:00:00', 'A', 35);
INSERT INTO CaseMaster (CaseMasterID, CrimeNo, CaseNo, CrimeRegisteredDate, PolicePersonID, PoliceStationID, CaseCategoryID, GravityOffenceID, CrimeMajorHeadID, CrimeMinorHeadID, CaseStatusID, CourtID, IncidentFromDate, IncidentToDate, InfoReceivedPSDate, latitude, longitude, BriefFacts) VALUES (439, '100010004202400439', '202400439', '2024-08-20', 7, 4, 3, 1, 5, 9, 4, 1, '2024-08-20 07:00:00', '2024-08-20 09:00:00', '2024-08-20 07:00:00', 12.934000, 77.602800, 'Incident reported at Jayanagar Police Station. Initial investigation launched by IO Vijay Kulkarni.');
INSERT INTO Inv_OccuranceTime (CaseMasterID, IncidentFromDate, IncidentToDate, latitude, longitude, PlaceOfOccurrence) VALUES (439, '2024-08-20 07:00:00', '2024-08-20 09:00:00', 12.934000, 77.602800, 'Near Junction, Jayanagar');
INSERT INTO ComplainantDetails (ComplainantID, CaseMasterID, ComplainantName, AgeYear, OccupationID, ReligionID, CasteID, GenderID) VALUES (439, 439, 'Chetan Rao', 53, 2, 1, 1, 1);
INSERT INTO ActSectionAssociation (CaseMasterID, ActID, SectionID, ActOrderID, SectionOrderID) VALUES (439, 'NDPS', '20', 1, 1);
INSERT INTO Victim (VictimMasterID, CaseMasterID, VictimName, AgeYear, GenderID, VictimPolice) VALUES (439, 439, 'Nikhil Kulkarni', 31, 1, '0');
INSERT INTO Accused (AccusedMasterID, CaseMasterID, AccusedName, AgeYear, GenderID, PersonID) VALUES (589, 439, 'Dharma Verma', 36, 1, 'A1');
INSERT INTO CaseMaster (CaseMasterID, CrimeNo, CaseNo, CrimeRegisteredDate, PolicePersonID, PoliceStationID, CaseCategoryID, GravityOffenceID, CrimeMajorHeadID, CrimeMinorHeadID, CaseStatusID, CourtID, IncidentFromDate, IncidentToDate, InfoReceivedPSDate, latitude, longitude, BriefFacts) VALUES (440, '100020007202400440', '202400440', '2024-09-21', 13, 7, 4, 2, 1, 10, 5, 2, '2024-09-21 08:00:00', '2024-09-21 10:00:00', '2024-09-21 08:00:00', 12.302000, 76.648000, 'Incident reported at Lashkar Police Station. Initial investigation launched by IO Anil Kulkarni.');
INSERT INTO Inv_OccuranceTime (CaseMasterID, IncidentFromDate, IncidentToDate, latitude, longitude, PlaceOfOccurrence) VALUES (440, '2024-09-21 08:00:00', '2024-09-21 10:00:00', 12.302000, 76.648000, 'Near Junction, Lashkar');
INSERT INTO ComplainantDetails (ComplainantID, CaseMasterID, ComplainantName, AgeYear, OccupationID, ReligionID, CasteID, GenderID) VALUES (440, 440, 'Jagadish Hegde', 57, 2, 1, 1, 1);
INSERT INTO ActSectionAssociation (CaseMasterID, ActID, SectionID, ActOrderID, SectionOrderID) VALUES (440, 'IPC', '379', 1, 1);
INSERT INTO Victim (VictimMasterID, CaseMasterID, VictimName, AgeYear, GenderID, VictimPolice) VALUES (440, 440, 'Sangeetha Joshi', 58, 1, '0');
INSERT INTO Accused (AccusedMasterID, CaseMasterID, AccusedName, AgeYear, GenderID, PersonID) VALUES (590, 440, 'Imtiaz Khan', 25, 1, 'A1');
INSERT INTO ArrestSurrender (ArrestSurrenderID, CaseMasterID, ArrestSurrenderTypeID, ArrestSurrenderDate, ArrestSurrenderStateId, ArrestSurrenderDistrictId, PoliceStationID, IOID, CourtID, AccusedMasterID, IsAccused, IsComplainantAccused) VALUES (223, 440, 1, '2024-09-21', 1, 2, 7, 13, 2, 590, 1, 0);
INSERT INTO inv_arrestsurrenderaccused (ArrestSurrenderID, AccusedMasterID) VALUES (223, 590);
INSERT INTO CaseMaster (CaseMasterID, CrimeNo, CaseNo, CrimeRegisteredDate, PolicePersonID, PoliceStationID, CaseCategoryID, GravityOffenceID, CrimeMajorHeadID, CrimeMinorHeadID, CaseStatusID, CourtID, IncidentFromDate, IncidentToDate, InfoReceivedPSDate, latitude, longitude, BriefFacts) VALUES (441, '100030011202400441', '202400441', '2024-10-22', 21, 11, 1, 3, 1, 1, 1, 3, '2024-10-22 09:00:00', '2024-10-22 11:00:00', '2024-10-22 09:00:00', 12.880000, 74.822000, 'Incident reported at Urwa Police Station. Initial investigation launched by IO Anil Gowda.');
INSERT INTO Inv_OccuranceTime (CaseMasterID, IncidentFromDate, IncidentToDate, latitude, longitude, PlaceOfOccurrence) VALUES (441, '2024-10-22 09:00:00', '2024-10-22 11:00:00', 12.880000, 74.822000, 'Near Junction, Urwa');
INSERT INTO ComplainantDetails (ComplainantID, CaseMasterID, ComplainantName, AgeYear, OccupationID, ReligionID, CasteID, GenderID) VALUES (441, 441, 'Suma Bhat', 45, 2, 1, 1, 1);
INSERT INTO ActSectionAssociation (CaseMasterID, ActID, SectionID, ActOrderID, SectionOrderID) VALUES (441, 'IPC', '379', 1, 1);
INSERT INTO Victim (VictimMasterID, CaseMasterID, VictimName, AgeYear, GenderID, VictimPolice) VALUES (441, 441, 'Ganesh Hegde', 56, 1, '0');
INSERT INTO Accused (AccusedMasterID, CaseMasterID, AccusedName, AgeYear, GenderID, PersonID) VALUES (591, 441, 'Imtiaz Singh', 30, 1, 'A1');
INSERT INTO Accused (AccusedMasterID, CaseMasterID, AccusedName, AgeYear, GenderID, PersonID) VALUES (592, 441, 'Pandu Alias', 42, 1, 'A2');
INSERT INTO ChargesheetDetails (CSID, CaseMasterID, csdate, cstype, PolicePersonID) VALUES (149, 441, '2024-10-22 09:00:00', 'A', 21);
INSERT INTO CaseMaster (CaseMasterID, CrimeNo, CaseNo, CrimeRegisteredDate, PolicePersonID, PoliceStationID, CaseCategoryID, GravityOffenceID, CrimeMajorHeadID, CrimeMinorHeadID, CaseStatusID, CourtID, IncidentFromDate, IncidentToDate, InfoReceivedPSDate, latitude, longitude, BriefFacts) VALUES (442, '100040012202400442', '202400442', '2024-11-23', 23, 12, 2, 1, 1, 2, 2, 4, '2024-11-23 10:00:00', '2024-11-23 12:00:00', '2024-11-23 10:00:00', 15.344000, 75.133000, 'Incident reported at Suburban Police Station Hubballi. Initial investigation launched by IO Basavaraj Rao.');
INSERT INTO Inv_OccuranceTime (CaseMasterID, IncidentFromDate, IncidentToDate, latitude, longitude, PlaceOfOccurrence) VALUES (442, '2024-11-23 10:00:00', '2024-11-23 12:00:00', 15.344000, 75.133000, 'Near Junction, Suburban Hubballi');
INSERT INTO ComplainantDetails (ComplainantID, CaseMasterID, ComplainantName, AgeYear, OccupationID, ReligionID, CasteID, GenderID) VALUES (442, 442, 'Chetan Hegde', 32, 2, 1, 1, 1);
INSERT INTO ActSectionAssociation (CaseMasterID, ActID, SectionID, ActOrderID, SectionOrderID) VALUES (442, 'IPC', '379', 1, 1);
INSERT INTO Victim (VictimMasterID, CaseMasterID, VictimName, AgeYear, GenderID, VictimPolice) VALUES (442, 442, 'Kiran Gowda', 59, 1, '0');
INSERT INTO Accused (AccusedMasterID, CaseMasterID, AccusedName, AgeYear, GenderID, PersonID) VALUES (593, 442, 'Shiva Verma', 28, 1, 'A1');
INSERT INTO ArrestSurrender (ArrestSurrenderID, CaseMasterID, ArrestSurrenderTypeID, ArrestSurrenderDate, ArrestSurrenderStateId, ArrestSurrenderDistrictId, PoliceStationID, IOID, CourtID, AccusedMasterID, IsAccused, IsComplainantAccused) VALUES (224, 442, 1, '2024-11-23', 1, 4, 12, 23, 4, 593, 1, 0);
INSERT INTO inv_arrestsurrenderaccused (ArrestSurrenderID, AccusedMasterID) VALUES (224, 593);
INSERT INTO CaseMaster (CaseMasterID, CrimeNo, CaseNo, CrimeRegisteredDate, PolicePersonID, PoliceStationID, CaseCategoryID, GravityOffenceID, CrimeMajorHeadID, CrimeMinorHeadID, CaseStatusID, CourtID, IncidentFromDate, IncidentToDate, InfoReceivedPSDate, latitude, longitude, BriefFacts) VALUES (443, '100050016202400443', '202400443', '2024-12-24', 31, 16, 3, 2, 1, 3, 3, 5, '2024-12-24 11:00:00', '2024-12-24 13:00:00', '2024-12-24 11:00:00', 15.837000, 74.501000, 'Incident reported at Tilakwadi Police Station. Initial investigation launched by IO Prakash Patil.');
INSERT INTO Inv_OccuranceTime (CaseMasterID, IncidentFromDate, IncidentToDate, latitude, longitude, PlaceOfOccurrence) VALUES (443, '2024-12-24 11:00:00', '2024-12-24 13:00:00', 15.837000, 74.501000, 'Near Junction, Tilakwadi');
INSERT INTO ComplainantDetails (ComplainantID, CaseMasterID, ComplainantName, AgeYear, OccupationID, ReligionID, CasteID, GenderID) VALUES (443, 443, 'Suma Kulkarni', 59, 2, 1, 1, 1);
INSERT INTO ActSectionAssociation (CaseMasterID, ActID, SectionID, ActOrderID, SectionOrderID) VALUES (443, 'IPC', '379', 1, 1);
INSERT INTO Victim (VictimMasterID, CaseMasterID, VictimName, AgeYear, GenderID, VictimPolice) VALUES (443, 443, 'Vinay Bhat', 44, 1, '0');
INSERT INTO Accused (AccusedMasterID, CaseMasterID, AccusedName, AgeYear, GenderID, PersonID) VALUES (594, 443, 'Vicky Kumar', 34, 1, 'A1');
INSERT INTO CaseMaster (CaseMasterID, CrimeNo, CaseNo, CrimeRegisteredDate, PolicePersonID, PoliceStationID, CaseCategoryID, GravityOffenceID, CrimeMajorHeadID, CrimeMinorHeadID, CaseStatusID, CourtID, IncidentFromDate, IncidentToDate, InfoReceivedPSDate, latitude, longitude, BriefFacts) VALUES (444, '100060018202400444', '202400444', '2024-01-25', 35, 18, 4, 3, 2, 4, 4, 6, '2024-01-25 12:00:00', '2024-01-25 14:00:00', '2024-01-25 12:00:00', 17.323000, 76.828000, 'Incident reported at Station Bazar Police Station. Initial investigation launched by IO Mahesh Bhat.');
INSERT INTO Inv_OccuranceTime (CaseMasterID, IncidentFromDate, IncidentToDate, latitude, longitude, PlaceOfOccurrence) VALUES (444, '2024-01-25 12:00:00', '2024-01-25 14:00:00', 17.323000, 76.828000, 'Near Junction, Station Bazar');
INSERT INTO ComplainantDetails (ComplainantID, CaseMasterID, ComplainantName, AgeYear, OccupationID, ReligionID, CasteID, GenderID) VALUES (444, 444, 'Pooja Naik', 37, 2, 1, 1, 1);
INSERT INTO ActSectionAssociation (CaseMasterID, ActID, SectionID, ActOrderID, SectionOrderID) VALUES (444, 'IPC', '302', 1, 1);
INSERT INTO Victim (VictimMasterID, CaseMasterID, VictimName, AgeYear, GenderID, VictimPolice) VALUES (444, 444, 'Arun Kulkarni', 29, 1, '0');
INSERT INTO Accused (AccusedMasterID, CaseMasterID, AccusedName, AgeYear, GenderID, PersonID) VALUES (595, 444, 'Dharma Kumar', 43, 1, 'A1');
INSERT INTO Accused (AccusedMasterID, CaseMasterID, AccusedName, AgeYear, GenderID, PersonID) VALUES (596, 444, 'Dharma Singh', 41, 1, 'A2');
INSERT INTO ArrestSurrender (ArrestSurrenderID, CaseMasterID, ArrestSurrenderTypeID, ArrestSurrenderDate, ArrestSurrenderStateId, ArrestSurrenderDistrictId, PoliceStationID, IOID, CourtID, AccusedMasterID, IsAccused, IsComplainantAccused) VALUES (225, 444, 1, '2024-01-25', 1, 6, 18, 35, 6, 595, 1, 0);
INSERT INTO inv_arrestsurrenderaccused (ArrestSurrenderID, AccusedMasterID) VALUES (225, 595);
INSERT INTO inv_arrestsurrenderaccused (ArrestSurrenderID, AccusedMasterID) VALUES (225, 596);
INSERT INTO ChargesheetDetails (CSID, CaseMasterID, csdate, cstype, PolicePersonID) VALUES (150, 444, '2024-01-25 12:00:00', 'A', 35);
INSERT INTO CaseMaster (CaseMasterID, CrimeNo, CaseNo, CrimeRegisteredDate, PolicePersonID, PoliceStationID, CaseCategoryID, GravityOffenceID, CrimeMajorHeadID, CrimeMinorHeadID, CaseStatusID, CourtID, IncidentFromDate, IncidentToDate, InfoReceivedPSDate, latitude, longitude, BriefFacts) VALUES (445, '100010005202400445', '202400445', '2024-02-26', 9, 5, 1, 1, 2, 5, 5, 1, '2024-02-26 13:00:00', '2024-02-26 15:00:00', '2024-02-26 13:00:00', 12.998100, 77.559300, 'Incident reported at Malleshwaram Police Station. Initial investigation launched by IO Santosh Shetty.');
INSERT INTO Inv_OccuranceTime (CaseMasterID, IncidentFromDate, IncidentToDate, latitude, longitude, PlaceOfOccurrence) VALUES (445, '2024-02-26 13:00:00', '2024-02-26 15:00:00', 12.998100, 77.559300, 'Near Junction, Malleshwaram');
INSERT INTO ComplainantDetails (ComplainantID, CaseMasterID, ComplainantName, AgeYear, OccupationID, ReligionID, CasteID, GenderID) VALUES (445, 445, 'Radha Deshpande', 44, 2, 1, 1, 1);
INSERT INTO ActSectionAssociation (CaseMasterID, ActID, SectionID, ActOrderID, SectionOrderID) VALUES (445, 'IPC', '302', 1, 1);
INSERT INTO Victim (VictimMasterID, CaseMasterID, VictimName, AgeYear, GenderID, VictimPolice) VALUES (445, 445, 'Bhavya Joshi', 34, 1, '0');
INSERT INTO Accused (AccusedMasterID, CaseMasterID, AccusedName, AgeYear, GenderID, PersonID) VALUES (597, 445, 'Shiva Verma', 33, 1, 'A1');
INSERT INTO CaseMaster (CaseMasterID, CrimeNo, CaseNo, CrimeRegisteredDate, PolicePersonID, PoliceStationID, CaseCategoryID, GravityOffenceID, CrimeMajorHeadID, CrimeMinorHeadID, CaseStatusID, CourtID, IncidentFromDate, IncidentToDate, InfoReceivedPSDate, latitude, longitude, BriefFacts) VALUES (446, '100020007202400446', '202400446', '2024-03-27', 13, 7, 2, 2, 3, 6, 1, 2, '2024-03-27 14:00:00', '2024-03-27 16:00:00', '2024-03-27 14:00:00', 12.308000, 76.654000, 'Incident reported at Lashkar Police Station. Initial investigation launched by IO Anil Kulkarni.');
INSERT INTO Inv_OccuranceTime (CaseMasterID, IncidentFromDate, IncidentToDate, latitude, longitude, PlaceOfOccurrence) VALUES (446, '2024-03-27 14:00:00', '2024-03-27 16:00:00', 12.308000, 76.654000, 'Near Junction, Lashkar');
INSERT INTO ComplainantDetails (ComplainantID, CaseMasterID, ComplainantName, AgeYear, OccupationID, ReligionID, CasteID, GenderID) VALUES (446, 446, 'Bharath Joshi', 57, 2, 1, 1, 1);
INSERT INTO ActSectionAssociation (CaseMasterID, ActID, SectionID, ActOrderID, SectionOrderID) VALUES (446, 'IT_ACT', '66D', 1, 1);
INSERT INTO Victim (VictimMasterID, CaseMasterID, VictimName, AgeYear, GenderID, VictimPolice) VALUES (446, 446, 'Kiran Bhat', 25, 1, '0');
INSERT INTO Accused (AccusedMasterID, CaseMasterID, AccusedName, AgeYear, GenderID, PersonID) VALUES (598, 446, 'Tukaram Alias', 31, 1, 'A1');
INSERT INTO ArrestSurrender (ArrestSurrenderID, CaseMasterID, ArrestSurrenderTypeID, ArrestSurrenderDate, ArrestSurrenderStateId, ArrestSurrenderDistrictId, PoliceStationID, IOID, CourtID, AccusedMasterID, IsAccused, IsComplainantAccused) VALUES (226, 446, 1, '2024-03-27', 1, 2, 7, 13, 2, 598, 1, 0);
INSERT INTO inv_arrestsurrenderaccused (ArrestSurrenderID, AccusedMasterID) VALUES (226, 598);
INSERT INTO CaseMaster (CaseMasterID, CrimeNo, CaseNo, CrimeRegisteredDate, PolicePersonID, PoliceStationID, CaseCategoryID, GravityOffenceID, CrimeMajorHeadID, CrimeMinorHeadID, CaseStatusID, CourtID, IncidentFromDate, IncidentToDate, InfoReceivedPSDate, latitude, longitude, BriefFacts) VALUES (447, '100030011202400447', '202400447', '2024-04-28', 21, 11, 3, 3, 3, 7, 2, 3, '2024-04-28 15:00:00', '2024-04-28 17:00:00', '2024-04-28 15:00:00', 12.886000, 74.828000, 'Incident reported at Urwa Police Station. Initial investigation launched by IO Anil Gowda.');
INSERT INTO Inv_OccuranceTime (CaseMasterID, IncidentFromDate, IncidentToDate, latitude, longitude, PlaceOfOccurrence) VALUES (447, '2024-04-28 15:00:00', '2024-04-28 17:00:00', 12.886000, 74.828000, 'Near Junction, Urwa');
INSERT INTO ComplainantDetails (ComplainantID, CaseMasterID, ComplainantName, AgeYear, OccupationID, ReligionID, CasteID, GenderID) VALUES (447, 447, 'Girish Joshi', 54, 2, 1, 1, 1);
INSERT INTO ActSectionAssociation (CaseMasterID, ActID, SectionID, ActOrderID, SectionOrderID) VALUES (447, 'IT_ACT', '66D', 1, 1);
INSERT INTO Victim (VictimMasterID, CaseMasterID, VictimName, AgeYear, GenderID, VictimPolice) VALUES (447, 447, 'Kiran Shetty', 48, 1, '0');
INSERT INTO Accused (AccusedMasterID, CaseMasterID, AccusedName, AgeYear, GenderID, PersonID) VALUES (599, 447, 'Raja Pashan', 35, 1, 'A1');
INSERT INTO Accused (AccusedMasterID, CaseMasterID, AccusedName, AgeYear, GenderID, PersonID) VALUES (600, 447, 'Dharma Verma', 30, 1, 'A2');
INSERT INTO ChargesheetDetails (CSID, CaseMasterID, csdate, cstype, PolicePersonID) VALUES (151, 447, '2024-04-28 15:00:00', 'A', 21);
INSERT INTO CaseMaster (CaseMasterID, CrimeNo, CaseNo, CrimeRegisteredDate, PolicePersonID, PoliceStationID, CaseCategoryID, GravityOffenceID, CrimeMajorHeadID, CrimeMinorHeadID, CaseStatusID, CourtID, IncidentFromDate, IncidentToDate, InfoReceivedPSDate, latitude, longitude, BriefFacts) VALUES (448, '100040012202400448', '202400448', '2024-05-01', 23, 12, 4, 1, 4, 8, 3, 4, '2024-05-01 16:00:00', '2024-05-01 18:00:00', '2024-05-01 16:00:00', 15.350000, 75.139000, 'Incident reported at Suburban Police Station Hubballi. Initial investigation launched by IO Basavaraj Rao.');
INSERT INTO Inv_OccuranceTime (CaseMasterID, IncidentFromDate, IncidentToDate, latitude, longitude, PlaceOfOccurrence) VALUES (448, '2024-05-01 16:00:00', '2024-05-01 18:00:00', 15.350000, 75.139000, 'Near Junction, Suburban Hubballi');
INSERT INTO ComplainantDetails (ComplainantID, CaseMasterID, ComplainantName, AgeYear, OccupationID, ReligionID, CasteID, GenderID) VALUES (448, 448, 'Kavitha Kulkarni', 48, 2, 1, 1, 1);
INSERT INTO ActSectionAssociation (CaseMasterID, ActID, SectionID, ActOrderID, SectionOrderID) VALUES (448, 'IPC', '420', 1, 1);
INSERT INTO Victim (VictimMasterID, CaseMasterID, VictimName, AgeYear, GenderID, VictimPolice) VALUES (448, 448, 'Manoj Deshpande', 27, 1, '0');
INSERT INTO Accused (AccusedMasterID, CaseMasterID, AccusedName, AgeYear, GenderID, PersonID) VALUES (601, 448, 'Babloo Pashan', 42, 1, 'A1');
INSERT INTO ArrestSurrender (ArrestSurrenderID, CaseMasterID, ArrestSurrenderTypeID, ArrestSurrenderDate, ArrestSurrenderStateId, ArrestSurrenderDistrictId, PoliceStationID, IOID, CourtID, AccusedMasterID, IsAccused, IsComplainantAccused) VALUES (227, 448, 1, '2024-05-01', 1, 4, 12, 23, 4, 601, 1, 0);
INSERT INTO inv_arrestsurrenderaccused (ArrestSurrenderID, AccusedMasterID) VALUES (227, 601);
INSERT INTO CaseMaster (CaseMasterID, CrimeNo, CaseNo, CrimeRegisteredDate, PolicePersonID, PoliceStationID, CaseCategoryID, GravityOffenceID, CrimeMajorHeadID, CrimeMinorHeadID, CaseStatusID, CourtID, IncidentFromDate, IncidentToDate, InfoReceivedPSDate, latitude, longitude, BriefFacts) VALUES (449, '100050016202400449', '202400449', '2024-06-02', 31, 16, 1, 2, 5, 9, 4, 5, '2024-06-02 17:00:00', '2024-06-02 19:00:00', '2024-06-02 17:00:00', 15.843000, 74.507000, 'Incident reported at Tilakwadi Police Station. Initial investigation launched by IO Prakash Patil.');
INSERT INTO Inv_OccuranceTime (CaseMasterID, IncidentFromDate, IncidentToDate, latitude, longitude, PlaceOfOccurrence) VALUES (449, '2024-06-02 17:00:00', '2024-06-02 19:00:00', 15.843000, 74.507000, 'Near Junction, Tilakwadi');
INSERT INTO ComplainantDetails (ComplainantID, CaseMasterID, ComplainantName, AgeYear, OccupationID, ReligionID, CasteID, GenderID) VALUES (449, 449, 'Kavitha Shetty', 27, 2, 1, 1, 1);
INSERT INTO ActSectionAssociation (CaseMasterID, ActID, SectionID, ActOrderID, SectionOrderID) VALUES (449, 'NDPS', '20', 1, 1);
INSERT INTO Victim (VictimMasterID, CaseMasterID, VictimName, AgeYear, GenderID, VictimPolice) VALUES (449, 449, 'Praveen Joshi', 25, 1, '0');
INSERT INTO Accused (AccusedMasterID, CaseMasterID, AccusedName, AgeYear, GenderID, PersonID) VALUES (602, 449, 'Altaf Alias', 20, 1, 'A1');
INSERT INTO CaseMaster (CaseMasterID, CrimeNo, CaseNo, CrimeRegisteredDate, PolicePersonID, PoliceStationID, CaseCategoryID, GravityOffenceID, CrimeMajorHeadID, CrimeMinorHeadID, CaseStatusID, CourtID, IncidentFromDate, IncidentToDate, InfoReceivedPSDate, latitude, longitude, BriefFacts) VALUES (450, '100060018202400450', '202400450', '2024-07-03', 35, 18, 2, 3, 1, 10, 5, 6, '2024-07-03 18:00:00', '2024-07-03 20:00:00', '2024-07-03 18:00:00', 17.329000, 76.834000, 'Incident reported at Station Bazar Police Station. Initial investigation launched by IO Mahesh Bhat.');
INSERT INTO Inv_OccuranceTime (CaseMasterID, IncidentFromDate, IncidentToDate, latitude, longitude, PlaceOfOccurrence) VALUES (450, '2024-07-03 18:00:00', '2024-07-03 20:00:00', 17.329000, 76.834000, 'Near Junction, Station Bazar');
INSERT INTO ComplainantDetails (ComplainantID, CaseMasterID, ComplainantName, AgeYear, OccupationID, ReligionID, CasteID, GenderID) VALUES (450, 450, 'Deepak Hegde', 55, 2, 1, 1, 1);
INSERT INTO ActSectionAssociation (CaseMasterID, ActID, SectionID, ActOrderID, SectionOrderID) VALUES (450, 'IPC', '379', 1, 1);
INSERT INTO Victim (VictimMasterID, CaseMasterID, VictimName, AgeYear, GenderID, VictimPolice) VALUES (450, 450, 'Praveen Joshi', 24, 1, '0');
INSERT INTO Accused (AccusedMasterID, CaseMasterID, AccusedName, AgeYear, GenderID, PersonID) VALUES (603, 450, 'Jagga Pashan', 29, 1, 'A1');
INSERT INTO Accused (AccusedMasterID, CaseMasterID, AccusedName, AgeYear, GenderID, PersonID) VALUES (604, 450, 'Mantu Reddy', 31, 1, 'A2');
INSERT INTO ArrestSurrender (ArrestSurrenderID, CaseMasterID, ArrestSurrenderTypeID, ArrestSurrenderDate, ArrestSurrenderStateId, ArrestSurrenderDistrictId, PoliceStationID, IOID, CourtID, AccusedMasterID, IsAccused, IsComplainantAccused) VALUES (228, 450, 1, '2024-07-03', 1, 6, 18, 35, 6, 603, 1, 0);
INSERT INTO inv_arrestsurrenderaccused (ArrestSurrenderID, AccusedMasterID) VALUES (228, 603);
INSERT INTO inv_arrestsurrenderaccused (ArrestSurrenderID, AccusedMasterID) VALUES (228, 604);
INSERT INTO ChargesheetDetails (CSID, CaseMasterID, csdate, cstype, PolicePersonID) VALUES (152, 450, '2024-07-03 18:00:00', 'A', 35);
INSERT INTO CaseMaster (CaseMasterID, CrimeNo, CaseNo, CrimeRegisteredDate, PolicePersonID, PoliceStationID, CaseCategoryID, GravityOffenceID, CrimeMajorHeadID, CrimeMinorHeadID, CaseStatusID, CourtID, IncidentFromDate, IncidentToDate, InfoReceivedPSDate, latitude, longitude, BriefFacts) VALUES (451, '100010001202400451', '202400451', '2024-08-04', 1, 1, 3, 1, 1, 1, 1, 1, '2024-08-04 19:00:00', '2024-08-04 21:00:00', '2024-08-04 19:00:00', 12.979400, 77.641800, 'Incident reported at Indiranagar Police Station. Initial investigation launched by IO Suresh Rao.');
INSERT INTO Inv_OccuranceTime (CaseMasterID, IncidentFromDate, IncidentToDate, latitude, longitude, PlaceOfOccurrence) VALUES (451, '2024-08-04 19:00:00', '2024-08-04 21:00:00', 12.979400, 77.641800, 'Near Junction, Indiranagar');
INSERT INTO ComplainantDetails (ComplainantID, CaseMasterID, ComplainantName, AgeYear, OccupationID, ReligionID, CasteID, GenderID) VALUES (451, 451, 'Jagadish Deshpande', 30, 2, 1, 1, 1);
INSERT INTO ActSectionAssociation (CaseMasterID, ActID, SectionID, ActOrderID, SectionOrderID) VALUES (451, 'IPC', '379', 1, 1);
INSERT INTO Victim (VictimMasterID, CaseMasterID, VictimName, AgeYear, GenderID, VictimPolice) VALUES (451, 451, 'Praveen Gowda', 34, 1, '0');
INSERT INTO Accused (AccusedMasterID, CaseMasterID, AccusedName, AgeYear, GenderID, PersonID) VALUES (605, 451, 'Pandu Khan', 21, 1, 'A1');
INSERT INTO CaseMaster (CaseMasterID, CrimeNo, CaseNo, CrimeRegisteredDate, PolicePersonID, PoliceStationID, CaseCategoryID, GravityOffenceID, CrimeMajorHeadID, CrimeMinorHeadID, CaseStatusID, CourtID, IncidentFromDate, IncidentToDate, InfoReceivedPSDate, latitude, longitude, BriefFacts) VALUES (452, '100020007202400452', '202400452', '2024-09-05', 13, 7, 4, 2, 1, 2, 2, 2, '2024-09-05 20:00:00', '2024-09-05 22:00:00', '2024-09-05 20:00:00', 12.314000, 76.660000, 'Incident reported at Lashkar Police Station. Initial investigation launched by IO Anil Kulkarni.');
INSERT INTO Inv_OccuranceTime (CaseMasterID, IncidentFromDate, IncidentToDate, latitude, longitude, PlaceOfOccurrence) VALUES (452, '2024-09-05 20:00:00', '2024-09-05 22:00:00', 12.314000, 76.660000, 'Near Junction, Lashkar');
INSERT INTO ComplainantDetails (ComplainantID, CaseMasterID, ComplainantName, AgeYear, OccupationID, ReligionID, CasteID, GenderID) VALUES (452, 452, 'Chetan Gowda', 26, 2, 1, 1, 1);
INSERT INTO ActSectionAssociation (CaseMasterID, ActID, SectionID, ActOrderID, SectionOrderID) VALUES (452, 'IPC', '379', 1, 1);
INSERT INTO Victim (VictimMasterID, CaseMasterID, VictimName, AgeYear, GenderID, VictimPolice) VALUES (452, 452, 'Sangeetha Bhat', 43, 1, '0');
INSERT INTO Accused (AccusedMasterID, CaseMasterID, AccusedName, AgeYear, GenderID, PersonID) VALUES (606, 452, 'Raja Alias', 26, 1, 'A1');
INSERT INTO ArrestSurrender (ArrestSurrenderID, CaseMasterID, ArrestSurrenderTypeID, ArrestSurrenderDate, ArrestSurrenderStateId, ArrestSurrenderDistrictId, PoliceStationID, IOID, CourtID, AccusedMasterID, IsAccused, IsComplainantAccused) VALUES (229, 452, 1, '2024-09-05', 1, 2, 7, 13, 2, 606, 1, 0);
INSERT INTO inv_arrestsurrenderaccused (ArrestSurrenderID, AccusedMasterID) VALUES (229, 606);
INSERT INTO CaseMaster (CaseMasterID, CrimeNo, CaseNo, CrimeRegisteredDate, PolicePersonID, PoliceStationID, CaseCategoryID, GravityOffenceID, CrimeMajorHeadID, CrimeMinorHeadID, CaseStatusID, CourtID, IncidentFromDate, IncidentToDate, InfoReceivedPSDate, latitude, longitude, BriefFacts) VALUES (453, '100030011202400453', '202400453', '2024-10-06', 21, 11, 1, 3, 1, 3, 3, 3, '2024-10-06 21:00:00', '2024-10-06 23:00:00', '2024-10-06 21:00:00', 12.892000, 74.834000, 'Incident reported at Urwa Police Station. Initial investigation launched by IO Anil Gowda.');
INSERT INTO Inv_OccuranceTime (CaseMasterID, IncidentFromDate, IncidentToDate, latitude, longitude, PlaceOfOccurrence) VALUES (453, '2024-10-06 21:00:00', '2024-10-06 23:00:00', 12.892000, 74.834000, 'Near Junction, Urwa');
INSERT INTO ComplainantDetails (ComplainantID, CaseMasterID, ComplainantName, AgeYear, OccupationID, ReligionID, CasteID, GenderID) VALUES (453, 453, 'Deepak Gowda', 54, 2, 1, 1, 1);
INSERT INTO ActSectionAssociation (CaseMasterID, ActID, SectionID, ActOrderID, SectionOrderID) VALUES (453, 'IPC', '379', 1, 1);
INSERT INTO Victim (VictimMasterID, CaseMasterID, VictimName, AgeYear, GenderID, VictimPolice) VALUES (453, 453, 'Bhavya Shetty', 27, 1, '0');
INSERT INTO Accused (AccusedMasterID, CaseMasterID, AccusedName, AgeYear, GenderID, PersonID) VALUES (607, 453, 'Raja Reddy', 41, 1, 'A1');
INSERT INTO Accused (AccusedMasterID, CaseMasterID, AccusedName, AgeYear, GenderID, PersonID) VALUES (608, 453, 'Mantu Alias', 39, 1, 'A2');
INSERT INTO ChargesheetDetails (CSID, CaseMasterID, csdate, cstype, PolicePersonID) VALUES (153, 453, '2024-10-06 21:00:00', 'A', 21);
INSERT INTO CaseMaster (CaseMasterID, CrimeNo, CaseNo, CrimeRegisteredDate, PolicePersonID, PoliceStationID, CaseCategoryID, GravityOffenceID, CrimeMajorHeadID, CrimeMinorHeadID, CaseStatusID, CourtID, IncidentFromDate, IncidentToDate, InfoReceivedPSDate, latitude, longitude, BriefFacts) VALUES (454, '100040012202400454', '202400454', '2024-11-07', 23, 12, 2, 1, 2, 4, 4, 4, '2024-11-07 22:00:00', '2024-11-07 00:00:00', '2024-11-07 22:00:00', 15.356000, 75.145000, 'Incident reported at Suburban Police Station Hubballi. Initial investigation launched by IO Basavaraj Rao.');
INSERT INTO Inv_OccuranceTime (CaseMasterID, IncidentFromDate, IncidentToDate, latitude, longitude, PlaceOfOccurrence) VALUES (454, '2024-11-07 22:00:00', '2024-11-07 00:00:00', 15.356000, 75.145000, 'Near Junction, Suburban Hubballi');
INSERT INTO ComplainantDetails (ComplainantID, CaseMasterID, ComplainantName, AgeYear, OccupationID, ReligionID, CasteID, GenderID) VALUES (454, 454, 'Radha Naik', 52, 2, 1, 1, 1);
INSERT INTO ActSectionAssociation (CaseMasterID, ActID, SectionID, ActOrderID, SectionOrderID) VALUES (454, 'IPC', '302', 1, 1);
INSERT INTO Victim (VictimMasterID, CaseMasterID, VictimName, AgeYear, GenderID, VictimPolice) VALUES (454, 454, 'Kiran Deshpande', 39, 1, '0');
INSERT INTO Accused (AccusedMasterID, CaseMasterID, AccusedName, AgeYear, GenderID, PersonID) VALUES (609, 454, 'Dharma Khan', 31, 1, 'A1');
INSERT INTO ArrestSurrender (ArrestSurrenderID, CaseMasterID, ArrestSurrenderTypeID, ArrestSurrenderDate, ArrestSurrenderStateId, ArrestSurrenderDistrictId, PoliceStationID, IOID, CourtID, AccusedMasterID, IsAccused, IsComplainantAccused) VALUES (230, 454, 1, '2024-11-07', 1, 4, 12, 23, 4, 609, 1, 0);
INSERT INTO inv_arrestsurrenderaccused (ArrestSurrenderID, AccusedMasterID) VALUES (230, 609);
INSERT INTO CaseMaster (CaseMasterID, CrimeNo, CaseNo, CrimeRegisteredDate, PolicePersonID, PoliceStationID, CaseCategoryID, GravityOffenceID, CrimeMajorHeadID, CrimeMinorHeadID, CaseStatusID, CourtID, IncidentFromDate, IncidentToDate, InfoReceivedPSDate, latitude, longitude, BriefFacts) VALUES (455, '100050016202400455', '202400455', '2024-12-08', 31, 16, 3, 2, 2, 5, 5, 5, '2024-12-08 23:00:00', '2024-12-08 01:00:00', '2024-12-08 23:00:00', 15.849000, 74.513000, 'Incident reported at Tilakwadi Police Station. Initial investigation launched by IO Prakash Patil.');
INSERT INTO Inv_OccuranceTime (CaseMasterID, IncidentFromDate, IncidentToDate, latitude, longitude, PlaceOfOccurrence) VALUES (455, '2024-12-08 23:00:00', '2024-12-08 01:00:00', 15.849000, 74.513000, 'Near Junction, Tilakwadi');
INSERT INTO ComplainantDetails (ComplainantID, CaseMasterID, ComplainantName, AgeYear, OccupationID, ReligionID, CasteID, GenderID) VALUES (455, 455, 'Chetan Murthy', 52, 2, 1, 1, 1);
INSERT INTO ActSectionAssociation (CaseMasterID, ActID, SectionID, ActOrderID, SectionOrderID) VALUES (455, 'IPC', '302', 1, 1);
INSERT INTO Victim (VictimMasterID, CaseMasterID, VictimName, AgeYear, GenderID, VictimPolice) VALUES (455, 455, 'Sangeetha Murthy', 37, 1, '0');
INSERT INTO Accused (AccusedMasterID, CaseMasterID, AccusedName, AgeYear, GenderID, PersonID) VALUES (610, 455, 'Pandu Khan', 35, 1, 'A1');
INSERT INTO CaseMaster (CaseMasterID, CrimeNo, CaseNo, CrimeRegisteredDate, PolicePersonID, PoliceStationID, CaseCategoryID, GravityOffenceID, CrimeMajorHeadID, CrimeMinorHeadID, CaseStatusID, CourtID, IncidentFromDate, IncidentToDate, InfoReceivedPSDate, latitude, longitude, BriefFacts) VALUES (456, '100060018202400456', '202400456', '2024-01-09', 35, 18, 4, 3, 3, 6, 1, 6, '2024-01-09 00:00:00', '2024-01-09 02:00:00', '2024-01-09 00:00:00', 17.335000, 76.840000, 'Incident reported at Station Bazar Police Station. Initial investigation launched by IO Mahesh Bhat.');
INSERT INTO Inv_OccuranceTime (CaseMasterID, IncidentFromDate, IncidentToDate, latitude, longitude, PlaceOfOccurrence) VALUES (456, '2024-01-09 00:00:00', '2024-01-09 02:00:00', 17.335000, 76.840000, 'Near Junction, Station Bazar');
INSERT INTO ComplainantDetails (ComplainantID, CaseMasterID, ComplainantName, AgeYear, OccupationID, ReligionID, CasteID, GenderID) VALUES (456, 456, 'Latha Joshi', 44, 2, 1, 1, 1);
INSERT INTO ActSectionAssociation (CaseMasterID, ActID, SectionID, ActOrderID, SectionOrderID) VALUES (456, 'IT_ACT', '66D', 1, 1);
INSERT INTO Victim (VictimMasterID, CaseMasterID, VictimName, AgeYear, GenderID, VictimPolice) VALUES (456, 456, 'Vinay Gowda', 60, 1, '0');
INSERT INTO Accused (AccusedMasterID, CaseMasterID, AccusedName, AgeYear, GenderID, PersonID) VALUES (611, 456, 'Dharma Pashan', 44, 1, 'A1');
INSERT INTO Accused (AccusedMasterID, CaseMasterID, AccusedName, AgeYear, GenderID, PersonID) VALUES (612, 456, 'Dharma Kumar', 41, 1, 'A2');
INSERT INTO ArrestSurrender (ArrestSurrenderID, CaseMasterID, ArrestSurrenderTypeID, ArrestSurrenderDate, ArrestSurrenderStateId, ArrestSurrenderDistrictId, PoliceStationID, IOID, CourtID, AccusedMasterID, IsAccused, IsComplainantAccused) VALUES (231, 456, 1, '2024-01-09', 1, 6, 18, 35, 6, 611, 1, 0);
INSERT INTO inv_arrestsurrenderaccused (ArrestSurrenderID, AccusedMasterID) VALUES (231, 611);
INSERT INTO inv_arrestsurrenderaccused (ArrestSurrenderID, AccusedMasterID) VALUES (231, 612);
INSERT INTO ChargesheetDetails (CSID, CaseMasterID, csdate, cstype, PolicePersonID) VALUES (154, 456, '2024-01-09 00:00:00', 'A', 35);
INSERT INTO CaseMaster (CaseMasterID, CrimeNo, CaseNo, CrimeRegisteredDate, PolicePersonID, PoliceStationID, CaseCategoryID, GravityOffenceID, CrimeMajorHeadID, CrimeMinorHeadID, CaseStatusID, CourtID, IncidentFromDate, IncidentToDate, InfoReceivedPSDate, latitude, longitude, BriefFacts) VALUES (457, '100010002202400457', '202400457', '2024-02-10', 3, 2, 1, 1, 3, 7, 2, 1, '2024-02-10 01:00:00', '2024-02-10 03:00:00', '2024-02-10 01:00:00', 12.942200, 77.631500, 'Incident reported at Koramangala Police Station. Initial investigation launched by IO Ganesh Nayak.');
INSERT INTO Inv_OccuranceTime (CaseMasterID, IncidentFromDate, IncidentToDate, latitude, longitude, PlaceOfOccurrence) VALUES (457, '2024-02-10 01:00:00', '2024-02-10 03:00:00', 12.942200, 77.631500, 'Near Junction, Koramangala');
INSERT INTO ComplainantDetails (ComplainantID, CaseMasterID, ComplainantName, AgeYear, OccupationID, ReligionID, CasteID, GenderID) VALUES (457, 457, 'Radha Joshi', 54, 2, 1, 1, 1);
INSERT INTO ActSectionAssociation (CaseMasterID, ActID, SectionID, ActOrderID, SectionOrderID) VALUES (457, 'IT_ACT', '66D', 1, 1);
INSERT INTO Victim (VictimMasterID, CaseMasterID, VictimName, AgeYear, GenderID, VictimPolice) VALUES (457, 457, 'Sangeetha Rao', 31, 1, '0');
INSERT INTO Accused (AccusedMasterID, CaseMasterID, AccusedName, AgeYear, GenderID, PersonID) VALUES (613, 457, 'Yogesh Alias', 37, 1, 'A1');
INSERT INTO CaseMaster (CaseMasterID, CrimeNo, CaseNo, CrimeRegisteredDate, PolicePersonID, PoliceStationID, CaseCategoryID, GravityOffenceID, CrimeMajorHeadID, CrimeMinorHeadID, CaseStatusID, CourtID, IncidentFromDate, IncidentToDate, InfoReceivedPSDate, latitude, longitude, BriefFacts) VALUES (458, '100020007202400458', '202400458', '2024-03-11', 13, 7, 2, 2, 4, 8, 3, 2, '2024-03-11 02:00:00', '2024-03-11 04:00:00', '2024-03-11 02:00:00', 12.320000, 76.666000, 'Incident reported at Lashkar Police Station. Initial investigation launched by IO Anil Kulkarni.');
INSERT INTO Inv_OccuranceTime (CaseMasterID, IncidentFromDate, IncidentToDate, latitude, longitude, PlaceOfOccurrence) VALUES (458, '2024-03-11 02:00:00', '2024-03-11 04:00:00', 12.320000, 76.666000, 'Near Junction, Lashkar');
INSERT INTO ComplainantDetails (ComplainantID, CaseMasterID, ComplainantName, AgeYear, OccupationID, ReligionID, CasteID, GenderID) VALUES (458, 458, 'Radha Hegde', 27, 2, 1, 1, 1);
INSERT INTO ActSectionAssociation (CaseMasterID, ActID, SectionID, ActOrderID, SectionOrderID) VALUES (458, 'IPC', '420', 1, 1);
INSERT INTO Victim (VictimMasterID, CaseMasterID, VictimName, AgeYear, GenderID, VictimPolice) VALUES (458, 458, 'Manoj Gowda', 59, 1, '0');
INSERT INTO Accused (AccusedMasterID, CaseMasterID, AccusedName, AgeYear, GenderID, PersonID) VALUES (614, 458, 'Dharma Kumar', 30, 1, 'A1');
INSERT INTO ArrestSurrender (ArrestSurrenderID, CaseMasterID, ArrestSurrenderTypeID, ArrestSurrenderDate, ArrestSurrenderStateId, ArrestSurrenderDistrictId, PoliceStationID, IOID, CourtID, AccusedMasterID, IsAccused, IsComplainantAccused) VALUES (232, 458, 1, '2024-03-11', 1, 2, 7, 13, 2, 614, 1, 0);
INSERT INTO inv_arrestsurrenderaccused (ArrestSurrenderID, AccusedMasterID) VALUES (232, 614);
INSERT INTO CaseMaster (CaseMasterID, CrimeNo, CaseNo, CrimeRegisteredDate, PolicePersonID, PoliceStationID, CaseCategoryID, GravityOffenceID, CrimeMajorHeadID, CrimeMinorHeadID, CaseStatusID, CourtID, IncidentFromDate, IncidentToDate, InfoReceivedPSDate, latitude, longitude, BriefFacts) VALUES (459, '100030011202400459', '202400459', '2024-04-12', 21, 11, 3, 3, 5, 9, 4, 3, '2024-04-12 03:00:00', '2024-04-12 05:00:00', '2024-04-12 03:00:00', 12.898000, 74.840000, 'Incident reported at Urwa Police Station. Initial investigation launched by IO Anil Gowda.');
INSERT INTO Inv_OccuranceTime (CaseMasterID, IncidentFromDate, IncidentToDate, latitude, longitude, PlaceOfOccurrence) VALUES (459, '2024-04-12 03:00:00', '2024-04-12 05:00:00', 12.898000, 74.840000, 'Near Junction, Urwa');
INSERT INTO ComplainantDetails (ComplainantID, CaseMasterID, ComplainantName, AgeYear, OccupationID, ReligionID, CasteID, GenderID) VALUES (459, 459, 'Radha Kulkarni', 38, 2, 1, 1, 1);
INSERT INTO ActSectionAssociation (CaseMasterID, ActID, SectionID, ActOrderID, SectionOrderID) VALUES (459, 'NDPS', '20', 1, 1);
INSERT INTO Victim (VictimMasterID, CaseMasterID, VictimName, AgeYear, GenderID, VictimPolice) VALUES (459, 459, 'Bhavya Bhat', 30, 1, '0');
INSERT INTO Accused (AccusedMasterID, CaseMasterID, AccusedName, AgeYear, GenderID, PersonID) VALUES (615, 459, 'Altaf Reddy', 28, 1, 'A1');
INSERT INTO Accused (AccusedMasterID, CaseMasterID, AccusedName, AgeYear, GenderID, PersonID) VALUES (616, 459, 'Imtiaz Verma', 20, 1, 'A2');
INSERT INTO ChargesheetDetails (CSID, CaseMasterID, csdate, cstype, PolicePersonID) VALUES (155, 459, '2024-04-12 03:00:00', 'A', 21);
INSERT INTO CaseMaster (CaseMasterID, CrimeNo, CaseNo, CrimeRegisteredDate, PolicePersonID, PoliceStationID, CaseCategoryID, GravityOffenceID, CrimeMajorHeadID, CrimeMinorHeadID, CaseStatusID, CourtID, IncidentFromDate, IncidentToDate, InfoReceivedPSDate, latitude, longitude, BriefFacts) VALUES (460, '100040012202400460', '202400460', '2024-05-13', 23, 12, 4, 1, 1, 10, 5, 4, '2024-05-13 04:00:00', '2024-05-13 06:00:00', '2024-05-13 04:00:00', 15.342000, 75.131000, 'Incident reported at Suburban Police Station Hubballi. Initial investigation launched by IO Basavaraj Rao.');
INSERT INTO Inv_OccuranceTime (CaseMasterID, IncidentFromDate, IncidentToDate, latitude, longitude, PlaceOfOccurrence) VALUES (460, '2024-05-13 04:00:00', '2024-05-13 06:00:00', 15.342000, 75.131000, 'Near Junction, Suburban Hubballi');
INSERT INTO ComplainantDetails (ComplainantID, CaseMasterID, ComplainantName, AgeYear, OccupationID, ReligionID, CasteID, GenderID) VALUES (460, 460, 'Harish Kulkarni', 63, 2, 1, 1, 1);
INSERT INTO ActSectionAssociation (CaseMasterID, ActID, SectionID, ActOrderID, SectionOrderID) VALUES (460, 'IPC', '379', 1, 1);
INSERT INTO Victim (VictimMasterID, CaseMasterID, VictimName, AgeYear, GenderID, VictimPolice) VALUES (460, 460, 'Praveen Hegde', 34, 1, '0');
INSERT INTO Accused (AccusedMasterID, CaseMasterID, AccusedName, AgeYear, GenderID, PersonID) VALUES (617, 460, 'Vicky Reddy', 34, 1, 'A1');
INSERT INTO ArrestSurrender (ArrestSurrenderID, CaseMasterID, ArrestSurrenderTypeID, ArrestSurrenderDate, ArrestSurrenderStateId, ArrestSurrenderDistrictId, PoliceStationID, IOID, CourtID, AccusedMasterID, IsAccused, IsComplainantAccused) VALUES (233, 460, 1, '2024-05-13', 1, 4, 12, 23, 4, 617, 1, 0);
INSERT INTO inv_arrestsurrenderaccused (ArrestSurrenderID, AccusedMasterID) VALUES (233, 617);
INSERT INTO CaseMaster (CaseMasterID, CrimeNo, CaseNo, CrimeRegisteredDate, PolicePersonID, PoliceStationID, CaseCategoryID, GravityOffenceID, CrimeMajorHeadID, CrimeMinorHeadID, CaseStatusID, CourtID, IncidentFromDate, IncidentToDate, InfoReceivedPSDate, latitude, longitude, BriefFacts) VALUES (461, '100050016202400461', '202400461', '2024-06-14', 31, 16, 1, 2, 1, 1, 1, 5, '2024-06-14 05:00:00', '2024-06-14 07:00:00', '2024-06-14 05:00:00', 15.835000, 74.499000, 'Incident reported at Tilakwadi Police Station. Initial investigation launched by IO Prakash Patil.');
INSERT INTO Inv_OccuranceTime (CaseMasterID, IncidentFromDate, IncidentToDate, latitude, longitude, PlaceOfOccurrence) VALUES (461, '2024-06-14 05:00:00', '2024-06-14 07:00:00', 15.835000, 74.499000, 'Near Junction, Tilakwadi');
INSERT INTO ComplainantDetails (ComplainantID, CaseMasterID, ComplainantName, AgeYear, OccupationID, ReligionID, CasteID, GenderID) VALUES (461, 461, 'Jagadish Hegde', 32, 2, 1, 1, 1);
INSERT INTO ActSectionAssociation (CaseMasterID, ActID, SectionID, ActOrderID, SectionOrderID) VALUES (461, 'IPC', '379', 1, 1);
INSERT INTO Victim (VictimMasterID, CaseMasterID, VictimName, AgeYear, GenderID, VictimPolice) VALUES (461, 461, 'Kiran Rao', 58, 1, '0');
INSERT INTO Accused (AccusedMasterID, CaseMasterID, AccusedName, AgeYear, GenderID, PersonID) VALUES (618, 461, 'Jagga Singh', 39, 1, 'A1');
INSERT INTO CaseMaster (CaseMasterID, CrimeNo, CaseNo, CrimeRegisteredDate, PolicePersonID, PoliceStationID, CaseCategoryID, GravityOffenceID, CrimeMajorHeadID, CrimeMinorHeadID, CaseStatusID, CourtID, IncidentFromDate, IncidentToDate, InfoReceivedPSDate, latitude, longitude, BriefFacts) VALUES (462, '100060018202400462', '202400462', '2024-07-15', 35, 18, 2, 3, 1, 2, 2, 6, '2024-07-15 06:00:00', '2024-07-15 08:00:00', '2024-07-15 06:00:00', 17.321000, 76.826000, 'Incident reported at Station Bazar Police Station. Initial investigation launched by IO Mahesh Bhat.');
INSERT INTO Inv_OccuranceTime (CaseMasterID, IncidentFromDate, IncidentToDate, latitude, longitude, PlaceOfOccurrence) VALUES (462, '2024-07-15 06:00:00', '2024-07-15 08:00:00', 17.321000, 76.826000, 'Near Junction, Station Bazar');
INSERT INTO ComplainantDetails (ComplainantID, CaseMasterID, ComplainantName, AgeYear, OccupationID, ReligionID, CasteID, GenderID) VALUES (462, 462, 'Radha Murthy', 34, 2, 1, 1, 1);
INSERT INTO ActSectionAssociation (CaseMasterID, ActID, SectionID, ActOrderID, SectionOrderID) VALUES (462, 'IPC', '379', 1, 1);
INSERT INTO Victim (VictimMasterID, CaseMasterID, VictimName, AgeYear, GenderID, VictimPolice) VALUES (462, 462, 'Manoj Hegde', 44, 1, '0');
INSERT INTO Accused (AccusedMasterID, CaseMasterID, AccusedName, AgeYear, GenderID, PersonID) VALUES (619, 462, 'Tukaram Alias', 45, 1, 'A1');
INSERT INTO Accused (AccusedMasterID, CaseMasterID, AccusedName, AgeYear, GenderID, PersonID) VALUES (620, 462, 'Raja Khan', 43, 1, 'A2');
INSERT INTO ArrestSurrender (ArrestSurrenderID, CaseMasterID, ArrestSurrenderTypeID, ArrestSurrenderDate, ArrestSurrenderStateId, ArrestSurrenderDistrictId, PoliceStationID, IOID, CourtID, AccusedMasterID, IsAccused, IsComplainantAccused) VALUES (234, 462, 1, '2024-07-15', 1, 6, 18, 35, 6, 619, 1, 0);
INSERT INTO inv_arrestsurrenderaccused (ArrestSurrenderID, AccusedMasterID) VALUES (234, 619);
INSERT INTO inv_arrestsurrenderaccused (ArrestSurrenderID, AccusedMasterID) VALUES (234, 620);
INSERT INTO ChargesheetDetails (CSID, CaseMasterID, csdate, cstype, PolicePersonID) VALUES (156, 462, '2024-07-15 06:00:00', 'A', 35);
INSERT INTO CaseMaster (CaseMasterID, CrimeNo, CaseNo, CrimeRegisteredDate, PolicePersonID, PoliceStationID, CaseCategoryID, GravityOffenceID, CrimeMajorHeadID, CrimeMinorHeadID, CaseStatusID, CourtID, IncidentFromDate, IncidentToDate, InfoReceivedPSDate, latitude, longitude, BriefFacts) VALUES (463, '100010003202400463', '202400463', '2024-08-16', 5, 3, 3, 1, 1, 3, 3, 1, '2024-08-16 07:00:00', '2024-08-16 09:00:00', '2024-08-16 07:00:00', 12.962800, 77.742900, 'Incident reported at Whitefield Police Station. Initial investigation launched by IO Sunil Bhat.');
INSERT INTO Inv_OccuranceTime (CaseMasterID, IncidentFromDate, IncidentToDate, latitude, longitude, PlaceOfOccurrence) VALUES (463, '2024-08-16 07:00:00', '2024-08-16 09:00:00', 12.962800, 77.742900, 'Near Junction, Whitefield');
INSERT INTO ComplainantDetails (ComplainantID, CaseMasterID, ComplainantName, AgeYear, OccupationID, ReligionID, CasteID, GenderID) VALUES (463, 463, 'Nandini Kulkarni', 31, 2, 1, 1, 1);
INSERT INTO ActSectionAssociation (CaseMasterID, ActID, SectionID, ActOrderID, SectionOrderID) VALUES (463, 'IPC', '379', 1, 1);
INSERT INTO Victim (VictimMasterID, CaseMasterID, VictimName, AgeYear, GenderID, VictimPolice) VALUES (463, 463, 'Arun Bhat', 51, 1, '0');
INSERT INTO Accused (AccusedMasterID, CaseMasterID, AccusedName, AgeYear, GenderID, PersonID) VALUES (621, 463, 'Vicky Salim', 21, 1, 'A1');
INSERT INTO CaseMaster (CaseMasterID, CrimeNo, CaseNo, CrimeRegisteredDate, PolicePersonID, PoliceStationID, CaseCategoryID, GravityOffenceID, CrimeMajorHeadID, CrimeMinorHeadID, CaseStatusID, CourtID, IncidentFromDate, IncidentToDate, InfoReceivedPSDate, latitude, longitude, BriefFacts) VALUES (464, '100020007202400464', '202400464', '2024-09-17', 13, 7, 4, 2, 2, 4, 4, 2, '2024-09-17 08:00:00', '2024-09-17 10:00:00', '2024-09-17 08:00:00', 12.306000, 76.652000, 'Incident reported at Lashkar Police Station. Initial investigation launched by IO Anil Kulkarni.');
INSERT INTO Inv_OccuranceTime (CaseMasterID, IncidentFromDate, IncidentToDate, latitude, longitude, PlaceOfOccurrence) VALUES (464, '2024-09-17 08:00:00', '2024-09-17 10:00:00', 12.306000, 76.652000, 'Near Junction, Lashkar');
INSERT INTO ComplainantDetails (ComplainantID, CaseMasterID, ComplainantName, AgeYear, OccupationID, ReligionID, CasteID, GenderID) VALUES (464, 464, 'Chetan Gowda', 44, 2, 1, 1, 1);
INSERT INTO ActSectionAssociation (CaseMasterID, ActID, SectionID, ActOrderID, SectionOrderID) VALUES (464, 'IPC', '302', 1, 1);
INSERT INTO Victim (VictimMasterID, CaseMasterID, VictimName, AgeYear, GenderID, VictimPolice) VALUES (464, 464, 'Ganesh Bhat', 21, 1, '0');
INSERT INTO Accused (AccusedMasterID, CaseMasterID, AccusedName, AgeYear, GenderID, PersonID) VALUES (622, 464, 'Yogesh Salim', 21, 1, 'A1');
INSERT INTO ArrestSurrender (ArrestSurrenderID, CaseMasterID, ArrestSurrenderTypeID, ArrestSurrenderDate, ArrestSurrenderStateId, ArrestSurrenderDistrictId, PoliceStationID, IOID, CourtID, AccusedMasterID, IsAccused, IsComplainantAccused) VALUES (235, 464, 1, '2024-09-17', 1, 2, 7, 13, 2, 622, 1, 0);
INSERT INTO inv_arrestsurrenderaccused (ArrestSurrenderID, AccusedMasterID) VALUES (235, 622);
INSERT INTO CaseMaster (CaseMasterID, CrimeNo, CaseNo, CrimeRegisteredDate, PolicePersonID, PoliceStationID, CaseCategoryID, GravityOffenceID, CrimeMajorHeadID, CrimeMinorHeadID, CaseStatusID, CourtID, IncidentFromDate, IncidentToDate, InfoReceivedPSDate, latitude, longitude, BriefFacts) VALUES (465, '100030011202400465', '202400465', '2024-10-18', 21, 11, 1, 3, 2, 5, 5, 3, '2024-10-18 09:00:00', '2024-10-18 11:00:00', '2024-10-18 09:00:00', 12.884000, 74.826000, 'Incident reported at Urwa Police Station. Initial investigation launched by IO Anil Gowda.');
INSERT INTO Inv_OccuranceTime (CaseMasterID, IncidentFromDate, IncidentToDate, latitude, longitude, PlaceOfOccurrence) VALUES (465, '2024-10-18 09:00:00', '2024-10-18 11:00:00', 12.884000, 74.826000, 'Near Junction, Urwa');
INSERT INTO ComplainantDetails (ComplainantID, CaseMasterID, ComplainantName, AgeYear, OccupationID, ReligionID, CasteID, GenderID) VALUES (465, 465, 'Latha Shetty', 41, 2, 1, 1, 1);
INSERT INTO ActSectionAssociation (CaseMasterID, ActID, SectionID, ActOrderID, SectionOrderID) VALUES (465, 'IPC', '302', 1, 1);
INSERT INTO Victim (VictimMasterID, CaseMasterID, VictimName, AgeYear, GenderID, VictimPolice) VALUES (465, 465, 'Chaitra Bhat', 60, 1, '0');
INSERT INTO Accused (AccusedMasterID, CaseMasterID, AccusedName, AgeYear, GenderID, PersonID) VALUES (623, 465, 'Vicky Verma', 44, 1, 'A1');
INSERT INTO Accused (AccusedMasterID, CaseMasterID, AccusedName, AgeYear, GenderID, PersonID) VALUES (624, 465, 'Pandu Alias', 35, 1, 'A2');
INSERT INTO ChargesheetDetails (CSID, CaseMasterID, csdate, cstype, PolicePersonID) VALUES (157, 465, '2024-10-18 09:00:00', 'A', 21);
INSERT INTO CaseMaster (CaseMasterID, CrimeNo, CaseNo, CrimeRegisteredDate, PolicePersonID, PoliceStationID, CaseCategoryID, GravityOffenceID, CrimeMajorHeadID, CrimeMinorHeadID, CaseStatusID, CourtID, IncidentFromDate, IncidentToDate, InfoReceivedPSDate, latitude, longitude, BriefFacts) VALUES (466, '100040012202400466', '202400466', '2024-11-19', 23, 12, 2, 1, 3, 6, 1, 4, '2024-11-19 10:00:00', '2024-11-19 12:00:00', '2024-11-19 10:00:00', 15.348000, 75.137000, 'Incident reported at Suburban Police Station Hubballi. Initial investigation launched by IO Basavaraj Rao.');
INSERT INTO Inv_OccuranceTime (CaseMasterID, IncidentFromDate, IncidentToDate, latitude, longitude, PlaceOfOccurrence) VALUES (466, '2024-11-19 10:00:00', '2024-11-19 12:00:00', 15.348000, 75.137000, 'Near Junction, Suburban Hubballi');
INSERT INTO ComplainantDetails (ComplainantID, CaseMasterID, ComplainantName, AgeYear, OccupationID, ReligionID, CasteID, GenderID) VALUES (466, 466, 'Bharath Murthy', 36, 2, 1, 1, 1);
INSERT INTO ActSectionAssociation (CaseMasterID, ActID, SectionID, ActOrderID, SectionOrderID) VALUES (466, 'IT_ACT', '66D', 1, 1);
INSERT INTO Victim (VictimMasterID, CaseMasterID, VictimName, AgeYear, GenderID, VictimPolice) VALUES (466, 466, 'Ganesh Naik', 25, 1, '0');
INSERT INTO Accused (AccusedMasterID, CaseMasterID, AccusedName, AgeYear, GenderID, PersonID) VALUES (625, 466, 'Shiva Kumar', 39, 1, 'A1');
INSERT INTO ArrestSurrender (ArrestSurrenderID, CaseMasterID, ArrestSurrenderTypeID, ArrestSurrenderDate, ArrestSurrenderStateId, ArrestSurrenderDistrictId, PoliceStationID, IOID, CourtID, AccusedMasterID, IsAccused, IsComplainantAccused) VALUES (236, 466, 1, '2024-11-19', 1, 4, 12, 23, 4, 625, 1, 0);
INSERT INTO inv_arrestsurrenderaccused (ArrestSurrenderID, AccusedMasterID) VALUES (236, 625);
INSERT INTO CaseMaster (CaseMasterID, CrimeNo, CaseNo, CrimeRegisteredDate, PolicePersonID, PoliceStationID, CaseCategoryID, GravityOffenceID, CrimeMajorHeadID, CrimeMinorHeadID, CaseStatusID, CourtID, IncidentFromDate, IncidentToDate, InfoReceivedPSDate, latitude, longitude, BriefFacts) VALUES (467, '100050016202400467', '202400467', '2024-12-20', 31, 16, 3, 2, 3, 7, 2, 5, '2024-12-20 11:00:00', '2024-12-20 13:00:00', '2024-12-20 11:00:00', 15.841000, 74.505000, 'Incident reported at Tilakwadi Police Station. Initial investigation launched by IO Prakash Patil.');
INSERT INTO Inv_OccuranceTime (CaseMasterID, IncidentFromDate, IncidentToDate, latitude, longitude, PlaceOfOccurrence) VALUES (467, '2024-12-20 11:00:00', '2024-12-20 13:00:00', 15.841000, 74.505000, 'Near Junction, Tilakwadi');
INSERT INTO ComplainantDetails (ComplainantID, CaseMasterID, ComplainantName, AgeYear, OccupationID, ReligionID, CasteID, GenderID) VALUES (467, 467, 'Bharath Shetty', 56, 2, 1, 1, 1);
INSERT INTO ActSectionAssociation (CaseMasterID, ActID, SectionID, ActOrderID, SectionOrderID) VALUES (467, 'IT_ACT', '66D', 1, 1);
INSERT INTO Victim (VictimMasterID, CaseMasterID, VictimName, AgeYear, GenderID, VictimPolice) VALUES (467, 467, 'Chaitra Naik', 25, 1, '0');
INSERT INTO Accused (AccusedMasterID, CaseMasterID, AccusedName, AgeYear, GenderID, PersonID) VALUES (626, 467, 'Dharma Kumar', 34, 1, 'A1');
INSERT INTO CaseMaster (CaseMasterID, CrimeNo, CaseNo, CrimeRegisteredDate, PolicePersonID, PoliceStationID, CaseCategoryID, GravityOffenceID, CrimeMajorHeadID, CrimeMinorHeadID, CaseStatusID, CourtID, IncidentFromDate, IncidentToDate, InfoReceivedPSDate, latitude, longitude, BriefFacts) VALUES (468, '100060018202400468', '202400468', '2024-01-21', 35, 18, 4, 3, 4, 8, 3, 6, '2024-01-21 12:00:00', '2024-01-21 14:00:00', '2024-01-21 12:00:00', 17.327000, 76.832000, 'Incident reported at Station Bazar Police Station. Initial investigation launched by IO Mahesh Bhat.');
INSERT INTO Inv_OccuranceTime (CaseMasterID, IncidentFromDate, IncidentToDate, latitude, longitude, PlaceOfOccurrence) VALUES (468, '2024-01-21 12:00:00', '2024-01-21 14:00:00', 17.327000, 76.832000, 'Near Junction, Station Bazar');
INSERT INTO ComplainantDetails (ComplainantID, CaseMasterID, ComplainantName, AgeYear, OccupationID, ReligionID, CasteID, GenderID) VALUES (468, 468, 'Harish Hegde', 32, 2, 1, 1, 1);
INSERT INTO ActSectionAssociation (CaseMasterID, ActID, SectionID, ActOrderID, SectionOrderID) VALUES (468, 'IPC', '420', 1, 1);
INSERT INTO Victim (VictimMasterID, CaseMasterID, VictimName, AgeYear, GenderID, VictimPolice) VALUES (468, 468, 'Ganesh Gowda', 31, 1, '0');
INSERT INTO Accused (AccusedMasterID, CaseMasterID, AccusedName, AgeYear, GenderID, PersonID) VALUES (627, 468, 'Yogesh Pashan', 28, 1, 'A1');
INSERT INTO Accused (AccusedMasterID, CaseMasterID, AccusedName, AgeYear, GenderID, PersonID) VALUES (628, 468, 'Vicky Pashan', 31, 1, 'A2');
INSERT INTO ArrestSurrender (ArrestSurrenderID, CaseMasterID, ArrestSurrenderTypeID, ArrestSurrenderDate, ArrestSurrenderStateId, ArrestSurrenderDistrictId, PoliceStationID, IOID, CourtID, AccusedMasterID, IsAccused, IsComplainantAccused) VALUES (237, 468, 1, '2024-01-21', 1, 6, 18, 35, 6, 627, 1, 0);
INSERT INTO inv_arrestsurrenderaccused (ArrestSurrenderID, AccusedMasterID) VALUES (237, 627);
INSERT INTO inv_arrestsurrenderaccused (ArrestSurrenderID, AccusedMasterID) VALUES (237, 628);
INSERT INTO ChargesheetDetails (CSID, CaseMasterID, csdate, cstype, PolicePersonID) VALUES (158, 468, '2024-01-21 12:00:00', 'A', 35);
INSERT INTO CaseMaster (CaseMasterID, CrimeNo, CaseNo, CrimeRegisteredDate, PolicePersonID, PoliceStationID, CaseCategoryID, GravityOffenceID, CrimeMajorHeadID, CrimeMinorHeadID, CaseStatusID, CourtID, IncidentFromDate, IncidentToDate, InfoReceivedPSDate, latitude, longitude, BriefFacts) VALUES (469, '100010004202400469', '202400469', '2024-02-22', 7, 4, 1, 1, 5, 9, 4, 1, '2024-02-22 13:00:00', '2024-02-22 15:00:00', '2024-02-22 13:00:00', 12.924000, 77.592800, 'Incident reported at Jayanagar Police Station. Initial investigation launched by IO Vijay Kulkarni.');
INSERT INTO Inv_OccuranceTime (CaseMasterID, IncidentFromDate, IncidentToDate, latitude, longitude, PlaceOfOccurrence) VALUES (469, '2024-02-22 13:00:00', '2024-02-22 15:00:00', 12.924000, 77.592800, 'Near Junction, Jayanagar');
INSERT INTO ComplainantDetails (ComplainantID, CaseMasterID, ComplainantName, AgeYear, OccupationID, ReligionID, CasteID, GenderID) VALUES (469, 469, 'Harish Shetty', 33, 2, 1, 1, 1);
INSERT INTO ActSectionAssociation (CaseMasterID, ActID, SectionID, ActOrderID, SectionOrderID) VALUES (469, 'NDPS', '20', 1, 1);
INSERT INTO Victim (VictimMasterID, CaseMasterID, VictimName, AgeYear, GenderID, VictimPolice) VALUES (469, 469, 'Chaitra Bhat', 26, 1, '0');
INSERT INTO Accused (AccusedMasterID, CaseMasterID, AccusedName, AgeYear, GenderID, PersonID) VALUES (629, 469, 'Vicky Verma', 25, 1, 'A1');
INSERT INTO CaseMaster (CaseMasterID, CrimeNo, CaseNo, CrimeRegisteredDate, PolicePersonID, PoliceStationID, CaseCategoryID, GravityOffenceID, CrimeMajorHeadID, CrimeMinorHeadID, CaseStatusID, CourtID, IncidentFromDate, IncidentToDate, InfoReceivedPSDate, latitude, longitude, BriefFacts) VALUES (470, '100020007202400470', '202400470', '2024-03-23', 13, 7, 2, 2, 1, 10, 5, 2, '2024-03-23 14:00:00', '2024-03-23 16:00:00', '2024-03-23 14:00:00', 12.312000, 76.658000, 'Incident reported at Lashkar Police Station. Initial investigation launched by IO Anil Kulkarni.');
INSERT INTO Inv_OccuranceTime (CaseMasterID, IncidentFromDate, IncidentToDate, latitude, longitude, PlaceOfOccurrence) VALUES (470, '2024-03-23 14:00:00', '2024-03-23 16:00:00', 12.312000, 76.658000, 'Near Junction, Lashkar');
INSERT INTO ComplainantDetails (ComplainantID, CaseMasterID, ComplainantName, AgeYear, OccupationID, ReligionID, CasteID, GenderID) VALUES (470, 470, 'Nandini Hegde', 52, 2, 1, 1, 1);
INSERT INTO ActSectionAssociation (CaseMasterID, ActID, SectionID, ActOrderID, SectionOrderID) VALUES (470, 'IPC', '379', 1, 1);
INSERT INTO Victim (VictimMasterID, CaseMasterID, VictimName, AgeYear, GenderID, VictimPolice) VALUES (470, 470, 'Manoj Gowda', 21, 1, '0');
INSERT INTO Accused (AccusedMasterID, CaseMasterID, AccusedName, AgeYear, GenderID, PersonID) VALUES (630, 470, 'Tukaram Kumar', 41, 1, 'A1');
INSERT INTO ArrestSurrender (ArrestSurrenderID, CaseMasterID, ArrestSurrenderTypeID, ArrestSurrenderDate, ArrestSurrenderStateId, ArrestSurrenderDistrictId, PoliceStationID, IOID, CourtID, AccusedMasterID, IsAccused, IsComplainantAccused) VALUES (238, 470, 1, '2024-03-23', 1, 2, 7, 13, 2, 630, 1, 0);
INSERT INTO inv_arrestsurrenderaccused (ArrestSurrenderID, AccusedMasterID) VALUES (238, 630);
INSERT INTO CaseMaster (CaseMasterID, CrimeNo, CaseNo, CrimeRegisteredDate, PolicePersonID, PoliceStationID, CaseCategoryID, GravityOffenceID, CrimeMajorHeadID, CrimeMinorHeadID, CaseStatusID, CourtID, IncidentFromDate, IncidentToDate, InfoReceivedPSDate, latitude, longitude, BriefFacts) VALUES (471, '100030011202400471', '202400471', '2024-04-24', 21, 11, 3, 3, 1, 1, 1, 3, '2024-04-24 15:00:00', '2024-04-24 17:00:00', '2024-04-24 15:00:00', 12.890000, 74.832000, 'Incident reported at Urwa Police Station. Initial investigation launched by IO Anil Gowda.');
INSERT INTO Inv_OccuranceTime (CaseMasterID, IncidentFromDate, IncidentToDate, latitude, longitude, PlaceOfOccurrence) VALUES (471, '2024-04-24 15:00:00', '2024-04-24 17:00:00', 12.890000, 74.832000, 'Near Junction, Urwa');
INSERT INTO ComplainantDetails (ComplainantID, CaseMasterID, ComplainantName, AgeYear, OccupationID, ReligionID, CasteID, GenderID) VALUES (471, 471, 'Latha Murthy', 64, 2, 1, 1, 1);
INSERT INTO ActSectionAssociation (CaseMasterID, ActID, SectionID, ActOrderID, SectionOrderID) VALUES (471, 'IPC', '379', 1, 1);
INSERT INTO Victim (VictimMasterID, CaseMasterID, VictimName, AgeYear, GenderID, VictimPolice) VALUES (471, 471, 'Arun Murthy', 38, 1, '0');
INSERT INTO Accused (AccusedMasterID, CaseMasterID, AccusedName, AgeYear, GenderID, PersonID) VALUES (631, 471, 'Raja Alias', 28, 1, 'A1');
INSERT INTO Accused (AccusedMasterID, CaseMasterID, AccusedName, AgeYear, GenderID, PersonID) VALUES (632, 471, 'Mantu Salim', 44, 1, 'A2');
INSERT INTO ChargesheetDetails (CSID, CaseMasterID, csdate, cstype, PolicePersonID) VALUES (159, 471, '2024-04-24 15:00:00', 'A', 21);
INSERT INTO CaseMaster (CaseMasterID, CrimeNo, CaseNo, CrimeRegisteredDate, PolicePersonID, PoliceStationID, CaseCategoryID, GravityOffenceID, CrimeMajorHeadID, CrimeMinorHeadID, CaseStatusID, CourtID, IncidentFromDate, IncidentToDate, InfoReceivedPSDate, latitude, longitude, BriefFacts) VALUES (472, '100040012202400472', '202400472', '2024-05-25', 23, 12, 4, 1, 1, 2, 2, 4, '2024-05-25 16:00:00', '2024-05-25 18:00:00', '2024-05-25 16:00:00', 15.354000, 75.143000, 'Incident reported at Suburban Police Station Hubballi. Initial investigation launched by IO Basavaraj Rao.');
INSERT INTO Inv_OccuranceTime (CaseMasterID, IncidentFromDate, IncidentToDate, latitude, longitude, PlaceOfOccurrence) VALUES (472, '2024-05-25 16:00:00', '2024-05-25 18:00:00', 15.354000, 75.143000, 'Near Junction, Suburban Hubballi');
INSERT INTO ComplainantDetails (ComplainantID, CaseMasterID, ComplainantName, AgeYear, OccupationID, ReligionID, CasteID, GenderID) VALUES (472, 472, 'Jagadish Hegde', 49, 2, 1, 1, 1);
INSERT INTO ActSectionAssociation (CaseMasterID, ActID, SectionID, ActOrderID, SectionOrderID) VALUES (472, 'IPC', '379', 1, 1);
INSERT INTO Victim (VictimMasterID, CaseMasterID, VictimName, AgeYear, GenderID, VictimPolice) VALUES (472, 472, 'Ganesh Bhat', 30, 1, '0');
INSERT INTO Accused (AccusedMasterID, CaseMasterID, AccusedName, AgeYear, GenderID, PersonID) VALUES (633, 472, 'Mantu Singh', 43, 1, 'A1');
INSERT INTO ArrestSurrender (ArrestSurrenderID, CaseMasterID, ArrestSurrenderTypeID, ArrestSurrenderDate, ArrestSurrenderStateId, ArrestSurrenderDistrictId, PoliceStationID, IOID, CourtID, AccusedMasterID, IsAccused, IsComplainantAccused) VALUES (239, 472, 1, '2024-05-25', 1, 4, 12, 23, 4, 633, 1, 0);
INSERT INTO inv_arrestsurrenderaccused (ArrestSurrenderID, AccusedMasterID) VALUES (239, 633);
INSERT INTO CaseMaster (CaseMasterID, CrimeNo, CaseNo, CrimeRegisteredDate, PolicePersonID, PoliceStationID, CaseCategoryID, GravityOffenceID, CrimeMajorHeadID, CrimeMinorHeadID, CaseStatusID, CourtID, IncidentFromDate, IncidentToDate, InfoReceivedPSDate, latitude, longitude, BriefFacts) VALUES (473, '100050016202400473', '202400473', '2024-06-26', 31, 16, 1, 2, 1, 3, 3, 5, '2024-06-26 17:00:00', '2024-06-26 19:00:00', '2024-06-26 17:00:00', 15.847000, 74.511000, 'Incident reported at Tilakwadi Police Station. Initial investigation launched by IO Prakash Patil.');
INSERT INTO Inv_OccuranceTime (CaseMasterID, IncidentFromDate, IncidentToDate, latitude, longitude, PlaceOfOccurrence) VALUES (473, '2024-06-26 17:00:00', '2024-06-26 19:00:00', 15.847000, 74.511000, 'Near Junction, Tilakwadi');
INSERT INTO ComplainantDetails (ComplainantID, CaseMasterID, ComplainantName, AgeYear, OccupationID, ReligionID, CasteID, GenderID) VALUES (473, 473, 'Jagadish Deshpande', 36, 2, 1, 1, 1);
INSERT INTO ActSectionAssociation (CaseMasterID, ActID, SectionID, ActOrderID, SectionOrderID) VALUES (473, 'IPC', '379', 1, 1);
INSERT INTO Victim (VictimMasterID, CaseMasterID, VictimName, AgeYear, GenderID, VictimPolice) VALUES (473, 473, 'Bhavya Naik', 33, 1, '0');
INSERT INTO Accused (AccusedMasterID, CaseMasterID, AccusedName, AgeYear, GenderID, PersonID) VALUES (634, 473, 'Tukaram Kumar', 36, 1, 'A1');
INSERT INTO CaseMaster (CaseMasterID, CrimeNo, CaseNo, CrimeRegisteredDate, PolicePersonID, PoliceStationID, CaseCategoryID, GravityOffenceID, CrimeMajorHeadID, CrimeMinorHeadID, CaseStatusID, CourtID, IncidentFromDate, IncidentToDate, InfoReceivedPSDate, latitude, longitude, BriefFacts) VALUES (474, '100060018202400474', '202400474', '2024-07-27', 35, 18, 2, 3, 2, 4, 4, 6, '2024-07-27 18:00:00', '2024-07-27 20:00:00', '2024-07-27 18:00:00', 17.333000, 76.838000, 'Incident reported at Station Bazar Police Station. Initial investigation launched by IO Mahesh Bhat.');
INSERT INTO Inv_OccuranceTime (CaseMasterID, IncidentFromDate, IncidentToDate, latitude, longitude, PlaceOfOccurrence) VALUES (474, '2024-07-27 18:00:00', '2024-07-27 20:00:00', 17.333000, 76.838000, 'Near Junction, Station Bazar');
INSERT INTO ComplainantDetails (ComplainantID, CaseMasterID, ComplainantName, AgeYear, OccupationID, ReligionID, CasteID, GenderID) VALUES (474, 474, 'Jagadish Shetty', 59, 2, 1, 1, 1);
INSERT INTO ActSectionAssociation (CaseMasterID, ActID, SectionID, ActOrderID, SectionOrderID) VALUES (474, 'IPC', '302', 1, 1);
INSERT INTO Victim (VictimMasterID, CaseMasterID, VictimName, AgeYear, GenderID, VictimPolice) VALUES (474, 474, 'Bhavya Deshpande', 41, 1, '0');
INSERT INTO Accused (AccusedMasterID, CaseMasterID, AccusedName, AgeYear, GenderID, PersonID) VALUES (635, 474, 'Vicky Salim', 23, 1, 'A1');
INSERT INTO Accused (AccusedMasterID, CaseMasterID, AccusedName, AgeYear, GenderID, PersonID) VALUES (636, 474, 'Mantu Pashan', 41, 1, 'A2');
INSERT INTO ArrestSurrender (ArrestSurrenderID, CaseMasterID, ArrestSurrenderTypeID, ArrestSurrenderDate, ArrestSurrenderStateId, ArrestSurrenderDistrictId, PoliceStationID, IOID, CourtID, AccusedMasterID, IsAccused, IsComplainantAccused) VALUES (240, 474, 1, '2024-07-27', 1, 6, 18, 35, 6, 635, 1, 0);
INSERT INTO inv_arrestsurrenderaccused (ArrestSurrenderID, AccusedMasterID) VALUES (240, 635);
INSERT INTO inv_arrestsurrenderaccused (ArrestSurrenderID, AccusedMasterID) VALUES (240, 636);
INSERT INTO ChargesheetDetails (CSID, CaseMasterID, csdate, cstype, PolicePersonID) VALUES (160, 474, '2024-07-27 18:00:00', 'A', 35);
INSERT INTO CaseMaster (CaseMasterID, CrimeNo, CaseNo, CrimeRegisteredDate, PolicePersonID, PoliceStationID, CaseCategoryID, GravityOffenceID, CrimeMajorHeadID, CrimeMinorHeadID, CaseStatusID, CourtID, IncidentFromDate, IncidentToDate, InfoReceivedPSDate, latitude, longitude, BriefFacts) VALUES (475, '100010005202400475', '202400475', '2024-08-28', 9, 5, 3, 1, 2, 5, 5, 1, '2024-08-28 19:00:00', '2024-08-28 21:00:00', '2024-08-28 19:00:00', 13.008100, 77.569300, 'Incident reported at Malleshwaram Police Station. Initial investigation launched by IO Santosh Shetty.');
INSERT INTO Inv_OccuranceTime (CaseMasterID, IncidentFromDate, IncidentToDate, latitude, longitude, PlaceOfOccurrence) VALUES (475, '2024-08-28 19:00:00', '2024-08-28 21:00:00', 13.008100, 77.569300, 'Near Junction, Malleshwaram');
INSERT INTO ComplainantDetails (ComplainantID, CaseMasterID, ComplainantName, AgeYear, OccupationID, ReligionID, CasteID, GenderID) VALUES (475, 475, 'Girish Murthy', 35, 2, 1, 1, 1);
INSERT INTO ActSectionAssociation (CaseMasterID, ActID, SectionID, ActOrderID, SectionOrderID) VALUES (475, 'IPC', '302', 1, 1);
INSERT INTO Victim (VictimMasterID, CaseMasterID, VictimName, AgeYear, GenderID, VictimPolice) VALUES (475, 475, 'Ganesh Joshi', 50, 1, '0');
INSERT INTO Accused (AccusedMasterID, CaseMasterID, AccusedName, AgeYear, GenderID, PersonID) VALUES (637, 475, 'Jagga Kumar', 22, 1, 'A1');
INSERT INTO CaseMaster (CaseMasterID, CrimeNo, CaseNo, CrimeRegisteredDate, PolicePersonID, PoliceStationID, CaseCategoryID, GravityOffenceID, CrimeMajorHeadID, CrimeMinorHeadID, CaseStatusID, CourtID, IncidentFromDate, IncidentToDate, InfoReceivedPSDate, latitude, longitude, BriefFacts) VALUES (476, '100020007202400476', '202400476', '2024-09-01', 13, 7, 4, 2, 3, 6, 1, 2, '2024-09-01 20:00:00', '2024-09-01 22:00:00', '2024-09-01 20:00:00', 12.318000, 76.664000, 'Incident reported at Lashkar Police Station. Initial investigation launched by IO Anil Kulkarni.');
INSERT INTO Inv_OccuranceTime (CaseMasterID, IncidentFromDate, IncidentToDate, latitude, longitude, PlaceOfOccurrence) VALUES (476, '2024-09-01 20:00:00', '2024-09-01 22:00:00', 12.318000, 76.664000, 'Near Junction, Lashkar');
INSERT INTO ComplainantDetails (ComplainantID, CaseMasterID, ComplainantName, AgeYear, OccupationID, ReligionID, CasteID, GenderID) VALUES (476, 476, 'Nandini Deshpande', 56, 2, 1, 1, 1);
INSERT INTO ActSectionAssociation (CaseMasterID, ActID, SectionID, ActOrderID, SectionOrderID) VALUES (476, 'IT_ACT', '66D', 1, 1);
INSERT INTO Victim (VictimMasterID, CaseMasterID, VictimName, AgeYear, GenderID, VictimPolice) VALUES (476, 476, 'Vinay Rao', 29, 1, '0');
INSERT INTO Accused (AccusedMasterID, CaseMasterID, AccusedName, AgeYear, GenderID, PersonID) VALUES (638, 476, 'Altaf Salim', 43, 1, 'A1');
INSERT INTO ArrestSurrender (ArrestSurrenderID, CaseMasterID, ArrestSurrenderTypeID, ArrestSurrenderDate, ArrestSurrenderStateId, ArrestSurrenderDistrictId, PoliceStationID, IOID, CourtID, AccusedMasterID, IsAccused, IsComplainantAccused) VALUES (241, 476, 1, '2024-09-01', 1, 2, 7, 13, 2, 638, 1, 0);
INSERT INTO inv_arrestsurrenderaccused (ArrestSurrenderID, AccusedMasterID) VALUES (241, 638);
INSERT INTO CaseMaster (CaseMasterID, CrimeNo, CaseNo, CrimeRegisteredDate, PolicePersonID, PoliceStationID, CaseCategoryID, GravityOffenceID, CrimeMajorHeadID, CrimeMinorHeadID, CaseStatusID, CourtID, IncidentFromDate, IncidentToDate, InfoReceivedPSDate, latitude, longitude, BriefFacts) VALUES (477, '100030011202400477', '202400477', '2024-10-02', 21, 11, 1, 3, 3, 7, 2, 3, '2024-10-02 21:00:00', '2024-10-02 23:00:00', '2024-10-02 21:00:00', 12.896000, 74.838000, 'Incident reported at Urwa Police Station. Initial investigation launched by IO Anil Gowda.');
INSERT INTO Inv_OccuranceTime (CaseMasterID, IncidentFromDate, IncidentToDate, latitude, longitude, PlaceOfOccurrence) VALUES (477, '2024-10-02 21:00:00', '2024-10-02 23:00:00', 12.896000, 74.838000, 'Near Junction, Urwa');
INSERT INTO ComplainantDetails (ComplainantID, CaseMasterID, ComplainantName, AgeYear, OccupationID, ReligionID, CasteID, GenderID) VALUES (477, 477, 'Nandini Rao', 57, 2, 1, 1, 1);
INSERT INTO ActSectionAssociation (CaseMasterID, ActID, SectionID, ActOrderID, SectionOrderID) VALUES (477, 'IT_ACT', '66D', 1, 1);
INSERT INTO Victim (VictimMasterID, CaseMasterID, VictimName, AgeYear, GenderID, VictimPolice) VALUES (477, 477, 'Bhavya Murthy', 26, 1, '0');
INSERT INTO Accused (AccusedMasterID, CaseMasterID, AccusedName, AgeYear, GenderID, PersonID) VALUES (639, 477, 'Shiva Pashan', 38, 1, 'A1');
INSERT INTO Accused (AccusedMasterID, CaseMasterID, AccusedName, AgeYear, GenderID, PersonID) VALUES (640, 477, 'Raja Kumar', 22, 1, 'A2');
INSERT INTO ChargesheetDetails (CSID, CaseMasterID, csdate, cstype, PolicePersonID) VALUES (161, 477, '2024-10-02 21:00:00', 'A', 21);
INSERT INTO CaseMaster (CaseMasterID, CrimeNo, CaseNo, CrimeRegisteredDate, PolicePersonID, PoliceStationID, CaseCategoryID, GravityOffenceID, CrimeMajorHeadID, CrimeMinorHeadID, CaseStatusID, CourtID, IncidentFromDate, IncidentToDate, InfoReceivedPSDate, latitude, longitude, BriefFacts) VALUES (478, '100040012202400478', '202400478', '2024-11-03', 23, 12, 2, 1, 4, 8, 3, 4, '2024-11-03 22:00:00', '2024-11-03 00:00:00', '2024-11-03 22:00:00', 15.360000, 75.149000, 'Incident reported at Suburban Police Station Hubballi. Initial investigation launched by IO Basavaraj Rao.');
INSERT INTO Inv_OccuranceTime (CaseMasterID, IncidentFromDate, IncidentToDate, latitude, longitude, PlaceOfOccurrence) VALUES (478, '2024-11-03 22:00:00', '2024-11-03 00:00:00', 15.360000, 75.149000, 'Near Junction, Suburban Hubballi');
INSERT INTO ComplainantDetails (ComplainantID, CaseMasterID, ComplainantName, AgeYear, OccupationID, ReligionID, CasteID, GenderID) VALUES (478, 478, 'Radha Bhat', 50, 2, 1, 1, 1);
INSERT INTO ActSectionAssociation (CaseMasterID, ActID, SectionID, ActOrderID, SectionOrderID) VALUES (478, 'IPC', '420', 1, 1);
INSERT INTO Victim (VictimMasterID, CaseMasterID, VictimName, AgeYear, GenderID, VictimPolice) VALUES (478, 478, 'Manoj Kulkarni', 29, 1, '0');
INSERT INTO Accused (AccusedMasterID, CaseMasterID, AccusedName, AgeYear, GenderID, PersonID) VALUES (641, 478, 'Jagga Khan', 38, 1, 'A1');
INSERT INTO ArrestSurrender (ArrestSurrenderID, CaseMasterID, ArrestSurrenderTypeID, ArrestSurrenderDate, ArrestSurrenderStateId, ArrestSurrenderDistrictId, PoliceStationID, IOID, CourtID, AccusedMasterID, IsAccused, IsComplainantAccused) VALUES (242, 478, 1, '2024-11-03', 1, 4, 12, 23, 4, 641, 1, 0);
INSERT INTO inv_arrestsurrenderaccused (ArrestSurrenderID, AccusedMasterID) VALUES (242, 641);
INSERT INTO CaseMaster (CaseMasterID, CrimeNo, CaseNo, CrimeRegisteredDate, PolicePersonID, PoliceStationID, CaseCategoryID, GravityOffenceID, CrimeMajorHeadID, CrimeMinorHeadID, CaseStatusID, CourtID, IncidentFromDate, IncidentToDate, InfoReceivedPSDate, latitude, longitude, BriefFacts) VALUES (479, '100050016202400479', '202400479', '2024-12-04', 31, 16, 3, 2, 5, 9, 4, 5, '2024-12-04 23:00:00', '2024-12-04 01:00:00', '2024-12-04 23:00:00', 15.853000, 74.517000, 'Incident reported at Tilakwadi Police Station. Initial investigation launched by IO Prakash Patil.');
INSERT INTO Inv_OccuranceTime (CaseMasterID, IncidentFromDate, IncidentToDate, latitude, longitude, PlaceOfOccurrence) VALUES (479, '2024-12-04 23:00:00', '2024-12-04 01:00:00', 15.853000, 74.517000, 'Near Junction, Tilakwadi');
INSERT INTO ComplainantDetails (ComplainantID, CaseMasterID, ComplainantName, AgeYear, OccupationID, ReligionID, CasteID, GenderID) VALUES (479, 479, 'Radha Rao', 31, 2, 1, 1, 1);
INSERT INTO ActSectionAssociation (CaseMasterID, ActID, SectionID, ActOrderID, SectionOrderID) VALUES (479, 'NDPS', '20', 1, 1);
INSERT INTO Victim (VictimMasterID, CaseMasterID, VictimName, AgeYear, GenderID, VictimPolice) VALUES (479, 479, 'Bhavya Shetty', 56, 1, '0');
INSERT INTO Accused (AccusedMasterID, CaseMasterID, AccusedName, AgeYear, GenderID, PersonID) VALUES (642, 479, 'Babloo Reddy', 44, 1, 'A1');
INSERT INTO CaseMaster (CaseMasterID, CrimeNo, CaseNo, CrimeRegisteredDate, PolicePersonID, PoliceStationID, CaseCategoryID, GravityOffenceID, CrimeMajorHeadID, CrimeMinorHeadID, CaseStatusID, CourtID, IncidentFromDate, IncidentToDate, InfoReceivedPSDate, latitude, longitude, BriefFacts) VALUES (480, '100060018202400480', '202400480', '2024-01-05', 35, 18, 4, 3, 1, 10, 5, 6, '2024-01-05 00:00:00', '2024-01-05 02:00:00', '2024-01-05 00:00:00', 17.319000, 76.824000, 'Incident reported at Station Bazar Police Station. Initial investigation launched by IO Mahesh Bhat.');
INSERT INTO Inv_OccuranceTime (CaseMasterID, IncidentFromDate, IncidentToDate, latitude, longitude, PlaceOfOccurrence) VALUES (480, '2024-01-05 00:00:00', '2024-01-05 02:00:00', 17.319000, 76.824000, 'Near Junction, Station Bazar');
INSERT INTO ComplainantDetails (ComplainantID, CaseMasterID, ComplainantName, AgeYear, OccupationID, ReligionID, CasteID, GenderID) VALUES (480, 480, 'Bharath Gowda', 35, 2, 1, 1, 1);
INSERT INTO ActSectionAssociation (CaseMasterID, ActID, SectionID, ActOrderID, SectionOrderID) VALUES (480, 'IPC', '379', 1, 1);
INSERT INTO Victim (VictimMasterID, CaseMasterID, VictimName, AgeYear, GenderID, VictimPolice) VALUES (480, 480, 'Divya Shetty', 34, 1, '0');
INSERT INTO Accused (AccusedMasterID, CaseMasterID, AccusedName, AgeYear, GenderID, PersonID) VALUES (643, 480, 'Mantu Reddy', 26, 1, 'A1');
INSERT INTO Accused (AccusedMasterID, CaseMasterID, AccusedName, AgeYear, GenderID, PersonID) VALUES (644, 480, 'Vicky Khan', 32, 1, 'A2');
INSERT INTO ArrestSurrender (ArrestSurrenderID, CaseMasterID, ArrestSurrenderTypeID, ArrestSurrenderDate, ArrestSurrenderStateId, ArrestSurrenderDistrictId, PoliceStationID, IOID, CourtID, AccusedMasterID, IsAccused, IsComplainantAccused) VALUES (243, 480, 1, '2024-01-05', 1, 6, 18, 35, 6, 643, 1, 0);
INSERT INTO inv_arrestsurrenderaccused (ArrestSurrenderID, AccusedMasterID) VALUES (243, 643);
INSERT INTO inv_arrestsurrenderaccused (ArrestSurrenderID, AccusedMasterID) VALUES (243, 644);
INSERT INTO ChargesheetDetails (CSID, CaseMasterID, csdate, cstype, PolicePersonID) VALUES (162, 480, '2024-01-05 00:00:00', 'A', 35);
INSERT INTO CaseMaster (CaseMasterID, CrimeNo, CaseNo, CrimeRegisteredDate, PolicePersonID, PoliceStationID, CaseCategoryID, GravityOffenceID, CrimeMajorHeadID, CrimeMinorHeadID, CaseStatusID, CourtID, IncidentFromDate, IncidentToDate, InfoReceivedPSDate, latitude, longitude, BriefFacts) VALUES (481, '100010001202400481', '202400481', '2024-02-06', 1, 1, 1, 1, 1, 1, 1, 1, '2024-02-06 01:00:00', '2024-02-06 03:00:00', '2024-02-06 01:00:00', 12.969400, 77.631800, 'Incident reported at Indiranagar Police Station. Initial investigation launched by IO Suresh Rao.');
INSERT INTO Inv_OccuranceTime (CaseMasterID, IncidentFromDate, IncidentToDate, latitude, longitude, PlaceOfOccurrence) VALUES (481, '2024-02-06 01:00:00', '2024-02-06 03:00:00', 12.969400, 77.631800, 'Near Junction, Indiranagar');
INSERT INTO ComplainantDetails (ComplainantID, CaseMasterID, ComplainantName, AgeYear, OccupationID, ReligionID, CasteID, GenderID) VALUES (481, 481, 'Latha Naik', 37, 2, 1, 1, 1);
INSERT INTO ActSectionAssociation (CaseMasterID, ActID, SectionID, ActOrderID, SectionOrderID) VALUES (481, 'IPC', '379', 1, 1);
INSERT INTO Victim (VictimMasterID, CaseMasterID, VictimName, AgeYear, GenderID, VictimPolice) VALUES (481, 481, 'Rajesh Hegde', 53, 1, '0');
INSERT INTO Accused (AccusedMasterID, CaseMasterID, AccusedName, AgeYear, GenderID, PersonID) VALUES (645, 481, 'Jagga Singh', 20, 1, 'A1');
INSERT INTO CaseMaster (CaseMasterID, CrimeNo, CaseNo, CrimeRegisteredDate, PolicePersonID, PoliceStationID, CaseCategoryID, GravityOffenceID, CrimeMajorHeadID, CrimeMinorHeadID, CaseStatusID, CourtID, IncidentFromDate, IncidentToDate, InfoReceivedPSDate, latitude, longitude, BriefFacts) VALUES (482, '100020007202400482', '202400482', '2024-03-07', 13, 7, 2, 2, 1, 2, 2, 2, '2024-03-07 02:00:00', '2024-03-07 04:00:00', '2024-03-07 02:00:00', 12.304000, 76.650000, 'Incident reported at Lashkar Police Station. Initial investigation launched by IO Anil Kulkarni.');
INSERT INTO Inv_OccuranceTime (CaseMasterID, IncidentFromDate, IncidentToDate, latitude, longitude, PlaceOfOccurrence) VALUES (482, '2024-03-07 02:00:00', '2024-03-07 04:00:00', 12.304000, 76.650000, 'Near Junction, Lashkar');
INSERT INTO ComplainantDetails (ComplainantID, CaseMasterID, ComplainantName, AgeYear, OccupationID, ReligionID, CasteID, GenderID) VALUES (482, 482, 'Pooja Hegde', 32, 2, 1, 1, 1);
INSERT INTO ActSectionAssociation (CaseMasterID, ActID, SectionID, ActOrderID, SectionOrderID) VALUES (482, 'IPC', '379', 1, 1);
INSERT INTO Victim (VictimMasterID, CaseMasterID, VictimName, AgeYear, GenderID, VictimPolice) VALUES (482, 482, 'Praveen Kulkarni', 45, 1, '0');
INSERT INTO Accused (AccusedMasterID, CaseMasterID, AccusedName, AgeYear, GenderID, PersonID) VALUES (646, 482, 'Vicky Reddy', 42, 1, 'A1');
INSERT INTO ArrestSurrender (ArrestSurrenderID, CaseMasterID, ArrestSurrenderTypeID, ArrestSurrenderDate, ArrestSurrenderStateId, ArrestSurrenderDistrictId, PoliceStationID, IOID, CourtID, AccusedMasterID, IsAccused, IsComplainantAccused) VALUES (244, 482, 1, '2024-03-07', 1, 2, 7, 13, 2, 646, 1, 0);
INSERT INTO inv_arrestsurrenderaccused (ArrestSurrenderID, AccusedMasterID) VALUES (244, 646);
INSERT INTO CaseMaster (CaseMasterID, CrimeNo, CaseNo, CrimeRegisteredDate, PolicePersonID, PoliceStationID, CaseCategoryID, GravityOffenceID, CrimeMajorHeadID, CrimeMinorHeadID, CaseStatusID, CourtID, IncidentFromDate, IncidentToDate, InfoReceivedPSDate, latitude, longitude, BriefFacts) VALUES (483, '100030011202400483', '202400483', '2024-04-08', 21, 11, 3, 3, 1, 3, 3, 3, '2024-04-08 03:00:00', '2024-04-08 05:00:00', '2024-04-08 03:00:00', 12.882000, 74.824000, 'Incident reported at Urwa Police Station. Initial investigation launched by IO Anil Gowda.');
INSERT INTO Inv_OccuranceTime (CaseMasterID, IncidentFromDate, IncidentToDate, latitude, longitude, PlaceOfOccurrence) VALUES (483, '2024-04-08 03:00:00', '2024-04-08 05:00:00', 12.882000, 74.824000, 'Near Junction, Urwa');
INSERT INTO ComplainantDetails (ComplainantID, CaseMasterID, ComplainantName, AgeYear, OccupationID, ReligionID, CasteID, GenderID) VALUES (483, 483, 'Kavitha Naik', 47, 2, 1, 1, 1);
INSERT INTO ActSectionAssociation (CaseMasterID, ActID, SectionID, ActOrderID, SectionOrderID) VALUES (483, 'IPC', '379', 1, 1);
INSERT INTO Victim (VictimMasterID, CaseMasterID, VictimName, AgeYear, GenderID, VictimPolice) VALUES (483, 483, 'Praveen Hegde', 30, 1, '0');
INSERT INTO Accused (AccusedMasterID, CaseMasterID, AccusedName, AgeYear, GenderID, PersonID) VALUES (647, 483, 'Vicky Kumar', 23, 1, 'A1');
INSERT INTO Accused (AccusedMasterID, CaseMasterID, AccusedName, AgeYear, GenderID, PersonID) VALUES (648, 483, 'Vicky Verma', 42, 1, 'A2');
INSERT INTO ChargesheetDetails (CSID, CaseMasterID, csdate, cstype, PolicePersonID) VALUES (163, 483, '2024-04-08 03:00:00', 'A', 21);
INSERT INTO CaseMaster (CaseMasterID, CrimeNo, CaseNo, CrimeRegisteredDate, PolicePersonID, PoliceStationID, CaseCategoryID, GravityOffenceID, CrimeMajorHeadID, CrimeMinorHeadID, CaseStatusID, CourtID, IncidentFromDate, IncidentToDate, InfoReceivedPSDate, latitude, longitude, BriefFacts) VALUES (484, '100040012202400484', '202400484', '2024-05-09', 23, 12, 4, 1, 2, 4, 4, 4, '2024-05-09 04:00:00', '2024-05-09 06:00:00', '2024-05-09 04:00:00', 15.346000, 75.135000, 'Incident reported at Suburban Police Station Hubballi. Initial investigation launched by IO Basavaraj Rao.');
INSERT INTO Inv_OccuranceTime (CaseMasterID, IncidentFromDate, IncidentToDate, latitude, longitude, PlaceOfOccurrence) VALUES (484, '2024-05-09 04:00:00', '2024-05-09 06:00:00', 15.346000, 75.135000, 'Near Junction, Suburban Hubballi');
INSERT INTO ComplainantDetails (ComplainantID, CaseMasterID, ComplainantName, AgeYear, OccupationID, ReligionID, CasteID, GenderID) VALUES (484, 484, 'Pooja Naik', 55, 2, 1, 1, 1);
INSERT INTO ActSectionAssociation (CaseMasterID, ActID, SectionID, ActOrderID, SectionOrderID) VALUES (484, 'IPC', '302', 1, 1);
INSERT INTO Victim (VictimMasterID, CaseMasterID, VictimName, AgeYear, GenderID, VictimPolice) VALUES (484, 484, 'Ganesh Joshi', 47, 1, '0');
INSERT INTO Accused (AccusedMasterID, CaseMasterID, AccusedName, AgeYear, GenderID, PersonID) VALUES (649, 484, 'Jagga Alias', 27, 1, 'A1');
INSERT INTO ArrestSurrender (ArrestSurrenderID, CaseMasterID, ArrestSurrenderTypeID, ArrestSurrenderDate, ArrestSurrenderStateId, ArrestSurrenderDistrictId, PoliceStationID, IOID, CourtID, AccusedMasterID, IsAccused, IsComplainantAccused) VALUES (245, 484, 1, '2024-05-09', 1, 4, 12, 23, 4, 649, 1, 0);
INSERT INTO inv_arrestsurrenderaccused (ArrestSurrenderID, AccusedMasterID) VALUES (245, 649);
INSERT INTO CaseMaster (CaseMasterID, CrimeNo, CaseNo, CrimeRegisteredDate, PolicePersonID, PoliceStationID, CaseCategoryID, GravityOffenceID, CrimeMajorHeadID, CrimeMinorHeadID, CaseStatusID, CourtID, IncidentFromDate, IncidentToDate, InfoReceivedPSDate, latitude, longitude, BriefFacts) VALUES (485, '100050016202400485', '202400485', '2024-06-10', 31, 16, 1, 2, 2, 5, 5, 5, '2024-06-10 05:00:00', '2024-06-10 07:00:00', '2024-06-10 05:00:00', 15.839000, 74.503000, 'Incident reported at Tilakwadi Police Station. Initial investigation launched by IO Prakash Patil.');
INSERT INTO Inv_OccuranceTime (CaseMasterID, IncidentFromDate, IncidentToDate, latitude, longitude, PlaceOfOccurrence) VALUES (485, '2024-06-10 05:00:00', '2024-06-10 07:00:00', 15.839000, 74.503000, 'Near Junction, Tilakwadi');
INSERT INTO ComplainantDetails (ComplainantID, CaseMasterID, ComplainantName, AgeYear, OccupationID, ReligionID, CasteID, GenderID) VALUES (485, 485, 'Meena Murthy', 35, 2, 1, 1, 1);
INSERT INTO ActSectionAssociation (CaseMasterID, ActID, SectionID, ActOrderID, SectionOrderID) VALUES (485, 'IPC', '302', 1, 1);
INSERT INTO Victim (VictimMasterID, CaseMasterID, VictimName, AgeYear, GenderID, VictimPolice) VALUES (485, 485, 'Nikhil Shetty', 42, 1, '0');
INSERT INTO Accused (AccusedMasterID, CaseMasterID, AccusedName, AgeYear, GenderID, PersonID) VALUES (650, 485, 'Raja Verma', 33, 1, 'A1');
INSERT INTO CaseMaster (CaseMasterID, CrimeNo, CaseNo, CrimeRegisteredDate, PolicePersonID, PoliceStationID, CaseCategoryID, GravityOffenceID, CrimeMajorHeadID, CrimeMinorHeadID, CaseStatusID, CourtID, IncidentFromDate, IncidentToDate, InfoReceivedPSDate, latitude, longitude, BriefFacts) VALUES (486, '100060018202400486', '202400486', '2024-07-11', 35, 18, 2, 3, 3, 6, 1, 6, '2024-07-11 06:00:00', '2024-07-11 08:00:00', '2024-07-11 06:00:00', 17.325000, 76.830000, 'Incident reported at Station Bazar Police Station. Initial investigation launched by IO Mahesh Bhat.');
INSERT INTO Inv_OccuranceTime (CaseMasterID, IncidentFromDate, IncidentToDate, latitude, longitude, PlaceOfOccurrence) VALUES (486, '2024-07-11 06:00:00', '2024-07-11 08:00:00', 17.325000, 76.830000, 'Near Junction, Station Bazar');
INSERT INTO ComplainantDetails (ComplainantID, CaseMasterID, ComplainantName, AgeYear, OccupationID, ReligionID, CasteID, GenderID) VALUES (486, 486, 'Harish Rao', 44, 2, 1, 1, 1);
INSERT INTO ActSectionAssociation (CaseMasterID, ActID, SectionID, ActOrderID, SectionOrderID) VALUES (486, 'IT_ACT', '66D', 1, 1);
INSERT INTO Victim (VictimMasterID, CaseMasterID, VictimName, AgeYear, GenderID, VictimPolice) VALUES (486, 486, 'Sangeetha Kulkarni', 20, 1, '0');
INSERT INTO Accused (AccusedMasterID, CaseMasterID, AccusedName, AgeYear, GenderID, PersonID) VALUES (651, 486, 'Dharma Reddy', 25, 1, 'A1');
INSERT INTO Accused (AccusedMasterID, CaseMasterID, AccusedName, AgeYear, GenderID, PersonID) VALUES (652, 486, 'Vicky Alias', 34, 1, 'A2');
INSERT INTO ArrestSurrender (ArrestSurrenderID, CaseMasterID, ArrestSurrenderTypeID, ArrestSurrenderDate, ArrestSurrenderStateId, ArrestSurrenderDistrictId, PoliceStationID, IOID, CourtID, AccusedMasterID, IsAccused, IsComplainantAccused) VALUES (246, 486, 1, '2024-07-11', 1, 6, 18, 35, 6, 651, 1, 0);
INSERT INTO inv_arrestsurrenderaccused (ArrestSurrenderID, AccusedMasterID) VALUES (246, 651);
INSERT INTO inv_arrestsurrenderaccused (ArrestSurrenderID, AccusedMasterID) VALUES (246, 652);
INSERT INTO ChargesheetDetails (CSID, CaseMasterID, csdate, cstype, PolicePersonID) VALUES (164, 486, '2024-07-11 06:00:00', 'A', 35);
INSERT INTO CaseMaster (CaseMasterID, CrimeNo, CaseNo, CrimeRegisteredDate, PolicePersonID, PoliceStationID, CaseCategoryID, GravityOffenceID, CrimeMajorHeadID, CrimeMinorHeadID, CaseStatusID, CourtID, IncidentFromDate, IncidentToDate, InfoReceivedPSDate, latitude, longitude, BriefFacts) VALUES (487, '100010002202400487', '202400487', '2024-08-12', 3, 2, 3, 1, 3, 7, 2, 1, '2024-08-12 07:00:00', '2024-08-12 09:00:00', '2024-08-12 07:00:00', 12.932200, 77.621500, 'Incident reported at Koramangala Police Station. Initial investigation launched by IO Ganesh Nayak.');
INSERT INTO Inv_OccuranceTime (CaseMasterID, IncidentFromDate, IncidentToDate, latitude, longitude, PlaceOfOccurrence) VALUES (487, '2024-08-12 07:00:00', '2024-08-12 09:00:00', 12.932200, 77.621500, 'Near Junction, Koramangala');
INSERT INTO ComplainantDetails (ComplainantID, CaseMasterID, ComplainantName, AgeYear, OccupationID, ReligionID, CasteID, GenderID) VALUES (487, 487, 'Chetan Joshi', 49, 2, 1, 1, 1);
INSERT INTO ActSectionAssociation (CaseMasterID, ActID, SectionID, ActOrderID, SectionOrderID) VALUES (487, 'IT_ACT', '66D', 1, 1);
INSERT INTO Victim (VictimMasterID, CaseMasterID, VictimName, AgeYear, GenderID, VictimPolice) VALUES (487, 487, 'Kiran Joshi', 49, 1, '0');
INSERT INTO Accused (AccusedMasterID, CaseMasterID, AccusedName, AgeYear, GenderID, PersonID) VALUES (653, 487, 'Imtiaz Alias', 39, 1, 'A1');
INSERT INTO CaseMaster (CaseMasterID, CrimeNo, CaseNo, CrimeRegisteredDate, PolicePersonID, PoliceStationID, CaseCategoryID, GravityOffenceID, CrimeMajorHeadID, CrimeMinorHeadID, CaseStatusID, CourtID, IncidentFromDate, IncidentToDate, InfoReceivedPSDate, latitude, longitude, BriefFacts) VALUES (488, '100020007202400488', '202400488', '2024-09-13', 13, 7, 4, 2, 4, 8, 3, 2, '2024-09-13 08:00:00', '2024-09-13 10:00:00', '2024-09-13 08:00:00', 12.310000, 76.656000, 'Incident reported at Lashkar Police Station. Initial investigation launched by IO Anil Kulkarni.');
INSERT INTO Inv_OccuranceTime (CaseMasterID, IncidentFromDate, IncidentToDate, latitude, longitude, PlaceOfOccurrence) VALUES (488, '2024-09-13 08:00:00', '2024-09-13 10:00:00', 12.310000, 76.656000, 'Near Junction, Lashkar');
INSERT INTO ComplainantDetails (ComplainantID, CaseMasterID, ComplainantName, AgeYear, OccupationID, ReligionID, CasteID, GenderID) VALUES (488, 488, 'Latha Kulkarni', 36, 2, 1, 1, 1);
INSERT INTO ActSectionAssociation (CaseMasterID, ActID, SectionID, ActOrderID, SectionOrderID) VALUES (488, 'IPC', '420', 1, 1);
INSERT INTO Victim (VictimMasterID, CaseMasterID, VictimName, AgeYear, GenderID, VictimPolice) VALUES (488, 488, 'Manoj Bhat', 26, 1, '0');
INSERT INTO Accused (AccusedMasterID, CaseMasterID, AccusedName, AgeYear, GenderID, PersonID) VALUES (654, 488, 'Vicky Salim', 31, 1, 'A1');
INSERT INTO ArrestSurrender (ArrestSurrenderID, CaseMasterID, ArrestSurrenderTypeID, ArrestSurrenderDate, ArrestSurrenderStateId, ArrestSurrenderDistrictId, PoliceStationID, IOID, CourtID, AccusedMasterID, IsAccused, IsComplainantAccused) VALUES (247, 488, 1, '2024-09-13', 1, 2, 7, 13, 2, 654, 1, 0);
INSERT INTO inv_arrestsurrenderaccused (ArrestSurrenderID, AccusedMasterID) VALUES (247, 654);
INSERT INTO CaseMaster (CaseMasterID, CrimeNo, CaseNo, CrimeRegisteredDate, PolicePersonID, PoliceStationID, CaseCategoryID, GravityOffenceID, CrimeMajorHeadID, CrimeMinorHeadID, CaseStatusID, CourtID, IncidentFromDate, IncidentToDate, InfoReceivedPSDate, latitude, longitude, BriefFacts) VALUES (489, '100030011202400489', '202400489', '2024-10-14', 21, 11, 1, 3, 5, 9, 4, 3, '2024-10-14 09:00:00', '2024-10-14 11:00:00', '2024-10-14 09:00:00', 12.888000, 74.830000, 'Incident reported at Urwa Police Station. Initial investigation launched by IO Anil Gowda.');
INSERT INTO Inv_OccuranceTime (CaseMasterID, IncidentFromDate, IncidentToDate, latitude, longitude, PlaceOfOccurrence) VALUES (489, '2024-10-14 09:00:00', '2024-10-14 11:00:00', 12.888000, 74.830000, 'Near Junction, Urwa');
INSERT INTO ComplainantDetails (ComplainantID, CaseMasterID, ComplainantName, AgeYear, OccupationID, ReligionID, CasteID, GenderID) VALUES (489, 489, 'Chetan Joshi', 25, 2, 1, 1, 1);
INSERT INTO ActSectionAssociation (CaseMasterID, ActID, SectionID, ActOrderID, SectionOrderID) VALUES (489, 'NDPS', '20', 1, 1);
INSERT INTO Victim (VictimMasterID, CaseMasterID, VictimName, AgeYear, GenderID, VictimPolice) VALUES (489, 489, 'Chaitra Deshpande', 49, 1, '0');
INSERT INTO Accused (AccusedMasterID, CaseMasterID, AccusedName, AgeYear, GenderID, PersonID) VALUES (655, 489, 'Babloo Alias', 45, 1, 'A1');
INSERT INTO Accused (AccusedMasterID, CaseMasterID, AccusedName, AgeYear, GenderID, PersonID) VALUES (656, 489, 'Mantu Reddy', 41, 1, 'A2');
INSERT INTO ChargesheetDetails (CSID, CaseMasterID, csdate, cstype, PolicePersonID) VALUES (165, 489, '2024-10-14 09:00:00', 'A', 21);
INSERT INTO CaseMaster (CaseMasterID, CrimeNo, CaseNo, CrimeRegisteredDate, PolicePersonID, PoliceStationID, CaseCategoryID, GravityOffenceID, CrimeMajorHeadID, CrimeMinorHeadID, CaseStatusID, CourtID, IncidentFromDate, IncidentToDate, InfoReceivedPSDate, latitude, longitude, BriefFacts) VALUES (490, '100040012202400490', '202400490', '2024-11-15', 23, 12, 2, 1, 1, 10, 5, 4, '2024-11-15 10:00:00', '2024-11-15 12:00:00', '2024-11-15 10:00:00', 15.352000, 75.141000, 'Incident reported at Suburban Police Station Hubballi. Initial investigation launched by IO Basavaraj Rao.');
INSERT INTO Inv_OccuranceTime (CaseMasterID, IncidentFromDate, IncidentToDate, latitude, longitude, PlaceOfOccurrence) VALUES (490, '2024-11-15 10:00:00', '2024-11-15 12:00:00', 15.352000, 75.141000, 'Near Junction, Suburban Hubballi');
INSERT INTO ComplainantDetails (ComplainantID, CaseMasterID, ComplainantName, AgeYear, OccupationID, ReligionID, CasteID, GenderID) VALUES (490, 490, 'Deepak Kulkarni', 62, 2, 1, 1, 1);
INSERT INTO ActSectionAssociation (CaseMasterID, ActID, SectionID, ActOrderID, SectionOrderID) VALUES (490, 'IPC', '379', 1, 1);
INSERT INTO Victim (VictimMasterID, CaseMasterID, VictimName, AgeYear, GenderID, VictimPolice) VALUES (490, 490, 'Praveen Rao', 39, 1, '0');
INSERT INTO Accused (AccusedMasterID, CaseMasterID, AccusedName, AgeYear, GenderID, PersonID) VALUES (657, 490, 'Altaf Reddy', 30, 1, 'A1');
INSERT INTO ArrestSurrender (ArrestSurrenderID, CaseMasterID, ArrestSurrenderTypeID, ArrestSurrenderDate, ArrestSurrenderStateId, ArrestSurrenderDistrictId, PoliceStationID, IOID, CourtID, AccusedMasterID, IsAccused, IsComplainantAccused) VALUES (248, 490, 1, '2024-11-15', 1, 4, 12, 23, 4, 657, 1, 0);
INSERT INTO inv_arrestsurrenderaccused (ArrestSurrenderID, AccusedMasterID) VALUES (248, 657);
INSERT INTO CaseMaster (CaseMasterID, CrimeNo, CaseNo, CrimeRegisteredDate, PolicePersonID, PoliceStationID, CaseCategoryID, GravityOffenceID, CrimeMajorHeadID, CrimeMinorHeadID, CaseStatusID, CourtID, IncidentFromDate, IncidentToDate, InfoReceivedPSDate, latitude, longitude, BriefFacts) VALUES (491, '100050016202400491', '202400491', '2024-12-16', 31, 16, 3, 2, 1, 1, 1, 5, '2024-12-16 11:00:00', '2024-12-16 13:00:00', '2024-12-16 11:00:00', 15.845000, 74.509000, 'Incident reported at Tilakwadi Police Station. Initial investigation launched by IO Prakash Patil.');
INSERT INTO Inv_OccuranceTime (CaseMasterID, IncidentFromDate, IncidentToDate, latitude, longitude, PlaceOfOccurrence) VALUES (491, '2024-12-16 11:00:00', '2024-12-16 13:00:00', 15.845000, 74.509000, 'Near Junction, Tilakwadi');
INSERT INTO ComplainantDetails (ComplainantID, CaseMasterID, ComplainantName, AgeYear, OccupationID, ReligionID, CasteID, GenderID) VALUES (491, 491, 'Bharath Naik', 34, 2, 1, 1, 1);
INSERT INTO ActSectionAssociation (CaseMasterID, ActID, SectionID, ActOrderID, SectionOrderID) VALUES (491, 'IPC', '379', 1, 1);
INSERT INTO Victim (VictimMasterID, CaseMasterID, VictimName, AgeYear, GenderID, VictimPolice) VALUES (491, 491, 'Manoj Deshpande', 34, 1, '0');
INSERT INTO Accused (AccusedMasterID, CaseMasterID, AccusedName, AgeYear, GenderID, PersonID) VALUES (658, 491, 'Pandu Pashan', 39, 1, 'A1');
INSERT INTO CaseMaster (CaseMasterID, CrimeNo, CaseNo, CrimeRegisteredDate, PolicePersonID, PoliceStationID, CaseCategoryID, GravityOffenceID, CrimeMajorHeadID, CrimeMinorHeadID, CaseStatusID, CourtID, IncidentFromDate, IncidentToDate, InfoReceivedPSDate, latitude, longitude, BriefFacts) VALUES (492, '100060018202400492', '202400492', '2024-01-17', 35, 18, 4, 3, 1, 2, 2, 6, '2024-01-17 12:00:00', '2024-01-17 14:00:00', '2024-01-17 12:00:00', 17.331000, 76.836000, 'Incident reported at Station Bazar Police Station. Initial investigation launched by IO Mahesh Bhat.');
INSERT INTO Inv_OccuranceTime (CaseMasterID, IncidentFromDate, IncidentToDate, latitude, longitude, PlaceOfOccurrence) VALUES (492, '2024-01-17 12:00:00', '2024-01-17 14:00:00', 17.331000, 76.836000, 'Near Junction, Station Bazar');
INSERT INTO ComplainantDetails (ComplainantID, CaseMasterID, ComplainantName, AgeYear, OccupationID, ReligionID, CasteID, GenderID) VALUES (492, 492, 'Radha Deshpande', 53, 2, 1, 1, 1);
INSERT INTO ActSectionAssociation (CaseMasterID, ActID, SectionID, ActOrderID, SectionOrderID) VALUES (492, 'IPC', '379', 1, 1);
INSERT INTO Victim (VictimMasterID, CaseMasterID, VictimName, AgeYear, GenderID, VictimPolice) VALUES (492, 492, 'Arun Gowda', 30, 1, '0');
INSERT INTO Accused (AccusedMasterID, CaseMasterID, AccusedName, AgeYear, GenderID, PersonID) VALUES (659, 492, 'Mantu Alias', 42, 1, 'A1');
INSERT INTO Accused (AccusedMasterID, CaseMasterID, AccusedName, AgeYear, GenderID, PersonID) VALUES (660, 492, 'Vicky Verma', 22, 1, 'A2');
INSERT INTO ArrestSurrender (ArrestSurrenderID, CaseMasterID, ArrestSurrenderTypeID, ArrestSurrenderDate, ArrestSurrenderStateId, ArrestSurrenderDistrictId, PoliceStationID, IOID, CourtID, AccusedMasterID, IsAccused, IsComplainantAccused) VALUES (249, 492, 1, '2024-01-17', 1, 6, 18, 35, 6, 659, 1, 0);
INSERT INTO inv_arrestsurrenderaccused (ArrestSurrenderID, AccusedMasterID) VALUES (249, 659);
INSERT INTO inv_arrestsurrenderaccused (ArrestSurrenderID, AccusedMasterID) VALUES (249, 660);
INSERT INTO ChargesheetDetails (CSID, CaseMasterID, csdate, cstype, PolicePersonID) VALUES (166, 492, '2024-01-17 12:00:00', 'A', 35);
INSERT INTO CaseMaster (CaseMasterID, CrimeNo, CaseNo, CrimeRegisteredDate, PolicePersonID, PoliceStationID, CaseCategoryID, GravityOffenceID, CrimeMajorHeadID, CrimeMinorHeadID, CaseStatusID, CourtID, IncidentFromDate, IncidentToDate, InfoReceivedPSDate, latitude, longitude, BriefFacts) VALUES (493, '100010003202400493', '202400493', '2024-02-18', 5, 3, 1, 1, 1, 3, 3, 1, '2024-02-18 13:00:00', '2024-02-18 15:00:00', '2024-02-18 13:00:00', 12.972800, 77.752900, 'Incident reported at Whitefield Police Station. Initial investigation launched by IO Sunil Bhat.');
INSERT INTO Inv_OccuranceTime (CaseMasterID, IncidentFromDate, IncidentToDate, latitude, longitude, PlaceOfOccurrence) VALUES (493, '2024-02-18 13:00:00', '2024-02-18 15:00:00', 12.972800, 77.752900, 'Near Junction, Whitefield');
INSERT INTO ComplainantDetails (ComplainantID, CaseMasterID, ComplainantName, AgeYear, OccupationID, ReligionID, CasteID, GenderID) VALUES (493, 493, 'Shilpa Gowda', 25, 2, 1, 1, 1);
INSERT INTO ActSectionAssociation (CaseMasterID, ActID, SectionID, ActOrderID, SectionOrderID) VALUES (493, 'IPC', '379', 1, 1);
INSERT INTO Victim (VictimMasterID, CaseMasterID, VictimName, AgeYear, GenderID, VictimPolice) VALUES (493, 493, 'Praveen Bhat', 59, 1, '0');
INSERT INTO Accused (AccusedMasterID, CaseMasterID, AccusedName, AgeYear, GenderID, PersonID) VALUES (661, 493, 'Imtiaz Khan', 29, 1, 'A1');
INSERT INTO CaseMaster (CaseMasterID, CrimeNo, CaseNo, CrimeRegisteredDate, PolicePersonID, PoliceStationID, CaseCategoryID, GravityOffenceID, CrimeMajorHeadID, CrimeMinorHeadID, CaseStatusID, CourtID, IncidentFromDate, IncidentToDate, InfoReceivedPSDate, latitude, longitude, BriefFacts) VALUES (494, '100020007202400494', '202400494', '2024-03-19', 13, 7, 2, 2, 2, 4, 4, 2, '2024-03-19 14:00:00', '2024-03-19 16:00:00', '2024-03-19 14:00:00', 12.316000, 76.662000, 'Incident reported at Lashkar Police Station. Initial investigation launched by IO Anil Kulkarni.');
INSERT INTO Inv_OccuranceTime (CaseMasterID, IncidentFromDate, IncidentToDate, latitude, longitude, PlaceOfOccurrence) VALUES (494, '2024-03-19 14:00:00', '2024-03-19 16:00:00', 12.316000, 76.662000, 'Near Junction, Lashkar');
INSERT INTO ComplainantDetails (ComplainantID, CaseMasterID, ComplainantName, AgeYear, OccupationID, ReligionID, CasteID, GenderID) VALUES (494, 494, 'Bharath Naik', 50, 2, 1, 1, 1);
INSERT INTO ActSectionAssociation (CaseMasterID, ActID, SectionID, ActOrderID, SectionOrderID) VALUES (494, 'IPC', '302', 1, 1);
INSERT INTO Victim (VictimMasterID, CaseMasterID, VictimName, AgeYear, GenderID, VictimPolice) VALUES (494, 494, 'Praveen Deshpande', 21, 1, '0');
INSERT INTO Accused (AccusedMasterID, CaseMasterID, AccusedName, AgeYear, GenderID, PersonID) VALUES (662, 494, 'Pandu Salim', 41, 1, 'A1');
INSERT INTO ArrestSurrender (ArrestSurrenderID, CaseMasterID, ArrestSurrenderTypeID, ArrestSurrenderDate, ArrestSurrenderStateId, ArrestSurrenderDistrictId, PoliceStationID, IOID, CourtID, AccusedMasterID, IsAccused, IsComplainantAccused) VALUES (250, 494, 1, '2024-03-19', 1, 2, 7, 13, 2, 662, 1, 0);
INSERT INTO inv_arrestsurrenderaccused (ArrestSurrenderID, AccusedMasterID) VALUES (250, 662);
INSERT INTO CaseMaster (CaseMasterID, CrimeNo, CaseNo, CrimeRegisteredDate, PolicePersonID, PoliceStationID, CaseCategoryID, GravityOffenceID, CrimeMajorHeadID, CrimeMinorHeadID, CaseStatusID, CourtID, IncidentFromDate, IncidentToDate, InfoReceivedPSDate, latitude, longitude, BriefFacts) VALUES (495, '100030011202400495', '202400495', '2024-04-20', 21, 11, 3, 3, 2, 5, 5, 3, '2024-04-20 15:00:00', '2024-04-20 17:00:00', '2024-04-20 15:00:00', 12.894000, 74.836000, 'Incident reported at Urwa Police Station. Initial investigation launched by IO Anil Gowda.');
INSERT INTO Inv_OccuranceTime (CaseMasterID, IncidentFromDate, IncidentToDate, latitude, longitude, PlaceOfOccurrence) VALUES (495, '2024-04-20 15:00:00', '2024-04-20 17:00:00', 12.894000, 74.836000, 'Near Junction, Urwa');
INSERT INTO ComplainantDetails (ComplainantID, CaseMasterID, ComplainantName, AgeYear, OccupationID, ReligionID, CasteID, GenderID) VALUES (495, 495, 'Kavitha Joshi', 43, 2, 1, 1, 1);
INSERT INTO ActSectionAssociation (CaseMasterID, ActID, SectionID, ActOrderID, SectionOrderID) VALUES (495, 'IPC', '302', 1, 1);
INSERT INTO Victim (VictimMasterID, CaseMasterID, VictimName, AgeYear, GenderID, VictimPolice) VALUES (495, 495, 'Chaitra Naik', 52, 1, '0');
INSERT INTO Accused (AccusedMasterID, CaseMasterID, AccusedName, AgeYear, GenderID, PersonID) VALUES (663, 495, 'Babloo Alias', 24, 1, 'A1');
INSERT INTO Accused (AccusedMasterID, CaseMasterID, AccusedName, AgeYear, GenderID, PersonID) VALUES (664, 495, 'Altaf Salim', 23, 1, 'A2');
INSERT INTO ChargesheetDetails (CSID, CaseMasterID, csdate, cstype, PolicePersonID) VALUES (167, 495, '2024-04-20 15:00:00', 'A', 21);
INSERT INTO CaseMaster (CaseMasterID, CrimeNo, CaseNo, CrimeRegisteredDate, PolicePersonID, PoliceStationID, CaseCategoryID, GravityOffenceID, CrimeMajorHeadID, CrimeMinorHeadID, CaseStatusID, CourtID, IncidentFromDate, IncidentToDate, InfoReceivedPSDate, latitude, longitude, BriefFacts) VALUES (496, '100040012202400496', '202400496', '2024-05-21', 23, 12, 4, 1, 3, 6, 1, 4, '2024-05-21 16:00:00', '2024-05-21 18:00:00', '2024-05-21 16:00:00', 15.358000, 75.147000, 'Incident reported at Suburban Police Station Hubballi. Initial investigation launched by IO Basavaraj Rao.');
INSERT INTO Inv_OccuranceTime (CaseMasterID, IncidentFromDate, IncidentToDate, latitude, longitude, PlaceOfOccurrence) VALUES (496, '2024-05-21 16:00:00', '2024-05-21 18:00:00', 15.358000, 75.147000, 'Near Junction, Suburban Hubballi');
INSERT INTO ComplainantDetails (ComplainantID, CaseMasterID, ComplainantName, AgeYear, OccupationID, ReligionID, CasteID, GenderID) VALUES (496, 496, 'Harish Deshpande', 62, 2, 1, 1, 1);
INSERT INTO ActSectionAssociation (CaseMasterID, ActID, SectionID, ActOrderID, SectionOrderID) VALUES (496, 'IT_ACT', '66D', 1, 1);
INSERT INTO Victim (VictimMasterID, CaseMasterID, VictimName, AgeYear, GenderID, VictimPolice) VALUES (496, 496, 'Praveen Bhat', 22, 1, '0');
INSERT INTO Accused (AccusedMasterID, CaseMasterID, AccusedName, AgeYear, GenderID, PersonID) VALUES (665, 496, 'Pandu Pashan', 36, 1, 'A1');
INSERT INTO ArrestSurrender (ArrestSurrenderID, CaseMasterID, ArrestSurrenderTypeID, ArrestSurrenderDate, ArrestSurrenderStateId, ArrestSurrenderDistrictId, PoliceStationID, IOID, CourtID, AccusedMasterID, IsAccused, IsComplainantAccused) VALUES (251, 496, 1, '2024-05-21', 1, 4, 12, 23, 4, 665, 1, 0);
INSERT INTO inv_arrestsurrenderaccused (ArrestSurrenderID, AccusedMasterID) VALUES (251, 665);
INSERT INTO CaseMaster (CaseMasterID, CrimeNo, CaseNo, CrimeRegisteredDate, PolicePersonID, PoliceStationID, CaseCategoryID, GravityOffenceID, CrimeMajorHeadID, CrimeMinorHeadID, CaseStatusID, CourtID, IncidentFromDate, IncidentToDate, InfoReceivedPSDate, latitude, longitude, BriefFacts) VALUES (497, '100050016202400497', '202400497', '2024-06-22', 31, 16, 1, 2, 3, 7, 2, 5, '2024-06-22 17:00:00', '2024-06-22 19:00:00', '2024-06-22 17:00:00', 15.851000, 74.515000, 'Incident reported at Tilakwadi Police Station. Initial investigation launched by IO Prakash Patil.');
INSERT INTO Inv_OccuranceTime (CaseMasterID, IncidentFromDate, IncidentToDate, latitude, longitude, PlaceOfOccurrence) VALUES (497, '2024-06-22 17:00:00', '2024-06-22 19:00:00', 15.851000, 74.515000, 'Near Junction, Tilakwadi');
INSERT INTO ComplainantDetails (ComplainantID, CaseMasterID, ComplainantName, AgeYear, OccupationID, ReligionID, CasteID, GenderID) VALUES (497, 497, 'Anand Hegde', 30, 2, 1, 1, 1);
INSERT INTO ActSectionAssociation (CaseMasterID, ActID, SectionID, ActOrderID, SectionOrderID) VALUES (497, 'IT_ACT', '66D', 1, 1);
INSERT INTO Victim (VictimMasterID, CaseMasterID, VictimName, AgeYear, GenderID, VictimPolice) VALUES (497, 497, 'Manoj Gowda', 49, 1, '0');
INSERT INTO Accused (AccusedMasterID, CaseMasterID, AccusedName, AgeYear, GenderID, PersonID) VALUES (666, 497, 'Pandu Khan', 32, 1, 'A1');
INSERT INTO CaseMaster (CaseMasterID, CrimeNo, CaseNo, CrimeRegisteredDate, PolicePersonID, PoliceStationID, CaseCategoryID, GravityOffenceID, CrimeMajorHeadID, CrimeMinorHeadID, CaseStatusID, CourtID, IncidentFromDate, IncidentToDate, InfoReceivedPSDate, latitude, longitude, BriefFacts) VALUES (498, '100060018202400498', '202400498', '2024-07-23', 35, 18, 2, 3, 4, 8, 3, 6, '2024-07-23 18:00:00', '2024-07-23 20:00:00', '2024-07-23 18:00:00', 17.337000, 76.842000, 'Incident reported at Station Bazar Police Station. Initial investigation launched by IO Mahesh Bhat.');
INSERT INTO Inv_OccuranceTime (CaseMasterID, IncidentFromDate, IncidentToDate, latitude, longitude, PlaceOfOccurrence) VALUES (498, '2024-07-23 18:00:00', '2024-07-23 20:00:00', 17.337000, 76.842000, 'Near Junction, Station Bazar');
INSERT INTO ComplainantDetails (ComplainantID, CaseMasterID, ComplainantName, AgeYear, OccupationID, ReligionID, CasteID, GenderID) VALUES (498, 498, 'Deepak Kulkarni', 48, 2, 1, 1, 1);
INSERT INTO ActSectionAssociation (CaseMasterID, ActID, SectionID, ActOrderID, SectionOrderID) VALUES (498, 'IPC', '420', 1, 1);
INSERT INTO Victim (VictimMasterID, CaseMasterID, VictimName, AgeYear, GenderID, VictimPolice) VALUES (498, 498, 'Nikhil Hegde', 34, 1, '0');
INSERT INTO Accused (AccusedMasterID, CaseMasterID, AccusedName, AgeYear, GenderID, PersonID) VALUES (667, 498, 'Jagga Kumar', 33, 1, 'A1');
INSERT INTO Accused (AccusedMasterID, CaseMasterID, AccusedName, AgeYear, GenderID, PersonID) VALUES (668, 498, 'Tukaram Salim', 26, 1, 'A2');
INSERT INTO ArrestSurrender (ArrestSurrenderID, CaseMasterID, ArrestSurrenderTypeID, ArrestSurrenderDate, ArrestSurrenderStateId, ArrestSurrenderDistrictId, PoliceStationID, IOID, CourtID, AccusedMasterID, IsAccused, IsComplainantAccused) VALUES (252, 498, 1, '2024-07-23', 1, 6, 18, 35, 6, 667, 1, 0);
INSERT INTO inv_arrestsurrenderaccused (ArrestSurrenderID, AccusedMasterID) VALUES (252, 667);
INSERT INTO inv_arrestsurrenderaccused (ArrestSurrenderID, AccusedMasterID) VALUES (252, 668);
INSERT INTO ChargesheetDetails (CSID, CaseMasterID, csdate, cstype, PolicePersonID) VALUES (168, 498, '2024-07-23 18:00:00', 'A', 35);
INSERT INTO CaseMaster (CaseMasterID, CrimeNo, CaseNo, CrimeRegisteredDate, PolicePersonID, PoliceStationID, CaseCategoryID, GravityOffenceID, CrimeMajorHeadID, CrimeMinorHeadID, CaseStatusID, CourtID, IncidentFromDate, IncidentToDate, InfoReceivedPSDate, latitude, longitude, BriefFacts) VALUES (499, '100010004202400499', '202400499', '2024-08-24', 7, 4, 3, 1, 5, 9, 4, 1, '2024-08-24 19:00:00', '2024-08-24 21:00:00', '2024-08-24 19:00:00', 12.934000, 77.602800, 'Incident reported at Jayanagar Police Station. Initial investigation launched by IO Vijay Kulkarni.');
INSERT INTO Inv_OccuranceTime (CaseMasterID, IncidentFromDate, IncidentToDate, latitude, longitude, PlaceOfOccurrence) VALUES (499, '2024-08-24 19:00:00', '2024-08-24 21:00:00', 12.934000, 77.602800, 'Near Junction, Jayanagar');
INSERT INTO ComplainantDetails (ComplainantID, CaseMasterID, ComplainantName, AgeYear, OccupationID, ReligionID, CasteID, GenderID) VALUES (499, 499, 'Jagadish Gowda', 27, 2, 1, 1, 1);
INSERT INTO ActSectionAssociation (CaseMasterID, ActID, SectionID, ActOrderID, SectionOrderID) VALUES (499, 'NDPS', '20', 1, 1);
INSERT INTO Victim (VictimMasterID, CaseMasterID, VictimName, AgeYear, GenderID, VictimPolice) VALUES (499, 499, 'Praveen Murthy', 25, 1, '0');
INSERT INTO Accused (AccusedMasterID, CaseMasterID, AccusedName, AgeYear, GenderID, PersonID) VALUES (669, 499, 'Jagga Verma', 32, 1, 'A1');
INSERT INTO CaseMaster (CaseMasterID, CrimeNo, CaseNo, CrimeRegisteredDate, PolicePersonID, PoliceStationID, CaseCategoryID, GravityOffenceID, CrimeMajorHeadID, CrimeMinorHeadID, CaseStatusID, CourtID, IncidentFromDate, IncidentToDate, InfoReceivedPSDate, latitude, longitude, BriefFacts) VALUES (500, '100020007202400500', '202400500', '2024-09-25', 13, 7, 4, 2, 1, 10, 5, 2, '2024-09-25 20:00:00', '2024-09-25 22:00:00', '2024-09-25 20:00:00', 12.302000, 76.648000, 'Incident reported at Lashkar Police Station. Initial investigation launched by IO Anil Kulkarni.');
INSERT INTO Inv_OccuranceTime (CaseMasterID, IncidentFromDate, IncidentToDate, latitude, longitude, PlaceOfOccurrence) VALUES (500, '2024-09-25 20:00:00', '2024-09-25 22:00:00', 12.302000, 76.648000, 'Near Junction, Lashkar');
INSERT INTO ComplainantDetails (ComplainantID, CaseMasterID, ComplainantName, AgeYear, OccupationID, ReligionID, CasteID, GenderID) VALUES (500, 500, 'Kavitha Joshi', 36, 2, 1, 1, 1);
INSERT INTO ActSectionAssociation (CaseMasterID, ActID, SectionID, ActOrderID, SectionOrderID) VALUES (500, 'IPC', '379', 1, 1);
INSERT INTO Victim (VictimMasterID, CaseMasterID, VictimName, AgeYear, GenderID, VictimPolice) VALUES (500, 500, 'Nikhil Naik', 20, 1, '0');
INSERT INTO Accused (AccusedMasterID, CaseMasterID, AccusedName, AgeYear, GenderID, PersonID) VALUES (670, 500, 'Tukaram Reddy', 41, 1, 'A1');
INSERT INTO ArrestSurrender (ArrestSurrenderID, CaseMasterID, ArrestSurrenderTypeID, ArrestSurrenderDate, ArrestSurrenderStateId, ArrestSurrenderDistrictId, PoliceStationID, IOID, CourtID, AccusedMasterID, IsAccused, IsComplainantAccused) VALUES (253, 500, 1, '2024-09-25', 1, 2, 7, 13, 2, 670, 1, 0);
INSERT INTO inv_arrestsurrenderaccused (ArrestSurrenderID, AccusedMasterID) VALUES (253, 670);
INSERT INTO CaseMaster (CaseMasterID, CrimeNo, CaseNo, CrimeRegisteredDate, PolicePersonID, PoliceStationID, CaseCategoryID, GravityOffenceID, CrimeMajorHeadID, CrimeMinorHeadID, CaseStatusID, CourtID, IncidentFromDate, IncidentToDate, InfoReceivedPSDate, latitude, longitude, BriefFacts) VALUES (501, '100030011202400501', '202400501', '2024-10-26', 21, 11, 1, 3, 1, 1, 1, 3, '2024-10-26 21:00:00', '2024-10-26 23:00:00', '2024-10-26 21:00:00', 12.880000, 74.822000, 'Incident reported at Urwa Police Station. Initial investigation launched by IO Anil Gowda.');
INSERT INTO Inv_OccuranceTime (CaseMasterID, IncidentFromDate, IncidentToDate, latitude, longitude, PlaceOfOccurrence) VALUES (501, '2024-10-26 21:00:00', '2024-10-26 23:00:00', 12.880000, 74.822000, 'Near Junction, Urwa');
INSERT INTO ComplainantDetails (ComplainantID, CaseMasterID, ComplainantName, AgeYear, OccupationID, ReligionID, CasteID, GenderID) VALUES (501, 501, 'Nandini Naik', 63, 2, 1, 1, 1);
INSERT INTO ActSectionAssociation (CaseMasterID, ActID, SectionID, ActOrderID, SectionOrderID) VALUES (501, 'IPC', '379', 1, 1);
INSERT INTO Victim (VictimMasterID, CaseMasterID, VictimName, AgeYear, GenderID, VictimPolice) VALUES (501, 501, 'Sangeetha Hegde', 42, 1, '0');
INSERT INTO Accused (AccusedMasterID, CaseMasterID, AccusedName, AgeYear, GenderID, PersonID) VALUES (671, 501, 'Babloo Khan', 21, 1, 'A1');
INSERT INTO Accused (AccusedMasterID, CaseMasterID, AccusedName, AgeYear, GenderID, PersonID) VALUES (672, 501, 'Dharma Reddy', 21, 1, 'A2');
INSERT INTO ChargesheetDetails (CSID, CaseMasterID, csdate, cstype, PolicePersonID) VALUES (169, 501, '2024-10-26 21:00:00', 'A', 21);
INSERT INTO CaseMaster (CaseMasterID, CrimeNo, CaseNo, CrimeRegisteredDate, PolicePersonID, PoliceStationID, CaseCategoryID, GravityOffenceID, CrimeMajorHeadID, CrimeMinorHeadID, CaseStatusID, CourtID, IncidentFromDate, IncidentToDate, InfoReceivedPSDate, latitude, longitude, BriefFacts) VALUES (502, '100040012202400502', '202400502', '2024-11-27', 23, 12, 2, 1, 1, 2, 2, 4, '2024-11-27 22:00:00', '2024-11-27 00:00:00', '2024-11-27 22:00:00', 15.344000, 75.133000, 'Incident reported at Suburban Police Station Hubballi. Initial investigation launched by IO Basavaraj Rao.');
INSERT INTO Inv_OccuranceTime (CaseMasterID, IncidentFromDate, IncidentToDate, latitude, longitude, PlaceOfOccurrence) VALUES (502, '2024-11-27 22:00:00', '2024-11-27 00:00:00', 15.344000, 75.133000, 'Near Junction, Suburban Hubballi');
INSERT INTO ComplainantDetails (ComplainantID, CaseMasterID, ComplainantName, AgeYear, OccupationID, ReligionID, CasteID, GenderID) VALUES (502, 502, 'Bharath Bhat', 28, 2, 1, 1, 1);
INSERT INTO ActSectionAssociation (CaseMasterID, ActID, SectionID, ActOrderID, SectionOrderID) VALUES (502, 'IPC', '379', 1, 1);
INSERT INTO Victim (VictimMasterID, CaseMasterID, VictimName, AgeYear, GenderID, VictimPolice) VALUES (502, 502, 'Chaitra Joshi', 22, 1, '0');
INSERT INTO Accused (AccusedMasterID, CaseMasterID, AccusedName, AgeYear, GenderID, PersonID) VALUES (673, 502, 'Pandu Salim', 24, 1, 'A1');
INSERT INTO ArrestSurrender (ArrestSurrenderID, CaseMasterID, ArrestSurrenderTypeID, ArrestSurrenderDate, ArrestSurrenderStateId, ArrestSurrenderDistrictId, PoliceStationID, IOID, CourtID, AccusedMasterID, IsAccused, IsComplainantAccused) VALUES (254, 502, 1, '2024-11-27', 1, 4, 12, 23, 4, 673, 1, 0);
INSERT INTO inv_arrestsurrenderaccused (ArrestSurrenderID, AccusedMasterID) VALUES (254, 673);
INSERT INTO CaseMaster (CaseMasterID, CrimeNo, CaseNo, CrimeRegisteredDate, PolicePersonID, PoliceStationID, CaseCategoryID, GravityOffenceID, CrimeMajorHeadID, CrimeMinorHeadID, CaseStatusID, CourtID, IncidentFromDate, IncidentToDate, InfoReceivedPSDate, latitude, longitude, BriefFacts) VALUES (503, '100050016202400503', '202400503', '2024-12-28', 31, 16, 3, 2, 1, 3, 3, 5, '2024-12-28 23:00:00', '2024-12-28 01:00:00', '2024-12-28 23:00:00', 15.837000, 74.501000, 'Incident reported at Tilakwadi Police Station. Initial investigation launched by IO Prakash Patil.');
INSERT INTO Inv_OccuranceTime (CaseMasterID, IncidentFromDate, IncidentToDate, latitude, longitude, PlaceOfOccurrence) VALUES (503, '2024-12-28 23:00:00', '2024-12-28 01:00:00', 15.837000, 74.501000, 'Near Junction, Tilakwadi');
INSERT INTO ComplainantDetails (ComplainantID, CaseMasterID, ComplainantName, AgeYear, OccupationID, ReligionID, CasteID, GenderID) VALUES (503, 503, 'Eshwar Shetty', 41, 2, 1, 1, 1);
INSERT INTO ActSectionAssociation (CaseMasterID, ActID, SectionID, ActOrderID, SectionOrderID) VALUES (503, 'IPC', '379', 1, 1);
INSERT INTO Victim (VictimMasterID, CaseMasterID, VictimName, AgeYear, GenderID, VictimPolice) VALUES (503, 503, 'Nikhil Naik', 53, 1, '0');
INSERT INTO Accused (AccusedMasterID, CaseMasterID, AccusedName, AgeYear, GenderID, PersonID) VALUES (674, 503, 'Vicky Singh', 35, 1, 'A1');
INSERT INTO CaseMaster (CaseMasterID, CrimeNo, CaseNo, CrimeRegisteredDate, PolicePersonID, PoliceStationID, CaseCategoryID, GravityOffenceID, CrimeMajorHeadID, CrimeMinorHeadID, CaseStatusID, CourtID, IncidentFromDate, IncidentToDate, InfoReceivedPSDate, latitude, longitude, BriefFacts) VALUES (504, '100060018202400504', '202400504', '2024-01-01', 35, 18, 4, 3, 2, 4, 4, 6, '2024-01-01 00:00:00', '2024-01-01 02:00:00', '2024-01-01 00:00:00', 17.323000, 76.828000, 'Incident reported at Station Bazar Police Station. Initial investigation launched by IO Mahesh Bhat.');
INSERT INTO Inv_OccuranceTime (CaseMasterID, IncidentFromDate, IncidentToDate, latitude, longitude, PlaceOfOccurrence) VALUES (504, '2024-01-01 00:00:00', '2024-01-01 02:00:00', 17.323000, 76.828000, 'Near Junction, Station Bazar');
INSERT INTO ComplainantDetails (ComplainantID, CaseMasterID, ComplainantName, AgeYear, OccupationID, ReligionID, CasteID, GenderID) VALUES (504, 504, 'Kavitha Kulkarni', 37, 2, 1, 1, 1);
INSERT INTO ActSectionAssociation (CaseMasterID, ActID, SectionID, ActOrderID, SectionOrderID) VALUES (504, 'IPC', '302', 1, 1);
INSERT INTO Victim (VictimMasterID, CaseMasterID, VictimName, AgeYear, GenderID, VictimPolice) VALUES (504, 504, 'Chaitra Gowda', 50, 1, '0');
INSERT INTO Accused (AccusedMasterID, CaseMasterID, AccusedName, AgeYear, GenderID, PersonID) VALUES (675, 504, 'Pandu Pashan', 42, 1, 'A1');
INSERT INTO Accused (AccusedMasterID, CaseMasterID, AccusedName, AgeYear, GenderID, PersonID) VALUES (676, 504, 'Dharma Reddy', 27, 1, 'A2');
INSERT INTO ArrestSurrender (ArrestSurrenderID, CaseMasterID, ArrestSurrenderTypeID, ArrestSurrenderDate, ArrestSurrenderStateId, ArrestSurrenderDistrictId, PoliceStationID, IOID, CourtID, AccusedMasterID, IsAccused, IsComplainantAccused) VALUES (255, 504, 1, '2024-01-01', 1, 6, 18, 35, 6, 675, 1, 0);
INSERT INTO inv_arrestsurrenderaccused (ArrestSurrenderID, AccusedMasterID) VALUES (255, 675);
INSERT INTO inv_arrestsurrenderaccused (ArrestSurrenderID, AccusedMasterID) VALUES (255, 676);
INSERT INTO ChargesheetDetails (CSID, CaseMasterID, csdate, cstype, PolicePersonID) VALUES (170, 504, '2024-01-01 00:00:00', 'A', 35);
INSERT INTO CaseMaster (CaseMasterID, CrimeNo, CaseNo, CrimeRegisteredDate, PolicePersonID, PoliceStationID, CaseCategoryID, GravityOffenceID, CrimeMajorHeadID, CrimeMinorHeadID, CaseStatusID, CourtID, IncidentFromDate, IncidentToDate, InfoReceivedPSDate, latitude, longitude, BriefFacts) VALUES (505, '100010005202400505', '202400505', '2024-02-02', 9, 5, 1, 1, 2, 5, 5, 1, '2024-02-02 01:00:00', '2024-02-02 03:00:00', '2024-02-02 01:00:00', 12.998100, 77.559300, 'Incident reported at Malleshwaram Police Station. Initial investigation launched by IO Santosh Shetty.');
INSERT INTO Inv_OccuranceTime (CaseMasterID, IncidentFromDate, IncidentToDate, latitude, longitude, PlaceOfOccurrence) VALUES (505, '2024-02-02 01:00:00', '2024-02-02 03:00:00', 12.998100, 77.559300, 'Near Junction, Malleshwaram');
INSERT INTO ComplainantDetails (ComplainantID, CaseMasterID, ComplainantName, AgeYear, OccupationID, ReligionID, CasteID, GenderID) VALUES (505, 505, 'Chetan Rao', 42, 2, 1, 1, 1);
INSERT INTO ActSectionAssociation (CaseMasterID, ActID, SectionID, ActOrderID, SectionOrderID) VALUES (505, 'IPC', '302', 1, 1);
INSERT INTO Victim (VictimMasterID, CaseMasterID, VictimName, AgeYear, GenderID, VictimPolice) VALUES (505, 505, 'Arun Gowda', 23, 1, '0');
INSERT INTO Accused (AccusedMasterID, CaseMasterID, AccusedName, AgeYear, GenderID, PersonID) VALUES (677, 505, 'Pandu Salim', 25, 1, 'A1');
INSERT INTO CaseMaster (CaseMasterID, CrimeNo, CaseNo, CrimeRegisteredDate, PolicePersonID, PoliceStationID, CaseCategoryID, GravityOffenceID, CrimeMajorHeadID, CrimeMinorHeadID, CaseStatusID, CourtID, IncidentFromDate, IncidentToDate, InfoReceivedPSDate, latitude, longitude, BriefFacts) VALUES (506, '100020007202400506', '202400506', '2024-03-03', 13, 7, 2, 2, 3, 6, 1, 2, '2024-03-03 02:00:00', '2024-03-03 04:00:00', '2024-03-03 02:00:00', 12.308000, 76.654000, 'Incident reported at Lashkar Police Station. Initial investigation launched by IO Anil Kulkarni.');
INSERT INTO Inv_OccuranceTime (CaseMasterID, IncidentFromDate, IncidentToDate, latitude, longitude, PlaceOfOccurrence) VALUES (506, '2024-03-03 02:00:00', '2024-03-03 04:00:00', 12.308000, 76.654000, 'Near Junction, Lashkar');
INSERT INTO ComplainantDetails (ComplainantID, CaseMasterID, ComplainantName, AgeYear, OccupationID, ReligionID, CasteID, GenderID) VALUES (506, 506, 'Girish Murthy', 62, 2, 1, 1, 1);
INSERT INTO ActSectionAssociation (CaseMasterID, ActID, SectionID, ActOrderID, SectionOrderID) VALUES (506, 'IT_ACT', '66D', 1, 1);
INSERT INTO Victim (VictimMasterID, CaseMasterID, VictimName, AgeYear, GenderID, VictimPolice) VALUES (506, 506, 'Sangeetha Gowda', 21, 1, '0');
INSERT INTO Accused (AccusedMasterID, CaseMasterID, AccusedName, AgeYear, GenderID, PersonID) VALUES (678, 506, 'Jagga Salim', 30, 1, 'A1');
INSERT INTO ArrestSurrender (ArrestSurrenderID, CaseMasterID, ArrestSurrenderTypeID, ArrestSurrenderDate, ArrestSurrenderStateId, ArrestSurrenderDistrictId, PoliceStationID, IOID, CourtID, AccusedMasterID, IsAccused, IsComplainantAccused) VALUES (256, 506, 1, '2024-03-03', 1, 2, 7, 13, 2, 678, 1, 0);
INSERT INTO inv_arrestsurrenderaccused (ArrestSurrenderID, AccusedMasterID) VALUES (256, 678);
INSERT INTO CaseMaster (CaseMasterID, CrimeNo, CaseNo, CrimeRegisteredDate, PolicePersonID, PoliceStationID, CaseCategoryID, GravityOffenceID, CrimeMajorHeadID, CrimeMinorHeadID, CaseStatusID, CourtID, IncidentFromDate, IncidentToDate, InfoReceivedPSDate, latitude, longitude, BriefFacts) VALUES (507, '100030011202400507', '202400507', '2024-04-04', 21, 11, 3, 3, 3, 7, 2, 3, '2024-04-04 03:00:00', '2024-04-04 05:00:00', '2024-04-04 03:00:00', 12.886000, 74.828000, 'Incident reported at Urwa Police Station. Initial investigation launched by IO Anil Gowda.');
INSERT INTO Inv_OccuranceTime (CaseMasterID, IncidentFromDate, IncidentToDate, latitude, longitude, PlaceOfOccurrence) VALUES (507, '2024-04-04 03:00:00', '2024-04-04 05:00:00', 12.886000, 74.828000, 'Near Junction, Urwa');
INSERT INTO ComplainantDetails (ComplainantID, CaseMasterID, ComplainantName, AgeYear, OccupationID, ReligionID, CasteID, GenderID) VALUES (507, 507, 'Jagadish Hegde', 62, 2, 1, 1, 1);
INSERT INTO ActSectionAssociation (CaseMasterID, ActID, SectionID, ActOrderID, SectionOrderID) VALUES (507, 'IT_ACT', '66D', 1, 1);
INSERT INTO Victim (VictimMasterID, CaseMasterID, VictimName, AgeYear, GenderID, VictimPolice) VALUES (507, 507, 'Ganesh Murthy', 44, 1, '0');
INSERT INTO Accused (AccusedMasterID, CaseMasterID, AccusedName, AgeYear, GenderID, PersonID) VALUES (679, 507, 'Imtiaz Reddy', 38, 1, 'A1');
INSERT INTO Accused (AccusedMasterID, CaseMasterID, AccusedName, AgeYear, GenderID, PersonID) VALUES (680, 507, 'Mantu Khan', 38, 1, 'A2');
INSERT INTO ChargesheetDetails (CSID, CaseMasterID, csdate, cstype, PolicePersonID) VALUES (171, 507, '2024-04-04 03:00:00', 'A', 21);
INSERT INTO CaseMaster (CaseMasterID, CrimeNo, CaseNo, CrimeRegisteredDate, PolicePersonID, PoliceStationID, CaseCategoryID, GravityOffenceID, CrimeMajorHeadID, CrimeMinorHeadID, CaseStatusID, CourtID, IncidentFromDate, IncidentToDate, InfoReceivedPSDate, latitude, longitude, BriefFacts) VALUES (508, '100040012202400508', '202400508', '2024-05-05', 23, 12, 4, 1, 4, 8, 3, 4, '2024-05-05 04:00:00', '2024-05-05 06:00:00', '2024-05-05 04:00:00', 15.350000, 75.139000, 'Incident reported at Suburban Police Station Hubballi. Initial investigation launched by IO Basavaraj Rao.');
INSERT INTO Inv_OccuranceTime (CaseMasterID, IncidentFromDate, IncidentToDate, latitude, longitude, PlaceOfOccurrence) VALUES (508, '2024-05-05 04:00:00', '2024-05-05 06:00:00', 15.350000, 75.139000, 'Near Junction, Suburban Hubballi');
INSERT INTO ComplainantDetails (ComplainantID, CaseMasterID, ComplainantName, AgeYear, OccupationID, ReligionID, CasteID, GenderID) VALUES (508, 508, 'Jagadish Naik', 57, 2, 1, 1, 1);
INSERT INTO ActSectionAssociation (CaseMasterID, ActID, SectionID, ActOrderID, SectionOrderID) VALUES (508, 'IPC', '420', 1, 1);
INSERT INTO Victim (VictimMasterID, CaseMasterID, VictimName, AgeYear, GenderID, VictimPolice) VALUES (508, 508, 'Bhavya Gowda', 39, 1, '0');
INSERT INTO Accused (AccusedMasterID, CaseMasterID, AccusedName, AgeYear, GenderID, PersonID) VALUES (681, 508, 'Mantu Reddy', 45, 1, 'A1');
INSERT INTO ArrestSurrender (ArrestSurrenderID, CaseMasterID, ArrestSurrenderTypeID, ArrestSurrenderDate, ArrestSurrenderStateId, ArrestSurrenderDistrictId, PoliceStationID, IOID, CourtID, AccusedMasterID, IsAccused, IsComplainantAccused) VALUES (257, 508, 1, '2024-05-05', 1, 4, 12, 23, 4, 681, 1, 0);
INSERT INTO inv_arrestsurrenderaccused (ArrestSurrenderID, AccusedMasterID) VALUES (257, 681);
INSERT INTO CaseMaster (CaseMasterID, CrimeNo, CaseNo, CrimeRegisteredDate, PolicePersonID, PoliceStationID, CaseCategoryID, GravityOffenceID, CrimeMajorHeadID, CrimeMinorHeadID, CaseStatusID, CourtID, IncidentFromDate, IncidentToDate, InfoReceivedPSDate, latitude, longitude, BriefFacts) VALUES (509, '100050016202400509', '202400509', '2024-06-06', 31, 16, 1, 2, 5, 9, 4, 5, '2024-06-06 05:00:00', '2024-06-06 07:00:00', '2024-06-06 05:00:00', 15.843000, 74.507000, 'Incident reported at Tilakwadi Police Station. Initial investigation launched by IO Prakash Patil.');
INSERT INTO Inv_OccuranceTime (CaseMasterID, IncidentFromDate, IncidentToDate, latitude, longitude, PlaceOfOccurrence) VALUES (509, '2024-06-06 05:00:00', '2024-06-06 07:00:00', 15.843000, 74.507000, 'Near Junction, Tilakwadi');
INSERT INTO ComplainantDetails (ComplainantID, CaseMasterID, ComplainantName, AgeYear, OccupationID, ReligionID, CasteID, GenderID) VALUES (509, 509, 'Suma Kulkarni', 36, 2, 1, 1, 1);
INSERT INTO ActSectionAssociation (CaseMasterID, ActID, SectionID, ActOrderID, SectionOrderID) VALUES (509, 'NDPS', '20', 1, 1);
INSERT INTO Victim (VictimMasterID, CaseMasterID, VictimName, AgeYear, GenderID, VictimPolice) VALUES (509, 509, 'Divya Gowda', 30, 1, '0');
INSERT INTO Accused (AccusedMasterID, CaseMasterID, AccusedName, AgeYear, GenderID, PersonID) VALUES (682, 509, 'Tukaram Verma', 40, 1, 'A1');
INSERT INTO CaseMaster (CaseMasterID, CrimeNo, CaseNo, CrimeRegisteredDate, PolicePersonID, PoliceStationID, CaseCategoryID, GravityOffenceID, CrimeMajorHeadID, CrimeMinorHeadID, CaseStatusID, CourtID, IncidentFromDate, IncidentToDate, InfoReceivedPSDate, latitude, longitude, BriefFacts) VALUES (510, '100060018202400510', '202400510', '2024-07-07', 35, 18, 2, 3, 1, 10, 5, 6, '2024-07-07 06:00:00', '2024-07-07 08:00:00', '2024-07-07 06:00:00', 17.329000, 76.834000, 'Incident reported at Station Bazar Police Station. Initial investigation launched by IO Mahesh Bhat.');
INSERT INTO Inv_OccuranceTime (CaseMasterID, IncidentFromDate, IncidentToDate, latitude, longitude, PlaceOfOccurrence) VALUES (510, '2024-07-07 06:00:00', '2024-07-07 08:00:00', 17.329000, 76.834000, 'Near Junction, Station Bazar');
INSERT INTO ComplainantDetails (ComplainantID, CaseMasterID, ComplainantName, AgeYear, OccupationID, ReligionID, CasteID, GenderID) VALUES (510, 510, 'Kavitha Shetty', 58, 2, 1, 1, 1);
INSERT INTO ActSectionAssociation (CaseMasterID, ActID, SectionID, ActOrderID, SectionOrderID) VALUES (510, 'IPC', '379', 1, 1);
INSERT INTO Victim (VictimMasterID, CaseMasterID, VictimName, AgeYear, GenderID, VictimPolice) VALUES (510, 510, 'Praveen Hegde', 29, 1, '0');
INSERT INTO Accused (AccusedMasterID, CaseMasterID, AccusedName, AgeYear, GenderID, PersonID) VALUES (683, 510, 'Yogesh Reddy', 20, 1, 'A1');
INSERT INTO Accused (AccusedMasterID, CaseMasterID, AccusedName, AgeYear, GenderID, PersonID) VALUES (684, 510, 'Tukaram Kumar', 37, 1, 'A2');
INSERT INTO ArrestSurrender (ArrestSurrenderID, CaseMasterID, ArrestSurrenderTypeID, ArrestSurrenderDate, ArrestSurrenderStateId, ArrestSurrenderDistrictId, PoliceStationID, IOID, CourtID, AccusedMasterID, IsAccused, IsComplainantAccused) VALUES (258, 510, 1, '2024-07-07', 1, 6, 18, 35, 6, 683, 1, 0);
INSERT INTO inv_arrestsurrenderaccused (ArrestSurrenderID, AccusedMasterID) VALUES (258, 683);
INSERT INTO inv_arrestsurrenderaccused (ArrestSurrenderID, AccusedMasterID) VALUES (258, 684);
INSERT INTO ChargesheetDetails (CSID, CaseMasterID, csdate, cstype, PolicePersonID) VALUES (172, 510, '2024-07-07 06:00:00', 'A', 35);
INSERT INTO CaseMaster (CaseMasterID, CrimeNo, CaseNo, CrimeRegisteredDate, PolicePersonID, PoliceStationID, CaseCategoryID, GravityOffenceID, CrimeMajorHeadID, CrimeMinorHeadID, CaseStatusID, CourtID, IncidentFromDate, IncidentToDate, InfoReceivedPSDate, latitude, longitude, BriefFacts) VALUES (511, '100010001202400511', '202400511', '2024-08-08', 1, 1, 3, 1, 1, 1, 1, 1, '2024-08-08 07:00:00', '2024-08-08 09:00:00', '2024-08-08 07:00:00', 12.979400, 77.641800, 'Incident reported at Indiranagar Police Station. Initial investigation launched by IO Suresh Rao.');
INSERT INTO Inv_OccuranceTime (CaseMasterID, IncidentFromDate, IncidentToDate, latitude, longitude, PlaceOfOccurrence) VALUES (511, '2024-08-08 07:00:00', '2024-08-08 09:00:00', 12.979400, 77.641800, 'Near Junction, Indiranagar');
INSERT INTO ComplainantDetails (ComplainantID, CaseMasterID, ComplainantName, AgeYear, OccupationID, ReligionID, CasteID, GenderID) VALUES (511, 511, 'Kavitha Bhat', 59, 2, 1, 1, 1);
INSERT INTO ActSectionAssociation (CaseMasterID, ActID, SectionID, ActOrderID, SectionOrderID) VALUES (511, 'IPC', '379', 1, 1);
INSERT INTO Victim (VictimMasterID, CaseMasterID, VictimName, AgeYear, GenderID, VictimPolice) VALUES (511, 511, 'Manoj Rao', 46, 1, '0');
INSERT INTO Accused (AccusedMasterID, CaseMasterID, AccusedName, AgeYear, GenderID, PersonID) VALUES (685, 511, 'Yogesh Reddy', 24, 1, 'A1');
INSERT INTO CaseMaster (CaseMasterID, CrimeNo, CaseNo, CrimeRegisteredDate, PolicePersonID, PoliceStationID, CaseCategoryID, GravityOffenceID, CrimeMajorHeadID, CrimeMinorHeadID, CaseStatusID, CourtID, IncidentFromDate, IncidentToDate, InfoReceivedPSDate, latitude, longitude, BriefFacts) VALUES (512, '100020007202400512', '202400512', '2024-09-09', 13, 7, 4, 2, 1, 2, 2, 2, '2024-09-09 08:00:00', '2024-09-09 10:00:00', '2024-09-09 08:00:00', 12.314000, 76.660000, 'Incident reported at Lashkar Police Station. Initial investigation launched by IO Anil Kulkarni.');
INSERT INTO Inv_OccuranceTime (CaseMasterID, IncidentFromDate, IncidentToDate, latitude, longitude, PlaceOfOccurrence) VALUES (512, '2024-09-09 08:00:00', '2024-09-09 10:00:00', 12.314000, 76.660000, 'Near Junction, Lashkar');
INSERT INTO ComplainantDetails (ComplainantID, CaseMasterID, ComplainantName, AgeYear, OccupationID, ReligionID, CasteID, GenderID) VALUES (512, 512, 'Suma Naik', 46, 2, 1, 1, 1);
INSERT INTO ActSectionAssociation (CaseMasterID, ActID, SectionID, ActOrderID, SectionOrderID) VALUES (512, 'IPC', '379', 1, 1);
INSERT INTO Victim (VictimMasterID, CaseMasterID, VictimName, AgeYear, GenderID, VictimPolice) VALUES (512, 512, 'Praveen Naik', 29, 1, '0');
INSERT INTO Accused (AccusedMasterID, CaseMasterID, AccusedName, AgeYear, GenderID, PersonID) VALUES (686, 512, 'Shiva Verma', 22, 1, 'A1');
INSERT INTO ArrestSurrender (ArrestSurrenderID, CaseMasterID, ArrestSurrenderTypeID, ArrestSurrenderDate, ArrestSurrenderStateId, ArrestSurrenderDistrictId, PoliceStationID, IOID, CourtID, AccusedMasterID, IsAccused, IsComplainantAccused) VALUES (259, 512, 1, '2024-09-09', 1, 2, 7, 13, 2, 686, 1, 0);
INSERT INTO inv_arrestsurrenderaccused (ArrestSurrenderID, AccusedMasterID) VALUES (259, 686);
INSERT INTO CaseMaster (CaseMasterID, CrimeNo, CaseNo, CrimeRegisteredDate, PolicePersonID, PoliceStationID, CaseCategoryID, GravityOffenceID, CrimeMajorHeadID, CrimeMinorHeadID, CaseStatusID, CourtID, IncidentFromDate, IncidentToDate, InfoReceivedPSDate, latitude, longitude, BriefFacts) VALUES (513, '100030011202400513', '202400513', '2024-10-10', 21, 11, 1, 3, 1, 3, 3, 3, '2024-10-10 09:00:00', '2024-10-10 11:00:00', '2024-10-10 09:00:00', 12.892000, 74.834000, 'Incident reported at Urwa Police Station. Initial investigation launched by IO Anil Gowda.');
INSERT INTO Inv_OccuranceTime (CaseMasterID, IncidentFromDate, IncidentToDate, latitude, longitude, PlaceOfOccurrence) VALUES (513, '2024-10-10 09:00:00', '2024-10-10 11:00:00', 12.892000, 74.834000, 'Near Junction, Urwa');
INSERT INTO ComplainantDetails (ComplainantID, CaseMasterID, ComplainantName, AgeYear, OccupationID, ReligionID, CasteID, GenderID) VALUES (513, 513, 'Chetan Hegde', 48, 2, 1, 1, 1);
INSERT INTO ActSectionAssociation (CaseMasterID, ActID, SectionID, ActOrderID, SectionOrderID) VALUES (513, 'IPC', '379', 1, 1);
INSERT INTO Victim (VictimMasterID, CaseMasterID, VictimName, AgeYear, GenderID, VictimPolice) VALUES (513, 513, 'Kiran Gowda', 55, 1, '0');
INSERT INTO Accused (AccusedMasterID, CaseMasterID, AccusedName, AgeYear, GenderID, PersonID) VALUES (687, 513, 'Altaf Kumar', 35, 1, 'A1');
INSERT INTO Accused (AccusedMasterID, CaseMasterID, AccusedName, AgeYear, GenderID, PersonID) VALUES (688, 513, 'Babloo Verma', 24, 1, 'A2');
INSERT INTO ChargesheetDetails (CSID, CaseMasterID, csdate, cstype, PolicePersonID) VALUES (173, 513, '2024-10-10 09:00:00', 'A', 21);
INSERT INTO CaseMaster (CaseMasterID, CrimeNo, CaseNo, CrimeRegisteredDate, PolicePersonID, PoliceStationID, CaseCategoryID, GravityOffenceID, CrimeMajorHeadID, CrimeMinorHeadID, CaseStatusID, CourtID, IncidentFromDate, IncidentToDate, InfoReceivedPSDate, latitude, longitude, BriefFacts) VALUES (514, '100040012202400514', '202400514', '2024-11-11', 23, 12, 2, 1, 2, 4, 4, 4, '2024-11-11 10:00:00', '2024-11-11 12:00:00', '2024-11-11 10:00:00', 15.356000, 75.145000, 'Incident reported at Suburban Police Station Hubballi. Initial investigation launched by IO Basavaraj Rao.');
INSERT INTO Inv_OccuranceTime (CaseMasterID, IncidentFromDate, IncidentToDate, latitude, longitude, PlaceOfOccurrence) VALUES (514, '2024-11-11 10:00:00', '2024-11-11 12:00:00', 15.356000, 75.145000, 'Near Junction, Suburban Hubballi');
INSERT INTO ComplainantDetails (ComplainantID, CaseMasterID, ComplainantName, AgeYear, OccupationID, ReligionID, CasteID, GenderID) VALUES (514, 514, 'Deepak Deshpande', 61, 2, 1, 1, 1);
INSERT INTO ActSectionAssociation (CaseMasterID, ActID, SectionID, ActOrderID, SectionOrderID) VALUES (514, 'IPC', '302', 1, 1);
INSERT INTO Victim (VictimMasterID, CaseMasterID, VictimName, AgeYear, GenderID, VictimPolice) VALUES (514, 514, 'Sangeetha Shetty', 50, 1, '0');
INSERT INTO Accused (AccusedMasterID, CaseMasterID, AccusedName, AgeYear, GenderID, PersonID) VALUES (689, 514, 'Dharma Singh', 23, 1, 'A1');
INSERT INTO ArrestSurrender (ArrestSurrenderID, CaseMasterID, ArrestSurrenderTypeID, ArrestSurrenderDate, ArrestSurrenderStateId, ArrestSurrenderDistrictId, PoliceStationID, IOID, CourtID, AccusedMasterID, IsAccused, IsComplainantAccused) VALUES (260, 514, 1, '2024-11-11', 1, 4, 12, 23, 4, 689, 1, 0);
INSERT INTO inv_arrestsurrenderaccused (ArrestSurrenderID, AccusedMasterID) VALUES (260, 689);
INSERT INTO CaseMaster (CaseMasterID, CrimeNo, CaseNo, CrimeRegisteredDate, PolicePersonID, PoliceStationID, CaseCategoryID, GravityOffenceID, CrimeMajorHeadID, CrimeMinorHeadID, CaseStatusID, CourtID, IncidentFromDate, IncidentToDate, InfoReceivedPSDate, latitude, longitude, BriefFacts) VALUES (515, '100050016202400515', '202400515', '2024-12-12', 31, 16, 3, 2, 2, 5, 5, 5, '2024-12-12 11:00:00', '2024-12-12 13:00:00', '2024-12-12 11:00:00', 15.849000, 74.513000, 'Incident reported at Tilakwadi Police Station. Initial investigation launched by IO Prakash Patil.');
INSERT INTO Inv_OccuranceTime (CaseMasterID, IncidentFromDate, IncidentToDate, latitude, longitude, PlaceOfOccurrence) VALUES (515, '2024-12-12 11:00:00', '2024-12-12 13:00:00', 15.849000, 74.513000, 'Near Junction, Tilakwadi');
INSERT INTO ComplainantDetails (ComplainantID, CaseMasterID, ComplainantName, AgeYear, OccupationID, ReligionID, CasteID, GenderID) VALUES (515, 515, 'Latha Deshpande', 48, 2, 1, 1, 1);
INSERT INTO ActSectionAssociation (CaseMasterID, ActID, SectionID, ActOrderID, SectionOrderID) VALUES (515, 'IPC', '302', 1, 1);
INSERT INTO Victim (VictimMasterID, CaseMasterID, VictimName, AgeYear, GenderID, VictimPolice) VALUES (515, 515, 'Arun Joshi', 28, 1, '0');
INSERT INTO Accused (AccusedMasterID, CaseMasterID, AccusedName, AgeYear, GenderID, PersonID) VALUES (690, 515, 'Jagga Khan', 40, 1, 'A1');
INSERT INTO CaseMaster (CaseMasterID, CrimeNo, CaseNo, CrimeRegisteredDate, PolicePersonID, PoliceStationID, CaseCategoryID, GravityOffenceID, CrimeMajorHeadID, CrimeMinorHeadID, CaseStatusID, CourtID, IncidentFromDate, IncidentToDate, InfoReceivedPSDate, latitude, longitude, BriefFacts) VALUES (516, '100060018202400516', '202400516', '2024-01-13', 35, 18, 4, 3, 3, 6, 1, 6, '2024-01-13 12:00:00', '2024-01-13 14:00:00', '2024-01-13 12:00:00', 17.335000, 76.840000, 'Incident reported at Station Bazar Police Station. Initial investigation launched by IO Mahesh Bhat.');
INSERT INTO Inv_OccuranceTime (CaseMasterID, IncidentFromDate, IncidentToDate, latitude, longitude, PlaceOfOccurrence) VALUES (516, '2024-01-13 12:00:00', '2024-01-13 14:00:00', 17.335000, 76.840000, 'Near Junction, Station Bazar');
INSERT INTO ComplainantDetails (ComplainantID, CaseMasterID, ComplainantName, AgeYear, OccupationID, ReligionID, CasteID, GenderID) VALUES (516, 516, 'Girish Murthy', 63, 2, 1, 1, 1);
INSERT INTO ActSectionAssociation (CaseMasterID, ActID, SectionID, ActOrderID, SectionOrderID) VALUES (516, 'IT_ACT', '66D', 1, 1);
INSERT INTO Victim (VictimMasterID, CaseMasterID, VictimName, AgeYear, GenderID, VictimPolice) VALUES (516, 516, 'Praveen Shetty', 37, 1, '0');
INSERT INTO Accused (AccusedMasterID, CaseMasterID, AccusedName, AgeYear, GenderID, PersonID) VALUES (691, 516, 'Imtiaz Pashan', 35, 1, 'A1');
INSERT INTO Accused (AccusedMasterID, CaseMasterID, AccusedName, AgeYear, GenderID, PersonID) VALUES (692, 516, 'Altaf Salim', 24, 1, 'A2');
INSERT INTO ArrestSurrender (ArrestSurrenderID, CaseMasterID, ArrestSurrenderTypeID, ArrestSurrenderDate, ArrestSurrenderStateId, ArrestSurrenderDistrictId, PoliceStationID, IOID, CourtID, AccusedMasterID, IsAccused, IsComplainantAccused) VALUES (261, 516, 1, '2024-01-13', 1, 6, 18, 35, 6, 691, 1, 0);
INSERT INTO inv_arrestsurrenderaccused (ArrestSurrenderID, AccusedMasterID) VALUES (261, 691);
INSERT INTO inv_arrestsurrenderaccused (ArrestSurrenderID, AccusedMasterID) VALUES (261, 692);
INSERT INTO ChargesheetDetails (CSID, CaseMasterID, csdate, cstype, PolicePersonID) VALUES (174, 516, '2024-01-13 12:00:00', 'A', 35);
INSERT INTO CaseMaster (CaseMasterID, CrimeNo, CaseNo, CrimeRegisteredDate, PolicePersonID, PoliceStationID, CaseCategoryID, GravityOffenceID, CrimeMajorHeadID, CrimeMinorHeadID, CaseStatusID, CourtID, IncidentFromDate, IncidentToDate, InfoReceivedPSDate, latitude, longitude, BriefFacts) VALUES (517, '100010002202400517', '202400517', '2024-02-14', 3, 2, 1, 1, 3, 7, 2, 1, '2024-02-14 13:00:00', '2024-02-14 15:00:00', '2024-02-14 13:00:00', 12.942200, 77.631500, 'Incident reported at Koramangala Police Station. Initial investigation launched by IO Ganesh Nayak.');
INSERT INTO Inv_OccuranceTime (CaseMasterID, IncidentFromDate, IncidentToDate, latitude, longitude, PlaceOfOccurrence) VALUES (517, '2024-02-14 13:00:00', '2024-02-14 15:00:00', 12.942200, 77.631500, 'Near Junction, Koramangala');
INSERT INTO ComplainantDetails (ComplainantID, CaseMasterID, ComplainantName, AgeYear, OccupationID, ReligionID, CasteID, GenderID) VALUES (517, 517, 'Girish Murthy', 33, 2, 1, 1, 1);
INSERT INTO ActSectionAssociation (CaseMasterID, ActID, SectionID, ActOrderID, SectionOrderID) VALUES (517, 'IT_ACT', '66D', 1, 1);
INSERT INTO Victim (VictimMasterID, CaseMasterID, VictimName, AgeYear, GenderID, VictimPolice) VALUES (517, 517, 'Manoj Bhat', 27, 1, '0');
INSERT INTO Accused (AccusedMasterID, CaseMasterID, AccusedName, AgeYear, GenderID, PersonID) VALUES (693, 517, 'Jagga Singh', 28, 1, 'A1');
INSERT INTO CaseMaster (CaseMasterID, CrimeNo, CaseNo, CrimeRegisteredDate, PolicePersonID, PoliceStationID, CaseCategoryID, GravityOffenceID, CrimeMajorHeadID, CrimeMinorHeadID, CaseStatusID, CourtID, IncidentFromDate, IncidentToDate, InfoReceivedPSDate, latitude, longitude, BriefFacts) VALUES (518, '100020007202400518', '202400518', '2024-03-15', 13, 7, 2, 2, 4, 8, 3, 2, '2024-03-15 14:00:00', '2024-03-15 16:00:00', '2024-03-15 14:00:00', 12.320000, 76.666000, 'Incident reported at Lashkar Police Station. Initial investigation launched by IO Anil Kulkarni.');
INSERT INTO Inv_OccuranceTime (CaseMasterID, IncidentFromDate, IncidentToDate, latitude, longitude, PlaceOfOccurrence) VALUES (518, '2024-03-15 14:00:00', '2024-03-15 16:00:00', 12.320000, 76.666000, 'Near Junction, Lashkar');
INSERT INTO ComplainantDetails (ComplainantID, CaseMasterID, ComplainantName, AgeYear, OccupationID, ReligionID, CasteID, GenderID) VALUES (518, 518, 'Eshwar Bhat', 59, 2, 1, 1, 1);
INSERT INTO ActSectionAssociation (CaseMasterID, ActID, SectionID, ActOrderID, SectionOrderID) VALUES (518, 'IPC', '420', 1, 1);
INSERT INTO Victim (VictimMasterID, CaseMasterID, VictimName, AgeYear, GenderID, VictimPolice) VALUES (518, 518, 'Praveen Deshpande', 47, 1, '0');
INSERT INTO Accused (AccusedMasterID, CaseMasterID, AccusedName, AgeYear, GenderID, PersonID) VALUES (694, 518, 'Vicky Khan', 43, 1, 'A1');
INSERT INTO ArrestSurrender (ArrestSurrenderID, CaseMasterID, ArrestSurrenderTypeID, ArrestSurrenderDate, ArrestSurrenderStateId, ArrestSurrenderDistrictId, PoliceStationID, IOID, CourtID, AccusedMasterID, IsAccused, IsComplainantAccused) VALUES (262, 518, 1, '2024-03-15', 1, 2, 7, 13, 2, 694, 1, 0);
INSERT INTO inv_arrestsurrenderaccused (ArrestSurrenderID, AccusedMasterID) VALUES (262, 694);
INSERT INTO CaseMaster (CaseMasterID, CrimeNo, CaseNo, CrimeRegisteredDate, PolicePersonID, PoliceStationID, CaseCategoryID, GravityOffenceID, CrimeMajorHeadID, CrimeMinorHeadID, CaseStatusID, CourtID, IncidentFromDate, IncidentToDate, InfoReceivedPSDate, latitude, longitude, BriefFacts) VALUES (519, '100030011202400519', '202400519', '2024-04-16', 21, 11, 3, 3, 5, 9, 4, 3, '2024-04-16 15:00:00', '2024-04-16 17:00:00', '2024-04-16 15:00:00', 12.898000, 74.840000, 'Incident reported at Urwa Police Station. Initial investigation launched by IO Anil Gowda.');
INSERT INTO Inv_OccuranceTime (CaseMasterID, IncidentFromDate, IncidentToDate, latitude, longitude, PlaceOfOccurrence) VALUES (519, '2024-04-16 15:00:00', '2024-04-16 17:00:00', 12.898000, 74.840000, 'Near Junction, Urwa');
INSERT INTO ComplainantDetails (ComplainantID, CaseMasterID, ComplainantName, AgeYear, OccupationID, ReligionID, CasteID, GenderID) VALUES (519, 519, 'Radha Kulkarni', 58, 2, 1, 1, 1);
INSERT INTO ActSectionAssociation (CaseMasterID, ActID, SectionID, ActOrderID, SectionOrderID) VALUES (519, 'NDPS', '20', 1, 1);
INSERT INTO Victim (VictimMasterID, CaseMasterID, VictimName, AgeYear, GenderID, VictimPolice) VALUES (519, 519, 'Divya Joshi', 59, 1, '0');
INSERT INTO Accused (AccusedMasterID, CaseMasterID, AccusedName, AgeYear, GenderID, PersonID) VALUES (695, 519, 'Altaf Khan', 36, 1, 'A1');
INSERT INTO Accused (AccusedMasterID, CaseMasterID, AccusedName, AgeYear, GenderID, PersonID) VALUES (696, 519, 'Dharma Salim', 33, 1, 'A2');
INSERT INTO ChargesheetDetails (CSID, CaseMasterID, csdate, cstype, PolicePersonID) VALUES (175, 519, '2024-04-16 15:00:00', 'A', 21);
INSERT INTO CaseMaster (CaseMasterID, CrimeNo, CaseNo, CrimeRegisteredDate, PolicePersonID, PoliceStationID, CaseCategoryID, GravityOffenceID, CrimeMajorHeadID, CrimeMinorHeadID, CaseStatusID, CourtID, IncidentFromDate, IncidentToDate, InfoReceivedPSDate, latitude, longitude, BriefFacts) VALUES (520, '100040012202400520', '202400520', '2024-05-17', 23, 12, 4, 1, 1, 10, 5, 4, '2024-05-17 16:00:00', '2024-05-17 18:00:00', '2024-05-17 16:00:00', 15.342000, 75.131000, 'Incident reported at Suburban Police Station Hubballi. Initial investigation launched by IO Basavaraj Rao.');
INSERT INTO Inv_OccuranceTime (CaseMasterID, IncidentFromDate, IncidentToDate, latitude, longitude, PlaceOfOccurrence) VALUES (520, '2024-05-17 16:00:00', '2024-05-17 18:00:00', 15.342000, 75.131000, 'Near Junction, Suburban Hubballi');
INSERT INTO ComplainantDetails (ComplainantID, CaseMasterID, ComplainantName, AgeYear, OccupationID, ReligionID, CasteID, GenderID) VALUES (520, 520, 'Girish Rao', 57, 2, 1, 1, 1);
INSERT INTO ActSectionAssociation (CaseMasterID, ActID, SectionID, ActOrderID, SectionOrderID) VALUES (520, 'IPC', '379', 1, 1);
INSERT INTO Victim (VictimMasterID, CaseMasterID, VictimName, AgeYear, GenderID, VictimPolice) VALUES (520, 520, 'Kiran Murthy', 23, 1, '0');
INSERT INTO Accused (AccusedMasterID, CaseMasterID, AccusedName, AgeYear, GenderID, PersonID) VALUES (697, 520, 'Imtiaz Salim', 21, 1, 'A1');
INSERT INTO ArrestSurrender (ArrestSurrenderID, CaseMasterID, ArrestSurrenderTypeID, ArrestSurrenderDate, ArrestSurrenderStateId, ArrestSurrenderDistrictId, PoliceStationID, IOID, CourtID, AccusedMasterID, IsAccused, IsComplainantAccused) VALUES (263, 520, 1, '2024-05-17', 1, 4, 12, 23, 4, 697, 1, 0);
INSERT INTO inv_arrestsurrenderaccused (ArrestSurrenderID, AccusedMasterID) VALUES (263, 697);
INSERT INTO CaseMaster (CaseMasterID, CrimeNo, CaseNo, CrimeRegisteredDate, PolicePersonID, PoliceStationID, CaseCategoryID, GravityOffenceID, CrimeMajorHeadID, CrimeMinorHeadID, CaseStatusID, CourtID, IncidentFromDate, IncidentToDate, InfoReceivedPSDate, latitude, longitude, BriefFacts) VALUES (521, '100050016202400521', '202400521', '2024-06-18', 31, 16, 1, 2, 1, 1, 1, 5, '2024-06-18 17:00:00', '2024-06-18 19:00:00', '2024-06-18 17:00:00', 15.835000, 74.499000, 'Incident reported at Tilakwadi Police Station. Initial investigation launched by IO Prakash Patil.');
INSERT INTO Inv_OccuranceTime (CaseMasterID, IncidentFromDate, IncidentToDate, latitude, longitude, PlaceOfOccurrence) VALUES (521, '2024-06-18 17:00:00', '2024-06-18 19:00:00', 15.835000, 74.499000, 'Near Junction, Tilakwadi');
INSERT INTO ComplainantDetails (ComplainantID, CaseMasterID, ComplainantName, AgeYear, OccupationID, ReligionID, CasteID, GenderID) VALUES (521, 521, 'Anand Deshpande', 30, 2, 1, 1, 1);
INSERT INTO ActSectionAssociation (CaseMasterID, ActID, SectionID, ActOrderID, SectionOrderID) VALUES (521, 'IPC', '379', 1, 1);
INSERT INTO Victim (VictimMasterID, CaseMasterID, VictimName, AgeYear, GenderID, VictimPolice) VALUES (521, 521, 'Chaitra Kulkarni', 38, 1, '0');
INSERT INTO Accused (AccusedMasterID, CaseMasterID, AccusedName, AgeYear, GenderID, PersonID) VALUES (698, 521, 'Pandu Verma', 44, 1, 'A1');
INSERT INTO CaseMaster (CaseMasterID, CrimeNo, CaseNo, CrimeRegisteredDate, PolicePersonID, PoliceStationID, CaseCategoryID, GravityOffenceID, CrimeMajorHeadID, CrimeMinorHeadID, CaseStatusID, CourtID, IncidentFromDate, IncidentToDate, InfoReceivedPSDate, latitude, longitude, BriefFacts) VALUES (522, '100060018202400522', '202400522', '2024-07-19', 35, 18, 2, 3, 1, 2, 2, 6, '2024-07-19 18:00:00', '2024-07-19 20:00:00', '2024-07-19 18:00:00', 17.321000, 76.826000, 'Incident reported at Station Bazar Police Station. Initial investigation launched by IO Mahesh Bhat.');
INSERT INTO Inv_OccuranceTime (CaseMasterID, IncidentFromDate, IncidentToDate, latitude, longitude, PlaceOfOccurrence) VALUES (522, '2024-07-19 18:00:00', '2024-07-19 20:00:00', 17.321000, 76.826000, 'Near Junction, Station Bazar');
INSERT INTO ComplainantDetails (ComplainantID, CaseMasterID, ComplainantName, AgeYear, OccupationID, ReligionID, CasteID, GenderID) VALUES (522, 522, 'Suma Naik', 63, 2, 1, 1, 1);
INSERT INTO ActSectionAssociation (CaseMasterID, ActID, SectionID, ActOrderID, SectionOrderID) VALUES (522, 'IPC', '379', 1, 1);
INSERT INTO Victim (VictimMasterID, CaseMasterID, VictimName, AgeYear, GenderID, VictimPolice) VALUES (522, 522, 'Nikhil Gowda', 24, 1, '0');
INSERT INTO Accused (AccusedMasterID, CaseMasterID, AccusedName, AgeYear, GenderID, PersonID) VALUES (699, 522, 'Yogesh Alias', 43, 1, 'A1');
INSERT INTO Accused (AccusedMasterID, CaseMasterID, AccusedName, AgeYear, GenderID, PersonID) VALUES (700, 522, 'Shiva Pashan', 35, 1, 'A2');
INSERT INTO ArrestSurrender (ArrestSurrenderID, CaseMasterID, ArrestSurrenderTypeID, ArrestSurrenderDate, ArrestSurrenderStateId, ArrestSurrenderDistrictId, PoliceStationID, IOID, CourtID, AccusedMasterID, IsAccused, IsComplainantAccused) VALUES (264, 522, 1, '2024-07-19', 1, 6, 18, 35, 6, 699, 1, 0);
INSERT INTO inv_arrestsurrenderaccused (ArrestSurrenderID, AccusedMasterID) VALUES (264, 699);
INSERT INTO inv_arrestsurrenderaccused (ArrestSurrenderID, AccusedMasterID) VALUES (264, 700);
INSERT INTO ChargesheetDetails (CSID, CaseMasterID, csdate, cstype, PolicePersonID) VALUES (176, 522, '2024-07-19 18:00:00', 'A', 35);
INSERT INTO CaseMaster (CaseMasterID, CrimeNo, CaseNo, CrimeRegisteredDate, PolicePersonID, PoliceStationID, CaseCategoryID, GravityOffenceID, CrimeMajorHeadID, CrimeMinorHeadID, CaseStatusID, CourtID, IncidentFromDate, IncidentToDate, InfoReceivedPSDate, latitude, longitude, BriefFacts) VALUES (523, '100010003202400523', '202400523', '2024-08-20', 5, 3, 3, 1, 1, 3, 3, 1, '2024-08-20 19:00:00', '2024-08-20 21:00:00', '2024-08-20 19:00:00', 12.962800, 77.742900, 'Incident reported at Whitefield Police Station. Initial investigation launched by IO Sunil Bhat.');
INSERT INTO Inv_OccuranceTime (CaseMasterID, IncidentFromDate, IncidentToDate, latitude, longitude, PlaceOfOccurrence) VALUES (523, '2024-08-20 19:00:00', '2024-08-20 21:00:00', 12.962800, 77.742900, 'Near Junction, Whitefield');
INSERT INTO ComplainantDetails (ComplainantID, CaseMasterID, ComplainantName, AgeYear, OccupationID, ReligionID, CasteID, GenderID) VALUES (523, 523, 'Kavitha Murthy', 37, 2, 1, 1, 1);
INSERT INTO ActSectionAssociation (CaseMasterID, ActID, SectionID, ActOrderID, SectionOrderID) VALUES (523, 'IPC', '379', 1, 1);
INSERT INTO Victim (VictimMasterID, CaseMasterID, VictimName, AgeYear, GenderID, VictimPolice) VALUES (523, 523, 'Arun Gowda', 32, 1, '0');
INSERT INTO Accused (AccusedMasterID, CaseMasterID, AccusedName, AgeYear, GenderID, PersonID) VALUES (701, 523, 'Babloo Singh', 31, 1, 'A1');
INSERT INTO CaseMaster (CaseMasterID, CrimeNo, CaseNo, CrimeRegisteredDate, PolicePersonID, PoliceStationID, CaseCategoryID, GravityOffenceID, CrimeMajorHeadID, CrimeMinorHeadID, CaseStatusID, CourtID, IncidentFromDate, IncidentToDate, InfoReceivedPSDate, latitude, longitude, BriefFacts) VALUES (524, '100020007202400524', '202400524', '2024-09-21', 13, 7, 4, 2, 2, 4, 4, 2, '2024-09-21 20:00:00', '2024-09-21 22:00:00', '2024-09-21 20:00:00', 12.306000, 76.652000, 'Incident reported at Lashkar Police Station. Initial investigation launched by IO Anil Kulkarni.');
INSERT INTO Inv_OccuranceTime (CaseMasterID, IncidentFromDate, IncidentToDate, latitude, longitude, PlaceOfOccurrence) VALUES (524, '2024-09-21 20:00:00', '2024-09-21 22:00:00', 12.306000, 76.652000, 'Near Junction, Lashkar');
INSERT INTO ComplainantDetails (ComplainantID, CaseMasterID, ComplainantName, AgeYear, OccupationID, ReligionID, CasteID, GenderID) VALUES (524, 524, 'Kavitha Deshpande', 58, 2, 1, 1, 1);
INSERT INTO ActSectionAssociation (CaseMasterID, ActID, SectionID, ActOrderID, SectionOrderID) VALUES (524, 'IPC', '302', 1, 1);
INSERT INTO Victim (VictimMasterID, CaseMasterID, VictimName, AgeYear, GenderID, VictimPolice) VALUES (524, 524, 'Ganesh Rao', 52, 1, '0');
INSERT INTO Accused (AccusedMasterID, CaseMasterID, AccusedName, AgeYear, GenderID, PersonID) VALUES (702, 524, 'Mantu Khan', 39, 1, 'A1');
INSERT INTO ArrestSurrender (ArrestSurrenderID, CaseMasterID, ArrestSurrenderTypeID, ArrestSurrenderDate, ArrestSurrenderStateId, ArrestSurrenderDistrictId, PoliceStationID, IOID, CourtID, AccusedMasterID, IsAccused, IsComplainantAccused) VALUES (265, 524, 1, '2024-09-21', 1, 2, 7, 13, 2, 702, 1, 0);
INSERT INTO inv_arrestsurrenderaccused (ArrestSurrenderID, AccusedMasterID) VALUES (265, 702);
INSERT INTO CaseMaster (CaseMasterID, CrimeNo, CaseNo, CrimeRegisteredDate, PolicePersonID, PoliceStationID, CaseCategoryID, GravityOffenceID, CrimeMajorHeadID, CrimeMinorHeadID, CaseStatusID, CourtID, IncidentFromDate, IncidentToDate, InfoReceivedPSDate, latitude, longitude, BriefFacts) VALUES (525, '100030011202400525', '202400525', '2024-10-22', 21, 11, 1, 3, 2, 5, 5, 3, '2024-10-22 21:00:00', '2024-10-22 23:00:00', '2024-10-22 21:00:00', 12.884000, 74.826000, 'Incident reported at Urwa Police Station. Initial investigation launched by IO Anil Gowda.');
INSERT INTO Inv_OccuranceTime (CaseMasterID, IncidentFromDate, IncidentToDate, latitude, longitude, PlaceOfOccurrence) VALUES (525, '2024-10-22 21:00:00', '2024-10-22 23:00:00', 12.884000, 74.826000, 'Near Junction, Urwa');
INSERT INTO ComplainantDetails (ComplainantID, CaseMasterID, ComplainantName, AgeYear, OccupationID, ReligionID, CasteID, GenderID) VALUES (525, 525, 'Bharath Naik', 46, 2, 1, 1, 1);
INSERT INTO ActSectionAssociation (CaseMasterID, ActID, SectionID, ActOrderID, SectionOrderID) VALUES (525, 'IPC', '302', 1, 1);
INSERT INTO Victim (VictimMasterID, CaseMasterID, VictimName, AgeYear, GenderID, VictimPolice) VALUES (525, 525, 'Chaitra Hegde', 32, 1, '0');
INSERT INTO Accused (AccusedMasterID, CaseMasterID, AccusedName, AgeYear, GenderID, PersonID) VALUES (703, 525, 'Raja Singh', 34, 1, 'A1');
INSERT INTO Accused (AccusedMasterID, CaseMasterID, AccusedName, AgeYear, GenderID, PersonID) VALUES (704, 525, 'Shiva Pashan', 22, 1, 'A2');
INSERT INTO ChargesheetDetails (CSID, CaseMasterID, csdate, cstype, PolicePersonID) VALUES (177, 525, '2024-10-22 21:00:00', 'A', 21);
INSERT INTO CaseMaster (CaseMasterID, CrimeNo, CaseNo, CrimeRegisteredDate, PolicePersonID, PoliceStationID, CaseCategoryID, GravityOffenceID, CrimeMajorHeadID, CrimeMinorHeadID, CaseStatusID, CourtID, IncidentFromDate, IncidentToDate, InfoReceivedPSDate, latitude, longitude, BriefFacts) VALUES (526, '100040012202400526', '202400526', '2024-11-23', 23, 12, 2, 1, 3, 6, 1, 4, '2024-11-23 22:00:00', '2024-11-23 00:00:00', '2024-11-23 22:00:00', 15.348000, 75.137000, 'Incident reported at Suburban Police Station Hubballi. Initial investigation launched by IO Basavaraj Rao.');
INSERT INTO Inv_OccuranceTime (CaseMasterID, IncidentFromDate, IncidentToDate, latitude, longitude, PlaceOfOccurrence) VALUES (526, '2024-11-23 22:00:00', '2024-11-23 00:00:00', 15.348000, 75.137000, 'Near Junction, Suburban Hubballi');
INSERT INTO ComplainantDetails (ComplainantID, CaseMasterID, ComplainantName, AgeYear, OccupationID, ReligionID, CasteID, GenderID) VALUES (526, 526, 'Meena Joshi', 49, 2, 1, 1, 1);
INSERT INTO ActSectionAssociation (CaseMasterID, ActID, SectionID, ActOrderID, SectionOrderID) VALUES (526, 'IT_ACT', '66D', 1, 1);
INSERT INTO Victim (VictimMasterID, CaseMasterID, VictimName, AgeYear, GenderID, VictimPolice) VALUES (526, 526, 'Rajesh Joshi', 20, 1, '0');
INSERT INTO Accused (AccusedMasterID, CaseMasterID, AccusedName, AgeYear, GenderID, PersonID) VALUES (705, 526, 'Dharma Khan', 43, 1, 'A1');
INSERT INTO ArrestSurrender (ArrestSurrenderID, CaseMasterID, ArrestSurrenderTypeID, ArrestSurrenderDate, ArrestSurrenderStateId, ArrestSurrenderDistrictId, PoliceStationID, IOID, CourtID, AccusedMasterID, IsAccused, IsComplainantAccused) VALUES (266, 526, 1, '2024-11-23', 1, 4, 12, 23, 4, 705, 1, 0);
INSERT INTO inv_arrestsurrenderaccused (ArrestSurrenderID, AccusedMasterID) VALUES (266, 705);
INSERT INTO CaseMaster (CaseMasterID, CrimeNo, CaseNo, CrimeRegisteredDate, PolicePersonID, PoliceStationID, CaseCategoryID, GravityOffenceID, CrimeMajorHeadID, CrimeMinorHeadID, CaseStatusID, CourtID, IncidentFromDate, IncidentToDate, InfoReceivedPSDate, latitude, longitude, BriefFacts) VALUES (527, '100050016202400527', '202400527', '2024-12-24', 31, 16, 3, 2, 3, 7, 2, 5, '2024-12-24 23:00:00', '2024-12-24 01:00:00', '2024-12-24 23:00:00', 15.841000, 74.505000, 'Incident reported at Tilakwadi Police Station. Initial investigation launched by IO Prakash Patil.');
INSERT INTO Inv_OccuranceTime (CaseMasterID, IncidentFromDate, IncidentToDate, latitude, longitude, PlaceOfOccurrence) VALUES (527, '2024-12-24 23:00:00', '2024-12-24 01:00:00', 15.841000, 74.505000, 'Near Junction, Tilakwadi');
INSERT INTO ComplainantDetails (ComplainantID, CaseMasterID, ComplainantName, AgeYear, OccupationID, ReligionID, CasteID, GenderID) VALUES (527, 527, 'Eshwar Rao', 61, 2, 1, 1, 1);
INSERT INTO ActSectionAssociation (CaseMasterID, ActID, SectionID, ActOrderID, SectionOrderID) VALUES (527, 'IT_ACT', '66D', 1, 1);
INSERT INTO Victim (VictimMasterID, CaseMasterID, VictimName, AgeYear, GenderID, VictimPolice) VALUES (527, 527, 'Divya Hegde', 28, 1, '0');
INSERT INTO Accused (AccusedMasterID, CaseMasterID, AccusedName, AgeYear, GenderID, PersonID) VALUES (706, 527, 'Raja Khan', 27, 1, 'A1');
INSERT INTO CaseMaster (CaseMasterID, CrimeNo, CaseNo, CrimeRegisteredDate, PolicePersonID, PoliceStationID, CaseCategoryID, GravityOffenceID, CrimeMajorHeadID, CrimeMinorHeadID, CaseStatusID, CourtID, IncidentFromDate, IncidentToDate, InfoReceivedPSDate, latitude, longitude, BriefFacts) VALUES (528, '100060018202400528', '202400528', '2024-01-25', 35, 18, 4, 3, 4, 8, 3, 6, '2024-01-25 00:00:00', '2024-01-25 02:00:00', '2024-01-25 00:00:00', 17.327000, 76.832000, 'Incident reported at Station Bazar Police Station. Initial investigation launched by IO Mahesh Bhat.');
INSERT INTO Inv_OccuranceTime (CaseMasterID, IncidentFromDate, IncidentToDate, latitude, longitude, PlaceOfOccurrence) VALUES (528, '2024-01-25 00:00:00', '2024-01-25 02:00:00', 17.327000, 76.832000, 'Near Junction, Station Bazar');
INSERT INTO ComplainantDetails (ComplainantID, CaseMasterID, ComplainantName, AgeYear, OccupationID, ReligionID, CasteID, GenderID) VALUES (528, 528, 'Jagadish Bhat', 53, 2, 1, 1, 1);
INSERT INTO ActSectionAssociation (CaseMasterID, ActID, SectionID, ActOrderID, SectionOrderID) VALUES (528, 'IPC', '420', 1, 1);
INSERT INTO Victim (VictimMasterID, CaseMasterID, VictimName, AgeYear, GenderID, VictimPolice) VALUES (528, 528, 'Rajesh Deshpande', 47, 1, '0');
INSERT INTO Accused (AccusedMasterID, CaseMasterID, AccusedName, AgeYear, GenderID, PersonID) VALUES (707, 528, 'Mantu Alias', 20, 1, 'A1');
INSERT INTO Accused (AccusedMasterID, CaseMasterID, AccusedName, AgeYear, GenderID, PersonID) VALUES (708, 528, 'Pandu Salim', 24, 1, 'A2');
INSERT INTO ArrestSurrender (ArrestSurrenderID, CaseMasterID, ArrestSurrenderTypeID, ArrestSurrenderDate, ArrestSurrenderStateId, ArrestSurrenderDistrictId, PoliceStationID, IOID, CourtID, AccusedMasterID, IsAccused, IsComplainantAccused) VALUES (267, 528, 1, '2024-01-25', 1, 6, 18, 35, 6, 707, 1, 0);
INSERT INTO inv_arrestsurrenderaccused (ArrestSurrenderID, AccusedMasterID) VALUES (267, 707);
INSERT INTO inv_arrestsurrenderaccused (ArrestSurrenderID, AccusedMasterID) VALUES (267, 708);
INSERT INTO ChargesheetDetails (CSID, CaseMasterID, csdate, cstype, PolicePersonID) VALUES (178, 528, '2024-01-25 00:00:00', 'A', 35);
INSERT INTO CaseMaster (CaseMasterID, CrimeNo, CaseNo, CrimeRegisteredDate, PolicePersonID, PoliceStationID, CaseCategoryID, GravityOffenceID, CrimeMajorHeadID, CrimeMinorHeadID, CaseStatusID, CourtID, IncidentFromDate, IncidentToDate, InfoReceivedPSDate, latitude, longitude, BriefFacts) VALUES (529, '100010004202400529', '202400529', '2024-02-26', 7, 4, 1, 1, 5, 9, 4, 1, '2024-02-26 01:00:00', '2024-02-26 03:00:00', '2024-02-26 01:00:00', 12.924000, 77.592800, 'Incident reported at Jayanagar Police Station. Initial investigation launched by IO Vijay Kulkarni.');
INSERT INTO Inv_OccuranceTime (CaseMasterID, IncidentFromDate, IncidentToDate, latitude, longitude, PlaceOfOccurrence) VALUES (529, '2024-02-26 01:00:00', '2024-02-26 03:00:00', 12.924000, 77.592800, 'Near Junction, Jayanagar');
INSERT INTO ComplainantDetails (ComplainantID, CaseMasterID, ComplainantName, AgeYear, OccupationID, ReligionID, CasteID, GenderID) VALUES (529, 529, 'Chetan Murthy', 42, 2, 1, 1, 1);
INSERT INTO ActSectionAssociation (CaseMasterID, ActID, SectionID, ActOrderID, SectionOrderID) VALUES (529, 'NDPS', '20', 1, 1);
INSERT INTO Victim (VictimMasterID, CaseMasterID, VictimName, AgeYear, GenderID, VictimPolice) VALUES (529, 529, 'Manoj Bhat', 45, 1, '0');
INSERT INTO Accused (AccusedMasterID, CaseMasterID, AccusedName, AgeYear, GenderID, PersonID) VALUES (709, 529, 'Vicky Alias', 37, 1, 'A1');
INSERT INTO CaseMaster (CaseMasterID, CrimeNo, CaseNo, CrimeRegisteredDate, PolicePersonID, PoliceStationID, CaseCategoryID, GravityOffenceID, CrimeMajorHeadID, CrimeMinorHeadID, CaseStatusID, CourtID, IncidentFromDate, IncidentToDate, InfoReceivedPSDate, latitude, longitude, BriefFacts) VALUES (530, '100020007202400530', '202400530', '2024-03-27', 13, 7, 2, 2, 1, 10, 5, 2, '2024-03-27 02:00:00', '2024-03-27 04:00:00', '2024-03-27 02:00:00', 12.312000, 76.658000, 'Incident reported at Lashkar Police Station. Initial investigation launched by IO Anil Kulkarni.');
INSERT INTO Inv_OccuranceTime (CaseMasterID, IncidentFromDate, IncidentToDate, latitude, longitude, PlaceOfOccurrence) VALUES (530, '2024-03-27 02:00:00', '2024-03-27 04:00:00', 12.312000, 76.658000, 'Near Junction, Lashkar');
INSERT INTO ComplainantDetails (ComplainantID, CaseMasterID, ComplainantName, AgeYear, OccupationID, ReligionID, CasteID, GenderID) VALUES (530, 530, 'Meena Bhat', 52, 2, 1, 1, 1);
INSERT INTO ActSectionAssociation (CaseMasterID, ActID, SectionID, ActOrderID, SectionOrderID) VALUES (530, 'IPC', '379', 1, 1);
INSERT INTO Victim (VictimMasterID, CaseMasterID, VictimName, AgeYear, GenderID, VictimPolice) VALUES (530, 530, 'Nikhil Gowda', 50, 1, '0');
INSERT INTO Accused (AccusedMasterID, CaseMasterID, AccusedName, AgeYear, GenderID, PersonID) VALUES (710, 530, 'Raja Kumar', 33, 1, 'A1');
INSERT INTO ArrestSurrender (ArrestSurrenderID, CaseMasterID, ArrestSurrenderTypeID, ArrestSurrenderDate, ArrestSurrenderStateId, ArrestSurrenderDistrictId, PoliceStationID, IOID, CourtID, AccusedMasterID, IsAccused, IsComplainantAccused) VALUES (268, 530, 1, '2024-03-27', 1, 2, 7, 13, 2, 710, 1, 0);
INSERT INTO inv_arrestsurrenderaccused (ArrestSurrenderID, AccusedMasterID) VALUES (268, 710);
INSERT INTO CaseMaster (CaseMasterID, CrimeNo, CaseNo, CrimeRegisteredDate, PolicePersonID, PoliceStationID, CaseCategoryID, GravityOffenceID, CrimeMajorHeadID, CrimeMinorHeadID, CaseStatusID, CourtID, IncidentFromDate, IncidentToDate, InfoReceivedPSDate, latitude, longitude, BriefFacts) VALUES (531, '100030011202400531', '202400531', '2024-04-28', 21, 11, 3, 3, 1, 1, 1, 3, '2024-04-28 03:00:00', '2024-04-28 05:00:00', '2024-04-28 03:00:00', 12.890000, 74.832000, 'Incident reported at Urwa Police Station. Initial investigation launched by IO Anil Gowda.');
INSERT INTO Inv_OccuranceTime (CaseMasterID, IncidentFromDate, IncidentToDate, latitude, longitude, PlaceOfOccurrence) VALUES (531, '2024-04-28 03:00:00', '2024-04-28 05:00:00', 12.890000, 74.832000, 'Near Junction, Urwa');
INSERT INTO ComplainantDetails (ComplainantID, CaseMasterID, ComplainantName, AgeYear, OccupationID, ReligionID, CasteID, GenderID) VALUES (531, 531, 'Latha Shetty', 37, 2, 1, 1, 1);
INSERT INTO ActSectionAssociation (CaseMasterID, ActID, SectionID, ActOrderID, SectionOrderID) VALUES (531, 'IPC', '379', 1, 1);
INSERT INTO Victim (VictimMasterID, CaseMasterID, VictimName, AgeYear, GenderID, VictimPolice) VALUES (531, 531, 'Chaitra Kulkarni', 26, 1, '0');
INSERT INTO Accused (AccusedMasterID, CaseMasterID, AccusedName, AgeYear, GenderID, PersonID) VALUES (711, 531, 'Shiva Singh', 34, 1, 'A1');
INSERT INTO Accused (AccusedMasterID, CaseMasterID, AccusedName, AgeYear, GenderID, PersonID) VALUES (712, 531, 'Tukaram Reddy', 40, 1, 'A2');
INSERT INTO ChargesheetDetails (CSID, CaseMasterID, csdate, cstype, PolicePersonID) VALUES (179, 531, '2024-04-28 03:00:00', 'A', 21);
INSERT INTO CaseMaster (CaseMasterID, CrimeNo, CaseNo, CrimeRegisteredDate, PolicePersonID, PoliceStationID, CaseCategoryID, GravityOffenceID, CrimeMajorHeadID, CrimeMinorHeadID, CaseStatusID, CourtID, IncidentFromDate, IncidentToDate, InfoReceivedPSDate, latitude, longitude, BriefFacts) VALUES (532, '100040012202400532', '202400532', '2024-05-01', 23, 12, 4, 1, 1, 2, 2, 4, '2024-05-01 04:00:00', '2024-05-01 06:00:00', '2024-05-01 04:00:00', 15.354000, 75.143000, 'Incident reported at Suburban Police Station Hubballi. Initial investigation launched by IO Basavaraj Rao.');
INSERT INTO Inv_OccuranceTime (CaseMasterID, IncidentFromDate, IncidentToDate, latitude, longitude, PlaceOfOccurrence) VALUES (532, '2024-05-01 04:00:00', '2024-05-01 06:00:00', 15.354000, 75.143000, 'Near Junction, Suburban Hubballi');
INSERT INTO ComplainantDetails (ComplainantID, CaseMasterID, ComplainantName, AgeYear, OccupationID, ReligionID, CasteID, GenderID) VALUES (532, 532, 'Eshwar Shetty', 45, 2, 1, 1, 1);
INSERT INTO ActSectionAssociation (CaseMasterID, ActID, SectionID, ActOrderID, SectionOrderID) VALUES (532, 'IPC', '379', 1, 1);
INSERT INTO Victim (VictimMasterID, CaseMasterID, VictimName, AgeYear, GenderID, VictimPolice) VALUES (532, 532, 'Arun Naik', 45, 1, '0');
INSERT INTO Accused (AccusedMasterID, CaseMasterID, AccusedName, AgeYear, GenderID, PersonID) VALUES (713, 532, 'Pandu Kumar', 31, 1, 'A1');
INSERT INTO ArrestSurrender (ArrestSurrenderID, CaseMasterID, ArrestSurrenderTypeID, ArrestSurrenderDate, ArrestSurrenderStateId, ArrestSurrenderDistrictId, PoliceStationID, IOID, CourtID, AccusedMasterID, IsAccused, IsComplainantAccused) VALUES (269, 532, 1, '2024-05-01', 1, 4, 12, 23, 4, 713, 1, 0);
INSERT INTO inv_arrestsurrenderaccused (ArrestSurrenderID, AccusedMasterID) VALUES (269, 713);
INSERT INTO CaseMaster (CaseMasterID, CrimeNo, CaseNo, CrimeRegisteredDate, PolicePersonID, PoliceStationID, CaseCategoryID, GravityOffenceID, CrimeMajorHeadID, CrimeMinorHeadID, CaseStatusID, CourtID, IncidentFromDate, IncidentToDate, InfoReceivedPSDate, latitude, longitude, BriefFacts) VALUES (533, '100050016202400533', '202400533', '2024-06-02', 31, 16, 1, 2, 1, 3, 3, 5, '2024-06-02 05:00:00', '2024-06-02 07:00:00', '2024-06-02 05:00:00', 15.847000, 74.511000, 'Incident reported at Tilakwadi Police Station. Initial investigation launched by IO Prakash Patil.');
INSERT INTO Inv_OccuranceTime (CaseMasterID, IncidentFromDate, IncidentToDate, latitude, longitude, PlaceOfOccurrence) VALUES (533, '2024-06-02 05:00:00', '2024-06-02 07:00:00', 15.847000, 74.511000, 'Near Junction, Tilakwadi');
INSERT INTO ComplainantDetails (ComplainantID, CaseMasterID, ComplainantName, AgeYear, OccupationID, ReligionID, CasteID, GenderID) VALUES (533, 533, 'Bharath Murthy', 53, 2, 1, 1, 1);
INSERT INTO ActSectionAssociation (CaseMasterID, ActID, SectionID, ActOrderID, SectionOrderID) VALUES (533, 'IPC', '379', 1, 1);
INSERT INTO Victim (VictimMasterID, CaseMasterID, VictimName, AgeYear, GenderID, VictimPolice) VALUES (533, 533, 'Manoj Murthy', 52, 1, '0');
INSERT INTO Accused (AccusedMasterID, CaseMasterID, AccusedName, AgeYear, GenderID, PersonID) VALUES (714, 533, 'Dharma Salim', 20, 1, 'A1');
INSERT INTO CaseMaster (CaseMasterID, CrimeNo, CaseNo, CrimeRegisteredDate, PolicePersonID, PoliceStationID, CaseCategoryID, GravityOffenceID, CrimeMajorHeadID, CrimeMinorHeadID, CaseStatusID, CourtID, IncidentFromDate, IncidentToDate, InfoReceivedPSDate, latitude, longitude, BriefFacts) VALUES (534, '100060018202400534', '202400534', '2024-07-03', 35, 18, 2, 3, 2, 4, 4, 6, '2024-07-03 06:00:00', '2024-07-03 08:00:00', '2024-07-03 06:00:00', 17.333000, 76.838000, 'Incident reported at Station Bazar Police Station. Initial investigation launched by IO Mahesh Bhat.');
INSERT INTO Inv_OccuranceTime (CaseMasterID, IncidentFromDate, IncidentToDate, latitude, longitude, PlaceOfOccurrence) VALUES (534, '2024-07-03 06:00:00', '2024-07-03 08:00:00', 17.333000, 76.838000, 'Near Junction, Station Bazar');
INSERT INTO ComplainantDetails (ComplainantID, CaseMasterID, ComplainantName, AgeYear, OccupationID, ReligionID, CasteID, GenderID) VALUES (534, 534, 'Harish Shetty', 64, 2, 1, 1, 1);
INSERT INTO ActSectionAssociation (CaseMasterID, ActID, SectionID, ActOrderID, SectionOrderID) VALUES (534, 'IPC', '302', 1, 1);
INSERT INTO Victim (VictimMasterID, CaseMasterID, VictimName, AgeYear, GenderID, VictimPolice) VALUES (534, 534, 'Sangeetha Shetty', 40, 1, '0');
INSERT INTO Accused (AccusedMasterID, CaseMasterID, AccusedName, AgeYear, GenderID, PersonID) VALUES (715, 534, 'Jagga Kumar', 29, 1, 'A1');
INSERT INTO Accused (AccusedMasterID, CaseMasterID, AccusedName, AgeYear, GenderID, PersonID) VALUES (716, 534, 'Imtiaz Salim', 21, 1, 'A2');
INSERT INTO ArrestSurrender (ArrestSurrenderID, CaseMasterID, ArrestSurrenderTypeID, ArrestSurrenderDate, ArrestSurrenderStateId, ArrestSurrenderDistrictId, PoliceStationID, IOID, CourtID, AccusedMasterID, IsAccused, IsComplainantAccused) VALUES (270, 534, 1, '2024-07-03', 1, 6, 18, 35, 6, 715, 1, 0);
INSERT INTO inv_arrestsurrenderaccused (ArrestSurrenderID, AccusedMasterID) VALUES (270, 715);
INSERT INTO inv_arrestsurrenderaccused (ArrestSurrenderID, AccusedMasterID) VALUES (270, 716);
INSERT INTO ChargesheetDetails (CSID, CaseMasterID, csdate, cstype, PolicePersonID) VALUES (180, 534, '2024-07-03 06:00:00', 'A', 35);
INSERT INTO CaseMaster (CaseMasterID, CrimeNo, CaseNo, CrimeRegisteredDate, PolicePersonID, PoliceStationID, CaseCategoryID, GravityOffenceID, CrimeMajorHeadID, CrimeMinorHeadID, CaseStatusID, CourtID, IncidentFromDate, IncidentToDate, InfoReceivedPSDate, latitude, longitude, BriefFacts) VALUES (535, '100010005202400535', '202400535', '2024-08-04', 9, 5, 3, 1, 2, 5, 5, 1, '2024-08-04 07:00:00', '2024-08-04 09:00:00', '2024-08-04 07:00:00', 13.008100, 77.569300, 'Incident reported at Malleshwaram Police Station. Initial investigation launched by IO Santosh Shetty.');
INSERT INTO Inv_OccuranceTime (CaseMasterID, IncidentFromDate, IncidentToDate, latitude, longitude, PlaceOfOccurrence) VALUES (535, '2024-08-04 07:00:00', '2024-08-04 09:00:00', 13.008100, 77.569300, 'Near Junction, Malleshwaram');
INSERT INTO ComplainantDetails (ComplainantID, CaseMasterID, ComplainantName, AgeYear, OccupationID, ReligionID, CasteID, GenderID) VALUES (535, 535, 'Kavitha Joshi', 44, 2, 1, 1, 1);
INSERT INTO ActSectionAssociation (CaseMasterID, ActID, SectionID, ActOrderID, SectionOrderID) VALUES (535, 'IPC', '302', 1, 1);
INSERT INTO Victim (VictimMasterID, CaseMasterID, VictimName, AgeYear, GenderID, VictimPolice) VALUES (535, 535, 'Manoj Bhat', 43, 1, '0');
INSERT INTO Accused (AccusedMasterID, CaseMasterID, AccusedName, AgeYear, GenderID, PersonID) VALUES (717, 535, 'Jagga Singh', 27, 1, 'A1');
INSERT INTO CaseMaster (CaseMasterID, CrimeNo, CaseNo, CrimeRegisteredDate, PolicePersonID, PoliceStationID, CaseCategoryID, GravityOffenceID, CrimeMajorHeadID, CrimeMinorHeadID, CaseStatusID, CourtID, IncidentFromDate, IncidentToDate, InfoReceivedPSDate, latitude, longitude, BriefFacts) VALUES (536, '100020007202400536', '202400536', '2024-09-05', 13, 7, 4, 2, 3, 6, 1, 2, '2024-09-05 08:00:00', '2024-09-05 10:00:00', '2024-09-05 08:00:00', 12.318000, 76.664000, 'Incident reported at Lashkar Police Station. Initial investigation launched by IO Anil Kulkarni.');
INSERT INTO Inv_OccuranceTime (CaseMasterID, IncidentFromDate, IncidentToDate, latitude, longitude, PlaceOfOccurrence) VALUES (536, '2024-09-05 08:00:00', '2024-09-05 10:00:00', 12.318000, 76.664000, 'Near Junction, Lashkar');
INSERT INTO ComplainantDetails (ComplainantID, CaseMasterID, ComplainantName, AgeYear, OccupationID, ReligionID, CasteID, GenderID) VALUES (536, 536, 'Anand Naik', 29, 2, 1, 1, 1);
INSERT INTO ActSectionAssociation (CaseMasterID, ActID, SectionID, ActOrderID, SectionOrderID) VALUES (536, 'IT_ACT', '66D', 1, 1);
INSERT INTO Victim (VictimMasterID, CaseMasterID, VictimName, AgeYear, GenderID, VictimPolice) VALUES (536, 536, 'Manoj Murthy', 26, 1, '0');
INSERT INTO Accused (AccusedMasterID, CaseMasterID, AccusedName, AgeYear, GenderID, PersonID) VALUES (718, 536, 'Mantu Kumar', 32, 1, 'A1');
INSERT INTO ArrestSurrender (ArrestSurrenderID, CaseMasterID, ArrestSurrenderTypeID, ArrestSurrenderDate, ArrestSurrenderStateId, ArrestSurrenderDistrictId, PoliceStationID, IOID, CourtID, AccusedMasterID, IsAccused, IsComplainantAccused) VALUES (271, 536, 1, '2024-09-05', 1, 2, 7, 13, 2, 718, 1, 0);
INSERT INTO inv_arrestsurrenderaccused (ArrestSurrenderID, AccusedMasterID) VALUES (271, 718);
INSERT INTO CaseMaster (CaseMasterID, CrimeNo, CaseNo, CrimeRegisteredDate, PolicePersonID, PoliceStationID, CaseCategoryID, GravityOffenceID, CrimeMajorHeadID, CrimeMinorHeadID, CaseStatusID, CourtID, IncidentFromDate, IncidentToDate, InfoReceivedPSDate, latitude, longitude, BriefFacts) VALUES (537, '100030011202400537', '202400537', '2024-10-06', 21, 11, 1, 3, 3, 7, 2, 3, '2024-10-06 09:00:00', '2024-10-06 11:00:00', '2024-10-06 09:00:00', 12.896000, 74.838000, 'Incident reported at Urwa Police Station. Initial investigation launched by IO Anil Gowda.');
INSERT INTO Inv_OccuranceTime (CaseMasterID, IncidentFromDate, IncidentToDate, latitude, longitude, PlaceOfOccurrence) VALUES (537, '2024-10-06 09:00:00', '2024-10-06 11:00:00', 12.896000, 74.838000, 'Near Junction, Urwa');
INSERT INTO ComplainantDetails (ComplainantID, CaseMasterID, ComplainantName, AgeYear, OccupationID, ReligionID, CasteID, GenderID) VALUES (537, 537, 'Chetan Deshpande', 38, 2, 1, 1, 1);
INSERT INTO ActSectionAssociation (CaseMasterID, ActID, SectionID, ActOrderID, SectionOrderID) VALUES (537, 'IT_ACT', '66D', 1, 1);
INSERT INTO Victim (VictimMasterID, CaseMasterID, VictimName, AgeYear, GenderID, VictimPolice) VALUES (537, 537, 'Kiran Kulkarni', 57, 1, '0');
INSERT INTO Accused (AccusedMasterID, CaseMasterID, AccusedName, AgeYear, GenderID, PersonID) VALUES (719, 537, 'Tukaram Alias', 43, 1, 'A1');
INSERT INTO Accused (AccusedMasterID, CaseMasterID, AccusedName, AgeYear, GenderID, PersonID) VALUES (720, 537, 'Shiva Khan', 24, 1, 'A2');
INSERT INTO ChargesheetDetails (CSID, CaseMasterID, csdate, cstype, PolicePersonID) VALUES (181, 537, '2024-10-06 09:00:00', 'A', 21);
INSERT INTO CaseMaster (CaseMasterID, CrimeNo, CaseNo, CrimeRegisteredDate, PolicePersonID, PoliceStationID, CaseCategoryID, GravityOffenceID, CrimeMajorHeadID, CrimeMinorHeadID, CaseStatusID, CourtID, IncidentFromDate, IncidentToDate, InfoReceivedPSDate, latitude, longitude, BriefFacts) VALUES (538, '100040012202400538', '202400538', '2024-11-07', 23, 12, 2, 1, 4, 8, 3, 4, '2024-11-07 10:00:00', '2024-11-07 12:00:00', '2024-11-07 10:00:00', 15.360000, 75.149000, 'Incident reported at Suburban Police Station Hubballi. Initial investigation launched by IO Basavaraj Rao.');
INSERT INTO Inv_OccuranceTime (CaseMasterID, IncidentFromDate, IncidentToDate, latitude, longitude, PlaceOfOccurrence) VALUES (538, '2024-11-07 10:00:00', '2024-11-07 12:00:00', 15.360000, 75.149000, 'Near Junction, Suburban Hubballi');
INSERT INTO ComplainantDetails (ComplainantID, CaseMasterID, ComplainantName, AgeYear, OccupationID, ReligionID, CasteID, GenderID) VALUES (538, 538, 'Kavitha Kulkarni', 55, 2, 1, 1, 1);
INSERT INTO ActSectionAssociation (CaseMasterID, ActID, SectionID, ActOrderID, SectionOrderID) VALUES (538, 'IPC', '420', 1, 1);
INSERT INTO Victim (VictimMasterID, CaseMasterID, VictimName, AgeYear, GenderID, VictimPolice) VALUES (538, 538, 'Ganesh Deshpande', 46, 1, '0');
INSERT INTO Accused (AccusedMasterID, CaseMasterID, AccusedName, AgeYear, GenderID, PersonID) VALUES (721, 538, 'Pandu Singh', 28, 1, 'A1');
INSERT INTO ArrestSurrender (ArrestSurrenderID, CaseMasterID, ArrestSurrenderTypeID, ArrestSurrenderDate, ArrestSurrenderStateId, ArrestSurrenderDistrictId, PoliceStationID, IOID, CourtID, AccusedMasterID, IsAccused, IsComplainantAccused) VALUES (272, 538, 1, '2024-11-07', 1, 4, 12, 23, 4, 721, 1, 0);
INSERT INTO inv_arrestsurrenderaccused (ArrestSurrenderID, AccusedMasterID) VALUES (272, 721);
INSERT INTO CaseMaster (CaseMasterID, CrimeNo, CaseNo, CrimeRegisteredDate, PolicePersonID, PoliceStationID, CaseCategoryID, GravityOffenceID, CrimeMajorHeadID, CrimeMinorHeadID, CaseStatusID, CourtID, IncidentFromDate, IncidentToDate, InfoReceivedPSDate, latitude, longitude, BriefFacts) VALUES (539, '100050016202400539', '202400539', '2024-12-08', 31, 16, 3, 2, 5, 9, 4, 5, '2024-12-08 11:00:00', '2024-12-08 13:00:00', '2024-12-08 11:00:00', 15.853000, 74.517000, 'Incident reported at Tilakwadi Police Station. Initial investigation launched by IO Prakash Patil.');
INSERT INTO Inv_OccuranceTime (CaseMasterID, IncidentFromDate, IncidentToDate, latitude, longitude, PlaceOfOccurrence) VALUES (539, '2024-12-08 11:00:00', '2024-12-08 13:00:00', 15.853000, 74.517000, 'Near Junction, Tilakwadi');
INSERT INTO ComplainantDetails (ComplainantID, CaseMasterID, ComplainantName, AgeYear, OccupationID, ReligionID, CasteID, GenderID) VALUES (539, 539, 'Shilpa Murthy', 44, 2, 1, 1, 1);
INSERT INTO ActSectionAssociation (CaseMasterID, ActID, SectionID, ActOrderID, SectionOrderID) VALUES (539, 'NDPS', '20', 1, 1);
INSERT INTO Victim (VictimMasterID, CaseMasterID, VictimName, AgeYear, GenderID, VictimPolice) VALUES (539, 539, 'Praveen Murthy', 37, 1, '0');
INSERT INTO Accused (AccusedMasterID, CaseMasterID, AccusedName, AgeYear, GenderID, PersonID) VALUES (722, 539, 'Raja Reddy', 31, 1, 'A1');
INSERT INTO CaseMaster (CaseMasterID, CrimeNo, CaseNo, CrimeRegisteredDate, PolicePersonID, PoliceStationID, CaseCategoryID, GravityOffenceID, CrimeMajorHeadID, CrimeMinorHeadID, CaseStatusID, CourtID, IncidentFromDate, IncidentToDate, InfoReceivedPSDate, latitude, longitude, BriefFacts) VALUES (540, '100060018202400540', '202400540', '2024-01-09', 35, 18, 4, 3, 1, 10, 5, 6, '2024-01-09 12:00:00', '2024-01-09 14:00:00', '2024-01-09 12:00:00', 17.319000, 76.824000, 'Incident reported at Station Bazar Police Station. Initial investigation launched by IO Mahesh Bhat.');
INSERT INTO Inv_OccuranceTime (CaseMasterID, IncidentFromDate, IncidentToDate, latitude, longitude, PlaceOfOccurrence) VALUES (540, '2024-01-09 12:00:00', '2024-01-09 14:00:00', 17.319000, 76.824000, 'Near Junction, Station Bazar');
INSERT INTO ComplainantDetails (ComplainantID, CaseMasterID, ComplainantName, AgeYear, OccupationID, ReligionID, CasteID, GenderID) VALUES (540, 540, 'Nandini Joshi', 46, 2, 1, 1, 1);
INSERT INTO ActSectionAssociation (CaseMasterID, ActID, SectionID, ActOrderID, SectionOrderID) VALUES (540, 'IPC', '379', 1, 1);
INSERT INTO Victim (VictimMasterID, CaseMasterID, VictimName, AgeYear, GenderID, VictimPolice) VALUES (540, 540, 'Vinay Murthy', 22, 1, '0');
INSERT INTO Accused (AccusedMasterID, CaseMasterID, AccusedName, AgeYear, GenderID, PersonID) VALUES (723, 540, 'Dharma Salim', 23, 1, 'A1');
INSERT INTO Accused (AccusedMasterID, CaseMasterID, AccusedName, AgeYear, GenderID, PersonID) VALUES (724, 540, 'Imtiaz Salim', 20, 1, 'A2');
INSERT INTO ArrestSurrender (ArrestSurrenderID, CaseMasterID, ArrestSurrenderTypeID, ArrestSurrenderDate, ArrestSurrenderStateId, ArrestSurrenderDistrictId, PoliceStationID, IOID, CourtID, AccusedMasterID, IsAccused, IsComplainantAccused) VALUES (273, 540, 1, '2024-01-09', 1, 6, 18, 35, 6, 723, 1, 0);
INSERT INTO inv_arrestsurrenderaccused (ArrestSurrenderID, AccusedMasterID) VALUES (273, 723);
INSERT INTO inv_arrestsurrenderaccused (ArrestSurrenderID, AccusedMasterID) VALUES (273, 724);
INSERT INTO ChargesheetDetails (CSID, CaseMasterID, csdate, cstype, PolicePersonID) VALUES (182, 540, '2024-01-09 12:00:00', 'A', 35);
INSERT INTO CaseMaster (CaseMasterID, CrimeNo, CaseNo, CrimeRegisteredDate, PolicePersonID, PoliceStationID, CaseCategoryID, GravityOffenceID, CrimeMajorHeadID, CrimeMinorHeadID, CaseStatusID, CourtID, IncidentFromDate, IncidentToDate, InfoReceivedPSDate, latitude, longitude, BriefFacts) VALUES (541, '100010001202400541', '202400541', '2024-02-10', 1, 1, 1, 1, 1, 1, 1, 1, '2024-02-10 13:00:00', '2024-02-10 15:00:00', '2024-02-10 13:00:00', 12.969400, 77.631800, 'Incident reported at Indiranagar Police Station. Initial investigation launched by IO Suresh Rao.');
INSERT INTO Inv_OccuranceTime (CaseMasterID, IncidentFromDate, IncidentToDate, latitude, longitude, PlaceOfOccurrence) VALUES (541, '2024-02-10 13:00:00', '2024-02-10 15:00:00', 12.969400, 77.631800, 'Near Junction, Indiranagar');
INSERT INTO ComplainantDetails (ComplainantID, CaseMasterID, ComplainantName, AgeYear, OccupationID, ReligionID, CasteID, GenderID) VALUES (541, 541, 'Pooja Gowda', 58, 2, 1, 1, 1);
INSERT INTO ActSectionAssociation (CaseMasterID, ActID, SectionID, ActOrderID, SectionOrderID) VALUES (541, 'IPC', '379', 1, 1);
INSERT INTO Victim (VictimMasterID, CaseMasterID, VictimName, AgeYear, GenderID, VictimPolice) VALUES (541, 541, 'Sangeetha Naik', 47, 1, '0');
INSERT INTO Accused (AccusedMasterID, CaseMasterID, AccusedName, AgeYear, GenderID, PersonID) VALUES (725, 541, 'Dharma Salim', 20, 1, 'A1');
INSERT INTO CaseMaster (CaseMasterID, CrimeNo, CaseNo, CrimeRegisteredDate, PolicePersonID, PoliceStationID, CaseCategoryID, GravityOffenceID, CrimeMajorHeadID, CrimeMinorHeadID, CaseStatusID, CourtID, IncidentFromDate, IncidentToDate, InfoReceivedPSDate, latitude, longitude, BriefFacts) VALUES (542, '100020007202400542', '202400542', '2024-03-11', 13, 7, 2, 2, 1, 2, 2, 2, '2024-03-11 14:00:00', '2024-03-11 16:00:00', '2024-03-11 14:00:00', 12.304000, 76.650000, 'Incident reported at Lashkar Police Station. Initial investigation launched by IO Anil Kulkarni.');
INSERT INTO Inv_OccuranceTime (CaseMasterID, IncidentFromDate, IncidentToDate, latitude, longitude, PlaceOfOccurrence) VALUES (542, '2024-03-11 14:00:00', '2024-03-11 16:00:00', 12.304000, 76.650000, 'Near Junction, Lashkar');
INSERT INTO ComplainantDetails (ComplainantID, CaseMasterID, ComplainantName, AgeYear, OccupationID, ReligionID, CasteID, GenderID) VALUES (542, 542, 'Anand Bhat', 38, 2, 1, 1, 1);
INSERT INTO ActSectionAssociation (CaseMasterID, ActID, SectionID, ActOrderID, SectionOrderID) VALUES (542, 'IPC', '379', 1, 1);
INSERT INTO Victim (VictimMasterID, CaseMasterID, VictimName, AgeYear, GenderID, VictimPolice) VALUES (542, 542, 'Divya Rao', 45, 1, '0');
INSERT INTO Accused (AccusedMasterID, CaseMasterID, AccusedName, AgeYear, GenderID, PersonID) VALUES (726, 542, 'Dharma Alias', 20, 1, 'A1');
INSERT INTO ArrestSurrender (ArrestSurrenderID, CaseMasterID, ArrestSurrenderTypeID, ArrestSurrenderDate, ArrestSurrenderStateId, ArrestSurrenderDistrictId, PoliceStationID, IOID, CourtID, AccusedMasterID, IsAccused, IsComplainantAccused) VALUES (274, 542, 1, '2024-03-11', 1, 2, 7, 13, 2, 726, 1, 0);
INSERT INTO inv_arrestsurrenderaccused (ArrestSurrenderID, AccusedMasterID) VALUES (274, 726);
INSERT INTO CaseMaster (CaseMasterID, CrimeNo, CaseNo, CrimeRegisteredDate, PolicePersonID, PoliceStationID, CaseCategoryID, GravityOffenceID, CrimeMajorHeadID, CrimeMinorHeadID, CaseStatusID, CourtID, IncidentFromDate, IncidentToDate, InfoReceivedPSDate, latitude, longitude, BriefFacts) VALUES (543, '100030011202400543', '202400543', '2024-04-12', 21, 11, 3, 3, 1, 3, 3, 3, '2024-04-12 15:00:00', '2024-04-12 17:00:00', '2024-04-12 15:00:00', 12.882000, 74.824000, 'Incident reported at Urwa Police Station. Initial investigation launched by IO Anil Gowda.');
INSERT INTO Inv_OccuranceTime (CaseMasterID, IncidentFromDate, IncidentToDate, latitude, longitude, PlaceOfOccurrence) VALUES (543, '2024-04-12 15:00:00', '2024-04-12 17:00:00', 12.882000, 74.824000, 'Near Junction, Urwa');
INSERT INTO ComplainantDetails (ComplainantID, CaseMasterID, ComplainantName, AgeYear, OccupationID, ReligionID, CasteID, GenderID) VALUES (543, 543, 'Eshwar Naik', 25, 2, 1, 1, 1);
INSERT INTO ActSectionAssociation (CaseMasterID, ActID, SectionID, ActOrderID, SectionOrderID) VALUES (543, 'IPC', '379', 1, 1);
INSERT INTO Victim (VictimMasterID, CaseMasterID, VictimName, AgeYear, GenderID, VictimPolice) VALUES (543, 543, 'Arun Gowda', 23, 1, '0');
INSERT INTO Accused (AccusedMasterID, CaseMasterID, AccusedName, AgeYear, GenderID, PersonID) VALUES (727, 543, 'Shiva Reddy', 25, 1, 'A1');
INSERT INTO Accused (AccusedMasterID, CaseMasterID, AccusedName, AgeYear, GenderID, PersonID) VALUES (728, 543, 'Altaf Salim', 42, 1, 'A2');
INSERT INTO ChargesheetDetails (CSID, CaseMasterID, csdate, cstype, PolicePersonID) VALUES (183, 543, '2024-04-12 15:00:00', 'A', 21);
INSERT INTO CaseMaster (CaseMasterID, CrimeNo, CaseNo, CrimeRegisteredDate, PolicePersonID, PoliceStationID, CaseCategoryID, GravityOffenceID, CrimeMajorHeadID, CrimeMinorHeadID, CaseStatusID, CourtID, IncidentFromDate, IncidentToDate, InfoReceivedPSDate, latitude, longitude, BriefFacts) VALUES (544, '100040012202400544', '202400544', '2024-05-13', 23, 12, 4, 1, 2, 4, 4, 4, '2024-05-13 16:00:00', '2024-05-13 18:00:00', '2024-05-13 16:00:00', 15.346000, 75.135000, 'Incident reported at Suburban Police Station Hubballi. Initial investigation launched by IO Basavaraj Rao.');
INSERT INTO Inv_OccuranceTime (CaseMasterID, IncidentFromDate, IncidentToDate, latitude, longitude, PlaceOfOccurrence) VALUES (544, '2024-05-13 16:00:00', '2024-05-13 18:00:00', 15.346000, 75.135000, 'Near Junction, Suburban Hubballi');
INSERT INTO ComplainantDetails (ComplainantID, CaseMasterID, ComplainantName, AgeYear, OccupationID, ReligionID, CasteID, GenderID) VALUES (544, 544, 'Eshwar Gowda', 50, 2, 1, 1, 1);
INSERT INTO ActSectionAssociation (CaseMasterID, ActID, SectionID, ActOrderID, SectionOrderID) VALUES (544, 'IPC', '302', 1, 1);
INSERT INTO Victim (VictimMasterID, CaseMasterID, VictimName, AgeYear, GenderID, VictimPolice) VALUES (544, 544, 'Arun Joshi', 58, 1, '0');
INSERT INTO Accused (AccusedMasterID, CaseMasterID, AccusedName, AgeYear, GenderID, PersonID) VALUES (729, 544, 'Dharma Reddy', 28, 1, 'A1');
INSERT INTO ArrestSurrender (ArrestSurrenderID, CaseMasterID, ArrestSurrenderTypeID, ArrestSurrenderDate, ArrestSurrenderStateId, ArrestSurrenderDistrictId, PoliceStationID, IOID, CourtID, AccusedMasterID, IsAccused, IsComplainantAccused) VALUES (275, 544, 1, '2024-05-13', 1, 4, 12, 23, 4, 729, 1, 0);
INSERT INTO inv_arrestsurrenderaccused (ArrestSurrenderID, AccusedMasterID) VALUES (275, 729);
INSERT INTO CaseMaster (CaseMasterID, CrimeNo, CaseNo, CrimeRegisteredDate, PolicePersonID, PoliceStationID, CaseCategoryID, GravityOffenceID, CrimeMajorHeadID, CrimeMinorHeadID, CaseStatusID, CourtID, IncidentFromDate, IncidentToDate, InfoReceivedPSDate, latitude, longitude, BriefFacts) VALUES (545, '100050016202400545', '202400545', '2024-06-14', 31, 16, 1, 2, 2, 5, 5, 5, '2024-06-14 17:00:00', '2024-06-14 19:00:00', '2024-06-14 17:00:00', 15.839000, 74.503000, 'Incident reported at Tilakwadi Police Station. Initial investigation launched by IO Prakash Patil.');
INSERT INTO Inv_OccuranceTime (CaseMasterID, IncidentFromDate, IncidentToDate, latitude, longitude, PlaceOfOccurrence) VALUES (545, '2024-06-14 17:00:00', '2024-06-14 19:00:00', 15.839000, 74.503000, 'Near Junction, Tilakwadi');
INSERT INTO ComplainantDetails (ComplainantID, CaseMasterID, ComplainantName, AgeYear, OccupationID, ReligionID, CasteID, GenderID) VALUES (545, 545, 'Jagadish Joshi', 25, 2, 1, 1, 1);
INSERT INTO ActSectionAssociation (CaseMasterID, ActID, SectionID, ActOrderID, SectionOrderID) VALUES (545, 'IPC', '302', 1, 1);
INSERT INTO Victim (VictimMasterID, CaseMasterID, VictimName, AgeYear, GenderID, VictimPolice) VALUES (545, 545, 'Sangeetha Shetty', 31, 1, '0');
INSERT INTO Accused (AccusedMasterID, CaseMasterID, AccusedName, AgeYear, GenderID, PersonID) VALUES (730, 545, 'Shiva Kumar', 34, 1, 'A1');
INSERT INTO CaseMaster (CaseMasterID, CrimeNo, CaseNo, CrimeRegisteredDate, PolicePersonID, PoliceStationID, CaseCategoryID, GravityOffenceID, CrimeMajorHeadID, CrimeMinorHeadID, CaseStatusID, CourtID, IncidentFromDate, IncidentToDate, InfoReceivedPSDate, latitude, longitude, BriefFacts) VALUES (546, '100060018202400546', '202400546', '2024-07-15', 35, 18, 2, 3, 3, 6, 1, 6, '2024-07-15 18:00:00', '2024-07-15 20:00:00', '2024-07-15 18:00:00', 17.325000, 76.830000, 'Incident reported at Station Bazar Police Station. Initial investigation launched by IO Mahesh Bhat.');
INSERT INTO Inv_OccuranceTime (CaseMasterID, IncidentFromDate, IncidentToDate, latitude, longitude, PlaceOfOccurrence) VALUES (546, '2024-07-15 18:00:00', '2024-07-15 20:00:00', 17.325000, 76.830000, 'Near Junction, Station Bazar');
INSERT INTO ComplainantDetails (ComplainantID, CaseMasterID, ComplainantName, AgeYear, OccupationID, ReligionID, CasteID, GenderID) VALUES (546, 546, 'Girish Deshpande', 37, 2, 1, 1, 1);
INSERT INTO ActSectionAssociation (CaseMasterID, ActID, SectionID, ActOrderID, SectionOrderID) VALUES (546, 'IT_ACT', '66D', 1, 1);
INSERT INTO Victim (VictimMasterID, CaseMasterID, VictimName, AgeYear, GenderID, VictimPolice) VALUES (546, 546, 'Rajesh Murthy', 42, 1, '0');
INSERT INTO Accused (AccusedMasterID, CaseMasterID, AccusedName, AgeYear, GenderID, PersonID) VALUES (731, 546, 'Vicky Singh', 29, 1, 'A1');
INSERT INTO Accused (AccusedMasterID, CaseMasterID, AccusedName, AgeYear, GenderID, PersonID) VALUES (732, 546, 'Altaf Kumar', 29, 1, 'A2');
INSERT INTO ArrestSurrender (ArrestSurrenderID, CaseMasterID, ArrestSurrenderTypeID, ArrestSurrenderDate, ArrestSurrenderStateId, ArrestSurrenderDistrictId, PoliceStationID, IOID, CourtID, AccusedMasterID, IsAccused, IsComplainantAccused) VALUES (276, 546, 1, '2024-07-15', 1, 6, 18, 35, 6, 731, 1, 0);
INSERT INTO inv_arrestsurrenderaccused (ArrestSurrenderID, AccusedMasterID) VALUES (276, 731);
INSERT INTO inv_arrestsurrenderaccused (ArrestSurrenderID, AccusedMasterID) VALUES (276, 732);
INSERT INTO ChargesheetDetails (CSID, CaseMasterID, csdate, cstype, PolicePersonID) VALUES (184, 546, '2024-07-15 18:00:00', 'A', 35);
INSERT INTO CaseMaster (CaseMasterID, CrimeNo, CaseNo, CrimeRegisteredDate, PolicePersonID, PoliceStationID, CaseCategoryID, GravityOffenceID, CrimeMajorHeadID, CrimeMinorHeadID, CaseStatusID, CourtID, IncidentFromDate, IncidentToDate, InfoReceivedPSDate, latitude, longitude, BriefFacts) VALUES (547, '100010002202400547', '202400547', '2024-08-16', 3, 2, 3, 1, 3, 7, 2, 1, '2024-08-16 19:00:00', '2024-08-16 21:00:00', '2024-08-16 19:00:00', 12.932200, 77.621500, 'Incident reported at Koramangala Police Station. Initial investigation launched by IO Ganesh Nayak.');
INSERT INTO Inv_OccuranceTime (CaseMasterID, IncidentFromDate, IncidentToDate, latitude, longitude, PlaceOfOccurrence) VALUES (547, '2024-08-16 19:00:00', '2024-08-16 21:00:00', 12.932200, 77.621500, 'Near Junction, Koramangala');
INSERT INTO ComplainantDetails (ComplainantID, CaseMasterID, ComplainantName, AgeYear, OccupationID, ReligionID, CasteID, GenderID) VALUES (547, 547, 'Suma Hegde', 44, 2, 1, 1, 1);
INSERT INTO ActSectionAssociation (CaseMasterID, ActID, SectionID, ActOrderID, SectionOrderID) VALUES (547, 'IT_ACT', '66D', 1, 1);
INSERT INTO Victim (VictimMasterID, CaseMasterID, VictimName, AgeYear, GenderID, VictimPolice) VALUES (547, 547, 'Nikhil Kulkarni', 49, 1, '0');
INSERT INTO Accused (AccusedMasterID, CaseMasterID, AccusedName, AgeYear, GenderID, PersonID) VALUES (733, 547, 'Yogesh Singh', 23, 1, 'A1');
INSERT INTO CaseMaster (CaseMasterID, CrimeNo, CaseNo, CrimeRegisteredDate, PolicePersonID, PoliceStationID, CaseCategoryID, GravityOffenceID, CrimeMajorHeadID, CrimeMinorHeadID, CaseStatusID, CourtID, IncidentFromDate, IncidentToDate, InfoReceivedPSDate, latitude, longitude, BriefFacts) VALUES (548, '100020007202400548', '202400548', '2024-09-17', 13, 7, 4, 2, 4, 8, 3, 2, '2024-09-17 20:00:00', '2024-09-17 22:00:00', '2024-09-17 20:00:00', 12.310000, 76.656000, 'Incident reported at Lashkar Police Station. Initial investigation launched by IO Anil Kulkarni.');
INSERT INTO Inv_OccuranceTime (CaseMasterID, IncidentFromDate, IncidentToDate, latitude, longitude, PlaceOfOccurrence) VALUES (548, '2024-09-17 20:00:00', '2024-09-17 22:00:00', 12.310000, 76.656000, 'Near Junction, Lashkar');
INSERT INTO ComplainantDetails (ComplainantID, CaseMasterID, ComplainantName, AgeYear, OccupationID, ReligionID, CasteID, GenderID) VALUES (548, 548, 'Suma Naik', 40, 2, 1, 1, 1);
INSERT INTO ActSectionAssociation (CaseMasterID, ActID, SectionID, ActOrderID, SectionOrderID) VALUES (548, 'IPC', '420', 1, 1);
INSERT INTO Victim (VictimMasterID, CaseMasterID, VictimName, AgeYear, GenderID, VictimPolice) VALUES (548, 548, 'Divya Murthy', 28, 1, '0');
INSERT INTO Accused (AccusedMasterID, CaseMasterID, AccusedName, AgeYear, GenderID, PersonID) VALUES (734, 548, 'Altaf Singh', 40, 1, 'A1');
INSERT INTO ArrestSurrender (ArrestSurrenderID, CaseMasterID, ArrestSurrenderTypeID, ArrestSurrenderDate, ArrestSurrenderStateId, ArrestSurrenderDistrictId, PoliceStationID, IOID, CourtID, AccusedMasterID, IsAccused, IsComplainantAccused) VALUES (277, 548, 1, '2024-09-17', 1, 2, 7, 13, 2, 734, 1, 0);
INSERT INTO inv_arrestsurrenderaccused (ArrestSurrenderID, AccusedMasterID) VALUES (277, 734);
INSERT INTO CaseMaster (CaseMasterID, CrimeNo, CaseNo, CrimeRegisteredDate, PolicePersonID, PoliceStationID, CaseCategoryID, GravityOffenceID, CrimeMajorHeadID, CrimeMinorHeadID, CaseStatusID, CourtID, IncidentFromDate, IncidentToDate, InfoReceivedPSDate, latitude, longitude, BriefFacts) VALUES (549, '100030011202400549', '202400549', '2024-10-18', 21, 11, 1, 3, 5, 9, 4, 3, '2024-10-18 21:00:00', '2024-10-18 23:00:00', '2024-10-18 21:00:00', 12.888000, 74.830000, 'Incident reported at Urwa Police Station. Initial investigation launched by IO Anil Gowda.');
INSERT INTO Inv_OccuranceTime (CaseMasterID, IncidentFromDate, IncidentToDate, latitude, longitude, PlaceOfOccurrence) VALUES (549, '2024-10-18 21:00:00', '2024-10-18 23:00:00', 12.888000, 74.830000, 'Near Junction, Urwa');
INSERT INTO ComplainantDetails (ComplainantID, CaseMasterID, ComplainantName, AgeYear, OccupationID, ReligionID, CasteID, GenderID) VALUES (549, 549, 'Harish Naik', 61, 2, 1, 1, 1);
INSERT INTO ActSectionAssociation (CaseMasterID, ActID, SectionID, ActOrderID, SectionOrderID) VALUES (549, 'NDPS', '20', 1, 1);
INSERT INTO Victim (VictimMasterID, CaseMasterID, VictimName, AgeYear, GenderID, VictimPolice) VALUES (549, 549, 'Bhavya Rao', 42, 1, '0');
INSERT INTO Accused (AccusedMasterID, CaseMasterID, AccusedName, AgeYear, GenderID, PersonID) VALUES (735, 549, 'Dharma Kumar', 22, 1, 'A1');
INSERT INTO Accused (AccusedMasterID, CaseMasterID, AccusedName, AgeYear, GenderID, PersonID) VALUES (736, 549, 'Raja Pashan', 20, 1, 'A2');
INSERT INTO ChargesheetDetails (CSID, CaseMasterID, csdate, cstype, PolicePersonID) VALUES (185, 549, '2024-10-18 21:00:00', 'A', 21);
INSERT INTO CaseMaster (CaseMasterID, CrimeNo, CaseNo, CrimeRegisteredDate, PolicePersonID, PoliceStationID, CaseCategoryID, GravityOffenceID, CrimeMajorHeadID, CrimeMinorHeadID, CaseStatusID, CourtID, IncidentFromDate, IncidentToDate, InfoReceivedPSDate, latitude, longitude, BriefFacts) VALUES (550, '100040012202400550', '202400550', '2024-11-19', 23, 12, 2, 1, 1, 10, 5, 4, '2024-11-19 22:00:00', '2024-11-19 00:00:00', '2024-11-19 22:00:00', 15.352000, 75.141000, 'Incident reported at Suburban Police Station Hubballi. Initial investigation launched by IO Basavaraj Rao.');
INSERT INTO Inv_OccuranceTime (CaseMasterID, IncidentFromDate, IncidentToDate, latitude, longitude, PlaceOfOccurrence) VALUES (550, '2024-11-19 22:00:00', '2024-11-19 00:00:00', 15.352000, 75.141000, 'Near Junction, Suburban Hubballi');
INSERT INTO ComplainantDetails (ComplainantID, CaseMasterID, ComplainantName, AgeYear, OccupationID, ReligionID, CasteID, GenderID) VALUES (550, 550, 'Kavitha Shetty', 38, 2, 1, 1, 1);
INSERT INTO ActSectionAssociation (CaseMasterID, ActID, SectionID, ActOrderID, SectionOrderID) VALUES (550, 'IPC', '379', 1, 1);
INSERT INTO Victim (VictimMasterID, CaseMasterID, VictimName, AgeYear, GenderID, VictimPolice) VALUES (550, 550, 'Manoj Rao', 38, 1, '0');
INSERT INTO Accused (AccusedMasterID, CaseMasterID, AccusedName, AgeYear, GenderID, PersonID) VALUES (737, 550, 'Imtiaz Reddy', 27, 1, 'A1');
INSERT INTO ArrestSurrender (ArrestSurrenderID, CaseMasterID, ArrestSurrenderTypeID, ArrestSurrenderDate, ArrestSurrenderStateId, ArrestSurrenderDistrictId, PoliceStationID, IOID, CourtID, AccusedMasterID, IsAccused, IsComplainantAccused) VALUES (278, 550, 1, '2024-11-19', 1, 4, 12, 23, 4, 737, 1, 0);
INSERT INTO inv_arrestsurrenderaccused (ArrestSurrenderID, AccusedMasterID) VALUES (278, 737);
INSERT INTO CaseMaster (CaseMasterID, CrimeNo, CaseNo, CrimeRegisteredDate, PolicePersonID, PoliceStationID, CaseCategoryID, GravityOffenceID, CrimeMajorHeadID, CrimeMinorHeadID, CaseStatusID, CourtID, IncidentFromDate, IncidentToDate, InfoReceivedPSDate, latitude, longitude, BriefFacts) VALUES (551, '100050016202400551', '202400551', '2024-12-20', 31, 16, 3, 2, 1, 1, 1, 5, '2024-12-20 23:00:00', '2024-12-20 01:00:00', '2024-12-20 23:00:00', 15.845000, 74.509000, 'Incident reported at Tilakwadi Police Station. Initial investigation launched by IO Prakash Patil.');
INSERT INTO Inv_OccuranceTime (CaseMasterID, IncidentFromDate, IncidentToDate, latitude, longitude, PlaceOfOccurrence) VALUES (551, '2024-12-20 23:00:00', '2024-12-20 01:00:00', 15.845000, 74.509000, 'Near Junction, Tilakwadi');
INSERT INTO ComplainantDetails (ComplainantID, CaseMasterID, ComplainantName, AgeYear, OccupationID, ReligionID, CasteID, GenderID) VALUES (551, 551, 'Jagadish Joshi', 44, 2, 1, 1, 1);
INSERT INTO ActSectionAssociation (CaseMasterID, ActID, SectionID, ActOrderID, SectionOrderID) VALUES (551, 'IPC', '379', 1, 1);
INSERT INTO Victim (VictimMasterID, CaseMasterID, VictimName, AgeYear, GenderID, VictimPolice) VALUES (551, 551, 'Nikhil Bhat', 36, 1, '0');
INSERT INTO Accused (AccusedMasterID, CaseMasterID, AccusedName, AgeYear, GenderID, PersonID) VALUES (738, 551, 'Vicky Reddy', 45, 1, 'A1');
INSERT INTO CaseMaster (CaseMasterID, CrimeNo, CaseNo, CrimeRegisteredDate, PolicePersonID, PoliceStationID, CaseCategoryID, GravityOffenceID, CrimeMajorHeadID, CrimeMinorHeadID, CaseStatusID, CourtID, IncidentFromDate, IncidentToDate, InfoReceivedPSDate, latitude, longitude, BriefFacts) VALUES (552, '100060018202400552', '202400552', '2024-01-21', 35, 18, 4, 3, 1, 2, 2, 6, '2024-01-21 00:00:00', '2024-01-21 02:00:00', '2024-01-21 00:00:00', 17.331000, 76.836000, 'Incident reported at Station Bazar Police Station. Initial investigation launched by IO Mahesh Bhat.');
INSERT INTO Inv_OccuranceTime (CaseMasterID, IncidentFromDate, IncidentToDate, latitude, longitude, PlaceOfOccurrence) VALUES (552, '2024-01-21 00:00:00', '2024-01-21 02:00:00', 17.331000, 76.836000, 'Near Junction, Station Bazar');
INSERT INTO ComplainantDetails (ComplainantID, CaseMasterID, ComplainantName, AgeYear, OccupationID, ReligionID, CasteID, GenderID) VALUES (552, 552, 'Radha Shetty', 34, 2, 1, 1, 1);
INSERT INTO ActSectionAssociation (CaseMasterID, ActID, SectionID, ActOrderID, SectionOrderID) VALUES (552, 'IPC', '379', 1, 1);
INSERT INTO Victim (VictimMasterID, CaseMasterID, VictimName, AgeYear, GenderID, VictimPolice) VALUES (552, 552, 'Rajesh Shetty', 42, 1, '0');
INSERT INTO Accused (AccusedMasterID, CaseMasterID, AccusedName, AgeYear, GenderID, PersonID) VALUES (739, 552, 'Jagga Reddy', 42, 1, 'A1');
INSERT INTO Accused (AccusedMasterID, CaseMasterID, AccusedName, AgeYear, GenderID, PersonID) VALUES (740, 552, 'Raja Singh', 43, 1, 'A2');
INSERT INTO ArrestSurrender (ArrestSurrenderID, CaseMasterID, ArrestSurrenderTypeID, ArrestSurrenderDate, ArrestSurrenderStateId, ArrestSurrenderDistrictId, PoliceStationID, IOID, CourtID, AccusedMasterID, IsAccused, IsComplainantAccused) VALUES (279, 552, 1, '2024-01-21', 1, 6, 18, 35, 6, 739, 1, 0);
INSERT INTO inv_arrestsurrenderaccused (ArrestSurrenderID, AccusedMasterID) VALUES (279, 739);
INSERT INTO inv_arrestsurrenderaccused (ArrestSurrenderID, AccusedMasterID) VALUES (279, 740);
INSERT INTO ChargesheetDetails (CSID, CaseMasterID, csdate, cstype, PolicePersonID) VALUES (186, 552, '2024-01-21 00:00:00', 'A', 35);
INSERT INTO CaseMaster (CaseMasterID, CrimeNo, CaseNo, CrimeRegisteredDate, PolicePersonID, PoliceStationID, CaseCategoryID, GravityOffenceID, CrimeMajorHeadID, CrimeMinorHeadID, CaseStatusID, CourtID, IncidentFromDate, IncidentToDate, InfoReceivedPSDate, latitude, longitude, BriefFacts) VALUES (553, '100010003202400553', '202400553', '2024-02-22', 5, 3, 1, 1, 1, 3, 3, 1, '2024-02-22 01:00:00', '2024-02-22 03:00:00', '2024-02-22 01:00:00', 12.972800, 77.752900, 'Incident reported at Whitefield Police Station. Initial investigation launched by IO Sunil Bhat.');
INSERT INTO Inv_OccuranceTime (CaseMasterID, IncidentFromDate, IncidentToDate, latitude, longitude, PlaceOfOccurrence) VALUES (553, '2024-02-22 01:00:00', '2024-02-22 03:00:00', 12.972800, 77.752900, 'Near Junction, Whitefield');
INSERT INTO ComplainantDetails (ComplainantID, CaseMasterID, ComplainantName, AgeYear, OccupationID, ReligionID, CasteID, GenderID) VALUES (553, 553, 'Chetan Gowda', 34, 2, 1, 1, 1);
INSERT INTO ActSectionAssociation (CaseMasterID, ActID, SectionID, ActOrderID, SectionOrderID) VALUES (553, 'IPC', '379', 1, 1);
INSERT INTO Victim (VictimMasterID, CaseMasterID, VictimName, AgeYear, GenderID, VictimPolice) VALUES (553, 553, 'Arun Deshpande', 45, 1, '0');
INSERT INTO Accused (AccusedMasterID, CaseMasterID, AccusedName, AgeYear, GenderID, PersonID) VALUES (741, 553, 'Vicky Alias', 37, 1, 'A1');
INSERT INTO CaseMaster (CaseMasterID, CrimeNo, CaseNo, CrimeRegisteredDate, PolicePersonID, PoliceStationID, CaseCategoryID, GravityOffenceID, CrimeMajorHeadID, CrimeMinorHeadID, CaseStatusID, CourtID, IncidentFromDate, IncidentToDate, InfoReceivedPSDate, latitude, longitude, BriefFacts) VALUES (554, '100020007202400554', '202400554', '2024-03-23', 13, 7, 2, 2, 2, 4, 4, 2, '2024-03-23 02:00:00', '2024-03-23 04:00:00', '2024-03-23 02:00:00', 12.316000, 76.662000, 'Incident reported at Lashkar Police Station. Initial investigation launched by IO Anil Kulkarni.');
INSERT INTO Inv_OccuranceTime (CaseMasterID, IncidentFromDate, IncidentToDate, latitude, longitude, PlaceOfOccurrence) VALUES (554, '2024-03-23 02:00:00', '2024-03-23 04:00:00', 12.316000, 76.662000, 'Near Junction, Lashkar');
INSERT INTO ComplainantDetails (ComplainantID, CaseMasterID, ComplainantName, AgeYear, OccupationID, ReligionID, CasteID, GenderID) VALUES (554, 554, 'Bharath Joshi', 25, 2, 1, 1, 1);
INSERT INTO ActSectionAssociation (CaseMasterID, ActID, SectionID, ActOrderID, SectionOrderID) VALUES (554, 'IPC', '302', 1, 1);
INSERT INTO Victim (VictimMasterID, CaseMasterID, VictimName, AgeYear, GenderID, VictimPolice) VALUES (554, 554, 'Chaitra Joshi', 26, 1, '0');
INSERT INTO Accused (AccusedMasterID, CaseMasterID, AccusedName, AgeYear, GenderID, PersonID) VALUES (742, 554, 'Imtiaz Verma', 40, 1, 'A1');
INSERT INTO ArrestSurrender (ArrestSurrenderID, CaseMasterID, ArrestSurrenderTypeID, ArrestSurrenderDate, ArrestSurrenderStateId, ArrestSurrenderDistrictId, PoliceStationID, IOID, CourtID, AccusedMasterID, IsAccused, IsComplainantAccused) VALUES (280, 554, 1, '2024-03-23', 1, 2, 7, 13, 2, 742, 1, 0);
INSERT INTO inv_arrestsurrenderaccused (ArrestSurrenderID, AccusedMasterID) VALUES (280, 742);
INSERT INTO CaseMaster (CaseMasterID, CrimeNo, CaseNo, CrimeRegisteredDate, PolicePersonID, PoliceStationID, CaseCategoryID, GravityOffenceID, CrimeMajorHeadID, CrimeMinorHeadID, CaseStatusID, CourtID, IncidentFromDate, IncidentToDate, InfoReceivedPSDate, latitude, longitude, BriefFacts) VALUES (555, '100030011202400555', '202400555', '2024-04-24', 21, 11, 3, 3, 2, 5, 5, 3, '2024-04-24 03:00:00', '2024-04-24 05:00:00', '2024-04-24 03:00:00', 12.894000, 74.836000, 'Incident reported at Urwa Police Station. Initial investigation launched by IO Anil Gowda.');
INSERT INTO Inv_OccuranceTime (CaseMasterID, IncidentFromDate, IncidentToDate, latitude, longitude, PlaceOfOccurrence) VALUES (555, '2024-04-24 03:00:00', '2024-04-24 05:00:00', 12.894000, 74.836000, 'Near Junction, Urwa');
INSERT INTO ComplainantDetails (ComplainantID, CaseMasterID, ComplainantName, AgeYear, OccupationID, ReligionID, CasteID, GenderID) VALUES (555, 555, 'Pooja Naik', 34, 2, 1, 1, 1);
INSERT INTO ActSectionAssociation (CaseMasterID, ActID, SectionID, ActOrderID, SectionOrderID) VALUES (555, 'IPC', '302', 1, 1);
INSERT INTO Victim (VictimMasterID, CaseMasterID, VictimName, AgeYear, GenderID, VictimPolice) VALUES (555, 555, 'Kiran Deshpande', 44, 1, '0');
INSERT INTO Accused (AccusedMasterID, CaseMasterID, AccusedName, AgeYear, GenderID, PersonID) VALUES (743, 555, 'Vicky Khan', 30, 1, 'A1');
INSERT INTO Accused (AccusedMasterID, CaseMasterID, AccusedName, AgeYear, GenderID, PersonID) VALUES (744, 555, 'Altaf Verma', 43, 1, 'A2');
INSERT INTO ChargesheetDetails (CSID, CaseMasterID, csdate, cstype, PolicePersonID) VALUES (187, 555, '2024-04-24 03:00:00', 'A', 21);
INSERT INTO CaseMaster (CaseMasterID, CrimeNo, CaseNo, CrimeRegisteredDate, PolicePersonID, PoliceStationID, CaseCategoryID, GravityOffenceID, CrimeMajorHeadID, CrimeMinorHeadID, CaseStatusID, CourtID, IncidentFromDate, IncidentToDate, InfoReceivedPSDate, latitude, longitude, BriefFacts) VALUES (556, '100040012202400556', '202400556', '2024-05-25', 23, 12, 4, 1, 3, 6, 1, 4, '2024-05-25 04:00:00', '2024-05-25 06:00:00', '2024-05-25 04:00:00', 15.358000, 75.147000, 'Incident reported at Suburban Police Station Hubballi. Initial investigation launched by IO Basavaraj Rao.');
INSERT INTO Inv_OccuranceTime (CaseMasterID, IncidentFromDate, IncidentToDate, latitude, longitude, PlaceOfOccurrence) VALUES (556, '2024-05-25 04:00:00', '2024-05-25 06:00:00', 15.358000, 75.147000, 'Near Junction, Suburban Hubballi');
INSERT INTO ComplainantDetails (ComplainantID, CaseMasterID, ComplainantName, AgeYear, OccupationID, ReligionID, CasteID, GenderID) VALUES (556, 556, 'Jagadish Deshpande', 36, 2, 1, 1, 1);
INSERT INTO ActSectionAssociation (CaseMasterID, ActID, SectionID, ActOrderID, SectionOrderID) VALUES (556, 'IT_ACT', '66D', 1, 1);
INSERT INTO Victim (VictimMasterID, CaseMasterID, VictimName, AgeYear, GenderID, VictimPolice) VALUES (556, 556, 'Chaitra Shetty', 47, 1, '0');
INSERT INTO Accused (AccusedMasterID, CaseMasterID, AccusedName, AgeYear, GenderID, PersonID) VALUES (745, 556, 'Vicky Khan', 20, 1, 'A1');
INSERT INTO ArrestSurrender (ArrestSurrenderID, CaseMasterID, ArrestSurrenderTypeID, ArrestSurrenderDate, ArrestSurrenderStateId, ArrestSurrenderDistrictId, PoliceStationID, IOID, CourtID, AccusedMasterID, IsAccused, IsComplainantAccused) VALUES (281, 556, 1, '2024-05-25', 1, 4, 12, 23, 4, 745, 1, 0);
INSERT INTO inv_arrestsurrenderaccused (ArrestSurrenderID, AccusedMasterID) VALUES (281, 745);
INSERT INTO CaseMaster (CaseMasterID, CrimeNo, CaseNo, CrimeRegisteredDate, PolicePersonID, PoliceStationID, CaseCategoryID, GravityOffenceID, CrimeMajorHeadID, CrimeMinorHeadID, CaseStatusID, CourtID, IncidentFromDate, IncidentToDate, InfoReceivedPSDate, latitude, longitude, BriefFacts) VALUES (557, '100050016202400557', '202400557', '2024-06-26', 31, 16, 1, 2, 3, 7, 2, 5, '2024-06-26 05:00:00', '2024-06-26 07:00:00', '2024-06-26 05:00:00', 15.851000, 74.515000, 'Incident reported at Tilakwadi Police Station. Initial investigation launched by IO Prakash Patil.');
INSERT INTO Inv_OccuranceTime (CaseMasterID, IncidentFromDate, IncidentToDate, latitude, longitude, PlaceOfOccurrence) VALUES (557, '2024-06-26 05:00:00', '2024-06-26 07:00:00', 15.851000, 74.515000, 'Near Junction, Tilakwadi');
INSERT INTO ComplainantDetails (ComplainantID, CaseMasterID, ComplainantName, AgeYear, OccupationID, ReligionID, CasteID, GenderID) VALUES (557, 557, 'Anand Gowda', 26, 2, 1, 1, 1);
INSERT INTO ActSectionAssociation (CaseMasterID, ActID, SectionID, ActOrderID, SectionOrderID) VALUES (557, 'IT_ACT', '66D', 1, 1);
INSERT INTO Victim (VictimMasterID, CaseMasterID, VictimName, AgeYear, GenderID, VictimPolice) VALUES (557, 557, 'Vinay Joshi', 46, 1, '0');
INSERT INTO Accused (AccusedMasterID, CaseMasterID, AccusedName, AgeYear, GenderID, PersonID) VALUES (746, 557, 'Babloo Reddy', 33, 1, 'A1');
INSERT INTO CaseMaster (CaseMasterID, CrimeNo, CaseNo, CrimeRegisteredDate, PolicePersonID, PoliceStationID, CaseCategoryID, GravityOffenceID, CrimeMajorHeadID, CrimeMinorHeadID, CaseStatusID, CourtID, IncidentFromDate, IncidentToDate, InfoReceivedPSDate, latitude, longitude, BriefFacts) VALUES (558, '100060018202400558', '202400558', '2024-07-27', 35, 18, 2, 3, 4, 8, 3, 6, '2024-07-27 06:00:00', '2024-07-27 08:00:00', '2024-07-27 06:00:00', 17.337000, 76.842000, 'Incident reported at Station Bazar Police Station. Initial investigation launched by IO Mahesh Bhat.');
INSERT INTO Inv_OccuranceTime (CaseMasterID, IncidentFromDate, IncidentToDate, latitude, longitude, PlaceOfOccurrence) VALUES (558, '2024-07-27 06:00:00', '2024-07-27 08:00:00', 17.337000, 76.842000, 'Near Junction, Station Bazar');
INSERT INTO ComplainantDetails (ComplainantID, CaseMasterID, ComplainantName, AgeYear, OccupationID, ReligionID, CasteID, GenderID) VALUES (558, 558, 'Nandini Shetty', 48, 2, 1, 1, 1);
INSERT INTO ActSectionAssociation (CaseMasterID, ActID, SectionID, ActOrderID, SectionOrderID) VALUES (558, 'IPC', '420', 1, 1);
INSERT INTO Victim (VictimMasterID, CaseMasterID, VictimName, AgeYear, GenderID, VictimPolice) VALUES (558, 558, 'Arun Shetty', 35, 1, '0');
INSERT INTO Accused (AccusedMasterID, CaseMasterID, AccusedName, AgeYear, GenderID, PersonID) VALUES (747, 558, 'Jagga Alias', 33, 1, 'A1');
INSERT INTO Accused (AccusedMasterID, CaseMasterID, AccusedName, AgeYear, GenderID, PersonID) VALUES (748, 558, 'Raja Reddy', 42, 1, 'A2');
INSERT INTO ArrestSurrender (ArrestSurrenderID, CaseMasterID, ArrestSurrenderTypeID, ArrestSurrenderDate, ArrestSurrenderStateId, ArrestSurrenderDistrictId, PoliceStationID, IOID, CourtID, AccusedMasterID, IsAccused, IsComplainantAccused) VALUES (282, 558, 1, '2024-07-27', 1, 6, 18, 35, 6, 747, 1, 0);
INSERT INTO inv_arrestsurrenderaccused (ArrestSurrenderID, AccusedMasterID) VALUES (282, 747);
INSERT INTO inv_arrestsurrenderaccused (ArrestSurrenderID, AccusedMasterID) VALUES (282, 748);
INSERT INTO ChargesheetDetails (CSID, CaseMasterID, csdate, cstype, PolicePersonID) VALUES (188, 558, '2024-07-27 06:00:00', 'A', 35);
INSERT INTO CaseMaster (CaseMasterID, CrimeNo, CaseNo, CrimeRegisteredDate, PolicePersonID, PoliceStationID, CaseCategoryID, GravityOffenceID, CrimeMajorHeadID, CrimeMinorHeadID, CaseStatusID, CourtID, IncidentFromDate, IncidentToDate, InfoReceivedPSDate, latitude, longitude, BriefFacts) VALUES (559, '100010004202400559', '202400559', '2024-08-28', 7, 4, 3, 1, 5, 9, 4, 1, '2024-08-28 07:00:00', '2024-08-28 09:00:00', '2024-08-28 07:00:00', 12.934000, 77.602800, 'Incident reported at Jayanagar Police Station. Initial investigation launched by IO Vijay Kulkarni.');
INSERT INTO Inv_OccuranceTime (CaseMasterID, IncidentFromDate, IncidentToDate, latitude, longitude, PlaceOfOccurrence) VALUES (559, '2024-08-28 07:00:00', '2024-08-28 09:00:00', 12.934000, 77.602800, 'Near Junction, Jayanagar');
INSERT INTO ComplainantDetails (ComplainantID, CaseMasterID, ComplainantName, AgeYear, OccupationID, ReligionID, CasteID, GenderID) VALUES (559, 559, 'Pooja Rao', 64, 2, 1, 1, 1);
INSERT INTO ActSectionAssociation (CaseMasterID, ActID, SectionID, ActOrderID, SectionOrderID) VALUES (559, 'NDPS', '20', 1, 1);
INSERT INTO Victim (VictimMasterID, CaseMasterID, VictimName, AgeYear, GenderID, VictimPolice) VALUES (559, 559, 'Manoj Gowda', 34, 1, '0');
INSERT INTO Accused (AccusedMasterID, CaseMasterID, AccusedName, AgeYear, GenderID, PersonID) VALUES (749, 559, 'Dharma Salim', 36, 1, 'A1');
INSERT INTO CaseMaster (CaseMasterID, CrimeNo, CaseNo, CrimeRegisteredDate, PolicePersonID, PoliceStationID, CaseCategoryID, GravityOffenceID, CrimeMajorHeadID, CrimeMinorHeadID, CaseStatusID, CourtID, IncidentFromDate, IncidentToDate, InfoReceivedPSDate, latitude, longitude, BriefFacts) VALUES (560, '100020007202400560', '202400560', '2024-09-01', 13, 7, 4, 2, 1, 10, 5, 2, '2024-09-01 08:00:00', '2024-09-01 10:00:00', '2024-09-01 08:00:00', 12.302000, 76.648000, 'Incident reported at Lashkar Police Station. Initial investigation launched by IO Anil Kulkarni.');
INSERT INTO Inv_OccuranceTime (CaseMasterID, IncidentFromDate, IncidentToDate, latitude, longitude, PlaceOfOccurrence) VALUES (560, '2024-09-01 08:00:00', '2024-09-01 10:00:00', 12.302000, 76.648000, 'Near Junction, Lashkar');
INSERT INTO ComplainantDetails (ComplainantID, CaseMasterID, ComplainantName, AgeYear, OccupationID, ReligionID, CasteID, GenderID) VALUES (560, 560, 'Nandini Bhat', 52, 2, 1, 1, 1);
INSERT INTO ActSectionAssociation (CaseMasterID, ActID, SectionID, ActOrderID, SectionOrderID) VALUES (560, 'IPC', '379', 1, 1);
INSERT INTO Victim (VictimMasterID, CaseMasterID, VictimName, AgeYear, GenderID, VictimPolice) VALUES (560, 560, 'Chaitra Kulkarni', 37, 1, '0');
INSERT INTO Accused (AccusedMasterID, CaseMasterID, AccusedName, AgeYear, GenderID, PersonID) VALUES (750, 560, 'Jagga Reddy', 35, 1, 'A1');
INSERT INTO ArrestSurrender (ArrestSurrenderID, CaseMasterID, ArrestSurrenderTypeID, ArrestSurrenderDate, ArrestSurrenderStateId, ArrestSurrenderDistrictId, PoliceStationID, IOID, CourtID, AccusedMasterID, IsAccused, IsComplainantAccused) VALUES (283, 560, 1, '2024-09-01', 1, 2, 7, 13, 2, 750, 1, 0);
INSERT INTO inv_arrestsurrenderaccused (ArrestSurrenderID, AccusedMasterID) VALUES (283, 750);
INSERT INTO CaseMaster (CaseMasterID, CrimeNo, CaseNo, CrimeRegisteredDate, PolicePersonID, PoliceStationID, CaseCategoryID, GravityOffenceID, CrimeMajorHeadID, CrimeMinorHeadID, CaseStatusID, CourtID, IncidentFromDate, IncidentToDate, InfoReceivedPSDate, latitude, longitude, BriefFacts) VALUES (561, '100030011202400561', '202400561', '2024-10-02', 21, 11, 1, 3, 1, 1, 1, 3, '2024-10-02 09:00:00', '2024-10-02 11:00:00', '2024-10-02 09:00:00', 12.880000, 74.822000, 'Incident reported at Urwa Police Station. Initial investigation launched by IO Anil Gowda.');
INSERT INTO Inv_OccuranceTime (CaseMasterID, IncidentFromDate, IncidentToDate, latitude, longitude, PlaceOfOccurrence) VALUES (561, '2024-10-02 09:00:00', '2024-10-02 11:00:00', 12.880000, 74.822000, 'Near Junction, Urwa');
INSERT INTO ComplainantDetails (ComplainantID, CaseMasterID, ComplainantName, AgeYear, OccupationID, ReligionID, CasteID, GenderID) VALUES (561, 561, 'Latha Hegde', 37, 2, 1, 1, 1);
INSERT INTO ActSectionAssociation (CaseMasterID, ActID, SectionID, ActOrderID, SectionOrderID) VALUES (561, 'IPC', '379', 1, 1);
INSERT INTO Victim (VictimMasterID, CaseMasterID, VictimName, AgeYear, GenderID, VictimPolice) VALUES (561, 561, 'Kiran Shetty', 21, 1, '0');
INSERT INTO Accused (AccusedMasterID, CaseMasterID, AccusedName, AgeYear, GenderID, PersonID) VALUES (751, 561, 'Dharma Kumar', 32, 1, 'A1');
INSERT INTO Accused (AccusedMasterID, CaseMasterID, AccusedName, AgeYear, GenderID, PersonID) VALUES (752, 561, 'Tukaram Verma', 42, 1, 'A2');
INSERT INTO ChargesheetDetails (CSID, CaseMasterID, csdate, cstype, PolicePersonID) VALUES (189, 561, '2024-10-02 09:00:00', 'A', 21);
INSERT INTO CaseMaster (CaseMasterID, CrimeNo, CaseNo, CrimeRegisteredDate, PolicePersonID, PoliceStationID, CaseCategoryID, GravityOffenceID, CrimeMajorHeadID, CrimeMinorHeadID, CaseStatusID, CourtID, IncidentFromDate, IncidentToDate, InfoReceivedPSDate, latitude, longitude, BriefFacts) VALUES (562, '100040012202400562', '202400562', '2024-11-03', 23, 12, 2, 1, 1, 2, 2, 4, '2024-11-03 10:00:00', '2024-11-03 12:00:00', '2024-11-03 10:00:00', 15.344000, 75.133000, 'Incident reported at Suburban Police Station Hubballi. Initial investigation launched by IO Basavaraj Rao.');
INSERT INTO Inv_OccuranceTime (CaseMasterID, IncidentFromDate, IncidentToDate, latitude, longitude, PlaceOfOccurrence) VALUES (562, '2024-11-03 10:00:00', '2024-11-03 12:00:00', 15.344000, 75.133000, 'Near Junction, Suburban Hubballi');
INSERT INTO ComplainantDetails (ComplainantID, CaseMasterID, ComplainantName, AgeYear, OccupationID, ReligionID, CasteID, GenderID) VALUES (562, 562, 'Suma Shetty', 53, 2, 1, 1, 1);
INSERT INTO ActSectionAssociation (CaseMasterID, ActID, SectionID, ActOrderID, SectionOrderID) VALUES (562, 'IPC', '379', 1, 1);
INSERT INTO Victim (VictimMasterID, CaseMasterID, VictimName, AgeYear, GenderID, VictimPolice) VALUES (562, 562, 'Ganesh Kulkarni', 20, 1, '0');
INSERT INTO Accused (AccusedMasterID, CaseMasterID, AccusedName, AgeYear, GenderID, PersonID) VALUES (753, 562, 'Yogesh Verma', 36, 1, 'A1');
INSERT INTO ArrestSurrender (ArrestSurrenderID, CaseMasterID, ArrestSurrenderTypeID, ArrestSurrenderDate, ArrestSurrenderStateId, ArrestSurrenderDistrictId, PoliceStationID, IOID, CourtID, AccusedMasterID, IsAccused, IsComplainantAccused) VALUES (284, 562, 1, '2024-11-03', 1, 4, 12, 23, 4, 753, 1, 0);
INSERT INTO inv_arrestsurrenderaccused (ArrestSurrenderID, AccusedMasterID) VALUES (284, 753);
INSERT INTO CaseMaster (CaseMasterID, CrimeNo, CaseNo, CrimeRegisteredDate, PolicePersonID, PoliceStationID, CaseCategoryID, GravityOffenceID, CrimeMajorHeadID, CrimeMinorHeadID, CaseStatusID, CourtID, IncidentFromDate, IncidentToDate, InfoReceivedPSDate, latitude, longitude, BriefFacts) VALUES (563, '100050016202400563', '202400563', '2024-12-04', 31, 16, 3, 2, 1, 3, 3, 5, '2024-12-04 11:00:00', '2024-12-04 13:00:00', '2024-12-04 11:00:00', 15.837000, 74.501000, 'Incident reported at Tilakwadi Police Station. Initial investigation launched by IO Prakash Patil.');
INSERT INTO Inv_OccuranceTime (CaseMasterID, IncidentFromDate, IncidentToDate, latitude, longitude, PlaceOfOccurrence) VALUES (563, '2024-12-04 11:00:00', '2024-12-04 13:00:00', 15.837000, 74.501000, 'Near Junction, Tilakwadi');
INSERT INTO ComplainantDetails (ComplainantID, CaseMasterID, ComplainantName, AgeYear, OccupationID, ReligionID, CasteID, GenderID) VALUES (563, 563, 'Suma Deshpande', 29, 2, 1, 1, 1);
INSERT INTO ActSectionAssociation (CaseMasterID, ActID, SectionID, ActOrderID, SectionOrderID) VALUES (563, 'IPC', '379', 1, 1);
INSERT INTO Victim (VictimMasterID, CaseMasterID, VictimName, AgeYear, GenderID, VictimPolice) VALUES (563, 563, 'Chaitra Naik', 22, 1, '0');
INSERT INTO Accused (AccusedMasterID, CaseMasterID, AccusedName, AgeYear, GenderID, PersonID) VALUES (754, 563, 'Mantu Salim', 24, 1, 'A1');
INSERT INTO CaseMaster (CaseMasterID, CrimeNo, CaseNo, CrimeRegisteredDate, PolicePersonID, PoliceStationID, CaseCategoryID, GravityOffenceID, CrimeMajorHeadID, CrimeMinorHeadID, CaseStatusID, CourtID, IncidentFromDate, IncidentToDate, InfoReceivedPSDate, latitude, longitude, BriefFacts) VALUES (564, '100060018202400564', '202400564', '2024-01-05', 35, 18, 4, 3, 2, 4, 4, 6, '2024-01-05 12:00:00', '2024-01-05 14:00:00', '2024-01-05 12:00:00', 17.323000, 76.828000, 'Incident reported at Station Bazar Police Station. Initial investigation launched by IO Mahesh Bhat.');
INSERT INTO Inv_OccuranceTime (CaseMasterID, IncidentFromDate, IncidentToDate, latitude, longitude, PlaceOfOccurrence) VALUES (564, '2024-01-05 12:00:00', '2024-01-05 14:00:00', 17.323000, 76.828000, 'Near Junction, Station Bazar');
INSERT INTO ComplainantDetails (ComplainantID, CaseMasterID, ComplainantName, AgeYear, OccupationID, ReligionID, CasteID, GenderID) VALUES (564, 564, 'Kavitha Joshi', 39, 2, 1, 1, 1);
INSERT INTO ActSectionAssociation (CaseMasterID, ActID, SectionID, ActOrderID, SectionOrderID) VALUES (564, 'IPC', '302', 1, 1);
INSERT INTO Victim (VictimMasterID, CaseMasterID, VictimName, AgeYear, GenderID, VictimPolice) VALUES (564, 564, 'Ganesh Rao', 26, 1, '0');
INSERT INTO Accused (AccusedMasterID, CaseMasterID, AccusedName, AgeYear, GenderID, PersonID) VALUES (755, 564, 'Yogesh Verma', 32, 1, 'A1');
INSERT INTO Accused (AccusedMasterID, CaseMasterID, AccusedName, AgeYear, GenderID, PersonID) VALUES (756, 564, 'Jagga Alias', 25, 1, 'A2');
INSERT INTO ArrestSurrender (ArrestSurrenderID, CaseMasterID, ArrestSurrenderTypeID, ArrestSurrenderDate, ArrestSurrenderStateId, ArrestSurrenderDistrictId, PoliceStationID, IOID, CourtID, AccusedMasterID, IsAccused, IsComplainantAccused) VALUES (285, 564, 1, '2024-01-05', 1, 6, 18, 35, 6, 755, 1, 0);
INSERT INTO inv_arrestsurrenderaccused (ArrestSurrenderID, AccusedMasterID) VALUES (285, 755);
INSERT INTO inv_arrestsurrenderaccused (ArrestSurrenderID, AccusedMasterID) VALUES (285, 756);
INSERT INTO ChargesheetDetails (CSID, CaseMasterID, csdate, cstype, PolicePersonID) VALUES (190, 564, '2024-01-05 12:00:00', 'A', 35);
INSERT INTO CaseMaster (CaseMasterID, CrimeNo, CaseNo, CrimeRegisteredDate, PolicePersonID, PoliceStationID, CaseCategoryID, GravityOffenceID, CrimeMajorHeadID, CrimeMinorHeadID, CaseStatusID, CourtID, IncidentFromDate, IncidentToDate, InfoReceivedPSDate, latitude, longitude, BriefFacts) VALUES (565, '100010005202400565', '202400565', '2024-02-06', 9, 5, 1, 1, 2, 5, 5, 1, '2024-02-06 13:00:00', '2024-02-06 15:00:00', '2024-02-06 13:00:00', 12.998100, 77.559300, 'Incident reported at Malleshwaram Police Station. Initial investigation launched by IO Santosh Shetty.');
INSERT INTO Inv_OccuranceTime (CaseMasterID, IncidentFromDate, IncidentToDate, latitude, longitude, PlaceOfOccurrence) VALUES (565, '2024-02-06 13:00:00', '2024-02-06 15:00:00', 12.998100, 77.559300, 'Near Junction, Malleshwaram');
INSERT INTO ComplainantDetails (ComplainantID, CaseMasterID, ComplainantName, AgeYear, OccupationID, ReligionID, CasteID, GenderID) VALUES (565, 565, 'Bharath Kulkarni', 59, 2, 1, 1, 1);
INSERT INTO ActSectionAssociation (CaseMasterID, ActID, SectionID, ActOrderID, SectionOrderID) VALUES (565, 'IPC', '302', 1, 1);
INSERT INTO Victim (VictimMasterID, CaseMasterID, VictimName, AgeYear, GenderID, VictimPolice) VALUES (565, 565, 'Rajesh Shetty', 59, 1, '0');
INSERT INTO Accused (AccusedMasterID, CaseMasterID, AccusedName, AgeYear, GenderID, PersonID) VALUES (757, 565, 'Mantu Singh', 32, 1, 'A1');
INSERT INTO CaseMaster (CaseMasterID, CrimeNo, CaseNo, CrimeRegisteredDate, PolicePersonID, PoliceStationID, CaseCategoryID, GravityOffenceID, CrimeMajorHeadID, CrimeMinorHeadID, CaseStatusID, CourtID, IncidentFromDate, IncidentToDate, InfoReceivedPSDate, latitude, longitude, BriefFacts) VALUES (566, '100020007202400566', '202400566', '2024-03-07', 13, 7, 2, 2, 3, 6, 1, 2, '2024-03-07 14:00:00', '2024-03-07 16:00:00', '2024-03-07 14:00:00', 12.308000, 76.654000, 'Incident reported at Lashkar Police Station. Initial investigation launched by IO Anil Kulkarni.');
INSERT INTO Inv_OccuranceTime (CaseMasterID, IncidentFromDate, IncidentToDate, latitude, longitude, PlaceOfOccurrence) VALUES (566, '2024-03-07 14:00:00', '2024-03-07 16:00:00', 12.308000, 76.654000, 'Near Junction, Lashkar');
INSERT INTO ComplainantDetails (ComplainantID, CaseMasterID, ComplainantName, AgeYear, OccupationID, ReligionID, CasteID, GenderID) VALUES (566, 566, 'Kavitha Rao', 35, 2, 1, 1, 1);
INSERT INTO ActSectionAssociation (CaseMasterID, ActID, SectionID, ActOrderID, SectionOrderID) VALUES (566, 'IT_ACT', '66D', 1, 1);
INSERT INTO Victim (VictimMasterID, CaseMasterID, VictimName, AgeYear, GenderID, VictimPolice) VALUES (566, 566, 'Bhavya Deshpande', 34, 1, '0');
INSERT INTO Accused (AccusedMasterID, CaseMasterID, AccusedName, AgeYear, GenderID, PersonID) VALUES (758, 566, 'Altaf Reddy', 38, 1, 'A1');
INSERT INTO ArrestSurrender (ArrestSurrenderID, CaseMasterID, ArrestSurrenderTypeID, ArrestSurrenderDate, ArrestSurrenderStateId, ArrestSurrenderDistrictId, PoliceStationID, IOID, CourtID, AccusedMasterID, IsAccused, IsComplainantAccused) VALUES (286, 566, 1, '2024-03-07', 1, 2, 7, 13, 2, 758, 1, 0);
INSERT INTO inv_arrestsurrenderaccused (ArrestSurrenderID, AccusedMasterID) VALUES (286, 758);
INSERT INTO CaseMaster (CaseMasterID, CrimeNo, CaseNo, CrimeRegisteredDate, PolicePersonID, PoliceStationID, CaseCategoryID, GravityOffenceID, CrimeMajorHeadID, CrimeMinorHeadID, CaseStatusID, CourtID, IncidentFromDate, IncidentToDate, InfoReceivedPSDate, latitude, longitude, BriefFacts) VALUES (567, '100030011202400567', '202400567', '2024-04-08', 21, 11, 3, 3, 3, 7, 2, 3, '2024-04-08 15:00:00', '2024-04-08 17:00:00', '2024-04-08 15:00:00', 12.886000, 74.828000, 'Incident reported at Urwa Police Station. Initial investigation launched by IO Anil Gowda.');
INSERT INTO Inv_OccuranceTime (CaseMasterID, IncidentFromDate, IncidentToDate, latitude, longitude, PlaceOfOccurrence) VALUES (567, '2024-04-08 15:00:00', '2024-04-08 17:00:00', 12.886000, 74.828000, 'Near Junction, Urwa');
INSERT INTO ComplainantDetails (ComplainantID, CaseMasterID, ComplainantName, AgeYear, OccupationID, ReligionID, CasteID, GenderID) VALUES (567, 567, 'Bharath Naik', 39, 2, 1, 1, 1);
INSERT INTO ActSectionAssociation (CaseMasterID, ActID, SectionID, ActOrderID, SectionOrderID) VALUES (567, 'IT_ACT', '66D', 1, 1);
INSERT INTO Victim (VictimMasterID, CaseMasterID, VictimName, AgeYear, GenderID, VictimPolice) VALUES (567, 567, 'Manoj Shetty', 59, 1, '0');
INSERT INTO Accused (AccusedMasterID, CaseMasterID, AccusedName, AgeYear, GenderID, PersonID) VALUES (759, 567, 'Imtiaz Salim', 21, 1, 'A1');
INSERT INTO Accused (AccusedMasterID, CaseMasterID, AccusedName, AgeYear, GenderID, PersonID) VALUES (760, 567, 'Dharma Salim', 40, 1, 'A2');
INSERT INTO ChargesheetDetails (CSID, CaseMasterID, csdate, cstype, PolicePersonID) VALUES (191, 567, '2024-04-08 15:00:00', 'A', 21);
INSERT INTO CaseMaster (CaseMasterID, CrimeNo, CaseNo, CrimeRegisteredDate, PolicePersonID, PoliceStationID, CaseCategoryID, GravityOffenceID, CrimeMajorHeadID, CrimeMinorHeadID, CaseStatusID, CourtID, IncidentFromDate, IncidentToDate, InfoReceivedPSDate, latitude, longitude, BriefFacts) VALUES (568, '100040012202400568', '202400568', '2024-05-09', 23, 12, 4, 1, 4, 8, 3, 4, '2024-05-09 16:00:00', '2024-05-09 18:00:00', '2024-05-09 16:00:00', 15.350000, 75.139000, 'Incident reported at Suburban Police Station Hubballi. Initial investigation launched by IO Basavaraj Rao.');
INSERT INTO Inv_OccuranceTime (CaseMasterID, IncidentFromDate, IncidentToDate, latitude, longitude, PlaceOfOccurrence) VALUES (568, '2024-05-09 16:00:00', '2024-05-09 18:00:00', 15.350000, 75.139000, 'Near Junction, Suburban Hubballi');
INSERT INTO ComplainantDetails (ComplainantID, CaseMasterID, ComplainantName, AgeYear, OccupationID, ReligionID, CasteID, GenderID) VALUES (568, 568, 'Deepak Shetty', 60, 2, 1, 1, 1);
INSERT INTO ActSectionAssociation (CaseMasterID, ActID, SectionID, ActOrderID, SectionOrderID) VALUES (568, 'IPC', '420', 1, 1);
INSERT INTO Victim (VictimMasterID, CaseMasterID, VictimName, AgeYear, GenderID, VictimPolice) VALUES (568, 568, 'Manoj Gowda', 24, 1, '0');
INSERT INTO Accused (AccusedMasterID, CaseMasterID, AccusedName, AgeYear, GenderID, PersonID) VALUES (761, 568, 'Imtiaz Singh', 31, 1, 'A1');
INSERT INTO ArrestSurrender (ArrestSurrenderID, CaseMasterID, ArrestSurrenderTypeID, ArrestSurrenderDate, ArrestSurrenderStateId, ArrestSurrenderDistrictId, PoliceStationID, IOID, CourtID, AccusedMasterID, IsAccused, IsComplainantAccused) VALUES (287, 568, 1, '2024-05-09', 1, 4, 12, 23, 4, 761, 1, 0);
INSERT INTO inv_arrestsurrenderaccused (ArrestSurrenderID, AccusedMasterID) VALUES (287, 761);
INSERT INTO CaseMaster (CaseMasterID, CrimeNo, CaseNo, CrimeRegisteredDate, PolicePersonID, PoliceStationID, CaseCategoryID, GravityOffenceID, CrimeMajorHeadID, CrimeMinorHeadID, CaseStatusID, CourtID, IncidentFromDate, IncidentToDate, InfoReceivedPSDate, latitude, longitude, BriefFacts) VALUES (569, '100050016202400569', '202400569', '2024-06-10', 31, 16, 1, 2, 5, 9, 4, 5, '2024-06-10 17:00:00', '2024-06-10 19:00:00', '2024-06-10 17:00:00', 15.843000, 74.507000, 'Incident reported at Tilakwadi Police Station. Initial investigation launched by IO Prakash Patil.');
INSERT INTO Inv_OccuranceTime (CaseMasterID, IncidentFromDate, IncidentToDate, latitude, longitude, PlaceOfOccurrence) VALUES (569, '2024-06-10 17:00:00', '2024-06-10 19:00:00', 15.843000, 74.507000, 'Near Junction, Tilakwadi');
INSERT INTO ComplainantDetails (ComplainantID, CaseMasterID, ComplainantName, AgeYear, OccupationID, ReligionID, CasteID, GenderID) VALUES (569, 569, 'Radha Rao', 51, 2, 1, 1, 1);
INSERT INTO ActSectionAssociation (CaseMasterID, ActID, SectionID, ActOrderID, SectionOrderID) VALUES (569, 'NDPS', '20', 1, 1);
INSERT INTO Victim (VictimMasterID, CaseMasterID, VictimName, AgeYear, GenderID, VictimPolice) VALUES (569, 569, 'Chaitra Joshi', 54, 1, '0');
INSERT INTO Accused (AccusedMasterID, CaseMasterID, AccusedName, AgeYear, GenderID, PersonID) VALUES (762, 569, 'Jagga Alias', 41, 1, 'A1');
INSERT INTO CaseMaster (CaseMasterID, CrimeNo, CaseNo, CrimeRegisteredDate, PolicePersonID, PoliceStationID, CaseCategoryID, GravityOffenceID, CrimeMajorHeadID, CrimeMinorHeadID, CaseStatusID, CourtID, IncidentFromDate, IncidentToDate, InfoReceivedPSDate, latitude, longitude, BriefFacts) VALUES (570, '100060018202400570', '202400570', '2024-07-11', 35, 18, 2, 3, 1, 10, 5, 6, '2024-07-11 18:00:00', '2024-07-11 20:00:00', '2024-07-11 18:00:00', 17.329000, 76.834000, 'Incident reported at Station Bazar Police Station. Initial investigation launched by IO Mahesh Bhat.');
INSERT INTO Inv_OccuranceTime (CaseMasterID, IncidentFromDate, IncidentToDate, latitude, longitude, PlaceOfOccurrence) VALUES (570, '2024-07-11 18:00:00', '2024-07-11 20:00:00', 17.329000, 76.834000, 'Near Junction, Station Bazar');
INSERT INTO ComplainantDetails (ComplainantID, CaseMasterID, ComplainantName, AgeYear, OccupationID, ReligionID, CasteID, GenderID) VALUES (570, 570, 'Deepak Rao', 47, 2, 1, 1, 1);
INSERT INTO ActSectionAssociation (CaseMasterID, ActID, SectionID, ActOrderID, SectionOrderID) VALUES (570, 'IPC', '379', 1, 1);
INSERT INTO Victim (VictimMasterID, CaseMasterID, VictimName, AgeYear, GenderID, VictimPolice) VALUES (570, 570, 'Divya Shetty', 36, 1, '0');
INSERT INTO Accused (AccusedMasterID, CaseMasterID, AccusedName, AgeYear, GenderID, PersonID) VALUES (763, 570, 'Imtiaz Verma', 39, 1, 'A1');
INSERT INTO Accused (AccusedMasterID, CaseMasterID, AccusedName, AgeYear, GenderID, PersonID) VALUES (764, 570, 'Raja Reddy', 32, 1, 'A2');
INSERT INTO ArrestSurrender (ArrestSurrenderID, CaseMasterID, ArrestSurrenderTypeID, ArrestSurrenderDate, ArrestSurrenderStateId, ArrestSurrenderDistrictId, PoliceStationID, IOID, CourtID, AccusedMasterID, IsAccused, IsComplainantAccused) VALUES (288, 570, 1, '2024-07-11', 1, 6, 18, 35, 6, 763, 1, 0);
INSERT INTO inv_arrestsurrenderaccused (ArrestSurrenderID, AccusedMasterID) VALUES (288, 763);
INSERT INTO inv_arrestsurrenderaccused (ArrestSurrenderID, AccusedMasterID) VALUES (288, 764);
INSERT INTO ChargesheetDetails (CSID, CaseMasterID, csdate, cstype, PolicePersonID) VALUES (192, 570, '2024-07-11 18:00:00', 'A', 35);
INSERT INTO CaseMaster (CaseMasterID, CrimeNo, CaseNo, CrimeRegisteredDate, PolicePersonID, PoliceStationID, CaseCategoryID, GravityOffenceID, CrimeMajorHeadID, CrimeMinorHeadID, CaseStatusID, CourtID, IncidentFromDate, IncidentToDate, InfoReceivedPSDate, latitude, longitude, BriefFacts) VALUES (571, '100010001202400571', '202400571', '2024-08-12', 1, 1, 3, 1, 1, 1, 1, 1, '2024-08-12 19:00:00', '2024-08-12 21:00:00', '2024-08-12 19:00:00', 12.979400, 77.641800, 'Incident reported at Indiranagar Police Station. Initial investigation launched by IO Suresh Rao.');
INSERT INTO Inv_OccuranceTime (CaseMasterID, IncidentFromDate, IncidentToDate, latitude, longitude, PlaceOfOccurrence) VALUES (571, '2024-08-12 19:00:00', '2024-08-12 21:00:00', 12.979400, 77.641800, 'Near Junction, Indiranagar');
INSERT INTO ComplainantDetails (ComplainantID, CaseMasterID, ComplainantName, AgeYear, OccupationID, ReligionID, CasteID, GenderID) VALUES (571, 571, 'Bharath Deshpande', 31, 2, 1, 1, 1);
INSERT INTO ActSectionAssociation (CaseMasterID, ActID, SectionID, ActOrderID, SectionOrderID) VALUES (571, 'IPC', '379', 1, 1);
INSERT INTO Victim (VictimMasterID, CaseMasterID, VictimName, AgeYear, GenderID, VictimPolice) VALUES (571, 571, 'Praveen Deshpande', 38, 1, '0');
INSERT INTO Accused (AccusedMasterID, CaseMasterID, AccusedName, AgeYear, GenderID, PersonID) VALUES (765, 571, 'Shiva Reddy', 27, 1, 'A1');
INSERT INTO CaseMaster (CaseMasterID, CrimeNo, CaseNo, CrimeRegisteredDate, PolicePersonID, PoliceStationID, CaseCategoryID, GravityOffenceID, CrimeMajorHeadID, CrimeMinorHeadID, CaseStatusID, CourtID, IncidentFromDate, IncidentToDate, InfoReceivedPSDate, latitude, longitude, BriefFacts) VALUES (572, '100020007202400572', '202400572', '2024-09-13', 13, 7, 4, 2, 1, 2, 2, 2, '2024-09-13 20:00:00', '2024-09-13 22:00:00', '2024-09-13 20:00:00', 12.314000, 76.660000, 'Incident reported at Lashkar Police Station. Initial investigation launched by IO Anil Kulkarni.');
INSERT INTO Inv_OccuranceTime (CaseMasterID, IncidentFromDate, IncidentToDate, latitude, longitude, PlaceOfOccurrence) VALUES (572, '2024-09-13 20:00:00', '2024-09-13 22:00:00', 12.314000, 76.660000, 'Near Junction, Lashkar');
INSERT INTO ComplainantDetails (ComplainantID, CaseMasterID, ComplainantName, AgeYear, OccupationID, ReligionID, CasteID, GenderID) VALUES (572, 572, 'Latha Rao', 53, 2, 1, 1, 1);
INSERT INTO ActSectionAssociation (CaseMasterID, ActID, SectionID, ActOrderID, SectionOrderID) VALUES (572, 'IPC', '379', 1, 1);
INSERT INTO Victim (VictimMasterID, CaseMasterID, VictimName, AgeYear, GenderID, VictimPolice) VALUES (572, 572, 'Vinay Hegde', 55, 1, '0');
INSERT INTO Accused (AccusedMasterID, CaseMasterID, AccusedName, AgeYear, GenderID, PersonID) VALUES (766, 572, 'Yogesh Reddy', 32, 1, 'A1');
INSERT INTO ArrestSurrender (ArrestSurrenderID, CaseMasterID, ArrestSurrenderTypeID, ArrestSurrenderDate, ArrestSurrenderStateId, ArrestSurrenderDistrictId, PoliceStationID, IOID, CourtID, AccusedMasterID, IsAccused, IsComplainantAccused) VALUES (289, 572, 1, '2024-09-13', 1, 2, 7, 13, 2, 766, 1, 0);
INSERT INTO inv_arrestsurrenderaccused (ArrestSurrenderID, AccusedMasterID) VALUES (289, 766);
INSERT INTO CaseMaster (CaseMasterID, CrimeNo, CaseNo, CrimeRegisteredDate, PolicePersonID, PoliceStationID, CaseCategoryID, GravityOffenceID, CrimeMajorHeadID, CrimeMinorHeadID, CaseStatusID, CourtID, IncidentFromDate, IncidentToDate, InfoReceivedPSDate, latitude, longitude, BriefFacts) VALUES (573, '100030011202400573', '202400573', '2024-10-14', 21, 11, 1, 3, 1, 3, 3, 3, '2024-10-14 21:00:00', '2024-10-14 23:00:00', '2024-10-14 21:00:00', 12.892000, 74.834000, 'Incident reported at Urwa Police Station. Initial investigation launched by IO Anil Gowda.');
INSERT INTO Inv_OccuranceTime (CaseMasterID, IncidentFromDate, IncidentToDate, latitude, longitude, PlaceOfOccurrence) VALUES (573, '2024-10-14 21:00:00', '2024-10-14 23:00:00', 12.892000, 74.834000, 'Near Junction, Urwa');
INSERT INTO ComplainantDetails (ComplainantID, CaseMasterID, ComplainantName, AgeYear, OccupationID, ReligionID, CasteID, GenderID) VALUES (573, 573, 'Nandini Murthy', 55, 2, 1, 1, 1);
INSERT INTO ActSectionAssociation (CaseMasterID, ActID, SectionID, ActOrderID, SectionOrderID) VALUES (573, 'IPC', '379', 1, 1);
INSERT INTO Victim (VictimMasterID, CaseMasterID, VictimName, AgeYear, GenderID, VictimPolice) VALUES (573, 573, 'Bhavya Naik', 42, 1, '0');
INSERT INTO Accused (AccusedMasterID, CaseMasterID, AccusedName, AgeYear, GenderID, PersonID) VALUES (767, 573, 'Shiva Verma', 35, 1, 'A1');
INSERT INTO Accused (AccusedMasterID, CaseMasterID, AccusedName, AgeYear, GenderID, PersonID) VALUES (768, 573, 'Altaf Verma', 31, 1, 'A2');
INSERT INTO ChargesheetDetails (CSID, CaseMasterID, csdate, cstype, PolicePersonID) VALUES (193, 573, '2024-10-14 21:00:00', 'A', 21);
INSERT INTO CaseMaster (CaseMasterID, CrimeNo, CaseNo, CrimeRegisteredDate, PolicePersonID, PoliceStationID, CaseCategoryID, GravityOffenceID, CrimeMajorHeadID, CrimeMinorHeadID, CaseStatusID, CourtID, IncidentFromDate, IncidentToDate, InfoReceivedPSDate, latitude, longitude, BriefFacts) VALUES (574, '100040012202400574', '202400574', '2024-11-15', 23, 12, 2, 1, 2, 4, 4, 4, '2024-11-15 22:00:00', '2024-11-15 00:00:00', '2024-11-15 22:00:00', 15.356000, 75.145000, 'Incident reported at Suburban Police Station Hubballi. Initial investigation launched by IO Basavaraj Rao.');
INSERT INTO Inv_OccuranceTime (CaseMasterID, IncidentFromDate, IncidentToDate, latitude, longitude, PlaceOfOccurrence) VALUES (574, '2024-11-15 22:00:00', '2024-11-15 00:00:00', 15.356000, 75.145000, 'Near Junction, Suburban Hubballi');
INSERT INTO ComplainantDetails (ComplainantID, CaseMasterID, ComplainantName, AgeYear, OccupationID, ReligionID, CasteID, GenderID) VALUES (574, 574, 'Harish Gowda', 57, 2, 1, 1, 1);
INSERT INTO ActSectionAssociation (CaseMasterID, ActID, SectionID, ActOrderID, SectionOrderID) VALUES (574, 'IPC', '302', 1, 1);
INSERT INTO Victim (VictimMasterID, CaseMasterID, VictimName, AgeYear, GenderID, VictimPolice) VALUES (574, 574, 'Divya Murthy', 27, 1, '0');
INSERT INTO Accused (AccusedMasterID, CaseMasterID, AccusedName, AgeYear, GenderID, PersonID) VALUES (769, 574, 'Imtiaz Singh', 44, 1, 'A1');
INSERT INTO ArrestSurrender (ArrestSurrenderID, CaseMasterID, ArrestSurrenderTypeID, ArrestSurrenderDate, ArrestSurrenderStateId, ArrestSurrenderDistrictId, PoliceStationID, IOID, CourtID, AccusedMasterID, IsAccused, IsComplainantAccused) VALUES (290, 574, 1, '2024-11-15', 1, 4, 12, 23, 4, 769, 1, 0);
INSERT INTO inv_arrestsurrenderaccused (ArrestSurrenderID, AccusedMasterID) VALUES (290, 769);
INSERT INTO CaseMaster (CaseMasterID, CrimeNo, CaseNo, CrimeRegisteredDate, PolicePersonID, PoliceStationID, CaseCategoryID, GravityOffenceID, CrimeMajorHeadID, CrimeMinorHeadID, CaseStatusID, CourtID, IncidentFromDate, IncidentToDate, InfoReceivedPSDate, latitude, longitude, BriefFacts) VALUES (575, '100050016202400575', '202400575', '2024-12-16', 31, 16, 3, 2, 2, 5, 5, 5, '2024-12-16 23:00:00', '2024-12-16 01:00:00', '2024-12-16 23:00:00', 15.849000, 74.513000, 'Incident reported at Tilakwadi Police Station. Initial investigation launched by IO Prakash Patil.');
INSERT INTO Inv_OccuranceTime (CaseMasterID, IncidentFromDate, IncidentToDate, latitude, longitude, PlaceOfOccurrence) VALUES (575, '2024-12-16 23:00:00', '2024-12-16 01:00:00', 15.849000, 74.513000, 'Near Junction, Tilakwadi');
INSERT INTO ComplainantDetails (ComplainantID, CaseMasterID, ComplainantName, AgeYear, OccupationID, ReligionID, CasteID, GenderID) VALUES (575, 575, 'Kavitha Naik', 55, 2, 1, 1, 1);
INSERT INTO ActSectionAssociation (CaseMasterID, ActID, SectionID, ActOrderID, SectionOrderID) VALUES (575, 'IPC', '302', 1, 1);
INSERT INTO Victim (VictimMasterID, CaseMasterID, VictimName, AgeYear, GenderID, VictimPolice) VALUES (575, 575, 'Nikhil Gowda', 23, 1, '0');
INSERT INTO Accused (AccusedMasterID, CaseMasterID, AccusedName, AgeYear, GenderID, PersonID) VALUES (770, 575, 'Mantu Reddy', 43, 1, 'A1');
INSERT INTO CaseMaster (CaseMasterID, CrimeNo, CaseNo, CrimeRegisteredDate, PolicePersonID, PoliceStationID, CaseCategoryID, GravityOffenceID, CrimeMajorHeadID, CrimeMinorHeadID, CaseStatusID, CourtID, IncidentFromDate, IncidentToDate, InfoReceivedPSDate, latitude, longitude, BriefFacts) VALUES (576, '100060018202400576', '202400576', '2024-01-17', 35, 18, 4, 3, 3, 6, 1, 6, '2024-01-17 00:00:00', '2024-01-17 02:00:00', '2024-01-17 00:00:00', 17.335000, 76.840000, 'Incident reported at Station Bazar Police Station. Initial investigation launched by IO Mahesh Bhat.');
INSERT INTO Inv_OccuranceTime (CaseMasterID, IncidentFromDate, IncidentToDate, latitude, longitude, PlaceOfOccurrence) VALUES (576, '2024-01-17 00:00:00', '2024-01-17 02:00:00', 17.335000, 76.840000, 'Near Junction, Station Bazar');
INSERT INTO ComplainantDetails (ComplainantID, CaseMasterID, ComplainantName, AgeYear, OccupationID, ReligionID, CasteID, GenderID) VALUES (576, 576, 'Bharath Shetty', 41, 2, 1, 1, 1);
INSERT INTO ActSectionAssociation (CaseMasterID, ActID, SectionID, ActOrderID, SectionOrderID) VALUES (576, 'IT_ACT', '66D', 1, 1);
INSERT INTO Victim (VictimMasterID, CaseMasterID, VictimName, AgeYear, GenderID, VictimPolice) VALUES (576, 576, 'Ganesh Shetty', 52, 1, '0');
INSERT INTO Accused (AccusedMasterID, CaseMasterID, AccusedName, AgeYear, GenderID, PersonID) VALUES (771, 576, 'Mantu Pashan', 29, 1, 'A1');
INSERT INTO Accused (AccusedMasterID, CaseMasterID, AccusedName, AgeYear, GenderID, PersonID) VALUES (772, 576, 'Jagga Singh', 39, 1, 'A2');
INSERT INTO ArrestSurrender (ArrestSurrenderID, CaseMasterID, ArrestSurrenderTypeID, ArrestSurrenderDate, ArrestSurrenderStateId, ArrestSurrenderDistrictId, PoliceStationID, IOID, CourtID, AccusedMasterID, IsAccused, IsComplainantAccused) VALUES (291, 576, 1, '2024-01-17', 1, 6, 18, 35, 6, 771, 1, 0);
INSERT INTO inv_arrestsurrenderaccused (ArrestSurrenderID, AccusedMasterID) VALUES (291, 771);
INSERT INTO inv_arrestsurrenderaccused (ArrestSurrenderID, AccusedMasterID) VALUES (291, 772);
INSERT INTO ChargesheetDetails (CSID, CaseMasterID, csdate, cstype, PolicePersonID) VALUES (194, 576, '2024-01-17 00:00:00', 'A', 35);
INSERT INTO CaseMaster (CaseMasterID, CrimeNo, CaseNo, CrimeRegisteredDate, PolicePersonID, PoliceStationID, CaseCategoryID, GravityOffenceID, CrimeMajorHeadID, CrimeMinorHeadID, CaseStatusID, CourtID, IncidentFromDate, IncidentToDate, InfoReceivedPSDate, latitude, longitude, BriefFacts) VALUES (577, '100010002202400577', '202400577', '2024-02-18', 3, 2, 1, 1, 3, 7, 2, 1, '2024-02-18 01:00:00', '2024-02-18 03:00:00', '2024-02-18 01:00:00', 12.942200, 77.631500, 'Incident reported at Koramangala Police Station. Initial investigation launched by IO Ganesh Nayak.');
INSERT INTO Inv_OccuranceTime (CaseMasterID, IncidentFromDate, IncidentToDate, latitude, longitude, PlaceOfOccurrence) VALUES (577, '2024-02-18 01:00:00', '2024-02-18 03:00:00', 12.942200, 77.631500, 'Near Junction, Koramangala');
INSERT INTO ComplainantDetails (ComplainantID, CaseMasterID, ComplainantName, AgeYear, OccupationID, ReligionID, CasteID, GenderID) VALUES (577, 577, 'Pooja Shetty', 33, 2, 1, 1, 1);
INSERT INTO ActSectionAssociation (CaseMasterID, ActID, SectionID, ActOrderID, SectionOrderID) VALUES (577, 'IT_ACT', '66D', 1, 1);
INSERT INTO Victim (VictimMasterID, CaseMasterID, VictimName, AgeYear, GenderID, VictimPolice) VALUES (577, 577, 'Bhavya Naik', 38, 1, '0');
INSERT INTO Accused (AccusedMasterID, CaseMasterID, AccusedName, AgeYear, GenderID, PersonID) VALUES (773, 577, 'Babloo Verma', 32, 1, 'A1');
INSERT INTO CaseMaster (CaseMasterID, CrimeNo, CaseNo, CrimeRegisteredDate, PolicePersonID, PoliceStationID, CaseCategoryID, GravityOffenceID, CrimeMajorHeadID, CrimeMinorHeadID, CaseStatusID, CourtID, IncidentFromDate, IncidentToDate, InfoReceivedPSDate, latitude, longitude, BriefFacts) VALUES (578, '100020007202400578', '202400578', '2024-03-19', 13, 7, 2, 2, 4, 8, 3, 2, '2024-03-19 02:00:00', '2024-03-19 04:00:00', '2024-03-19 02:00:00', 12.320000, 76.666000, 'Incident reported at Lashkar Police Station. Initial investigation launched by IO Anil Kulkarni.');
INSERT INTO Inv_OccuranceTime (CaseMasterID, IncidentFromDate, IncidentToDate, latitude, longitude, PlaceOfOccurrence) VALUES (578, '2024-03-19 02:00:00', '2024-03-19 04:00:00', 12.320000, 76.666000, 'Near Junction, Lashkar');
INSERT INTO ComplainantDetails (ComplainantID, CaseMasterID, ComplainantName, AgeYear, OccupationID, ReligionID, CasteID, GenderID) VALUES (578, 578, 'Deepak Hegde', 61, 2, 1, 1, 1);
INSERT INTO ActSectionAssociation (CaseMasterID, ActID, SectionID, ActOrderID, SectionOrderID) VALUES (578, 'IPC', '420', 1, 1);
INSERT INTO Victim (VictimMasterID, CaseMasterID, VictimName, AgeYear, GenderID, VictimPolice) VALUES (578, 578, 'Arun Hegde', 48, 1, '0');
INSERT INTO Accused (AccusedMasterID, CaseMasterID, AccusedName, AgeYear, GenderID, PersonID) VALUES (774, 578, 'Altaf Pashan', 32, 1, 'A1');
INSERT INTO ArrestSurrender (ArrestSurrenderID, CaseMasterID, ArrestSurrenderTypeID, ArrestSurrenderDate, ArrestSurrenderStateId, ArrestSurrenderDistrictId, PoliceStationID, IOID, CourtID, AccusedMasterID, IsAccused, IsComplainantAccused) VALUES (292, 578, 1, '2024-03-19', 1, 2, 7, 13, 2, 774, 1, 0);
INSERT INTO inv_arrestsurrenderaccused (ArrestSurrenderID, AccusedMasterID) VALUES (292, 774);
INSERT INTO CaseMaster (CaseMasterID, CrimeNo, CaseNo, CrimeRegisteredDate, PolicePersonID, PoliceStationID, CaseCategoryID, GravityOffenceID, CrimeMajorHeadID, CrimeMinorHeadID, CaseStatusID, CourtID, IncidentFromDate, IncidentToDate, InfoReceivedPSDate, latitude, longitude, BriefFacts) VALUES (579, '100030011202400579', '202400579', '2024-04-20', 21, 11, 3, 3, 5, 9, 4, 3, '2024-04-20 03:00:00', '2024-04-20 05:00:00', '2024-04-20 03:00:00', 12.898000, 74.840000, 'Incident reported at Urwa Police Station. Initial investigation launched by IO Anil Gowda.');
INSERT INTO Inv_OccuranceTime (CaseMasterID, IncidentFromDate, IncidentToDate, latitude, longitude, PlaceOfOccurrence) VALUES (579, '2024-04-20 03:00:00', '2024-04-20 05:00:00', 12.898000, 74.840000, 'Near Junction, Urwa');
INSERT INTO ComplainantDetails (ComplainantID, CaseMasterID, ComplainantName, AgeYear, OccupationID, ReligionID, CasteID, GenderID) VALUES (579, 579, 'Kavitha Murthy', 55, 2, 1, 1, 1);
INSERT INTO ActSectionAssociation (CaseMasterID, ActID, SectionID, ActOrderID, SectionOrderID) VALUES (579, 'NDPS', '20', 1, 1);
INSERT INTO Victim (VictimMasterID, CaseMasterID, VictimName, AgeYear, GenderID, VictimPolice) VALUES (579, 579, 'Praveen Rao', 31, 1, '0');
INSERT INTO Accused (AccusedMasterID, CaseMasterID, AccusedName, AgeYear, GenderID, PersonID) VALUES (775, 579, 'Raja Kumar', 34, 1, 'A1');
INSERT INTO Accused (AccusedMasterID, CaseMasterID, AccusedName, AgeYear, GenderID, PersonID) VALUES (776, 579, 'Altaf Pashan', 36, 1, 'A2');
INSERT INTO ChargesheetDetails (CSID, CaseMasterID, csdate, cstype, PolicePersonID) VALUES (195, 579, '2024-04-20 03:00:00', 'A', 21);
INSERT INTO CaseMaster (CaseMasterID, CrimeNo, CaseNo, CrimeRegisteredDate, PolicePersonID, PoliceStationID, CaseCategoryID, GravityOffenceID, CrimeMajorHeadID, CrimeMinorHeadID, CaseStatusID, CourtID, IncidentFromDate, IncidentToDate, InfoReceivedPSDate, latitude, longitude, BriefFacts) VALUES (580, '100040012202400580', '202400580', '2024-05-21', 23, 12, 4, 1, 1, 10, 5, 4, '2024-05-21 04:00:00', '2024-05-21 06:00:00', '2024-05-21 04:00:00', 15.342000, 75.131000, 'Incident reported at Suburban Police Station Hubballi. Initial investigation launched by IO Basavaraj Rao.');
INSERT INTO Inv_OccuranceTime (CaseMasterID, IncidentFromDate, IncidentToDate, latitude, longitude, PlaceOfOccurrence) VALUES (580, '2024-05-21 04:00:00', '2024-05-21 06:00:00', 15.342000, 75.131000, 'Near Junction, Suburban Hubballi');
INSERT INTO ComplainantDetails (ComplainantID, CaseMasterID, ComplainantName, AgeYear, OccupationID, ReligionID, CasteID, GenderID) VALUES (580, 580, 'Jagadish Rao', 40, 2, 1, 1, 1);
INSERT INTO ActSectionAssociation (CaseMasterID, ActID, SectionID, ActOrderID, SectionOrderID) VALUES (580, 'IPC', '379', 1, 1);
INSERT INTO Victim (VictimMasterID, CaseMasterID, VictimName, AgeYear, GenderID, VictimPolice) VALUES (580, 580, 'Kiran Shetty', 58, 1, '0');
INSERT INTO Accused (AccusedMasterID, CaseMasterID, AccusedName, AgeYear, GenderID, PersonID) VALUES (777, 580, 'Dharma Verma', 26, 1, 'A1');
INSERT INTO ArrestSurrender (ArrestSurrenderID, CaseMasterID, ArrestSurrenderTypeID, ArrestSurrenderDate, ArrestSurrenderStateId, ArrestSurrenderDistrictId, PoliceStationID, IOID, CourtID, AccusedMasterID, IsAccused, IsComplainantAccused) VALUES (293, 580, 1, '2024-05-21', 1, 4, 12, 23, 4, 777, 1, 0);
INSERT INTO inv_arrestsurrenderaccused (ArrestSurrenderID, AccusedMasterID) VALUES (293, 777);
INSERT INTO CaseMaster (CaseMasterID, CrimeNo, CaseNo, CrimeRegisteredDate, PolicePersonID, PoliceStationID, CaseCategoryID, GravityOffenceID, CrimeMajorHeadID, CrimeMinorHeadID, CaseStatusID, CourtID, IncidentFromDate, IncidentToDate, InfoReceivedPSDate, latitude, longitude, BriefFacts) VALUES (581, '100050016202400581', '202400581', '2024-06-22', 31, 16, 1, 2, 1, 1, 1, 5, '2024-06-22 05:00:00', '2024-06-22 07:00:00', '2024-06-22 05:00:00', 15.835000, 74.499000, 'Incident reported at Tilakwadi Police Station. Initial investigation launched by IO Prakash Patil.');
INSERT INTO Inv_OccuranceTime (CaseMasterID, IncidentFromDate, IncidentToDate, latitude, longitude, PlaceOfOccurrence) VALUES (581, '2024-06-22 05:00:00', '2024-06-22 07:00:00', 15.835000, 74.499000, 'Near Junction, Tilakwadi');
INSERT INTO ComplainantDetails (ComplainantID, CaseMasterID, ComplainantName, AgeYear, OccupationID, ReligionID, CasteID, GenderID) VALUES (581, 581, 'Eshwar Kulkarni', 53, 2, 1, 1, 1);
INSERT INTO ActSectionAssociation (CaseMasterID, ActID, SectionID, ActOrderID, SectionOrderID) VALUES (581, 'IPC', '379', 1, 1);
INSERT INTO Victim (VictimMasterID, CaseMasterID, VictimName, AgeYear, GenderID, VictimPolice) VALUES (581, 581, 'Kiran Kulkarni', 43, 1, '0');
INSERT INTO Accused (AccusedMasterID, CaseMasterID, AccusedName, AgeYear, GenderID, PersonID) VALUES (778, 581, 'Dharma Pashan', 24, 1, 'A1');
INSERT INTO CaseMaster (CaseMasterID, CrimeNo, CaseNo, CrimeRegisteredDate, PolicePersonID, PoliceStationID, CaseCategoryID, GravityOffenceID, CrimeMajorHeadID, CrimeMinorHeadID, CaseStatusID, CourtID, IncidentFromDate, IncidentToDate, InfoReceivedPSDate, latitude, longitude, BriefFacts) VALUES (582, '100060018202400582', '202400582', '2024-07-23', 35, 18, 2, 3, 1, 2, 2, 6, '2024-07-23 06:00:00', '2024-07-23 08:00:00', '2024-07-23 06:00:00', 17.321000, 76.826000, 'Incident reported at Station Bazar Police Station. Initial investigation launched by IO Mahesh Bhat.');
INSERT INTO Inv_OccuranceTime (CaseMasterID, IncidentFromDate, IncidentToDate, latitude, longitude, PlaceOfOccurrence) VALUES (582, '2024-07-23 06:00:00', '2024-07-23 08:00:00', 17.321000, 76.826000, 'Near Junction, Station Bazar');
INSERT INTO ComplainantDetails (ComplainantID, CaseMasterID, ComplainantName, AgeYear, OccupationID, ReligionID, CasteID, GenderID) VALUES (582, 582, 'Jagadish Gowda', 58, 2, 1, 1, 1);
INSERT INTO ActSectionAssociation (CaseMasterID, ActID, SectionID, ActOrderID, SectionOrderID) VALUES (582, 'IPC', '379', 1, 1);
INSERT INTO Victim (VictimMasterID, CaseMasterID, VictimName, AgeYear, GenderID, VictimPolice) VALUES (582, 582, 'Manoj Shetty', 43, 1, '0');
INSERT INTO Accused (AccusedMasterID, CaseMasterID, AccusedName, AgeYear, GenderID, PersonID) VALUES (779, 582, 'Altaf Kumar', 33, 1, 'A1');
INSERT INTO Accused (AccusedMasterID, CaseMasterID, AccusedName, AgeYear, GenderID, PersonID) VALUES (780, 582, 'Tukaram Pashan', 40, 1, 'A2');
INSERT INTO ArrestSurrender (ArrestSurrenderID, CaseMasterID, ArrestSurrenderTypeID, ArrestSurrenderDate, ArrestSurrenderStateId, ArrestSurrenderDistrictId, PoliceStationID, IOID, CourtID, AccusedMasterID, IsAccused, IsComplainantAccused) VALUES (294, 582, 1, '2024-07-23', 1, 6, 18, 35, 6, 779, 1, 0);
INSERT INTO inv_arrestsurrenderaccused (ArrestSurrenderID, AccusedMasterID) VALUES (294, 779);
INSERT INTO inv_arrestsurrenderaccused (ArrestSurrenderID, AccusedMasterID) VALUES (294, 780);
INSERT INTO ChargesheetDetails (CSID, CaseMasterID, csdate, cstype, PolicePersonID) VALUES (196, 582, '2024-07-23 06:00:00', 'A', 35);
INSERT INTO CaseMaster (CaseMasterID, CrimeNo, CaseNo, CrimeRegisteredDate, PolicePersonID, PoliceStationID, CaseCategoryID, GravityOffenceID, CrimeMajorHeadID, CrimeMinorHeadID, CaseStatusID, CourtID, IncidentFromDate, IncidentToDate, InfoReceivedPSDate, latitude, longitude, BriefFacts) VALUES (583, '100010003202400583', '202400583', '2024-08-24', 5, 3, 3, 1, 1, 3, 3, 1, '2024-08-24 07:00:00', '2024-08-24 09:00:00', '2024-08-24 07:00:00', 12.962800, 77.742900, 'Incident reported at Whitefield Police Station. Initial investigation launched by IO Sunil Bhat.');
INSERT INTO Inv_OccuranceTime (CaseMasterID, IncidentFromDate, IncidentToDate, latitude, longitude, PlaceOfOccurrence) VALUES (583, '2024-08-24 07:00:00', '2024-08-24 09:00:00', 12.962800, 77.742900, 'Near Junction, Whitefield');
INSERT INTO ComplainantDetails (ComplainantID, CaseMasterID, ComplainantName, AgeYear, OccupationID, ReligionID, CasteID, GenderID) VALUES (583, 583, 'Jagadish Shetty', 63, 2, 1, 1, 1);
INSERT INTO ActSectionAssociation (CaseMasterID, ActID, SectionID, ActOrderID, SectionOrderID) VALUES (583, 'IPC', '379', 1, 1);
INSERT INTO Victim (VictimMasterID, CaseMasterID, VictimName, AgeYear, GenderID, VictimPolice) VALUES (583, 583, 'Chaitra Murthy', 34, 1, '0');
INSERT INTO Accused (AccusedMasterID, CaseMasterID, AccusedName, AgeYear, GenderID, PersonID) VALUES (781, 583, 'Jagga Verma', 31, 1, 'A1');
INSERT INTO CaseMaster (CaseMasterID, CrimeNo, CaseNo, CrimeRegisteredDate, PolicePersonID, PoliceStationID, CaseCategoryID, GravityOffenceID, CrimeMajorHeadID, CrimeMinorHeadID, CaseStatusID, CourtID, IncidentFromDate, IncidentToDate, InfoReceivedPSDate, latitude, longitude, BriefFacts) VALUES (584, '100020007202400584', '202400584', '2024-09-25', 13, 7, 4, 2, 2, 4, 4, 2, '2024-09-25 08:00:00', '2024-09-25 10:00:00', '2024-09-25 08:00:00', 12.306000, 76.652000, 'Incident reported at Lashkar Police Station. Initial investigation launched by IO Anil Kulkarni.');
INSERT INTO Inv_OccuranceTime (CaseMasterID, IncidentFromDate, IncidentToDate, latitude, longitude, PlaceOfOccurrence) VALUES (584, '2024-09-25 08:00:00', '2024-09-25 10:00:00', 12.306000, 76.652000, 'Near Junction, Lashkar');
INSERT INTO ComplainantDetails (ComplainantID, CaseMasterID, ComplainantName, AgeYear, OccupationID, ReligionID, CasteID, GenderID) VALUES (584, 584, 'Chetan Bhat', 47, 2, 1, 1, 1);
INSERT INTO ActSectionAssociation (CaseMasterID, ActID, SectionID, ActOrderID, SectionOrderID) VALUES (584, 'IPC', '302', 1, 1);
INSERT INTO Victim (VictimMasterID, CaseMasterID, VictimName, AgeYear, GenderID, VictimPolice) VALUES (584, 584, 'Ganesh Bhat', 38, 1, '0');
INSERT INTO Accused (AccusedMasterID, CaseMasterID, AccusedName, AgeYear, GenderID, PersonID) VALUES (782, 584, 'Yogesh Reddy', 27, 1, 'A1');
INSERT INTO ArrestSurrender (ArrestSurrenderID, CaseMasterID, ArrestSurrenderTypeID, ArrestSurrenderDate, ArrestSurrenderStateId, ArrestSurrenderDistrictId, PoliceStationID, IOID, CourtID, AccusedMasterID, IsAccused, IsComplainantAccused) VALUES (295, 584, 1, '2024-09-25', 1, 2, 7, 13, 2, 782, 1, 0);
INSERT INTO inv_arrestsurrenderaccused (ArrestSurrenderID, AccusedMasterID) VALUES (295, 782);
INSERT INTO CaseMaster (CaseMasterID, CrimeNo, CaseNo, CrimeRegisteredDate, PolicePersonID, PoliceStationID, CaseCategoryID, GravityOffenceID, CrimeMajorHeadID, CrimeMinorHeadID, CaseStatusID, CourtID, IncidentFromDate, IncidentToDate, InfoReceivedPSDate, latitude, longitude, BriefFacts) VALUES (585, '100030011202400585', '202400585', '2024-10-26', 21, 11, 1, 3, 2, 5, 5, 3, '2024-10-26 09:00:00', '2024-10-26 11:00:00', '2024-10-26 09:00:00', 12.884000, 74.826000, 'Incident reported at Urwa Police Station. Initial investigation launched by IO Anil Gowda.');
INSERT INTO Inv_OccuranceTime (CaseMasterID, IncidentFromDate, IncidentToDate, latitude, longitude, PlaceOfOccurrence) VALUES (585, '2024-10-26 09:00:00', '2024-10-26 11:00:00', 12.884000, 74.826000, 'Near Junction, Urwa');
INSERT INTO ComplainantDetails (ComplainantID, CaseMasterID, ComplainantName, AgeYear, OccupationID, ReligionID, CasteID, GenderID) VALUES (585, 585, 'Bharath Shetty', 27, 2, 1, 1, 1);
INSERT INTO ActSectionAssociation (CaseMasterID, ActID, SectionID, ActOrderID, SectionOrderID) VALUES (585, 'IPC', '302', 1, 1);
INSERT INTO Victim (VictimMasterID, CaseMasterID, VictimName, AgeYear, GenderID, VictimPolice) VALUES (585, 585, 'Ganesh Hegde', 46, 1, '0');
INSERT INTO Accused (AccusedMasterID, CaseMasterID, AccusedName, AgeYear, GenderID, PersonID) VALUES (783, 585, 'Pandu Kumar', 35, 1, 'A1');
INSERT INTO Accused (AccusedMasterID, CaseMasterID, AccusedName, AgeYear, GenderID, PersonID) VALUES (784, 585, 'Vicky Salim', 27, 1, 'A2');
INSERT INTO ChargesheetDetails (CSID, CaseMasterID, csdate, cstype, PolicePersonID) VALUES (197, 585, '2024-10-26 09:00:00', 'A', 21);
INSERT INTO CaseMaster (CaseMasterID, CrimeNo, CaseNo, CrimeRegisteredDate, PolicePersonID, PoliceStationID, CaseCategoryID, GravityOffenceID, CrimeMajorHeadID, CrimeMinorHeadID, CaseStatusID, CourtID, IncidentFromDate, IncidentToDate, InfoReceivedPSDate, latitude, longitude, BriefFacts) VALUES (586, '100040012202400586', '202400586', '2024-11-27', 23, 12, 2, 1, 3, 6, 1, 4, '2024-11-27 10:00:00', '2024-11-27 12:00:00', '2024-11-27 10:00:00', 15.348000, 75.137000, 'Incident reported at Suburban Police Station Hubballi. Initial investigation launched by IO Basavaraj Rao.');
INSERT INTO Inv_OccuranceTime (CaseMasterID, IncidentFromDate, IncidentToDate, latitude, longitude, PlaceOfOccurrence) VALUES (586, '2024-11-27 10:00:00', '2024-11-27 12:00:00', 15.348000, 75.137000, 'Near Junction, Suburban Hubballi');
INSERT INTO ComplainantDetails (ComplainantID, CaseMasterID, ComplainantName, AgeYear, OccupationID, ReligionID, CasteID, GenderID) VALUES (586, 586, 'Eshwar Naik', 31, 2, 1, 1, 1);
INSERT INTO ActSectionAssociation (CaseMasterID, ActID, SectionID, ActOrderID, SectionOrderID) VALUES (586, 'IT_ACT', '66D', 1, 1);
INSERT INTO Victim (VictimMasterID, CaseMasterID, VictimName, AgeYear, GenderID, VictimPolice) VALUES (586, 586, 'Ganesh Murthy', 32, 1, '0');
INSERT INTO Accused (AccusedMasterID, CaseMasterID, AccusedName, AgeYear, GenderID, PersonID) VALUES (785, 586, 'Yogesh Reddy', 22, 1, 'A1');
INSERT INTO ArrestSurrender (ArrestSurrenderID, CaseMasterID, ArrestSurrenderTypeID, ArrestSurrenderDate, ArrestSurrenderStateId, ArrestSurrenderDistrictId, PoliceStationID, IOID, CourtID, AccusedMasterID, IsAccused, IsComplainantAccused) VALUES (296, 586, 1, '2024-11-27', 1, 4, 12, 23, 4, 785, 1, 0);
INSERT INTO inv_arrestsurrenderaccused (ArrestSurrenderID, AccusedMasterID) VALUES (296, 785);
INSERT INTO CaseMaster (CaseMasterID, CrimeNo, CaseNo, CrimeRegisteredDate, PolicePersonID, PoliceStationID, CaseCategoryID, GravityOffenceID, CrimeMajorHeadID, CrimeMinorHeadID, CaseStatusID, CourtID, IncidentFromDate, IncidentToDate, InfoReceivedPSDate, latitude, longitude, BriefFacts) VALUES (587, '100050016202400587', '202400587', '2024-12-28', 31, 16, 3, 2, 3, 7, 2, 5, '2024-12-28 11:00:00', '2024-12-28 13:00:00', '2024-12-28 11:00:00', 15.841000, 74.505000, 'Incident reported at Tilakwadi Police Station. Initial investigation launched by IO Prakash Patil.');
INSERT INTO Inv_OccuranceTime (CaseMasterID, IncidentFromDate, IncidentToDate, latitude, longitude, PlaceOfOccurrence) VALUES (587, '2024-12-28 11:00:00', '2024-12-28 13:00:00', 15.841000, 74.505000, 'Near Junction, Tilakwadi');
INSERT INTO ComplainantDetails (ComplainantID, CaseMasterID, ComplainantName, AgeYear, OccupationID, ReligionID, CasteID, GenderID) VALUES (587, 587, 'Jagadish Deshpande', 35, 2, 1, 1, 1);
INSERT INTO ActSectionAssociation (CaseMasterID, ActID, SectionID, ActOrderID, SectionOrderID) VALUES (587, 'IT_ACT', '66D', 1, 1);
INSERT INTO Victim (VictimMasterID, CaseMasterID, VictimName, AgeYear, GenderID, VictimPolice) VALUES (587, 587, 'Praveen Shetty', 51, 1, '0');
INSERT INTO Accused (AccusedMasterID, CaseMasterID, AccusedName, AgeYear, GenderID, PersonID) VALUES (786, 587, 'Tukaram Kumar', 40, 1, 'A1');
INSERT INTO CaseMaster (CaseMasterID, CrimeNo, CaseNo, CrimeRegisteredDate, PolicePersonID, PoliceStationID, CaseCategoryID, GravityOffenceID, CrimeMajorHeadID, CrimeMinorHeadID, CaseStatusID, CourtID, IncidentFromDate, IncidentToDate, InfoReceivedPSDate, latitude, longitude, BriefFacts) VALUES (588, '100060018202400588', '202400588', '2024-01-01', 35, 18, 4, 3, 4, 8, 3, 6, '2024-01-01 12:00:00', '2024-01-01 14:00:00', '2024-01-01 12:00:00', 17.327000, 76.832000, 'Incident reported at Station Bazar Police Station. Initial investigation launched by IO Mahesh Bhat.');
INSERT INTO Inv_OccuranceTime (CaseMasterID, IncidentFromDate, IncidentToDate, latitude, longitude, PlaceOfOccurrence) VALUES (588, '2024-01-01 12:00:00', '2024-01-01 14:00:00', 17.327000, 76.832000, 'Near Junction, Station Bazar');
INSERT INTO ComplainantDetails (ComplainantID, CaseMasterID, ComplainantName, AgeYear, OccupationID, ReligionID, CasteID, GenderID) VALUES (588, 588, 'Eshwar Deshpande', 50, 2, 1, 1, 1);
INSERT INTO ActSectionAssociation (CaseMasterID, ActID, SectionID, ActOrderID, SectionOrderID) VALUES (588, 'IPC', '420', 1, 1);
INSERT INTO Victim (VictimMasterID, CaseMasterID, VictimName, AgeYear, GenderID, VictimPolice) VALUES (588, 588, 'Sangeetha Hegde', 57, 1, '0');
INSERT INTO Accused (AccusedMasterID, CaseMasterID, AccusedName, AgeYear, GenderID, PersonID) VALUES (787, 588, 'Mantu Singh', 39, 1, 'A1');
INSERT INTO Accused (AccusedMasterID, CaseMasterID, AccusedName, AgeYear, GenderID, PersonID) VALUES (788, 588, 'Dharma Verma', 39, 1, 'A2');
INSERT INTO ArrestSurrender (ArrestSurrenderID, CaseMasterID, ArrestSurrenderTypeID, ArrestSurrenderDate, ArrestSurrenderStateId, ArrestSurrenderDistrictId, PoliceStationID, IOID, CourtID, AccusedMasterID, IsAccused, IsComplainantAccused) VALUES (297, 588, 1, '2024-01-01', 1, 6, 18, 35, 6, 787, 1, 0);
INSERT INTO inv_arrestsurrenderaccused (ArrestSurrenderID, AccusedMasterID) VALUES (297, 787);
INSERT INTO inv_arrestsurrenderaccused (ArrestSurrenderID, AccusedMasterID) VALUES (297, 788);
INSERT INTO ChargesheetDetails (CSID, CaseMasterID, csdate, cstype, PolicePersonID) VALUES (198, 588, '2024-01-01 12:00:00', 'A', 35);
INSERT INTO CaseMaster (CaseMasterID, CrimeNo, CaseNo, CrimeRegisteredDate, PolicePersonID, PoliceStationID, CaseCategoryID, GravityOffenceID, CrimeMajorHeadID, CrimeMinorHeadID, CaseStatusID, CourtID, IncidentFromDate, IncidentToDate, InfoReceivedPSDate, latitude, longitude, BriefFacts) VALUES (589, '100010004202400589', '202400589', '2024-02-02', 7, 4, 1, 1, 5, 9, 4, 1, '2024-02-02 13:00:00', '2024-02-02 15:00:00', '2024-02-02 13:00:00', 12.924000, 77.592800, 'Incident reported at Jayanagar Police Station. Initial investigation launched by IO Vijay Kulkarni.');
INSERT INTO Inv_OccuranceTime (CaseMasterID, IncidentFromDate, IncidentToDate, latitude, longitude, PlaceOfOccurrence) VALUES (589, '2024-02-02 13:00:00', '2024-02-02 15:00:00', 12.924000, 77.592800, 'Near Junction, Jayanagar');
INSERT INTO ComplainantDetails (ComplainantID, CaseMasterID, ComplainantName, AgeYear, OccupationID, ReligionID, CasteID, GenderID) VALUES (589, 589, 'Jagadish Rao', 58, 2, 1, 1, 1);
INSERT INTO ActSectionAssociation (CaseMasterID, ActID, SectionID, ActOrderID, SectionOrderID) VALUES (589, 'NDPS', '20', 1, 1);
INSERT INTO Victim (VictimMasterID, CaseMasterID, VictimName, AgeYear, GenderID, VictimPolice) VALUES (589, 589, 'Divya Deshpande', 53, 1, '0');
INSERT INTO Accused (AccusedMasterID, CaseMasterID, AccusedName, AgeYear, GenderID, PersonID) VALUES (789, 589, 'Shiva Singh', 38, 1, 'A1');
INSERT INTO CaseMaster (CaseMasterID, CrimeNo, CaseNo, CrimeRegisteredDate, PolicePersonID, PoliceStationID, CaseCategoryID, GravityOffenceID, CrimeMajorHeadID, CrimeMinorHeadID, CaseStatusID, CourtID, IncidentFromDate, IncidentToDate, InfoReceivedPSDate, latitude, longitude, BriefFacts) VALUES (590, '100020007202400590', '202400590', '2024-03-03', 13, 7, 2, 2, 1, 10, 5, 2, '2024-03-03 14:00:00', '2024-03-03 16:00:00', '2024-03-03 14:00:00', 12.312000, 76.658000, 'Incident reported at Lashkar Police Station. Initial investigation launched by IO Anil Kulkarni.');
INSERT INTO Inv_OccuranceTime (CaseMasterID, IncidentFromDate, IncidentToDate, latitude, longitude, PlaceOfOccurrence) VALUES (590, '2024-03-03 14:00:00', '2024-03-03 16:00:00', 12.312000, 76.658000, 'Near Junction, Lashkar');
INSERT INTO ComplainantDetails (ComplainantID, CaseMasterID, ComplainantName, AgeYear, OccupationID, ReligionID, CasteID, GenderID) VALUES (590, 590, 'Meena Hegde', 54, 2, 1, 1, 1);
INSERT INTO ActSectionAssociation (CaseMasterID, ActID, SectionID, ActOrderID, SectionOrderID) VALUES (590, 'IPC', '379', 1, 1);
INSERT INTO Victim (VictimMasterID, CaseMasterID, VictimName, AgeYear, GenderID, VictimPolice) VALUES (590, 590, 'Sangeetha Deshpande', 31, 1, '0');
INSERT INTO Accused (AccusedMasterID, CaseMasterID, AccusedName, AgeYear, GenderID, PersonID) VALUES (790, 590, 'Babloo Singh', 33, 1, 'A1');
INSERT INTO ArrestSurrender (ArrestSurrenderID, CaseMasterID, ArrestSurrenderTypeID, ArrestSurrenderDate, ArrestSurrenderStateId, ArrestSurrenderDistrictId, PoliceStationID, IOID, CourtID, AccusedMasterID, IsAccused, IsComplainantAccused) VALUES (298, 590, 1, '2024-03-03', 1, 2, 7, 13, 2, 790, 1, 0);
INSERT INTO inv_arrestsurrenderaccused (ArrestSurrenderID, AccusedMasterID) VALUES (298, 790);
INSERT INTO CaseMaster (CaseMasterID, CrimeNo, CaseNo, CrimeRegisteredDate, PolicePersonID, PoliceStationID, CaseCategoryID, GravityOffenceID, CrimeMajorHeadID, CrimeMinorHeadID, CaseStatusID, CourtID, IncidentFromDate, IncidentToDate, InfoReceivedPSDate, latitude, longitude, BriefFacts) VALUES (591, '100030011202400591', '202400591', '2024-04-04', 21, 11, 3, 3, 1, 1, 1, 3, '2024-04-04 15:00:00', '2024-04-04 17:00:00', '2024-04-04 15:00:00', 12.890000, 74.832000, 'Incident reported at Urwa Police Station. Initial investigation launched by IO Anil Gowda.');
INSERT INTO Inv_OccuranceTime (CaseMasterID, IncidentFromDate, IncidentToDate, latitude, longitude, PlaceOfOccurrence) VALUES (591, '2024-04-04 15:00:00', '2024-04-04 17:00:00', 12.890000, 74.832000, 'Near Junction, Urwa');
INSERT INTO ComplainantDetails (ComplainantID, CaseMasterID, ComplainantName, AgeYear, OccupationID, ReligionID, CasteID, GenderID) VALUES (591, 591, 'Jagadish Joshi', 49, 2, 1, 1, 1);
INSERT INTO ActSectionAssociation (CaseMasterID, ActID, SectionID, ActOrderID, SectionOrderID) VALUES (591, 'IPC', '379', 1, 1);
INSERT INTO Victim (VictimMasterID, CaseMasterID, VictimName, AgeYear, GenderID, VictimPolice) VALUES (591, 591, 'Bhavya Hegde', 53, 1, '0');
INSERT INTO Accused (AccusedMasterID, CaseMasterID, AccusedName, AgeYear, GenderID, PersonID) VALUES (791, 591, 'Altaf Salim', 27, 1, 'A1');
INSERT INTO Accused (AccusedMasterID, CaseMasterID, AccusedName, AgeYear, GenderID, PersonID) VALUES (792, 591, 'Pandu Alias', 30, 1, 'A2');
INSERT INTO ChargesheetDetails (CSID, CaseMasterID, csdate, cstype, PolicePersonID) VALUES (199, 591, '2024-04-04 15:00:00', 'A', 21);
INSERT INTO CaseMaster (CaseMasterID, CrimeNo, CaseNo, CrimeRegisteredDate, PolicePersonID, PoliceStationID, CaseCategoryID, GravityOffenceID, CrimeMajorHeadID, CrimeMinorHeadID, CaseStatusID, CourtID, IncidentFromDate, IncidentToDate, InfoReceivedPSDate, latitude, longitude, BriefFacts) VALUES (592, '100040012202400592', '202400592', '2024-05-05', 23, 12, 4, 1, 1, 2, 2, 4, '2024-05-05 16:00:00', '2024-05-05 18:00:00', '2024-05-05 16:00:00', 15.354000, 75.143000, 'Incident reported at Suburban Police Station Hubballi. Initial investigation launched by IO Basavaraj Rao.');
INSERT INTO Inv_OccuranceTime (CaseMasterID, IncidentFromDate, IncidentToDate, latitude, longitude, PlaceOfOccurrence) VALUES (592, '2024-05-05 16:00:00', '2024-05-05 18:00:00', 15.354000, 75.143000, 'Near Junction, Suburban Hubballi');
INSERT INTO ComplainantDetails (ComplainantID, CaseMasterID, ComplainantName, AgeYear, OccupationID, ReligionID, CasteID, GenderID) VALUES (592, 592, 'Radha Shetty', 42, 2, 1, 1, 1);
INSERT INTO ActSectionAssociation (CaseMasterID, ActID, SectionID, ActOrderID, SectionOrderID) VALUES (592, 'IPC', '379', 1, 1);
INSERT INTO Victim (VictimMasterID, CaseMasterID, VictimName, AgeYear, GenderID, VictimPolice) VALUES (592, 592, 'Arun Murthy', 24, 1, '0');
INSERT INTO Accused (AccusedMasterID, CaseMasterID, AccusedName, AgeYear, GenderID, PersonID) VALUES (793, 592, 'Pandu Singh', 40, 1, 'A1');
INSERT INTO ArrestSurrender (ArrestSurrenderID, CaseMasterID, ArrestSurrenderTypeID, ArrestSurrenderDate, ArrestSurrenderStateId, ArrestSurrenderDistrictId, PoliceStationID, IOID, CourtID, AccusedMasterID, IsAccused, IsComplainantAccused) VALUES (299, 592, 1, '2024-05-05', 1, 4, 12, 23, 4, 793, 1, 0);
INSERT INTO inv_arrestsurrenderaccused (ArrestSurrenderID, AccusedMasterID) VALUES (299, 793);
INSERT INTO CaseMaster (CaseMasterID, CrimeNo, CaseNo, CrimeRegisteredDate, PolicePersonID, PoliceStationID, CaseCategoryID, GravityOffenceID, CrimeMajorHeadID, CrimeMinorHeadID, CaseStatusID, CourtID, IncidentFromDate, IncidentToDate, InfoReceivedPSDate, latitude, longitude, BriefFacts) VALUES (593, '100050016202400593', '202400593', '2024-06-06', 31, 16, 1, 2, 1, 3, 3, 5, '2024-06-06 17:00:00', '2024-06-06 19:00:00', '2024-06-06 17:00:00', 15.847000, 74.511000, 'Incident reported at Tilakwadi Police Station. Initial investigation launched by IO Prakash Patil.');
INSERT INTO Inv_OccuranceTime (CaseMasterID, IncidentFromDate, IncidentToDate, latitude, longitude, PlaceOfOccurrence) VALUES (593, '2024-06-06 17:00:00', '2024-06-06 19:00:00', 15.847000, 74.511000, 'Near Junction, Tilakwadi');
INSERT INTO ComplainantDetails (ComplainantID, CaseMasterID, ComplainantName, AgeYear, OccupationID, ReligionID, CasteID, GenderID) VALUES (593, 593, 'Suma Bhat', 36, 2, 1, 1, 1);
INSERT INTO ActSectionAssociation (CaseMasterID, ActID, SectionID, ActOrderID, SectionOrderID) VALUES (593, 'IPC', '379', 1, 1);
INSERT INTO Victim (VictimMasterID, CaseMasterID, VictimName, AgeYear, GenderID, VictimPolice) VALUES (593, 593, 'Nikhil Bhat', 53, 1, '0');
INSERT INTO Accused (AccusedMasterID, CaseMasterID, AccusedName, AgeYear, GenderID, PersonID) VALUES (794, 593, 'Jagga Verma', 34, 1, 'A1');
INSERT INTO CaseMaster (CaseMasterID, CrimeNo, CaseNo, CrimeRegisteredDate, PolicePersonID, PoliceStationID, CaseCategoryID, GravityOffenceID, CrimeMajorHeadID, CrimeMinorHeadID, CaseStatusID, CourtID, IncidentFromDate, IncidentToDate, InfoReceivedPSDate, latitude, longitude, BriefFacts) VALUES (594, '100060018202400594', '202400594', '2024-07-07', 35, 18, 2, 3, 2, 4, 4, 6, '2024-07-07 18:00:00', '2024-07-07 20:00:00', '2024-07-07 18:00:00', 17.333000, 76.838000, 'Incident reported at Station Bazar Police Station. Initial investigation launched by IO Mahesh Bhat.');
INSERT INTO Inv_OccuranceTime (CaseMasterID, IncidentFromDate, IncidentToDate, latitude, longitude, PlaceOfOccurrence) VALUES (594, '2024-07-07 18:00:00', '2024-07-07 20:00:00', 17.333000, 76.838000, 'Near Junction, Station Bazar');
INSERT INTO ComplainantDetails (ComplainantID, CaseMasterID, ComplainantName, AgeYear, OccupationID, ReligionID, CasteID, GenderID) VALUES (594, 594, 'Harish Hegde', 46, 2, 1, 1, 1);
INSERT INTO ActSectionAssociation (CaseMasterID, ActID, SectionID, ActOrderID, SectionOrderID) VALUES (594, 'IPC', '302', 1, 1);
INSERT INTO Victim (VictimMasterID, CaseMasterID, VictimName, AgeYear, GenderID, VictimPolice) VALUES (594, 594, 'Bhavya Kulkarni', 34, 1, '0');
INSERT INTO Accused (AccusedMasterID, CaseMasterID, AccusedName, AgeYear, GenderID, PersonID) VALUES (795, 594, 'Vicky Reddy', 22, 1, 'A1');
INSERT INTO Accused (AccusedMasterID, CaseMasterID, AccusedName, AgeYear, GenderID, PersonID) VALUES (796, 594, 'Mantu Singh', 32, 1, 'A2');
INSERT INTO ArrestSurrender (ArrestSurrenderID, CaseMasterID, ArrestSurrenderTypeID, ArrestSurrenderDate, ArrestSurrenderStateId, ArrestSurrenderDistrictId, PoliceStationID, IOID, CourtID, AccusedMasterID, IsAccused, IsComplainantAccused) VALUES (300, 594, 1, '2024-07-07', 1, 6, 18, 35, 6, 795, 1, 0);
INSERT INTO inv_arrestsurrenderaccused (ArrestSurrenderID, AccusedMasterID) VALUES (300, 795);
INSERT INTO inv_arrestsurrenderaccused (ArrestSurrenderID, AccusedMasterID) VALUES (300, 796);
INSERT INTO ChargesheetDetails (CSID, CaseMasterID, csdate, cstype, PolicePersonID) VALUES (200, 594, '2024-07-07 18:00:00', 'A', 35);
INSERT INTO CaseMaster (CaseMasterID, CrimeNo, CaseNo, CrimeRegisteredDate, PolicePersonID, PoliceStationID, CaseCategoryID, GravityOffenceID, CrimeMajorHeadID, CrimeMinorHeadID, CaseStatusID, CourtID, IncidentFromDate, IncidentToDate, InfoReceivedPSDate, latitude, longitude, BriefFacts) VALUES (595, '100010005202400595', '202400595', '2024-08-08', 9, 5, 3, 1, 2, 5, 5, 1, '2024-08-08 19:00:00', '2024-08-08 21:00:00', '2024-08-08 19:00:00', 13.008100, 77.569300, 'Incident reported at Malleshwaram Police Station. Initial investigation launched by IO Santosh Shetty.');
INSERT INTO Inv_OccuranceTime (CaseMasterID, IncidentFromDate, IncidentToDate, latitude, longitude, PlaceOfOccurrence) VALUES (595, '2024-08-08 19:00:00', '2024-08-08 21:00:00', 13.008100, 77.569300, 'Near Junction, Malleshwaram');
INSERT INTO ComplainantDetails (ComplainantID, CaseMasterID, ComplainantName, AgeYear, OccupationID, ReligionID, CasteID, GenderID) VALUES (595, 595, 'Bharath Naik', 45, 2, 1, 1, 1);
INSERT INTO ActSectionAssociation (CaseMasterID, ActID, SectionID, ActOrderID, SectionOrderID) VALUES (595, 'IPC', '302', 1, 1);
INSERT INTO Victim (VictimMasterID, CaseMasterID, VictimName, AgeYear, GenderID, VictimPolice) VALUES (595, 595, 'Manoj Gowda', 29, 1, '0');
INSERT INTO Accused (AccusedMasterID, CaseMasterID, AccusedName, AgeYear, GenderID, PersonID) VALUES (797, 595, 'Altaf Khan', 28, 1, 'A1');
INSERT INTO CaseMaster (CaseMasterID, CrimeNo, CaseNo, CrimeRegisteredDate, PolicePersonID, PoliceStationID, CaseCategoryID, GravityOffenceID, CrimeMajorHeadID, CrimeMinorHeadID, CaseStatusID, CourtID, IncidentFromDate, IncidentToDate, InfoReceivedPSDate, latitude, longitude, BriefFacts) VALUES (596, '100020007202400596', '202400596', '2024-09-09', 13, 7, 4, 2, 3, 6, 1, 2, '2024-09-09 20:00:00', '2024-09-09 22:00:00', '2024-09-09 20:00:00', 12.318000, 76.664000, 'Incident reported at Lashkar Police Station. Initial investigation launched by IO Anil Kulkarni.');
INSERT INTO Inv_OccuranceTime (CaseMasterID, IncidentFromDate, IncidentToDate, latitude, longitude, PlaceOfOccurrence) VALUES (596, '2024-09-09 20:00:00', '2024-09-09 22:00:00', 12.318000, 76.664000, 'Near Junction, Lashkar');
INSERT INTO ComplainantDetails (ComplainantID, CaseMasterID, ComplainantName, AgeYear, OccupationID, ReligionID, CasteID, GenderID) VALUES (596, 596, 'Deepak Gowda', 48, 2, 1, 1, 1);
INSERT INTO ActSectionAssociation (CaseMasterID, ActID, SectionID, ActOrderID, SectionOrderID) VALUES (596, 'IT_ACT', '66D', 1, 1);
INSERT INTO Victim (VictimMasterID, CaseMasterID, VictimName, AgeYear, GenderID, VictimPolice) VALUES (596, 596, 'Rajesh Gowda', 49, 1, '0');
INSERT INTO Accused (AccusedMasterID, CaseMasterID, AccusedName, AgeYear, GenderID, PersonID) VALUES (798, 596, 'Vicky Reddy', 23, 1, 'A1');
INSERT INTO ArrestSurrender (ArrestSurrenderID, CaseMasterID, ArrestSurrenderTypeID, ArrestSurrenderDate, ArrestSurrenderStateId, ArrestSurrenderDistrictId, PoliceStationID, IOID, CourtID, AccusedMasterID, IsAccused, IsComplainantAccused) VALUES (301, 596, 1, '2024-09-09', 1, 2, 7, 13, 2, 798, 1, 0);
INSERT INTO inv_arrestsurrenderaccused (ArrestSurrenderID, AccusedMasterID) VALUES (301, 798);
INSERT INTO CaseMaster (CaseMasterID, CrimeNo, CaseNo, CrimeRegisteredDate, PolicePersonID, PoliceStationID, CaseCategoryID, GravityOffenceID, CrimeMajorHeadID, CrimeMinorHeadID, CaseStatusID, CourtID, IncidentFromDate, IncidentToDate, InfoReceivedPSDate, latitude, longitude, BriefFacts) VALUES (597, '100030011202400597', '202400597', '2024-10-10', 21, 11, 1, 3, 3, 7, 2, 3, '2024-10-10 21:00:00', '2024-10-10 23:00:00', '2024-10-10 21:00:00', 12.896000, 74.838000, 'Incident reported at Urwa Police Station. Initial investigation launched by IO Anil Gowda.');
INSERT INTO Inv_OccuranceTime (CaseMasterID, IncidentFromDate, IncidentToDate, latitude, longitude, PlaceOfOccurrence) VALUES (597, '2024-10-10 21:00:00', '2024-10-10 23:00:00', 12.896000, 74.838000, 'Near Junction, Urwa');
INSERT INTO ComplainantDetails (ComplainantID, CaseMasterID, ComplainantName, AgeYear, OccupationID, ReligionID, CasteID, GenderID) VALUES (597, 597, 'Anand Hegde', 44, 2, 1, 1, 1);
INSERT INTO ActSectionAssociation (CaseMasterID, ActID, SectionID, ActOrderID, SectionOrderID) VALUES (597, 'IT_ACT', '66D', 1, 1);
INSERT INTO Victim (VictimMasterID, CaseMasterID, VictimName, AgeYear, GenderID, VictimPolice) VALUES (597, 597, 'Bhavya Bhat', 49, 1, '0');
INSERT INTO Accused (AccusedMasterID, CaseMasterID, AccusedName, AgeYear, GenderID, PersonID) VALUES (799, 597, 'Yogesh Reddy', 44, 1, 'A1');
INSERT INTO Accused (AccusedMasterID, CaseMasterID, AccusedName, AgeYear, GenderID, PersonID) VALUES (800, 597, 'Raja Reddy', 39, 1, 'A2');
INSERT INTO ChargesheetDetails (CSID, CaseMasterID, csdate, cstype, PolicePersonID) VALUES (201, 597, '2024-10-10 21:00:00', 'A', 21);
INSERT INTO CaseMaster (CaseMasterID, CrimeNo, CaseNo, CrimeRegisteredDate, PolicePersonID, PoliceStationID, CaseCategoryID, GravityOffenceID, CrimeMajorHeadID, CrimeMinorHeadID, CaseStatusID, CourtID, IncidentFromDate, IncidentToDate, InfoReceivedPSDate, latitude, longitude, BriefFacts) VALUES (598, '100040012202400598', '202400598', '2024-11-11', 23, 12, 2, 1, 4, 8, 3, 4, '2024-11-11 22:00:00', '2024-11-11 00:00:00', '2024-11-11 22:00:00', 15.360000, 75.149000, 'Incident reported at Suburban Police Station Hubballi. Initial investigation launched by IO Basavaraj Rao.');
INSERT INTO Inv_OccuranceTime (CaseMasterID, IncidentFromDate, IncidentToDate, latitude, longitude, PlaceOfOccurrence) VALUES (598, '2024-11-11 22:00:00', '2024-11-11 00:00:00', 15.360000, 75.149000, 'Near Junction, Suburban Hubballi');
INSERT INTO ComplainantDetails (ComplainantID, CaseMasterID, ComplainantName, AgeYear, OccupationID, ReligionID, CasteID, GenderID) VALUES (598, 598, 'Suma Bhat', 35, 2, 1, 1, 1);
INSERT INTO ActSectionAssociation (CaseMasterID, ActID, SectionID, ActOrderID, SectionOrderID) VALUES (598, 'IPC', '420', 1, 1);
INSERT INTO Victim (VictimMasterID, CaseMasterID, VictimName, AgeYear, GenderID, VictimPolice) VALUES (598, 598, 'Chaitra Kulkarni', 25, 1, '0');
INSERT INTO Accused (AccusedMasterID, CaseMasterID, AccusedName, AgeYear, GenderID, PersonID) VALUES (801, 598, 'Imtiaz Khan', 26, 1, 'A1');
INSERT INTO ArrestSurrender (ArrestSurrenderID, CaseMasterID, ArrestSurrenderTypeID, ArrestSurrenderDate, ArrestSurrenderStateId, ArrestSurrenderDistrictId, PoliceStationID, IOID, CourtID, AccusedMasterID, IsAccused, IsComplainantAccused) VALUES (302, 598, 1, '2024-11-11', 1, 4, 12, 23, 4, 801, 1, 0);
INSERT INTO inv_arrestsurrenderaccused (ArrestSurrenderID, AccusedMasterID) VALUES (302, 801);
INSERT INTO CaseMaster (CaseMasterID, CrimeNo, CaseNo, CrimeRegisteredDate, PolicePersonID, PoliceStationID, CaseCategoryID, GravityOffenceID, CrimeMajorHeadID, CrimeMinorHeadID, CaseStatusID, CourtID, IncidentFromDate, IncidentToDate, InfoReceivedPSDate, latitude, longitude, BriefFacts) VALUES (599, '100050016202400599', '202400599', '2024-12-12', 31, 16, 3, 2, 5, 9, 4, 5, '2024-12-12 23:00:00', '2024-12-12 01:00:00', '2024-12-12 23:00:00', 15.853000, 74.517000, 'Incident reported at Tilakwadi Police Station. Initial investigation launched by IO Prakash Patil.');
INSERT INTO Inv_OccuranceTime (CaseMasterID, IncidentFromDate, IncidentToDate, latitude, longitude, PlaceOfOccurrence) VALUES (599, '2024-12-12 23:00:00', '2024-12-12 01:00:00', 15.853000, 74.517000, 'Near Junction, Tilakwadi');
INSERT INTO ComplainantDetails (ComplainantID, CaseMasterID, ComplainantName, AgeYear, OccupationID, ReligionID, CasteID, GenderID) VALUES (599, 599, 'Anand Shetty', 64, 2, 1, 1, 1);
INSERT INTO ActSectionAssociation (CaseMasterID, ActID, SectionID, ActOrderID, SectionOrderID) VALUES (599, 'NDPS', '20', 1, 1);
INSERT INTO Victim (VictimMasterID, CaseMasterID, VictimName, AgeYear, GenderID, VictimPolice) VALUES (599, 599, 'Bhavya Rao', 41, 1, '0');
INSERT INTO Accused (AccusedMasterID, CaseMasterID, AccusedName, AgeYear, GenderID, PersonID) VALUES (802, 599, 'Dharma Reddy', 22, 1, 'A1');
INSERT INTO CaseMaster (CaseMasterID, CrimeNo, CaseNo, CrimeRegisteredDate, PolicePersonID, PoliceStationID, CaseCategoryID, GravityOffenceID, CrimeMajorHeadID, CrimeMinorHeadID, CaseStatusID, CourtID, IncidentFromDate, IncidentToDate, InfoReceivedPSDate, latitude, longitude, BriefFacts) VALUES (600, '100060018202400600', '202400600', '2024-01-13', 35, 18, 4, 3, 1, 10, 5, 6, '2024-01-13 00:00:00', '2024-01-13 02:00:00', '2024-01-13 00:00:00', 17.319000, 76.824000, 'Incident reported at Station Bazar Police Station. Initial investigation launched by IO Mahesh Bhat.');
INSERT INTO Inv_OccuranceTime (CaseMasterID, IncidentFromDate, IncidentToDate, latitude, longitude, PlaceOfOccurrence) VALUES (600, '2024-01-13 00:00:00', '2024-01-13 02:00:00', 17.319000, 76.824000, 'Near Junction, Station Bazar');
INSERT INTO ComplainantDetails (ComplainantID, CaseMasterID, ComplainantName, AgeYear, OccupationID, ReligionID, CasteID, GenderID) VALUES (600, 600, 'Jagadish Shetty', 32, 2, 1, 1, 1);
INSERT INTO ActSectionAssociation (CaseMasterID, ActID, SectionID, ActOrderID, SectionOrderID) VALUES (600, 'IPC', '379', 1, 1);
INSERT INTO Victim (VictimMasterID, CaseMasterID, VictimName, AgeYear, GenderID, VictimPolice) VALUES (600, 600, 'Vinay Rao', 34, 1, '0');
INSERT INTO Accused (AccusedMasterID, CaseMasterID, AccusedName, AgeYear, GenderID, PersonID) VALUES (803, 600, 'Vicky Singh', 20, 1, 'A1');
INSERT INTO Accused (AccusedMasterID, CaseMasterID, AccusedName, AgeYear, GenderID, PersonID) VALUES (804, 600, 'Pandu Salim', 44, 1, 'A2');
INSERT INTO ArrestSurrender (ArrestSurrenderID, CaseMasterID, ArrestSurrenderTypeID, ArrestSurrenderDate, ArrestSurrenderStateId, ArrestSurrenderDistrictId, PoliceStationID, IOID, CourtID, AccusedMasterID, IsAccused, IsComplainantAccused) VALUES (303, 600, 1, '2024-01-13', 1, 6, 18, 35, 6, 803, 1, 0);
INSERT INTO inv_arrestsurrenderaccused (ArrestSurrenderID, AccusedMasterID) VALUES (303, 803);
INSERT INTO inv_arrestsurrenderaccused (ArrestSurrenderID, AccusedMasterID) VALUES (303, 804);
INSERT INTO ChargesheetDetails (CSID, CaseMasterID, csdate, cstype, PolicePersonID) VALUES (202, 600, '2024-01-13 00:00:00', 'A', 35);