INSERT INTO State (StateID, StateName, NationalityID, Active) VALUES (1, 'Karnataka', 1, 1);
INSERT INTO District (DistrictID, DistrictName, StateID, Active) VALUES (1, 'Bengaluru City', 1, 1);
INSERT INTO District (DistrictID, DistrictName, StateID, Active) VALUES (2, 'Mysuru City', 1, 1);
INSERT INTO District (DistrictID, DistrictName, StateID, Active) VALUES (3, 'Mangaluru City', 1, 1);
INSERT INTO District (DistrictID, DistrictName, StateID, Active) VALUES (4, 'Hubballi-Dharwad', 1, 1);
INSERT INTO District (DistrictID, DistrictName, StateID, Active) VALUES (5, 'Belagavi', 1, 1);
INSERT INTO District (DistrictID, DistrictName, StateID, Active) VALUES (6, 'Kalaburagi', 1, 1);
INSERT INTO UnitType (UnitTypeID, UnitTypeName, CityDistState, Hierarchy, Active) VALUES (1, 'Police Station', 'District', 1, 1);
INSERT INTO UnitType (UnitTypeID, UnitTypeName, CityDistState, Hierarchy, Active) VALUES (2, 'Circle Office', 'District', 1, 1);
INSERT INTO UnitType (UnitTypeID, UnitTypeName, CityDistState, Hierarchy, Active) VALUES (3, 'Commissionerate', 'City', 1, 1);
INSERT INTO Unit (UnitID, UnitName, TypeID, ParentUnit, NationalityID, StateID, DistrictID, Active) VALUES (1, 'Indiranagar Police Station', 1, NULL, 1, 1, 1, 1);
INSERT INTO Unit (UnitID, UnitName, TypeID, ParentUnit, NationalityID, StateID, DistrictID, Active) VALUES (2, 'Koramangala Police Station', 1, NULL, 1, 1, 1, 1);
INSERT INTO Unit (UnitID, UnitName, TypeID, ParentUnit, NationalityID, StateID, DistrictID, Active) VALUES (3, 'Whitefield Police Station', 1, NULL, 1, 1, 1, 1);
INSERT INTO Unit (UnitID, UnitName, TypeID, ParentUnit, NationalityID, StateID, DistrictID, Active) VALUES (4, 'Jayanagar Police Station', 1, NULL, 1, 1, 1, 1);
INSERT INTO Unit (UnitID, UnitName, TypeID, ParentUnit, NationalityID, StateID, DistrictID, Active) VALUES (5, 'Malleshwaram Police Station', 1, NULL, 1, 1, 1, 1);
INSERT INTO Unit (UnitID, UnitName, TypeID, ParentUnit, NationalityID, StateID, DistrictID, Active) VALUES (6, 'Devaraja Police Station', 1, NULL, 1, 1, 2, 1);
INSERT INTO Unit (UnitID, UnitName, TypeID, ParentUnit, NationalityID, StateID, DistrictID, Active) VALUES (7, 'Lashkar Police Station', 1, NULL, 1, 1, 2, 1);
INSERT INTO Unit (UnitID, UnitName, TypeID, ParentUnit, NationalityID, StateID, DistrictID, Active) VALUES (8, 'Vijayanagar Police Station Mysuru', 1, NULL, 1, 1, 2, 1);
INSERT INTO Unit (UnitID, UnitName, TypeID, ParentUnit, NationalityID, StateID, DistrictID, Active) VALUES (9, 'Kadri Police Station', 1, NULL, 1, 1, 3, 1);
INSERT INTO Unit (UnitID, UnitName, TypeID, ParentUnit, NationalityID, StateID, DistrictID, Active) VALUES (10, 'Pandeshwar Police Station', 1, NULL, 1, 1, 3, 1);
INSERT INTO Unit (UnitID, UnitName, TypeID, ParentUnit, NationalityID, StateID, DistrictID, Active) VALUES (11, 'Urwa Police Station', 1, NULL, 1, 1, 3, 1);
INSERT INTO Unit (UnitID, UnitName, TypeID, ParentUnit, NationalityID, StateID, DistrictID, Active) VALUES (12, 'Suburban Police Station Hubballi', 1, NULL, 1, 1, 4, 1);
INSERT INTO Unit (UnitID, UnitName, TypeID, ParentUnit, NationalityID, StateID, DistrictID, Active) VALUES (13, 'Vidyanagar Police Station Hubballi', 1, NULL, 1, 1, 4, 1);
INSERT INTO Unit (UnitID, UnitName, TypeID, ParentUnit, NationalityID, StateID, DistrictID, Active) VALUES (14, 'Suburban Police Station Dharwad', 1, NULL, 1, 1, 4, 1);
INSERT INTO Unit (UnitID, UnitName, TypeID, ParentUnit, NationalityID, StateID, DistrictID, Active) VALUES (15, 'Camp Police Station Belagavi', 1, NULL, 1, 1, 5, 1);
INSERT INTO Unit (UnitID, UnitName, TypeID, ParentUnit, NationalityID, StateID, DistrictID, Active) VALUES (16, 'Tilakwadi Police Station', 1, NULL, 1, 1, 5, 1);
INSERT INTO Unit (UnitID, UnitName, TypeID, ParentUnit, NationalityID, StateID, DistrictID, Active) VALUES (17, 'Shahapur Police Station', 1, NULL, 1, 1, 5, 1);
INSERT INTO Unit (UnitID, UnitName, TypeID, ParentUnit, NationalityID, StateID, DistrictID, Active) VALUES (18, 'Station Bazar Police Station', 1, NULL, 1, 1, 6, 1);
INSERT INTO Rank (RankID, RankName, Hierarchy, Active) VALUES (1, 'Police Constable', 1, 1);
INSERT INTO Rank (RankID, RankName, Hierarchy, Active) VALUES (2, 'Head Constable', 2, 1);
INSERT INTO Rank (RankID, RankName, Hierarchy, Active) VALUES (3, 'Assistant Sub-Inspector', 3, 1);
INSERT INTO Rank (RankID, RankName, Hierarchy, Active) VALUES (4, 'Police Sub-Inspector', 4, 1);
INSERT INTO Rank (RankID, RankName, Hierarchy, Active) VALUES (5, 'Police Inspector', 5, 1);
INSERT INTO Rank (RankID, RankName, Hierarchy, Active) VALUES (6, 'Deputy Superintendent of Police', 6, 1);
INSERT INTO Designation (DesignationID, DesignationName, Active, SortOrder) VALUES (1, 'Station House Officer', 1, 1);
INSERT INTO Designation (DesignationID, DesignationName, Active, SortOrder) VALUES (2, 'Investigating Officer', 1, 2);
INSERT INTO Designation (DesignationID, DesignationName, Active, SortOrder) VALUES (3, 'Crime Branch Officer', 1, 3);
INSERT INTO Designation (DesignationID, DesignationName, Active, SortOrder) VALUES (4, 'Beat Officer', 1, 4);
INSERT INTO Employee (EmployeeID, DistrictID, UnitID, RankID, DesignationID, KGID, FirstName, EmployeeDOB, GenderID, BloodGroupID, PhysicallyChallenged, AppointmentDate) VALUES (1, 1, 1, 5, 1, 'KGID-10001', 'Suresh Kambali', '1985-05-15', 1, 1, 0, '2010-08-01');
INSERT INTO Employee (EmployeeID, DistrictID, UnitID, RankID, DesignationID, KGID, FirstName, EmployeeDOB, GenderID, BloodGroupID, PhysicallyChallenged, AppointmentDate) VALUES (2, 1, 1, 4, 2, 'KGID-10002', 'Lakshmi Kulkarni', '1985-05-15', 1, 1, 0, '2010-08-01');
INSERT INTO Employee (EmployeeID, DistrictID, UnitID, RankID, DesignationID, KGID, FirstName, EmployeeDOB, GenderID, BloodGroupID, PhysicallyChallenged, AppointmentDate) VALUES (3, 1, 2, 5, 1, 'KGID-10003', 'Prakash Jadhav', '1985-05-15', 1, 1, 0, '2010-08-01');
INSERT INTO Employee (EmployeeID, DistrictID, UnitID, RankID, DesignationID, KGID, FirstName, EmployeeDOB, GenderID, BloodGroupID, PhysicallyChallenged, AppointmentDate) VALUES (4, 1, 2, 4, 2, 'KGID-10004', 'Anitha Kambali', '1985-05-15', 1, 1, 0, '2010-08-01');
INSERT INTO Employee (EmployeeID, DistrictID, UnitID, RankID, DesignationID, KGID, FirstName, EmployeeDOB, GenderID, BloodGroupID, PhysicallyChallenged, AppointmentDate) VALUES (5, 1, 3, 5, 1, 'KGID-10005', 'Lakshmi Shetty', '1985-05-15', 1, 1, 0, '2010-08-01');
INSERT INTO Employee (EmployeeID, DistrictID, UnitID, RankID, DesignationID, KGID, FirstName, EmployeeDOB, GenderID, BloodGroupID, PhysicallyChallenged, AppointmentDate) VALUES (6, 1, 3, 4, 2, 'KGID-10006', 'Ganesh Rao', '1985-05-15', 1, 1, 0, '2010-08-01');
INSERT INTO Employee (EmployeeID, DistrictID, UnitID, RankID, DesignationID, KGID, FirstName, EmployeeDOB, GenderID, BloodGroupID, PhysicallyChallenged, AppointmentDate) VALUES (7, 1, 4, 5, 1, 'KGID-10007', 'Kiran Bhat', '1985-05-15', 1, 1, 0, '2010-08-01');
INSERT INTO Employee (EmployeeID, DistrictID, UnitID, RankID, DesignationID, KGID, FirstName, EmployeeDOB, GenderID, BloodGroupID, PhysicallyChallenged, AppointmentDate) VALUES (8, 1, 4, 4, 2, 'KGID-10008', 'Mahesh Hegde', '1985-05-15', 1, 1, 0, '2010-08-01');
INSERT INTO Employee (EmployeeID, DistrictID, UnitID, RankID, DesignationID, KGID, FirstName, EmployeeDOB, GenderID, BloodGroupID, PhysicallyChallenged, AppointmentDate) VALUES (9, 1, 5, 5, 1, 'KGID-10009', 'Ramesh Pawar', '1985-05-15', 1, 1, 0, '2010-08-01');
INSERT INTO Employee (EmployeeID, DistrictID, UnitID, RankID, DesignationID, KGID, FirstName, EmployeeDOB, GenderID, BloodGroupID, PhysicallyChallenged, AppointmentDate) VALUES (10, 1, 5, 4, 2, 'KGID-10010', 'Lakshmi Jadhav', '1985-05-15', 1, 1, 0, '2010-08-01');
INSERT INTO Employee (EmployeeID, DistrictID, UnitID, RankID, DesignationID, KGID, FirstName, EmployeeDOB, GenderID, BloodGroupID, PhysicallyChallenged, AppointmentDate) VALUES (11, 2, 6, 5, 1, 'KGID-10011', 'Anitha Gowda', '1985-05-15', 1, 1, 0, '2010-08-01');
INSERT INTO Employee (EmployeeID, DistrictID, UnitID, RankID, DesignationID, KGID, FirstName, EmployeeDOB, GenderID, BloodGroupID, PhysicallyChallenged, AppointmentDate) VALUES (12, 2, 6, 4, 2, 'KGID-10012', 'Mahesh Rao', '1985-05-15', 1, 1, 0, '2010-08-01');
INSERT INTO Employee (EmployeeID, DistrictID, UnitID, RankID, DesignationID, KGID, FirstName, EmployeeDOB, GenderID, BloodGroupID, PhysicallyChallenged, AppointmentDate) VALUES (13, 2, 7, 5, 1, 'KGID-10013', 'Suresh Rao', '1985-05-15', 1, 1, 0, '2010-08-01');
INSERT INTO Employee (EmployeeID, DistrictID, UnitID, RankID, DesignationID, KGID, FirstName, EmployeeDOB, GenderID, BloodGroupID, PhysicallyChallenged, AppointmentDate) VALUES (14, 2, 7, 4, 2, 'KGID-10014', 'Sunil Nayak', '1985-05-15', 1, 1, 0, '2010-08-01');
INSERT INTO Employee (EmployeeID, DistrictID, UnitID, RankID, DesignationID, KGID, FirstName, EmployeeDOB, GenderID, BloodGroupID, PhysicallyChallenged, AppointmentDate) VALUES (15, 2, 8, 5, 1, 'KGID-10015', 'Sunil Kulkarni', '1985-05-15', 1, 1, 0, '2010-08-01');
INSERT INTO Employee (EmployeeID, DistrictID, UnitID, RankID, DesignationID, KGID, FirstName, EmployeeDOB, GenderID, BloodGroupID, PhysicallyChallenged, AppointmentDate) VALUES (16, 2, 8, 4, 2, 'KGID-10016', 'Kiran Nayak', '1985-05-15', 1, 1, 0, '2010-08-01');
INSERT INTO Employee (EmployeeID, DistrictID, UnitID, RankID, DesignationID, KGID, FirstName, EmployeeDOB, GenderID, BloodGroupID, PhysicallyChallenged, AppointmentDate) VALUES (17, 3, 9, 5, 1, 'KGID-10017', 'Basavaraj Patil', '1985-05-15', 1, 1, 0, '2010-08-01');
INSERT INTO Employee (EmployeeID, DistrictID, UnitID, RankID, DesignationID, KGID, FirstName, EmployeeDOB, GenderID, BloodGroupID, PhysicallyChallenged, AppointmentDate) VALUES (18, 3, 9, 4, 2, 'KGID-10018', 'Vijay Gowda', '1985-05-15', 1, 1, 0, '2010-08-01');
INSERT INTO Employee (EmployeeID, DistrictID, UnitID, RankID, DesignationID, KGID, FirstName, EmployeeDOB, GenderID, BloodGroupID, PhysicallyChallenged, AppointmentDate) VALUES (19, 3, 10, 5, 1, 'KGID-10019', 'Shankar Rao', '1985-05-15', 1, 1, 0, '2010-08-01');
INSERT INTO Employee (EmployeeID, DistrictID, UnitID, RankID, DesignationID, KGID, FirstName, EmployeeDOB, GenderID, BloodGroupID, PhysicallyChallenged, AppointmentDate) VALUES (20, 3, 10, 4, 2, 'KGID-10020', 'Naveen Hegde', '1985-05-15', 1, 1, 0, '2010-08-01');
INSERT INTO Employee (EmployeeID, DistrictID, UnitID, RankID, DesignationID, KGID, FirstName, EmployeeDOB, GenderID, BloodGroupID, PhysicallyChallenged, AppointmentDate) VALUES (21, 3, 11, 5, 1, 'KGID-10021', 'Vijay Gowda', '1985-05-15', 1, 1, 0, '2010-08-01');
INSERT INTO Employee (EmployeeID, DistrictID, UnitID, RankID, DesignationID, KGID, FirstName, EmployeeDOB, GenderID, BloodGroupID, PhysicallyChallenged, AppointmentDate) VALUES (22, 3, 11, 4, 2, 'KGID-10022', 'Manjunath Pawar', '1985-05-15', 1, 1, 0, '2010-08-01');
INSERT INTO Employee (EmployeeID, DistrictID, UnitID, RankID, DesignationID, KGID, FirstName, EmployeeDOB, GenderID, BloodGroupID, PhysicallyChallenged, AppointmentDate) VALUES (23, 4, 12, 5, 1, 'KGID-10023', 'Manjunath Deshmukh', '1985-05-15', 1, 1, 0, '2010-08-01');
INSERT INTO Employee (EmployeeID, DistrictID, UnitID, RankID, DesignationID, KGID, FirstName, EmployeeDOB, GenderID, BloodGroupID, PhysicallyChallenged, AppointmentDate) VALUES (24, 4, 12, 4, 2, 'KGID-10024', 'Vijay Hegde', '1985-05-15', 1, 1, 0, '2010-08-01');
INSERT INTO Employee (EmployeeID, DistrictID, UnitID, RankID, DesignationID, KGID, FirstName, EmployeeDOB, GenderID, BloodGroupID, PhysicallyChallenged, AppointmentDate) VALUES (25, 4, 13, 5, 1, 'KGID-10025', 'Vijay Rao', '1985-05-15', 1, 1, 0, '2010-08-01');
INSERT INTO Employee (EmployeeID, DistrictID, UnitID, RankID, DesignationID, KGID, FirstName, EmployeeDOB, GenderID, BloodGroupID, PhysicallyChallenged, AppointmentDate) VALUES (26, 4, 13, 4, 2, 'KGID-10026', 'Ramesh Hegde', '1985-05-15', 1, 1, 0, '2010-08-01');
INSERT INTO Employee (EmployeeID, DistrictID, UnitID, RankID, DesignationID, KGID, FirstName, EmployeeDOB, GenderID, BloodGroupID, PhysicallyChallenged, AppointmentDate) VALUES (27, 4, 14, 5, 1, 'KGID-10027', 'Anitha Pawar', '1985-05-15', 1, 1, 0, '2010-08-01');
INSERT INTO Employee (EmployeeID, DistrictID, UnitID, RankID, DesignationID, KGID, FirstName, EmployeeDOB, GenderID, BloodGroupID, PhysicallyChallenged, AppointmentDate) VALUES (28, 4, 14, 4, 2, 'KGID-10028', 'Vijay Rao', '1985-05-15', 1, 1, 0, '2010-08-01');
INSERT INTO Employee (EmployeeID, DistrictID, UnitID, RankID, DesignationID, KGID, FirstName, EmployeeDOB, GenderID, BloodGroupID, PhysicallyChallenged, AppointmentDate) VALUES (29, 5, 15, 5, 1, 'KGID-10029', 'Prakash Patil', '1985-05-15', 1, 1, 0, '2010-08-01');
INSERT INTO Employee (EmployeeID, DistrictID, UnitID, RankID, DesignationID, KGID, FirstName, EmployeeDOB, GenderID, BloodGroupID, PhysicallyChallenged, AppointmentDate) VALUES (30, 5, 15, 4, 2, 'KGID-10030', 'Vijay Jadhav', '1985-05-15', 1, 1, 0, '2010-08-01');
INSERT INTO Employee (EmployeeID, DistrictID, UnitID, RankID, DesignationID, KGID, FirstName, EmployeeDOB, GenderID, BloodGroupID, PhysicallyChallenged, AppointmentDate) VALUES (31, 5, 16, 5, 1, 'KGID-10031', 'Santosh Pawar', '1985-05-15', 1, 1, 0, '2010-08-01');
INSERT INTO Employee (EmployeeID, DistrictID, UnitID, RankID, DesignationID, KGID, FirstName, EmployeeDOB, GenderID, BloodGroupID, PhysicallyChallenged, AppointmentDate) VALUES (32, 5, 16, 4, 2, 'KGID-10032', 'Suresh Pawar', '1985-05-15', 1, 1, 0, '2010-08-01');
INSERT INTO Employee (EmployeeID, DistrictID, UnitID, RankID, DesignationID, KGID, FirstName, EmployeeDOB, GenderID, BloodGroupID, PhysicallyChallenged, AppointmentDate) VALUES (33, 5, 17, 5, 1, 'KGID-10033', 'Naveen Shetty', '1985-05-15', 1, 1, 0, '2010-08-01');
INSERT INTO Employee (EmployeeID, DistrictID, UnitID, RankID, DesignationID, KGID, FirstName, EmployeeDOB, GenderID, BloodGroupID, PhysicallyChallenged, AppointmentDate) VALUES (34, 5, 17, 4, 2, 'KGID-10034', 'Santosh Deshmukh', '1985-05-15', 1, 1, 0, '2010-08-01');
INSERT INTO Employee (EmployeeID, DistrictID, UnitID, RankID, DesignationID, KGID, FirstName, EmployeeDOB, GenderID, BloodGroupID, PhysicallyChallenged, AppointmentDate) VALUES (35, 6, 18, 5, 1, 'KGID-10035', 'Prakash Kambali', '1985-05-15', 1, 1, 0, '2010-08-01');
INSERT INTO Employee (EmployeeID, DistrictID, UnitID, RankID, DesignationID, KGID, FirstName, EmployeeDOB, GenderID, BloodGroupID, PhysicallyChallenged, AppointmentDate) VALUES (36, 6, 18, 4, 2, 'KGID-10036', 'Mahesh Kambali', '1985-05-15', 1, 1, 0, '2010-08-01');
INSERT INTO CaseCategory (CaseCategoryID, LookupValue) VALUES (1, 'FIR');
INSERT INTO CaseCategory (CaseCategoryID, LookupValue) VALUES (2, 'UDR');
INSERT INTO CaseCategory (CaseCategoryID, LookupValue) VALUES (3, 'PAR');
INSERT INTO CaseCategory (CaseCategoryID, LookupValue) VALUES (4, 'Zero FIR');
INSERT INTO GravityOffence (GravityOffenceID, LookupValue) VALUES (1, 'Heinous');
INSERT INTO GravityOffence (GravityOffenceID, LookupValue) VALUES (2, 'Grave');
INSERT INTO GravityOffence (GravityOffenceID, LookupValue) VALUES (3, 'Non-Grave');
INSERT INTO CrimeHead (CrimeHeadID, CrimeGroupName, Active) VALUES (1, 'Crimes Against Property', 1);
INSERT INTO CrimeHead (CrimeHeadID, CrimeGroupName, Active) VALUES (2, 'Crimes Against Body', 1);
INSERT INTO CrimeHead (CrimeHeadID, CrimeGroupName, Active) VALUES (3, 'Cyber Crimes', 1);
INSERT INTO CrimeHead (CrimeHeadID, CrimeGroupName, Active) VALUES (4, 'Financial Offences', 1);
INSERT INTO CrimeHead (CrimeHeadID, CrimeGroupName, Active) VALUES (5, 'Narcotic Crimes', 1);
INSERT INTO CrimeSubHead (CrimeSubHeadID, CrimeHeadID, CrimeHeadName, SeqID) VALUES (1, 1, 'Automobile Theft', 1);
INSERT INTO CrimeSubHead (CrimeSubHeadID, CrimeHeadID, CrimeHeadName, SeqID) VALUES (2, 1, 'House Breaking Night', 2);
INSERT INTO CrimeSubHead (CrimeSubHeadID, CrimeHeadID, CrimeHeadName, SeqID) VALUES (3, 1, 'Chain Snatching', 3);
INSERT INTO CrimeSubHead (CrimeSubHeadID, CrimeHeadID, CrimeHeadName, SeqID) VALUES (4, 2, 'Murder', 4);
INSERT INTO CrimeSubHead (CrimeSubHeadID, CrimeHeadID, CrimeHeadName, SeqID) VALUES (5, 2, 'Grievous Hurt', 5);
INSERT INTO CrimeSubHead (CrimeSubHeadID, CrimeHeadID, CrimeHeadName, SeqID) VALUES (6, 3, 'Online Financial Fraud', 6);
INSERT INTO CrimeSubHead (CrimeSubHeadID, CrimeHeadID, CrimeHeadName, SeqID) VALUES (7, 3, 'Identity Theft', 7);
INSERT INTO CrimeSubHead (CrimeSubHeadID, CrimeHeadID, CrimeHeadName, SeqID) VALUES (8, 4, 'Cheating', 8);
INSERT INTO CrimeSubHead (CrimeSubHeadID, CrimeHeadID, CrimeHeadName, SeqID) VALUES (9, 5, 'Ganja Possession', 9);
INSERT INTO CrimeSubHead (CrimeSubHeadID, CrimeHeadID, CrimeHeadName, SeqID) VALUES (10, 1, 'Highway Robbery', 10);
INSERT INTO Act (ActCode, ActDescription, ShortName, Active) VALUES ('IPC', 'Indian Penal Code 1860', 'IPC', 1);
INSERT INTO Act (ActCode, ActDescription, ShortName, Active) VALUES ('IT_ACT', 'Information Technology Act 2000', 'IT Act', 1);
INSERT INTO Act (ActCode, ActDescription, ShortName, Active) VALUES ('NDPS', 'Narcotic Drugs & Psychotropic Substances Act', 'NDPS', 1);
INSERT INTO Act (ActCode, ActDescription, ShortName, Active) VALUES ('KPA', 'Karnataka Police Act 1963', 'KP Act', 1);
INSERT INTO Section (ActCode, SectionCode, SectionDescription, Active) VALUES ('IPC', '379', 'Theft', 1);
INSERT INTO Section (ActCode, SectionCode, SectionDescription, Active) VALUES ('IPC', '380', 'Theft in dwelling house', 1);
INSERT INTO Section (ActCode, SectionCode, SectionDescription, Active) VALUES ('IPC', '457', 'Lurking house-trespass by night', 1);
INSERT INTO Section (ActCode, SectionCode, SectionDescription, Active) VALUES ('IPC', '392', 'Robbery', 1);
INSERT INTO Section (ActCode, SectionCode, SectionDescription, Active) VALUES ('IPC', '302', 'Murder', 1);
INSERT INTO Section (ActCode, SectionCode, SectionDescription, Active) VALUES ('IPC', '326', 'Voluntarily causing grievous hurt', 1);
INSERT INTO Section (ActCode, SectionCode, SectionDescription, Active) VALUES ('IPC', '420', 'Cheating', 1);
INSERT INTO Section (ActCode, SectionCode, SectionDescription, Active) VALUES ('IT_ACT', '66D', 'Cheating by impersonation', 1);
INSERT INTO Section (ActCode, SectionCode, SectionDescription, Active) VALUES ('NDPS', '20', 'Cannabis offences', 1);
INSERT INTO Section (ActCode, SectionCode, SectionDescription, Active) VALUES ('IPC', '384', 'Extortion', 1);
INSERT INTO CrimeHeadActSection (CrimeHeadID, ActCode, SectionCode) VALUES (1, 'IPC', '379');
INSERT INTO CrimeHeadActSection (CrimeHeadID, ActCode, SectionCode) VALUES (1, 'IPC', '380');
INSERT INTO CrimeHeadActSection (CrimeHeadID, ActCode, SectionCode) VALUES (1, 'IPC', '457');
INSERT INTO CrimeHeadActSection (CrimeHeadID, ActCode, SectionCode) VALUES (2, 'IPC', '302');
INSERT INTO CrimeHeadActSection (CrimeHeadID, ActCode, SectionCode) VALUES (2, 'IPC', '326');
INSERT INTO CrimeHeadActSection (CrimeHeadID, ActCode, SectionCode) VALUES (3, 'IT_ACT', '66D');
INSERT INTO CrimeHeadActSection (CrimeHeadID, ActCode, SectionCode) VALUES (4, 'IPC', '420');
INSERT INTO CrimeHeadActSection (CrimeHeadID, ActCode, SectionCode) VALUES (5, 'NDPS', '20');
INSERT INTO Court (CourtID, CourtName, DistrictID, StateID, Active) VALUES (1, '1st ACMM Court Bengaluru', 1, 1, 1);
INSERT INTO Court (CourtID, CourtName, DistrictID, StateID, Active) VALUES (2, 'JMFC 1st Court Mysuru', 2, 1, 1);
INSERT INTO Court (CourtID, CourtName, DistrictID, StateID, Active) VALUES (3, 'JMFC 1st Court Mangaluru', 3, 1, 1);
INSERT INTO Court (CourtID, CourtName, DistrictID, StateID, Active) VALUES (4, 'JMFC 1st Court Hubballi', 4, 1, 1);
INSERT INTO Court (CourtID, CourtName, DistrictID, StateID, Active) VALUES (5, 'JMFC 1st Court Belagavi', 5, 1, 1);
INSERT INTO Court (CourtID, CourtName, DistrictID, StateID, Active) VALUES (6, 'JMFC 1st Court Kalaburagi', 6, 1, 1);
INSERT INTO CaseStatusMaster (CaseStatusID, CaseStatusName) VALUES (1, 'Under Investigation');
INSERT INTO CaseStatusMaster (CaseStatusID, CaseStatusName) VALUES (2, 'Charge Sheeted');
INSERT INTO CaseStatusMaster (CaseStatusID, CaseStatusName) VALUES (3, 'Pending Trial');
INSERT INTO CaseStatusMaster (CaseStatusID, CaseStatusName) VALUES (4, 'Closed');
INSERT INTO CaseStatusMaster (CaseStatusID, CaseStatusName) VALUES (5, 'Cancelled');
INSERT INTO CasteMaster (caste_master_id, caste_master_name) VALUES (1, 'General');
INSERT INTO CasteMaster (caste_master_id, caste_master_name) VALUES (2, 'OBC');
INSERT INTO CasteMaster (caste_master_id, caste_master_name) VALUES (3, 'SC');
INSERT INTO CasteMaster (caste_master_id, caste_master_name) VALUES (4, 'ST');
INSERT INTO CasteMaster (caste_master_id, caste_master_name) VALUES (5, 'Unspecified');
INSERT INTO ReligionMaster (ReligionID, ReligionName) VALUES (1, 'Hindu');
INSERT INTO ReligionMaster (ReligionID, ReligionName) VALUES (2, 'Muslim');
INSERT INTO ReligionMaster (ReligionID, ReligionName) VALUES (3, 'Christian');
INSERT INTO ReligionMaster (ReligionID, ReligionName) VALUES (4, 'Jain');
INSERT INTO ReligionMaster (ReligionID, ReligionName) VALUES (5, 'Sikh');
INSERT INTO OccupationMaster (OccupationID, OccupationName) VALUES (1, 'Business');
INSERT INTO OccupationMaster (OccupationID, OccupationName) VALUES (2, 'Private Employee');
INSERT INTO OccupationMaster (OccupationID, OccupationName) VALUES (3, 'Daily Wager');
INSERT INTO OccupationMaster (OccupationID, OccupationName) VALUES (4, 'Student');
INSERT INTO OccupationMaster (OccupationID, OccupationName) VALUES (5, 'Agriculture');
INSERT INTO OccupationMaster (OccupationID, OccupationName) VALUES (6, 'Unemployed');
INSERT INTO OccupationMaster (OccupationID, OccupationName) VALUES (7, 'Driver');
INSERT INTO CaseMaster (CaseMasterID, CrimeNo, CaseNo, CrimeRegisteredDate, PolicePersonID, PoliceStationID, CaseCategoryID, GravityOffenceID, CrimeMajorHeadID, CrimeMinorHeadID, CaseStatusID, CourtID, IncidentFromDate, IncidentToDate, InfoReceivedPSDate, latitude, longitude, BriefFacts) VALUES (1, '100020007202400001', '202400001', '2024-01-01', 13, 7, 1, 3, 1, 3, 1, 2, '2024-01-01 19:00:00', '2024-01-01 21:00:00', '2024-01-01 19:00:00', 12.318504, 76.658941, 'Chain Snatching reported on the ring road service lane within Lashkar Police Station limits. Suresh Rao recorded statements and initiated scene verification.');
INSERT INTO Inv_OccuranceTime (CaseMasterID, IncidentFromDate, IncidentToDate, latitude, longitude, PlaceOfOccurrence) VALUES (1, '2024-01-01 19:00:00', '2024-01-01 21:00:00', 12.318504, 76.658941, 'On the ring road service lane, Lashkar');
INSERT INTO ComplainantDetails (ComplainantID, CaseMasterID, ComplainantName, AgeYear, OccupationID, ReligionID, CasteID, GenderID) VALUES (1, 1, 'Naveena Shetty', 43, 2, 4, 2, 2);
INSERT INTO ActSectionAssociation (CaseMasterID, ActID, SectionID, ActOrderID, SectionOrderID) VALUES (1, 'IPC', '379', 1, 1);
INSERT INTO Victim (VictimMasterID, CaseMasterID, VictimName, AgeYear, GenderID, VictimPolice) VALUES (1, 1, 'Divya Poojary', 58, 2, '0');
INSERT INTO Accused (AccusedMasterID, CaseMasterID, AccusedName, AgeYear, GenderID, PersonID) VALUES (1, 1, 'Nagesh H. Poojary', 28, 1, 'A1');
INSERT INTO Accused (AccusedMasterID, CaseMasterID, AccusedName, AgeYear, GenderID, PersonID) VALUES (2, 1, 'Tukaram S. Jadhav', 20, 1, 'A2');
INSERT INTO ArrestSurrender (ArrestSurrenderID, CaseMasterID, ArrestSurrenderTypeID, ArrestSurrenderDate, ArrestSurrenderStateId, ArrestSurrenderDistrictId, PoliceStationID, IOID, CourtID, AccusedMasterID, IsAccused, IsComplainantAccused) VALUES (1, 1, 1, '2024-01-18', 1, 2, 7, 13, 2, 1, 1, 0);
INSERT INTO inv_arrestsurrenderaccused (ArrestSurrenderID, AccusedMasterID) VALUES (1, 1);
INSERT INTO inv_arrestsurrenderaccused (ArrestSurrenderID, AccusedMasterID) VALUES (1, 2);
INSERT INTO CaseMaster (CaseMasterID, CrimeNo, CaseNo, CrimeRegisteredDate, PolicePersonID, PoliceStationID, CaseCategoryID, GravityOffenceID, CrimeMajorHeadID, CrimeMinorHeadID, CaseStatusID, CourtID, IncidentFromDate, IncidentToDate, InfoReceivedPSDate, latitude, longitude, BriefFacts) VALUES (2, '100010002202400002', '202400002', '2024-01-12', 3, 2, 3, 1, 3, 7, 4, 1, '2024-01-12 15:00:00', '2024-01-12 16:00:00', '2024-01-12 15:00:00', 12.932770, 77.623493, 'Complainant reported a suspected identity theft incident outside a commercial complex. The matter was registered at Koramangala Police Station and assigned to Prakash Jadhav.');
INSERT INTO Inv_OccuranceTime (CaseMasterID, IncidentFromDate, IncidentToDate, latitude, longitude, PlaceOfOccurrence) VALUES (2, '2024-01-12 15:00:00', '2024-01-12 16:00:00', 12.932770, 77.623493, 'Outside a commercial complex, Koramangala');
INSERT INTO ComplainantDetails (ComplainantID, CaseMasterID, ComplainantName, AgeYear, OccupationID, ReligionID, CasteID, GenderID) VALUES (2, 2, 'Shilpa Poojary', 56, 7, 4, 5, 2);
INSERT INTO ActSectionAssociation (CaseMasterID, ActID, SectionID, ActOrderID, SectionOrderID) VALUES (2, 'IT_ACT', '66D', 1, 1);
INSERT INTO Victim (VictimMasterID, CaseMasterID, VictimName, AgeYear, GenderID, VictimPolice) VALUES (2, 2, 'Asha Poojary', 57, 2, '0');
INSERT INTO Accused (AccusedMasterID, CaseMasterID, AccusedName, AgeYear, GenderID, PersonID) VALUES (3, 2, 'Raja O. Jadhav', 37, 1, 'A1');
INSERT INTO ArrestSurrender (ArrestSurrenderID, CaseMasterID, ArrestSurrenderTypeID, ArrestSurrenderDate, ArrestSurrenderStateId, ArrestSurrenderDistrictId, PoliceStationID, IOID, CourtID, AccusedMasterID, IsAccused, IsComplainantAccused) VALUES (2, 2, 1, '2024-01-16', 1, 1, 2, 3, 1, 3, 1, 0);
INSERT INTO inv_arrestsurrenderaccused (ArrestSurrenderID, AccusedMasterID) VALUES (2, 3);
INSERT INTO ChargesheetDetails (CSID, CaseMasterID, csdate, cstype, PolicePersonID) VALUES (1, 2, '2024-02-26 10:00:00', 'A', 3);
INSERT INTO CaseMaster (CaseMasterID, CrimeNo, CaseNo, CrimeRegisteredDate, PolicePersonID, PoliceStationID, CaseCategoryID, GravityOffenceID, CrimeMajorHeadID, CrimeMinorHeadID, CaseStatusID, CourtID, IncidentFromDate, IncidentToDate, InfoReceivedPSDate, latitude, longitude, BriefFacts) VALUES (3, '100040014202400003', '202400003', '2024-01-23', 27, 14, 1, 3, 5, 9, 2, 4, '2024-01-23 09:00:00', '2024-01-23 10:00:00', '2024-01-23 09:00:00', 15.463495, 75.002150, 'Complainant reported a suspected ganja possession incident close to a residential layout. The matter was registered at Suburban Police Station Dharwad and assigned to Anitha Pawar.');
INSERT INTO Inv_OccuranceTime (CaseMasterID, IncidentFromDate, IncidentToDate, latitude, longitude, PlaceOfOccurrence) VALUES (3, '2024-01-23 09:00:00', '2024-01-23 10:00:00', 15.463495, 75.002150, 'Close to a residential layout, Suburban Dharwad');
INSERT INTO ComplainantDetails (ComplainantID, CaseMasterID, ComplainantName, AgeYear, OccupationID, ReligionID, CasteID, GenderID) VALUES (3, 3, 'Radha Gowda', 32, 1, 5, 4, 1);
INSERT INTO ActSectionAssociation (CaseMasterID, ActID, SectionID, ActOrderID, SectionOrderID) VALUES (3, 'NDPS', '20', 1, 1);
INSERT INTO Victim (VictimMasterID, CaseMasterID, VictimName, AgeYear, GenderID, VictimPolice) VALUES (3, 3, 'Kiran Joshi', 52, 1, '0');
INSERT INTO Accused (AccusedMasterID, CaseMasterID, AccusedName, AgeYear, GenderID, PersonID) VALUES (4, 3, 'Imtiaz V. Shetty', 35, 1, 'A1');
INSERT INTO ChargesheetDetails (CSID, CaseMasterID, csdate, cstype, PolicePersonID) VALUES (2, 3, '2024-03-12 12:00:00', 'A', 27);
INSERT INTO CaseMaster (CaseMasterID, CrimeNo, CaseNo, CrimeRegisteredDate, PolicePersonID, PoliceStationID, CaseCategoryID, GravityOffenceID, CrimeMajorHeadID, CrimeMinorHeadID, CaseStatusID, CourtID, IncidentFromDate, IncidentToDate, InfoReceivedPSDate, latitude, longitude, BriefFacts) VALUES (4, '100010004202400004', '202400004', '2024-01-06', 7, 4, 1, 3, 4, 8, 3, 1, '2024-01-06 11:00:00', '2024-01-06 13:00:00', '2024-01-06 11:00:00', 12.917849, 77.589724, 'Control room information regarding cheating was received from on a residential cross road. IO Kiran Bhat opened the investigation and secured preliminary evidence.');
INSERT INTO Inv_OccuranceTime (CaseMasterID, IncidentFromDate, IncidentToDate, latitude, longitude, PlaceOfOccurrence) VALUES (4, '2024-01-06 11:00:00', '2024-01-06 13:00:00', 12.917849, 77.589724, 'On a residential cross road, Jayanagar');
INSERT INTO ComplainantDetails (ComplainantID, CaseMasterID, ComplainantName, AgeYear, OccupationID, ReligionID, CasteID, GenderID) VALUES (4, 4, 'Joel Shetty', 24, 1, 1, 4, 2);
INSERT INTO ActSectionAssociation (CaseMasterID, ActID, SectionID, ActOrderID, SectionOrderID) VALUES (4, 'IPC', '420', 1, 1);
INSERT INTO Victim (VictimMasterID, CaseMasterID, VictimName, AgeYear, GenderID, VictimPolice) VALUES (4, 4, 'Kiran Bhat', 19, 1, '0');
INSERT INTO Accused (AccusedMasterID, CaseMasterID, AccusedName, AgeYear, GenderID, PersonID) VALUES (5, 4, 'Sameer C. Gowda', 22, 1, 'A1');
INSERT INTO ArrestSurrender (ArrestSurrenderID, CaseMasterID, ArrestSurrenderTypeID, ArrestSurrenderDate, ArrestSurrenderStateId, ArrestSurrenderDistrictId, PoliceStationID, IOID, CourtID, AccusedMasterID, IsAccused, IsComplainantAccused) VALUES (3, 4, 1, '2024-02-03', 1, 1, 4, 7, 1, 5, 1, 0);
INSERT INTO inv_arrestsurrenderaccused (ArrestSurrenderID, AccusedMasterID) VALUES (3, 5);
INSERT INTO ChargesheetDetails (CSID, CaseMasterID, csdate, cstype, PolicePersonID) VALUES (3, 4, '2024-03-11 14:00:00', 'A', 7);
INSERT INTO CaseMaster (CaseMasterID, CrimeNo, CaseNo, CrimeRegisteredDate, PolicePersonID, PoliceStationID, CaseCategoryID, GravityOffenceID, CrimeMajorHeadID, CrimeMinorHeadID, CaseStatusID, CourtID, IncidentFromDate, IncidentToDate, InfoReceivedPSDate, latitude, longitude, BriefFacts) VALUES (5, '100060018202400005', '202400005', '2024-01-17', 35, 18, 2, 2, 1, 3, 3, 6, '2024-01-17 22:00:00', '2024-01-17 01:00:00', '2024-01-17 22:00:00', 17.320390, 76.826997, 'Control room information regarding chain snatching was received from near the central market. IO Prakash Kambali opened the investigation and secured preliminary evidence.');
INSERT INTO Inv_OccuranceTime (CaseMasterID, IncidentFromDate, IncidentToDate, latitude, longitude, PlaceOfOccurrence) VALUES (5, '2024-01-17 22:00:00', '2024-01-17 01:00:00', 17.320390, 76.826997, 'Near the central market, Station Bazar');
INSERT INTO ComplainantDetails (ComplainantID, CaseMasterID, ComplainantName, AgeYear, OccupationID, ReligionID, CasteID, GenderID) VALUES (5, 5, 'Radha Joshi', 36, 4, 4, 2, 1);
INSERT INTO ActSectionAssociation (CaseMasterID, ActID, SectionID, ActOrderID, SectionOrderID) VALUES (5, 'IPC', '379', 1, 1);
INSERT INTO Victim (VictimMasterID, CaseMasterID, VictimName, AgeYear, GenderID, VictimPolice) VALUES (5, 5, 'Tarun Khan', 49, 1, '0');
INSERT INTO Accused (AccusedMasterID, CaseMasterID, AccusedName, AgeYear, GenderID, PersonID) VALUES (6, 5, 'Vicky J. Gowda', 43, 1, 'A1');
INSERT INTO Accused (AccusedMasterID, CaseMasterID, AccusedName, AgeYear, GenderID, PersonID) VALUES (7, 5, 'Sameer U. Singh', 20, 1, 'A2');
INSERT INTO ArrestSurrender (ArrestSurrenderID, CaseMasterID, ArrestSurrenderTypeID, ArrestSurrenderDate, ArrestSurrenderStateId, ArrestSurrenderDistrictId, PoliceStationID, IOID, CourtID, AccusedMasterID, IsAccused, IsComplainantAccused) VALUES (4, 5, 1, '2024-01-21', 1, 6, 18, 35, 6, 6, 1, 0);
INSERT INTO inv_arrestsurrenderaccused (ArrestSurrenderID, AccusedMasterID) VALUES (4, 6);
INSERT INTO inv_arrestsurrenderaccused (ArrestSurrenderID, AccusedMasterID) VALUES (4, 7);
INSERT INTO ChargesheetDetails (CSID, CaseMasterID, csdate, cstype, PolicePersonID) VALUES (4, 5, '2024-04-09 16:00:00', 'A', 35);
INSERT INTO CaseMaster (CaseMasterID, CrimeNo, CaseNo, CrimeRegisteredDate, PolicePersonID, PoliceStationID, CaseCategoryID, GravityOffenceID, CrimeMajorHeadID, CrimeMinorHeadID, CaseStatusID, CourtID, IncidentFromDate, IncidentToDate, InfoReceivedPSDate, latitude, longitude, BriefFacts) VALUES (6, '100010003202400006', '202400006', '2024-01-28', 5, 3, 2, 3, 1, 1, 2, 1, '2024-01-28 17:00:00', '2024-01-28 18:00:00', '2024-01-28 17:00:00', 12.979394, 77.756543, 'Whitefield Police Station registered the case after an incident near a bus stop. Initial CCTV, witness, and digital-evidence checks were assigned to IO Lakshmi Shetty.');
INSERT INTO Inv_OccuranceTime (CaseMasterID, IncidentFromDate, IncidentToDate, latitude, longitude, PlaceOfOccurrence) VALUES (6, '2024-01-28 17:00:00', '2024-01-28 18:00:00', 12.979394, 77.756543, 'Near a bus stop, Whitefield');
INSERT INTO ComplainantDetails (ComplainantID, CaseMasterID, ComplainantName, AgeYear, OccupationID, ReligionID, CasteID, GenderID) VALUES (6, 6, 'Shilpa Kulkarni', 21, 3, 2, 3, 2);
INSERT INTO ActSectionAssociation (CaseMasterID, ActID, SectionID, ActOrderID, SectionOrderID) VALUES (6, 'IPC', '379', 1, 1);
INSERT INTO Victim (VictimMasterID, CaseMasterID, VictimName, AgeYear, GenderID, VictimPolice) VALUES (6, 6, 'Vinay Deshpande', 28, 2, '0');
INSERT INTO Accused (AccusedMasterID, CaseMasterID, AccusedName, AgeYear, GenderID, PersonID) VALUES (8, 6, 'Rafiq Q. Gowda', 22, 1, 'A1');
INSERT INTO ChargesheetDetails (CSID, CaseMasterID, csdate, cstype, PolicePersonID) VALUES (5, 6, '2024-04-02 16:00:00', 'A', 5);
INSERT INTO CaseMaster (CaseMasterID, CrimeNo, CaseNo, CrimeRegisteredDate, PolicePersonID, PoliceStationID, CaseCategoryID, GravityOffenceID, CrimeMajorHeadID, CrimeMinorHeadID, CaseStatusID, CourtID, IncidentFromDate, IncidentToDate, InfoReceivedPSDate, latitude, longitude, BriefFacts) VALUES (7, '100010002202400007', '202400007', '2024-01-11', 3, 2, 1, 1, 1, 10, 2, 1, '2024-01-11 21:00:00', '2024-01-11 22:00:00', '2024-01-11 21:00:00', 12.944080, 77.622219, 'Highway Robbery reported outside a commercial complex within Koramangala Police Station limits. Prakash Jadhav recorded statements and initiated scene verification.');
INSERT INTO Inv_OccuranceTime (CaseMasterID, IncidentFromDate, IncidentToDate, latitude, longitude, PlaceOfOccurrence) VALUES (7, '2024-01-11 21:00:00', '2024-01-11 22:00:00', 12.944080, 77.622219, 'Outside a commercial complex, Koramangala');
INSERT INTO ComplainantDetails (ComplainantID, CaseMasterID, ComplainantName, AgeYear, OccupationID, ReligionID, CasteID, GenderID) VALUES (7, 7, 'Bharath Rao', 56, 3, 1, 5, 1);
INSERT INTO ActSectionAssociation (CaseMasterID, ActID, SectionID, ActOrderID, SectionOrderID) VALUES (7, 'IPC', '379', 1, 1);
INSERT INTO Victim (VictimMasterID, CaseMasterID, VictimName, AgeYear, GenderID, VictimPolice) VALUES (7, 7, 'Vinay Rao', 18, 2, '0');
INSERT INTO Accused (AccusedMasterID, CaseMasterID, AccusedName, AgeYear, GenderID, PersonID) VALUES (9, 7, 'Salman X. Singh', 42, 1, 'A1');
INSERT INTO ArrestSurrender (ArrestSurrenderID, CaseMasterID, ArrestSurrenderTypeID, ArrestSurrenderDate, ArrestSurrenderStateId, ArrestSurrenderDistrictId, PoliceStationID, IOID, CourtID, AccusedMasterID, IsAccused, IsComplainantAccused) VALUES (5, 7, 1, '2024-01-19', 1, 1, 2, 3, 1, 9, 1, 0);
INSERT INTO inv_arrestsurrenderaccused (ArrestSurrenderID, AccusedMasterID) VALUES (5, 9);
INSERT INTO ChargesheetDetails (CSID, CaseMasterID, csdate, cstype, PolicePersonID) VALUES (6, 7, '2024-03-10 12:00:00', 'A', 3);
INSERT INTO CaseMaster (CaseMasterID, CrimeNo, CaseNo, CrimeRegisteredDate, PolicePersonID, PoliceStationID, CaseCategoryID, GravityOffenceID, CrimeMajorHeadID, CrimeMinorHeadID, CaseStatusID, CourtID, IncidentFromDate, IncidentToDate, InfoReceivedPSDate, latitude, longitude, BriefFacts) VALUES (8, '100030010202400008', '202400008', '2024-01-22', 19, 10, 1, 3, 5, 9, 2, 3, '2024-01-22 08:00:00', '2024-01-22 10:00:00', '2024-01-22 08:00:00', 12.867041, 74.840818, 'Ganja Possession reported near the inter-city bus stand within Pandeshwar Police Station limits. Shankar Rao recorded statements and initiated scene verification.');
INSERT INTO Inv_OccuranceTime (CaseMasterID, IncidentFromDate, IncidentToDate, latitude, longitude, PlaceOfOccurrence) VALUES (8, '2024-01-22 08:00:00', '2024-01-22 10:00:00', 12.867041, 74.840818, 'Near the inter-city bus stand, Pandeshwar');
INSERT INTO ComplainantDetails (ComplainantID, CaseMasterID, ComplainantName, AgeYear, OccupationID, ReligionID, CasteID, GenderID) VALUES (8, 8, 'Chetan Deshpande', 33, 6, 3, 1, 2);
INSERT INTO ActSectionAssociation (CaseMasterID, ActID, SectionID, ActOrderID, SectionOrderID) VALUES (8, 'NDPS', '20', 1, 1);
INSERT INTO Victim (VictimMasterID, CaseMasterID, VictimName, AgeYear, GenderID, VictimPolice) VALUES (8, 8, 'Chaitra Naik', 30, 1, '0');
INSERT INTO Accused (AccusedMasterID, CaseMasterID, AccusedName, AgeYear, GenderID, PersonID) VALUES (10, 8, 'Lokesh E. Kumar', 31, 1, 'A1');
INSERT INTO ChargesheetDetails (CSID, CaseMasterID, csdate, cstype, PolicePersonID) VALUES (7, 8, '2024-04-08 15:00:00', 'A', 19);
INSERT INTO CaseMaster (CaseMasterID, CrimeNo, CaseNo, CrimeRegisteredDate, PolicePersonID, PoliceStationID, CaseCategoryID, GravityOffenceID, CrimeMajorHeadID, CrimeMinorHeadID, CaseStatusID, CourtID, IncidentFromDate, IncidentToDate, InfoReceivedPSDate, latitude, longitude, BriefFacts) VALUES (9, '100010004202400009', '202400009', '2024-01-05', 7, 4, 1, 3, 4, 8, 5, 1, '2024-01-05 15:00:00', '2024-01-05 17:00:00', '2024-01-05 15:00:00', 12.929957, 77.584902, 'Complainant reported a suspected cheating incident near a market entrance. The matter was registered at Jayanagar Police Station and assigned to Kiran Bhat.');
INSERT INTO Inv_OccuranceTime (CaseMasterID, IncidentFromDate, IncidentToDate, latitude, longitude, PlaceOfOccurrence) VALUES (9, '2024-01-05 15:00:00', '2024-01-05 17:00:00', 12.929957, 77.584902, 'Near a market entrance, Jayanagar');
INSERT INTO ComplainantDetails (ComplainantID, CaseMasterID, ComplainantName, AgeYear, OccupationID, ReligionID, CasteID, GenderID) VALUES (9, 9, 'Eshwar Poojary', 50, 7, 2, 5, 2);
INSERT INTO ActSectionAssociation (CaseMasterID, ActID, SectionID, ActOrderID, SectionOrderID) VALUES (9, 'IPC', '420', 1, 1);
INSERT INTO Victim (VictimMasterID, CaseMasterID, VictimName, AgeYear, GenderID, VictimPolice) VALUES (9, 9, 'Manoj Hegde', 36, 1, '0');
INSERT INTO Accused (AccusedMasterID, CaseMasterID, AccusedName, AgeYear, GenderID, PersonID) VALUES (11, 9, 'Altaf L. Shetty', 30, 1, 'A1');
INSERT INTO CaseMaster (CaseMasterID, CrimeNo, CaseNo, CrimeRegisteredDate, PolicePersonID, PoliceStationID, CaseCategoryID, GravityOffenceID, CrimeMajorHeadID, CrimeMinorHeadID, CaseStatusID, CourtID, IncidentFromDate, IncidentToDate, InfoReceivedPSDate, latitude, longitude, BriefFacts) VALUES (10, '100010003202400010', '202400010', '2024-01-16', 5, 3, 1, 3, 1, 1, 4, 1, '2024-01-16 21:00:00', '2024-01-16 00:00:00', '2024-01-16 21:00:00', 12.979681, 77.756974, 'Control room information regarding automobile theft was received from near a bus stop. IO Lakshmi Shetty opened the investigation and secured preliminary evidence.');
INSERT INTO Inv_OccuranceTime (CaseMasterID, IncidentFromDate, IncidentToDate, latitude, longitude, PlaceOfOccurrence) VALUES (10, '2024-01-16 21:00:00', '2024-01-16 00:00:00', 12.979681, 77.756974, 'Near a bus stop, Whitefield');
INSERT INTO ComplainantDetails (ComplainantID, CaseMasterID, ComplainantName, AgeYear, OccupationID, ReligionID, CasteID, GenderID) VALUES (10, 10, 'Radha Khan', 64, 2, 2, 3, 1);
INSERT INTO ActSectionAssociation (CaseMasterID, ActID, SectionID, ActOrderID, SectionOrderID) VALUES (10, 'IPC', '379', 1, 1);
INSERT INTO Victim (VictimMasterID, CaseMasterID, VictimName, AgeYear, GenderID, VictimPolice) VALUES (10, 10, 'Kiran Deshpande', 52, 2, '0');
INSERT INTO Accused (AccusedMasterID, CaseMasterID, AccusedName, AgeYear, GenderID, PersonID) VALUES (12, 10, 'Nagaraj @ ''Snake'' Nagi', 34, 1, 'A1');
INSERT INTO ArrestSurrender (ArrestSurrenderID, CaseMasterID, ArrestSurrenderTypeID, ArrestSurrenderDate, ArrestSurrenderStateId, ArrestSurrenderDistrictId, PoliceStationID, IOID, CourtID, AccusedMasterID, IsAccused, IsComplainantAccused) VALUES (6, 10, 1, '2024-01-27', 1, 1, 3, 5, 1, 12, 1, 0);
INSERT INTO inv_arrestsurrenderaccused (ArrestSurrenderID, AccusedMasterID) VALUES (6, 12);
INSERT INTO ChargesheetDetails (CSID, CaseMasterID, csdate, cstype, PolicePersonID) VALUES (8, 10, '2024-04-01 12:00:00', 'A', 5);
INSERT INTO CaseMaster (CaseMasterID, CrimeNo, CaseNo, CrimeRegisteredDate, PolicePersonID, PoliceStationID, CaseCategoryID, GravityOffenceID, CrimeMajorHeadID, CrimeMinorHeadID, CaseStatusID, CourtID, IncidentFromDate, IncidentToDate, InfoReceivedPSDate, latitude, longitude, BriefFacts) VALUES (11, '100010001202400011', '202400011', '2024-01-27', 1, 1, 3, 3, 1, 2, 5, 1, '2024-01-27 02:00:00', '2024-01-27 04:00:00', '2024-01-27 02:00:00', 12.979632, 77.645820, 'House Breaking Night reported on a residential cross road within Indiranagar Police Station limits. Suresh Kambali recorded statements and initiated scene verification.');
INSERT INTO Inv_OccuranceTime (CaseMasterID, IncidentFromDate, IncidentToDate, latitude, longitude, PlaceOfOccurrence) VALUES (11, '2024-01-27 02:00:00', '2024-01-27 04:00:00', 12.979632, 77.645820, 'On a residential cross road, Indiranagar');
INSERT INTO ComplainantDetails (ComplainantID, CaseMasterID, ComplainantName, AgeYear, OccupationID, ReligionID, CasteID, GenderID) VALUES (11, 11, 'Deepak Gowda', 37, 6, 2, 3, 2);
INSERT INTO ActSectionAssociation (CaseMasterID, ActID, SectionID, ActOrderID, SectionOrderID) VALUES (11, 'IPC', '379', 1, 1);
INSERT INTO Victim (VictimMasterID, CaseMasterID, VictimName, AgeYear, GenderID, VictimPolice) VALUES (11, 11, 'Nikhil Joshi', 28, 1, '0');
INSERT INTO Accused (AccusedMasterID, CaseMasterID, AccusedName, AgeYear, GenderID, PersonID) VALUES (13, 11, 'Yogesh Z. Pashan', 29, 1, 'A1');
INSERT INTO CaseMaster (CaseMasterID, CrimeNo, CaseNo, CrimeRegisteredDate, PolicePersonID, PoliceStationID, CaseCategoryID, GravityOffenceID, CrimeMajorHeadID, CrimeMinorHeadID, CaseStatusID, CourtID, IncidentFromDate, IncidentToDate, InfoReceivedPSDate, latitude, longitude, BriefFacts) VALUES (12, '100010001202400012', '202400012', '2024-01-10', 1, 1, 1, 3, 5, 9, 2, 1, '2024-01-10 22:00:00', '2024-01-10 00:00:00', '2024-01-10 22:00:00', 12.987547, 77.639758, 'Control room information regarding ganja possession was received from near a bus stop. IO Suresh Kambali opened the investigation and secured preliminary evidence.');
INSERT INTO Inv_OccuranceTime (CaseMasterID, IncidentFromDate, IncidentToDate, latitude, longitude, PlaceOfOccurrence) VALUES (12, '2024-01-10 22:00:00', '2024-01-10 00:00:00', 12.987547, 77.639758, 'Near a bus stop, Indiranagar');
INSERT INTO ComplainantDetails (ComplainantID, CaseMasterID, ComplainantName, AgeYear, OccupationID, ReligionID, CasteID, GenderID) VALUES (12, 12, 'Radha Rao', 66, 5, 2, 1, 1);
INSERT INTO ActSectionAssociation (CaseMasterID, ActID, SectionID, ActOrderID, SectionOrderID) VALUES (12, 'NDPS', '20', 1, 1);
INSERT INTO Victim (VictimMasterID, CaseMasterID, VictimName, AgeYear, GenderID, VictimPolice) VALUES (12, 12, 'Praveen Shetty', 19, 2, '0');
INSERT INTO Accused (AccusedMasterID, CaseMasterID, AccusedName, AgeYear, GenderID, PersonID) VALUES (14, 12, 'Lokesh G. Singh', 22, 1, 'A1');
INSERT INTO ChargesheetDetails (CSID, CaseMasterID, csdate, cstype, PolicePersonID) VALUES (9, 12, '2024-03-01 17:00:00', 'A', 1);
INSERT INTO CaseMaster (CaseMasterID, CrimeNo, CaseNo, CrimeRegisteredDate, PolicePersonID, PoliceStationID, CaseCategoryID, GravityOffenceID, CrimeMajorHeadID, CrimeMinorHeadID, CaseStatusID, CourtID, IncidentFromDate, IncidentToDate, InfoReceivedPSDate, latitude, longitude, BriefFacts) VALUES (13, '100010005202400013', '202400013', '2024-01-21', 9, 5, 1, 2, 2, 5, 2, 1, '2024-01-21 12:00:00', '2024-01-21 13:00:00', '2024-01-21 12:00:00', 13.008685, 77.570159, 'Control room information regarding grievous hurt was received from beside a metro approach road. IO Ramesh Pawar opened the investigation and secured preliminary evidence.');
INSERT INTO Inv_OccuranceTime (CaseMasterID, IncidentFromDate, IncidentToDate, latitude, longitude, PlaceOfOccurrence) VALUES (13, '2024-01-21 12:00:00', '2024-01-21 13:00:00', 13.008685, 77.570159, 'Beside a metro approach road, Malleshwaram');
INSERT INTO ComplainantDetails (ComplainantID, CaseMasterID, ComplainantName, AgeYear, OccupationID, ReligionID, CasteID, GenderID) VALUES (13, 13, 'Nandini Bhat', 27, 3, 2, 1, 1);
INSERT INTO ActSectionAssociation (CaseMasterID, ActID, SectionID, ActOrderID, SectionOrderID) VALUES (13, 'IPC', '302', 1, 1);
INSERT INTO Victim (VictimMasterID, CaseMasterID, VictimName, AgeYear, GenderID, VictimPolice) VALUES (13, 13, 'Rajesh Naik', 40, 1, '0');
INSERT INTO Accused (AccusedMasterID, CaseMasterID, AccusedName, AgeYear, GenderID, PersonID) VALUES (15, 13, 'Tukaram N. Kumar', 31, 1, 'A1');
INSERT INTO ArrestSurrender (ArrestSurrenderID, CaseMasterID, ArrestSurrenderTypeID, ArrestSurrenderDate, ArrestSurrenderStateId, ArrestSurrenderDistrictId, PoliceStationID, IOID, CourtID, AccusedMasterID, IsAccused, IsComplainantAccused) VALUES (7, 13, 1, '2024-02-08', 1, 1, 5, 9, 1, 15, 1, 0);
INSERT INTO inv_arrestsurrenderaccused (ArrestSurrenderID, AccusedMasterID) VALUES (7, 15);
INSERT INTO ChargesheetDetails (CSID, CaseMasterID, csdate, cstype, PolicePersonID) VALUES (10, 13, '2024-03-28 17:00:00', 'A', 9);
INSERT INTO CaseMaster (CaseMasterID, CrimeNo, CaseNo, CrimeRegisteredDate, PolicePersonID, PoliceStationID, CaseCategoryID, GravityOffenceID, CrimeMajorHeadID, CrimeMinorHeadID, CaseStatusID, CourtID, IncidentFromDate, IncidentToDate, InfoReceivedPSDate, latitude, longitude, BriefFacts) VALUES (14, '100030010202400014', '202400014', '2024-01-04', 19, 10, 1, 2, 1, 1, 1, 3, '2024-01-04 12:00:00', '2024-01-04 15:00:00', '2024-01-04 12:00:00', 12.867982, 74.830870, 'Complainant reported a suspected automobile theft incident close to a residential layout. The matter was registered at Pandeshwar Police Station and assigned to Shankar Rao.');
INSERT INTO Inv_OccuranceTime (CaseMasterID, IncidentFromDate, IncidentToDate, latitude, longitude, PlaceOfOccurrence) VALUES (14, '2024-01-04 12:00:00', '2024-01-04 15:00:00', 12.867982, 74.830870, 'Close to a residential layout, Pandeshwar');
INSERT INTO ComplainantDetails (ComplainantID, CaseMasterID, ComplainantName, AgeYear, OccupationID, ReligionID, CasteID, GenderID) VALUES (14, 14, 'Chetan Poojary', 47, 7, 1, 2, 1);
INSERT INTO ActSectionAssociation (CaseMasterID, ActID, SectionID, ActOrderID, SectionOrderID) VALUES (14, 'IPC', '379', 1, 1);
INSERT INTO Victim (VictimMasterID, CaseMasterID, VictimName, AgeYear, GenderID, VictimPolice) VALUES (14, 14, 'Arun Bhat', 26, 1, '0');
INSERT INTO Accused (AccusedMasterID, CaseMasterID, AccusedName, AgeYear, GenderID, PersonID) VALUES (16, 14, 'Jagga U. Naik', 42, 1, 'A1');
INSERT INTO ArrestSurrender (ArrestSurrenderID, CaseMasterID, ArrestSurrenderTypeID, ArrestSurrenderDate, ArrestSurrenderStateId, ArrestSurrenderDistrictId, PoliceStationID, IOID, CourtID, AccusedMasterID, IsAccused, IsComplainantAccused) VALUES (8, 14, 1, '2024-02-07', 1, 3, 10, 19, 3, 16, 1, 0);
INSERT INTO inv_arrestsurrenderaccused (ArrestSurrenderID, AccusedMasterID) VALUES (8, 16);
INSERT INTO CaseMaster (CaseMasterID, CrimeNo, CaseNo, CrimeRegisteredDate, PolicePersonID, PoliceStationID, CaseCategoryID, GravityOffenceID, CrimeMajorHeadID, CrimeMinorHeadID, CaseStatusID, CourtID, IncidentFromDate, IncidentToDate, InfoReceivedPSDate, latitude, longitude, BriefFacts) VALUES (15, '100040012202400015', '202400015', '2024-01-15', 23, 12, 1, 3, 1, 1, 2, 4, '2024-01-15 09:00:00', '2024-01-15 12:00:00', '2024-01-15 09:00:00', 15.351766, 75.148645, 'Complainant reported a suspected automobile theft incident close to a residential layout. The matter was registered at Suburban Police Station Hubballi and assigned to Manjunath Deshmukh.');
INSERT INTO Inv_OccuranceTime (CaseMasterID, IncidentFromDate, IncidentToDate, latitude, longitude, PlaceOfOccurrence) VALUES (15, '2024-01-15 09:00:00', '2024-01-15 12:00:00', 15.351766, 75.148645, 'Close to a residential layout, Suburban Hubballi');
INSERT INTO ComplainantDetails (ComplainantID, CaseMasterID, ComplainantName, AgeYear, OccupationID, ReligionID, CasteID, GenderID) VALUES (15, 15, 'Ayesha Deshpande', 30, 2, 4, 4, 1);
INSERT INTO ActSectionAssociation (CaseMasterID, ActID, SectionID, ActOrderID, SectionOrderID) VALUES (15, 'IPC', '379', 1, 1);
INSERT INTO Victim (VictimMasterID, CaseMasterID, VictimName, AgeYear, GenderID, VictimPolice) VALUES (15, 15, 'Bhavya Hegde', 17, 2, '0');
INSERT INTO Accused (AccusedMasterID, CaseMasterID, AccusedName, AgeYear, GenderID, PersonID) VALUES (17, 15, 'Raja B. Khan', 42, 1, 'A1');
INSERT INTO ChargesheetDetails (CSID, CaseMasterID, csdate, cstype, PolicePersonID) VALUES (11, 15, '2024-03-20 13:00:00', 'A', 23);
INSERT INTO CaseMaster (CaseMasterID, CrimeNo, CaseNo, CrimeRegisteredDate, PolicePersonID, PoliceStationID, CaseCategoryID, GravityOffenceID, CrimeMajorHeadID, CrimeMinorHeadID, CaseStatusID, CourtID, IncidentFromDate, IncidentToDate, InfoReceivedPSDate, latitude, longitude, BriefFacts) VALUES (16, '100040013202400016', '202400016', '2024-01-26', 25, 13, 1, 3, 1, 2, 1, 4, '2024-01-26 03:00:00', '2024-01-26 05:00:00', '2024-01-26 03:00:00', 15.355646, 75.124889, 'Control room information regarding house breaking night was received from on the ring road service lane. IO Vijay Rao opened the investigation and secured preliminary evidence.');
INSERT INTO Inv_OccuranceTime (CaseMasterID, IncidentFromDate, IncidentToDate, latitude, longitude, PlaceOfOccurrence) VALUES (16, '2024-01-26 03:00:00', '2024-01-26 05:00:00', 15.355646, 75.124889, 'On the ring road service lane, Vidyanagar Hubballi');
INSERT INTO ComplainantDetails (ComplainantID, CaseMasterID, ComplainantName, AgeYear, OccupationID, ReligionID, CasteID, GenderID) VALUES (16, 16, 'Deepak Bhat', 35, 2, 2, 5, 1);
INSERT INTO ActSectionAssociation (CaseMasterID, ActID, SectionID, ActOrderID, SectionOrderID) VALUES (16, 'IPC', '379', 1, 1);
INSERT INTO Victim (VictimMasterID, CaseMasterID, VictimName, AgeYear, GenderID, VictimPolice) VALUES (16, 16, 'Kiran Murthy', 63, 2, '0');
INSERT INTO Accused (AccusedMasterID, CaseMasterID, AccusedName, AgeYear, GenderID, PersonID) VALUES (18, 16, 'Sameer I. Shetty', 43, 1, 'A1');
INSERT INTO ChargesheetDetails (CSID, CaseMasterID, csdate, cstype, PolicePersonID) VALUES (12, 16, '2024-04-29 17:00:00', 'A', 25);
INSERT INTO CaseMaster (CaseMasterID, CrimeNo, CaseNo, CrimeRegisteredDate, PolicePersonID, PoliceStationID, CaseCategoryID, GravityOffenceID, CrimeMajorHeadID, CrimeMinorHeadID, CaseStatusID, CourtID, IncidentFromDate, IncidentToDate, InfoReceivedPSDate, latitude, longitude, BriefFacts) VALUES (17, '100060018202400017', '202400017', '2024-01-09', 35, 18, 1, 2, 1, 2, 2, 6, '2024-01-09 02:00:00', '2024-01-09 03:00:00', '2024-01-09 02:00:00', 17.322122, 76.833281, 'Station Bazar Police Station registered the case after an incident near the central market. Initial CCTV, witness, and digital-evidence checks were assigned to IO Prakash Kambali.');
INSERT INTO Inv_OccuranceTime (CaseMasterID, IncidentFromDate, IncidentToDate, latitude, longitude, PlaceOfOccurrence) VALUES (17, '2024-01-09 02:00:00', '2024-01-09 03:00:00', 17.322122, 76.833281, 'Near the central market, Station Bazar');
INSERT INTO ComplainantDetails (ComplainantID, CaseMasterID, ComplainantName, AgeYear, OccupationID, ReligionID, CasteID, GenderID) VALUES (17, 17, 'Latha Khan', 64, 2, 5, 3, 1);
INSERT INTO ActSectionAssociation (CaseMasterID, ActID, SectionID, ActOrderID, SectionOrderID) VALUES (17, 'IPC', '379', 1, 1);
INSERT INTO Victim (VictimMasterID, CaseMasterID, VictimName, AgeYear, GenderID, VictimPolice) VALUES (17, 17, 'Nikhil Fernandes', 64, 1, '0');
INSERT INTO Accused (AccusedMasterID, CaseMasterID, AccusedName, AgeYear, GenderID, PersonID) VALUES (19, 17, 'Rafiq P. Naik', 25, 1, 'A1');
INSERT INTO Accused (AccusedMasterID, CaseMasterID, AccusedName, AgeYear, GenderID, PersonID) VALUES (20, 17, 'Tukaram A. Khan', 44, 1, 'A2');
INSERT INTO ArrestSurrender (ArrestSurrenderID, CaseMasterID, ArrestSurrenderTypeID, ArrestSurrenderDate, ArrestSurrenderStateId, ArrestSurrenderDistrictId, PoliceStationID, IOID, CourtID, AccusedMasterID, IsAccused, IsComplainantAccused) VALUES (9, 17, 1, '2024-01-12', 1, 6, 18, 35, 6, 19, 1, 0);
INSERT INTO inv_arrestsurrenderaccused (ArrestSurrenderID, AccusedMasterID) VALUES (9, 19);
INSERT INTO inv_arrestsurrenderaccused (ArrestSurrenderID, AccusedMasterID) VALUES (9, 20);
INSERT INTO ChargesheetDetails (CSID, CaseMasterID, csdate, cstype, PolicePersonID) VALUES (13, 17, '2024-04-08 17:00:00', 'A', 35);
INSERT INTO CaseMaster (CaseMasterID, CrimeNo, CaseNo, CrimeRegisteredDate, PolicePersonID, PoliceStationID, CaseCategoryID, GravityOffenceID, CrimeMajorHeadID, CrimeMinorHeadID, CaseStatusID, CourtID, IncidentFromDate, IncidentToDate, InfoReceivedPSDate, latitude, longitude, BriefFacts) VALUES (18, '100010004202400018', '202400018', '2024-01-20', 7, 4, 1, 3, 4, 8, 4, 1, '2024-01-20 14:00:00', '2024-01-20 16:00:00', '2024-01-20 14:00:00', 12.919727, 77.597151, 'Jayanagar Police Station registered the case after an incident beside a metro approach road. Initial CCTV, witness, and digital-evidence checks were assigned to IO Kiran Bhat.');
INSERT INTO Inv_OccuranceTime (CaseMasterID, IncidentFromDate, IncidentToDate, latitude, longitude, PlaceOfOccurrence) VALUES (18, '2024-01-20 14:00:00', '2024-01-20 16:00:00', 12.919727, 77.597151, 'Beside a metro approach road, Jayanagar');
INSERT INTO ComplainantDetails (ComplainantID, CaseMasterID, ComplainantName, AgeYear, OccupationID, ReligionID, CasteID, GenderID) VALUES (18, 18, 'Meena Shetty', 41, 2, 1, 4, 1);
INSERT INTO ActSectionAssociation (CaseMasterID, ActID, SectionID, ActOrderID, SectionOrderID) VALUES (18, 'IPC', '420', 1, 1);
INSERT INTO Victim (VictimMasterID, CaseMasterID, VictimName, AgeYear, GenderID, VictimPolice) VALUES (18, 18, 'Asha Shetty', 30, 2, '0');
INSERT INTO Accused (AccusedMasterID, CaseMasterID, AccusedName, AgeYear, GenderID, PersonID) VALUES (21, 18, 'Mohan W. Reddy', 31, 1, 'A1');
INSERT INTO ArrestSurrender (ArrestSurrenderID, CaseMasterID, ArrestSurrenderTypeID, ArrestSurrenderDate, ArrestSurrenderStateId, ArrestSurrenderDistrictId, PoliceStationID, IOID, CourtID, AccusedMasterID, IsAccused, IsComplainantAccused) VALUES (10, 18, 1, '2024-01-23', 1, 1, 4, 7, 1, 21, 1, 0);
INSERT INTO inv_arrestsurrenderaccused (ArrestSurrenderID, AccusedMasterID) VALUES (10, 21);
INSERT INTO ChargesheetDetails (CSID, CaseMasterID, csdate, cstype, PolicePersonID) VALUES (14, 18, '2024-04-13 16:00:00', 'A', 7);
INSERT INTO CaseMaster (CaseMasterID, CrimeNo, CaseNo, CrimeRegisteredDate, PolicePersonID, PoliceStationID, CaseCategoryID, GravityOffenceID, CrimeMajorHeadID, CrimeMinorHeadID, CaseStatusID, CourtID, IncidentFromDate, IncidentToDate, InfoReceivedPSDate, latitude, longitude, BriefFacts) VALUES (19, '100030009202400019', '202400019', '2024-01-03', 17, 9, 1, 3, 5, 9, 3, 3, '2024-01-03 06:00:00', '2024-01-03 08:00:00', '2024-01-03 06:00:00', 12.890046, 74.851252, 'Kadri Police Station registered the case after an incident close to a residential layout. Initial CCTV, witness, and digital-evidence checks were assigned to IO Basavaraj Patil.');
INSERT INTO Inv_OccuranceTime (CaseMasterID, IncidentFromDate, IncidentToDate, latitude, longitude, PlaceOfOccurrence) VALUES (19, '2024-01-03 06:00:00', '2024-01-03 08:00:00', 12.890046, 74.851252, 'Close to a residential layout, Kadri');
INSERT INTO ComplainantDetails (ComplainantID, CaseMasterID, ComplainantName, AgeYear, OccupationID, ReligionID, CasteID, GenderID) VALUES (19, 19, 'Nandini Khan', 68, 6, 5, 2, 2);
INSERT INTO ActSectionAssociation (CaseMasterID, ActID, SectionID, ActOrderID, SectionOrderID) VALUES (19, 'NDPS', '20', 1, 1);
INSERT INTO Victim (VictimMasterID, CaseMasterID, VictimName, AgeYear, GenderID, VictimPolice) VALUES (19, 19, 'Tarun Kulkarni', 24, 2, '0');
INSERT INTO Accused (AccusedMasterID, CaseMasterID, AccusedName, AgeYear, GenderID, PersonID) VALUES (22, 19, 'Imtiaz D. Singh', 42, 1, 'A1');
INSERT INTO ChargesheetDetails (CSID, CaseMasterID, csdate, cstype, PolicePersonID) VALUES (15, 19, '2024-02-07 09:00:00', 'A', 17);
INSERT INTO CaseMaster (CaseMasterID, CrimeNo, CaseNo, CrimeRegisteredDate, PolicePersonID, PoliceStationID, CaseCategoryID, GravityOffenceID, CrimeMajorHeadID, CrimeMinorHeadID, CaseStatusID, CourtID, IncidentFromDate, IncidentToDate, InfoReceivedPSDate, latitude, longitude, BriefFacts) VALUES (20, '100010002202400020', '202400020', '2024-01-14', 3, 2, 1, 3, 3, 6, 4, 1, '2024-01-14 10:00:00', '2024-01-14 13:00:00', '2024-01-14 10:00:00', 12.933183, 77.634247, 'Online Financial Fraud reported on a residential cross road within Koramangala Police Station limits. Prakash Jadhav recorded statements and initiated scene verification.');
INSERT INTO Inv_OccuranceTime (CaseMasterID, IncidentFromDate, IncidentToDate, latitude, longitude, PlaceOfOccurrence) VALUES (20, '2024-01-14 10:00:00', '2024-01-14 13:00:00', 12.933183, 77.634247, 'On a residential cross road, Koramangala');
INSERT INTO ComplainantDetails (ComplainantID, CaseMasterID, ComplainantName, AgeYear, OccupationID, ReligionID, CasteID, GenderID) VALUES (20, 20, 'Latha Deshpande', 56, 6, 5, 2, 1);
INSERT INTO ActSectionAssociation (CaseMasterID, ActID, SectionID, ActOrderID, SectionOrderID) VALUES (20, 'IT_ACT', '66D', 1, 1);
INSERT INTO Victim (VictimMasterID, CaseMasterID, VictimName, AgeYear, GenderID, VictimPolice) VALUES (20, 20, 'Ganesh Bhat', 19, 2, '0');
INSERT INTO Accused (AccusedMasterID, CaseMasterID, AccusedName, AgeYear, GenderID, PersonID) VALUES (23, 20, 'Raja K. Shaikh', 39, 1, 'A1');
INSERT INTO ArrestSurrender (ArrestSurrenderID, CaseMasterID, ArrestSurrenderTypeID, ArrestSurrenderDate, ArrestSurrenderStateId, ArrestSurrenderDistrictId, PoliceStationID, IOID, CourtID, AccusedMasterID, IsAccused, IsComplainantAccused) VALUES (11, 20, 1, '2024-02-03', 1, 1, 2, 3, 1, 23, 1, 0);
INSERT INTO inv_arrestsurrenderaccused (ArrestSurrenderID, AccusedMasterID) VALUES (11, 23);
INSERT INTO ChargesheetDetails (CSID, CaseMasterID, csdate, cstype, PolicePersonID) VALUES (16, 20, '2024-03-11 09:00:00', 'A', 3);
INSERT INTO CaseMaster (CaseMasterID, CrimeNo, CaseNo, CrimeRegisteredDate, PolicePersonID, PoliceStationID, CaseCategoryID, GravityOffenceID, CrimeMajorHeadID, CrimeMinorHeadID, CaseStatusID, CourtID, IncidentFromDate, IncidentToDate, InfoReceivedPSDate, latitude, longitude, BriefFacts) VALUES (21, '100020007202400021', '202400021', '2024-01-25', 13, 7, 1, 3, 4, 8, 2, 2, '2024-01-25 16:00:00', '2024-01-25 17:00:00', '2024-01-25 16:00:00', 12.317026, 76.647588, 'Lashkar Police Station registered the case after an incident on the ring road service lane. Initial CCTV, witness, and digital-evidence checks were assigned to IO Suresh Rao.');
INSERT INTO Inv_OccuranceTime (CaseMasterID, IncidentFromDate, IncidentToDate, latitude, longitude, PlaceOfOccurrence) VALUES (21, '2024-01-25 16:00:00', '2024-01-25 17:00:00', 12.317026, 76.647588, 'On the ring road service lane, Lashkar');
INSERT INTO ComplainantDetails (ComplainantID, CaseMasterID, ComplainantName, AgeYear, OccupationID, ReligionID, CasteID, GenderID) VALUES (21, 21, 'Pooja Shetty', 38, 1, 5, 1, 2);
INSERT INTO ActSectionAssociation (CaseMasterID, ActID, SectionID, ActOrderID, SectionOrderID) VALUES (21, 'IPC', '420', 1, 1);
INSERT INTO Victim (VictimMasterID, CaseMasterID, VictimName, AgeYear, GenderID, VictimPolice) VALUES (21, 21, 'Arun Fernandes', 69, 1, '0');
INSERT INTO Accused (AccusedMasterID, CaseMasterID, AccusedName, AgeYear, GenderID, PersonID) VALUES (24, 21, 'Rohit R. Shaikh', 20, 1, 'A1');
INSERT INTO Accused (AccusedMasterID, CaseMasterID, AccusedName, AgeYear, GenderID, PersonID) VALUES (25, 21, 'Altaf C. Poojary', 32, 1, 'A2');
INSERT INTO ChargesheetDetails (CSID, CaseMasterID, csdate, cstype, PolicePersonID) VALUES (17, 21, '2024-04-18 10:00:00', 'A', 13);
INSERT INTO CaseMaster (CaseMasterID, CrimeNo, CaseNo, CrimeRegisteredDate, PolicePersonID, PoliceStationID, CaseCategoryID, GravityOffenceID, CrimeMajorHeadID, CrimeMinorHeadID, CaseStatusID, CourtID, IncidentFromDate, IncidentToDate, InfoReceivedPSDate, latitude, longitude, BriefFacts) VALUES (22, '100060018202400022', '202400022', '2024-01-08', 35, 18, 1, 3, 5, 9, 1, 6, '2024-01-08 19:00:00', '2024-01-08 21:00:00', '2024-01-08 19:00:00', 17.336525, 76.844602, 'Station Bazar Police Station registered the case after an incident beside an industrial access road. Initial CCTV, witness, and digital-evidence checks were assigned to IO Prakash Kambali.');
INSERT INTO Inv_OccuranceTime (CaseMasterID, IncidentFromDate, IncidentToDate, latitude, longitude, PlaceOfOccurrence) VALUES (22, '2024-01-08 19:00:00', '2024-01-08 21:00:00', 17.336525, 76.844602, 'Beside an industrial access road, Station Bazar');
INSERT INTO ComplainantDetails (ComplainantID, CaseMasterID, ComplainantName, AgeYear, OccupationID, ReligionID, CasteID, GenderID) VALUES (22, 22, 'Chetan Poojary', 27, 6, 4, 3, 2);
INSERT INTO ActSectionAssociation (CaseMasterID, ActID, SectionID, ActOrderID, SectionOrderID) VALUES (22, 'NDPS', '20', 1, 1);
INSERT INTO Victim (VictimMasterID, CaseMasterID, VictimName, AgeYear, GenderID, VictimPolice) VALUES (22, 22, 'Sangeetha Bhat', 36, 2, '0');
INSERT INTO Accused (AccusedMasterID, CaseMasterID, AccusedName, AgeYear, GenderID, PersonID) VALUES (26, 22, 'Shiva Y. Khan', 36, 1, 'A1');
INSERT INTO CaseMaster (CaseMasterID, CrimeNo, CaseNo, CrimeRegisteredDate, PolicePersonID, PoliceStationID, CaseCategoryID, GravityOffenceID, CrimeMajorHeadID, CrimeMinorHeadID, CaseStatusID, CourtID, IncidentFromDate, IncidentToDate, InfoReceivedPSDate, latitude, longitude, BriefFacts) VALUES (23, '100020006202400023', '202400023', '2024-01-19', 11, 6, 1, 1, 1, 1, 2, 2, '2024-01-19 08:00:00', '2024-01-19 11:00:00', '2024-01-19 08:00:00', 12.295893, 76.652890, 'Complainant reported a suspected automobile theft incident near the central market. The matter was registered at Devaraja Police Station and assigned to Anitha Gowda.');
INSERT INTO Inv_OccuranceTime (CaseMasterID, IncidentFromDate, IncidentToDate, latitude, longitude, PlaceOfOccurrence) VALUES (23, '2024-01-19 08:00:00', '2024-01-19 11:00:00', 12.295893, 76.652890, 'Near the central market, Devaraja');
INSERT INTO ComplainantDetails (ComplainantID, CaseMasterID, ComplainantName, AgeYear, OccupationID, ReligionID, CasteID, GenderID) VALUES (23, 23, 'Radha Naik', 20, 6, 4, 5, 1);
INSERT INTO ActSectionAssociation (CaseMasterID, ActID, SectionID, ActOrderID, SectionOrderID) VALUES (23, 'IPC', '379', 1, 1);
INSERT INTO Victim (VictimMasterID, CaseMasterID, VictimName, AgeYear, GenderID, VictimPolice) VALUES (23, 23, 'Sangeetha Shetty', 46, 1, '0');
INSERT INTO Accused (AccusedMasterID, CaseMasterID, AccusedName, AgeYear, GenderID, PersonID) VALUES (27, 23, 'Mantu F. Singh', 38, 1, 'A1');
INSERT INTO ArrestSurrender (ArrestSurrenderID, CaseMasterID, ArrestSurrenderTypeID, ArrestSurrenderDate, ArrestSurrenderStateId, ArrestSurrenderDistrictId, PoliceStationID, IOID, CourtID, AccusedMasterID, IsAccused, IsComplainantAccused) VALUES (12, 23, 1, '2024-01-27', 1, 2, 6, 11, 2, 27, 1, 0);
INSERT INTO inv_arrestsurrenderaccused (ArrestSurrenderID, AccusedMasterID) VALUES (12, 27);
INSERT INTO ChargesheetDetails (CSID, CaseMasterID, csdate, cstype, PolicePersonID) VALUES (18, 23, '2024-02-28 13:00:00', 'A', 11);
INSERT INTO CaseMaster (CaseMasterID, CrimeNo, CaseNo, CrimeRegisteredDate, PolicePersonID, PoliceStationID, CaseCategoryID, GravityOffenceID, CrimeMajorHeadID, CrimeMinorHeadID, CaseStatusID, CourtID, IncidentFromDate, IncidentToDate, InfoReceivedPSDate, latitude, longitude, BriefFacts) VALUES (24, '100040012202400024', '202400024', '2024-01-02', 23, 12, 1, 3, 5, 9, 4, 4, '2024-01-02 18:00:00', '2024-01-02 19:00:00', '2024-01-02 18:00:00', 15.359026, 75.148439, 'Ganja Possession reported close to a residential layout within Suburban Police Station Hubballi limits. Manjunath Deshmukh recorded statements and initiated scene verification.');
INSERT INTO Inv_OccuranceTime (CaseMasterID, IncidentFromDate, IncidentToDate, latitude, longitude, PlaceOfOccurrence) VALUES (24, '2024-01-02 18:00:00', '2024-01-02 19:00:00', 15.359026, 75.148439, 'Close to a residential layout, Suburban Hubballi');
INSERT INTO ComplainantDetails (ComplainantID, CaseMasterID, ComplainantName, AgeYear, OccupationID, ReligionID, CasteID, GenderID) VALUES (24, 24, 'Suma Naik', 70, 7, 4, 1, 1);
INSERT INTO ActSectionAssociation (CaseMasterID, ActID, SectionID, ActOrderID, SectionOrderID) VALUES (24, 'NDPS', '20', 1, 1);
INSERT INTO Victim (VictimMasterID, CaseMasterID, VictimName, AgeYear, GenderID, VictimPolice) VALUES (24, 24, 'Roshan Kulkarni', 19, 2, '0');
INSERT INTO Accused (AccusedMasterID, CaseMasterID, AccusedName, AgeYear, GenderID, PersonID) VALUES (28, 24, 'Rafiq M. Shetty', 37, 1, 'A1');
INSERT INTO ChargesheetDetails (CSID, CaseMasterID, csdate, cstype, PolicePersonID) VALUES (19, 24, '2024-03-12 12:00:00', 'A', 23);
INSERT INTO CaseMaster (CaseMasterID, CrimeNo, CaseNo, CrimeRegisteredDate, PolicePersonID, PoliceStationID, CaseCategoryID, GravityOffenceID, CrimeMajorHeadID, CrimeMinorHeadID, CaseStatusID, CourtID, IncidentFromDate, IncidentToDate, InfoReceivedPSDate, latitude, longitude, BriefFacts) VALUES (25, '100010003202400025', '202400025', '2024-01-13', 5, 3, 1, 1, 1, 1, 4, 1, '2024-01-13 20:00:00', '2024-01-13 23:00:00', '2024-01-13 20:00:00', 12.973235, 77.747849, 'Control room information regarding automobile theft was received from on a residential cross road. IO Lakshmi Shetty opened the investigation and secured preliminary evidence.');
INSERT INTO Inv_OccuranceTime (CaseMasterID, IncidentFromDate, IncidentToDate, latitude, longitude, PlaceOfOccurrence) VALUES (25, '2024-01-13 20:00:00', '2024-01-13 23:00:00', 12.973235, 77.747849, 'On a residential cross road, Whitefield');
INSERT INTO ComplainantDetails (ComplainantID, CaseMasterID, ComplainantName, AgeYear, OccupationID, ReligionID, CasteID, GenderID) VALUES (25, 25, 'Harish Khan', 20, 5, 5, 2, 1);
INSERT INTO ActSectionAssociation (CaseMasterID, ActID, SectionID, ActOrderID, SectionOrderID) VALUES (25, 'IPC', '379', 1, 1);
INSERT INTO Victim (VictimMasterID, CaseMasterID, VictimName, AgeYear, GenderID, VictimPolice) VALUES (25, 25, 'Asha Kulkarni', 42, 1, '0');
INSERT INTO Accused (AccusedMasterID, CaseMasterID, AccusedName, AgeYear, GenderID, PersonID) VALUES (29, 25, 'Syed ''Jaguar'' Imran', 29, 1, 'A1');
INSERT INTO Accused (AccusedMasterID, CaseMasterID, AccusedName, AgeYear, GenderID, PersonID) VALUES (30, 25, 'Kiran ''Bullet'' Gowda', 29, 1, 'A2');
INSERT INTO Accused (AccusedMasterID, CaseMasterID, AccusedName, AgeYear, GenderID, PersonID) VALUES (31, 25, 'Pradeep ''Chotta'' Kumar', 29, 1, 'A3');
INSERT INTO ArrestSurrender (ArrestSurrenderID, CaseMasterID, ArrestSurrenderTypeID, ArrestSurrenderDate, ArrestSurrenderStateId, ArrestSurrenderDistrictId, PoliceStationID, IOID, CourtID, AccusedMasterID, IsAccused, IsComplainantAccused) VALUES (13, 25, 1, '2024-01-15', 1, 1, 3, 5, 1, 29, 1, 0);
INSERT INTO inv_arrestsurrenderaccused (ArrestSurrenderID, AccusedMasterID) VALUES (13, 29);
INSERT INTO inv_arrestsurrenderaccused (ArrestSurrenderID, AccusedMasterID) VALUES (13, 30);
INSERT INTO inv_arrestsurrenderaccused (ArrestSurrenderID, AccusedMasterID) VALUES (13, 31);
INSERT INTO ChargesheetDetails (CSID, CaseMasterID, csdate, cstype, PolicePersonID) VALUES (20, 25, '2024-02-12 17:00:00', 'A', 5);
INSERT INTO CaseMaster (CaseMasterID, CrimeNo, CaseNo, CrimeRegisteredDate, PolicePersonID, PoliceStationID, CaseCategoryID, GravityOffenceID, CrimeMajorHeadID, CrimeMinorHeadID, CaseStatusID, CourtID, IncidentFromDate, IncidentToDate, InfoReceivedPSDate, latitude, longitude, BriefFacts) VALUES (26, '100020006202400026', '202400026', '2024-01-24', 11, 6, 1, 3, 4, 8, 1, 2, '2024-01-24 14:00:00', '2024-01-24 15:00:00', '2024-01-24 14:00:00', 12.302481, 76.650566, 'Complainant reported a suspected cheating incident beside an industrial access road. The matter was registered at Devaraja Police Station and assigned to Anitha Gowda.');
INSERT INTO Inv_OccuranceTime (CaseMasterID, IncidentFromDate, IncidentToDate, latitude, longitude, PlaceOfOccurrence) VALUES (26, '2024-01-24 14:00:00', '2024-01-24 15:00:00', 12.302481, 76.650566, 'Beside an industrial access road, Devaraja');
INSERT INTO ComplainantDetails (ComplainantID, CaseMasterID, ComplainantName, AgeYear, OccupationID, ReligionID, CasteID, GenderID) VALUES (26, 26, 'Jagadish Naik', 36, 1, 5, 3, 2);
INSERT INTO ActSectionAssociation (CaseMasterID, ActID, SectionID, ActOrderID, SectionOrderID) VALUES (26, 'IPC', '420', 1, 1);
INSERT INTO Victim (VictimMasterID, CaseMasterID, VictimName, AgeYear, GenderID, VictimPolice) VALUES (26, 26, 'Arun Deshpande', 18, 1, '0');
INSERT INTO Accused (AccusedMasterID, CaseMasterID, AccusedName, AgeYear, GenderID, PersonID) VALUES (32, 26, 'Raja A. Khan', 42, 1, 'A1');
INSERT INTO CaseMaster (CaseMasterID, CrimeNo, CaseNo, CrimeRegisteredDate, PolicePersonID, PoliceStationID, CaseCategoryID, GravityOffenceID, CrimeMajorHeadID, CrimeMinorHeadID, CaseStatusID, CourtID, IncidentFromDate, IncidentToDate, InfoReceivedPSDate, latitude, longitude, BriefFacts) VALUES (27, '100050015202400027', '202400027', '2024-01-07', 29, 15, 1, 3, 2, 5, 4, 5, '2024-01-07 19:00:00', '2024-01-07 22:00:00', '2024-01-07 19:00:00', 15.863965, 74.502616, 'Complainant reported a suspected grievous hurt incident beside an industrial access road. The matter was registered at Camp Police Station Belagavi and assigned to Prakash Patil.');
INSERT INTO Inv_OccuranceTime (CaseMasterID, IncidentFromDate, IncidentToDate, latitude, longitude, PlaceOfOccurrence) VALUES (27, '2024-01-07 19:00:00', '2024-01-07 22:00:00', 15.863965, 74.502616, 'Beside an industrial access road, Camp Belagavi');
INSERT INTO ComplainantDetails (ComplainantID, CaseMasterID, ComplainantName, AgeYear, OccupationID, ReligionID, CasteID, GenderID) VALUES (27, 27, 'Jagadish Bhat', 66, 1, 5, 1, 1);
INSERT INTO ActSectionAssociation (CaseMasterID, ActID, SectionID, ActOrderID, SectionOrderID) VALUES (27, 'IPC', '302', 1, 1);
INSERT INTO Victim (VictimMasterID, CaseMasterID, VictimName, AgeYear, GenderID, VictimPolice) VALUES (27, 27, 'Roshan Deshpande', 39, 2, '0');
INSERT INTO Accused (AccusedMasterID, CaseMasterID, AccusedName, AgeYear, GenderID, PersonID) VALUES (33, 27, 'Tukaram H. Poojary', 24, 1, 'A1');
INSERT INTO ChargesheetDetails (CSID, CaseMasterID, csdate, cstype, PolicePersonID) VALUES (21, 27, '2024-02-12 16:00:00', 'A', 29);
INSERT INTO CaseMaster (CaseMasterID, CrimeNo, CaseNo, CrimeRegisteredDate, PolicePersonID, PoliceStationID, CaseCategoryID, GravityOffenceID, CrimeMajorHeadID, CrimeMinorHeadID, CaseStatusID, CourtID, IncidentFromDate, IncidentToDate, InfoReceivedPSDate, latitude, longitude, BriefFacts) VALUES (28, '100010003202400028', '202400028', '2024-01-18', 5, 3, 1, 3, 5, 9, 2, 1, '2024-01-18 18:00:00', '2024-01-18 19:00:00', '2024-01-18 18:00:00', 12.976979, 77.749703, 'Control room information regarding ganja possession was received from on a residential cross road. IO Lakshmi Shetty opened the investigation and secured preliminary evidence.');
INSERT INTO Inv_OccuranceTime (CaseMasterID, IncidentFromDate, IncidentToDate, latitude, longitude, PlaceOfOccurrence) VALUES (28, '2024-01-18 18:00:00', '2024-01-18 19:00:00', 12.976979, 77.749703, 'On a residential cross road, Whitefield');
INSERT INTO ComplainantDetails (ComplainantID, CaseMasterID, ComplainantName, AgeYear, OccupationID, ReligionID, CasteID, GenderID) VALUES (28, 28, 'Joel Naik', 66, 3, 2, 1, 1);
INSERT INTO ActSectionAssociation (CaseMasterID, ActID, SectionID, ActOrderID, SectionOrderID) VALUES (28, 'NDPS', '20', 1, 1);
INSERT INTO Victim (VictimMasterID, CaseMasterID, VictimName, AgeYear, GenderID, VictimPolice) VALUES (28, 28, 'Tarun Patil', 63, 1, '0');
INSERT INTO Accused (AccusedMasterID, CaseMasterID, AccusedName, AgeYear, GenderID, PersonID) VALUES (34, 28, 'Manjunath O. Singh', 43, 1, 'A1');
INSERT INTO ChargesheetDetails (CSID, CaseMasterID, csdate, cstype, PolicePersonID) VALUES (22, 28, '2024-04-18 17:00:00', 'A', 5);
INSERT INTO CaseMaster (CaseMasterID, CrimeNo, CaseNo, CrimeRegisteredDate, PolicePersonID, PoliceStationID, CaseCategoryID, GravityOffenceID, CrimeMajorHeadID, CrimeMinorHeadID, CaseStatusID, CourtID, IncidentFromDate, IncidentToDate, InfoReceivedPSDate, latitude, longitude, BriefFacts) VALUES (29, '100010002202400029', '202400029', '2024-01-01', 3, 2, 1, 2, 1, 10, 2, 1, '2024-01-01 18:00:00', '2024-01-01 20:00:00', '2024-01-01 18:00:00', 12.945331, 77.615089, 'Complainant reported a suspected highway robbery incident near a bus stop. The matter was registered at Koramangala Police Station and assigned to Prakash Jadhav.');
INSERT INTO Inv_OccuranceTime (CaseMasterID, IncidentFromDate, IncidentToDate, latitude, longitude, PlaceOfOccurrence) VALUES (29, '2024-01-01 18:00:00', '2024-01-01 20:00:00', 12.945331, 77.615089, 'Near a bus stop, Koramangala');
INSERT INTO ComplainantDetails (ComplainantID, CaseMasterID, ComplainantName, AgeYear, OccupationID, ReligionID, CasteID, GenderID) VALUES (29, 29, 'Girish Shetty', 22, 7, 3, 2, 2);
INSERT INTO ActSectionAssociation (CaseMasterID, ActID, SectionID, ActOrderID, SectionOrderID) VALUES (29, 'IPC', '379', 1, 1);
INSERT INTO Victim (VictimMasterID, CaseMasterID, VictimName, AgeYear, GenderID, VictimPolice) VALUES (29, 29, 'Tarun Gowda', 21, 2, '0');
INSERT INTO Accused (AccusedMasterID, CaseMasterID, AccusedName, AgeYear, GenderID, PersonID) VALUES (35, 29, 'Vicky V. Salim', 35, 1, 'A1');
INSERT INTO ChargesheetDetails (CSID, CaseMasterID, csdate, cstype, PolicePersonID) VALUES (23, 29, '2024-02-23 14:00:00', 'A', 3);
INSERT INTO CaseMaster (CaseMasterID, CrimeNo, CaseNo, CrimeRegisteredDate, PolicePersonID, PoliceStationID, CaseCategoryID, GravityOffenceID, CrimeMajorHeadID, CrimeMinorHeadID, CaseStatusID, CourtID, IncidentFromDate, IncidentToDate, InfoReceivedPSDate, latitude, longitude, BriefFacts) VALUES (30, '100010002202400030', '202400030', '2024-01-12', 3, 2, 1, 3, 1, 2, 2, 1, '2024-01-12 23:00:00', '2024-01-12 01:00:00', '2024-01-12 23:00:00', 12.937928, 77.620044, 'Complainant reported a suspected house breaking night incident outside a commercial complex. The matter was registered at Koramangala Police Station and assigned to Prakash Jadhav.');
INSERT INTO Inv_OccuranceTime (CaseMasterID, IncidentFromDate, IncidentToDate, latitude, longitude, PlaceOfOccurrence) VALUES (30, '2024-01-12 23:00:00', '2024-01-12 01:00:00', 12.937928, 77.620044, 'Outside a commercial complex, Koramangala');
INSERT INTO ComplainantDetails (ComplainantID, CaseMasterID, ComplainantName, AgeYear, OccupationID, ReligionID, CasteID, GenderID) VALUES (30, 30, 'Meena Patil', 40, 1, 1, 2, 2);
INSERT INTO ActSectionAssociation (CaseMasterID, ActID, SectionID, ActOrderID, SectionOrderID) VALUES (30, 'IPC', '379', 1, 1);
INSERT INTO Victim (VictimMasterID, CaseMasterID, VictimName, AgeYear, GenderID, VictimPolice) VALUES (30, 30, 'Rajesh Gowda', 57, 2, '0');
INSERT INTO Accused (AccusedMasterID, CaseMasterID, AccusedName, AgeYear, GenderID, PersonID) VALUES (36, 30, 'Shiva C. Shetty', 34, 1, 'A1');
INSERT INTO Accused (AccusedMasterID, CaseMasterID, AccusedName, AgeYear, GenderID, PersonID) VALUES (37, 30, 'Shiva N. Verma', 20, 1, 'A2');
INSERT INTO ArrestSurrender (ArrestSurrenderID, CaseMasterID, ArrestSurrenderTypeID, ArrestSurrenderDate, ArrestSurrenderStateId, ArrestSurrenderDistrictId, PoliceStationID, IOID, CourtID, AccusedMasterID, IsAccused, IsComplainantAccused) VALUES (14, 30, 1, '2024-02-01', 1, 1, 2, 3, 1, 36, 1, 0);
INSERT INTO inv_arrestsurrenderaccused (ArrestSurrenderID, AccusedMasterID) VALUES (14, 36);
INSERT INTO inv_arrestsurrenderaccused (ArrestSurrenderID, AccusedMasterID) VALUES (14, 37);
INSERT INTO ChargesheetDetails (CSID, CaseMasterID, csdate, cstype, PolicePersonID) VALUES (24, 30, '2024-04-16 10:00:00', 'A', 3);
INSERT INTO CaseMaster (CaseMasterID, CrimeNo, CaseNo, CrimeRegisteredDate, PolicePersonID, PoliceStationID, CaseCategoryID, GravityOffenceID, CrimeMajorHeadID, CrimeMinorHeadID, CaseStatusID, CourtID, IncidentFromDate, IncidentToDate, InfoReceivedPSDate, latitude, longitude, BriefFacts) VALUES (31, '100030010202400031', '202400031', '2024-01-23', 19, 10, 1, 2, 3, 6, 1, 3, '2024-01-23 15:00:00', '2024-01-23 16:00:00', '2024-01-23 15:00:00', 12.866663, 74.839835, 'Online Financial Fraud reported near the inter-city bus stand within Pandeshwar Police Station limits. Shankar Rao recorded statements and initiated scene verification.');
INSERT INTO Inv_OccuranceTime (CaseMasterID, IncidentFromDate, IncidentToDate, latitude, longitude, PlaceOfOccurrence) VALUES (31, '2024-01-23 15:00:00', '2024-01-23 16:00:00', 12.866663, 74.839835, 'Near the inter-city bus stand, Pandeshwar');
INSERT INTO ComplainantDetails (ComplainantID, CaseMasterID, ComplainantName, AgeYear, OccupationID, ReligionID, CasteID, GenderID) VALUES (31, 31, 'Radha Kulkarni', 59, 5, 1, 5, 2);
INSERT INTO ActSectionAssociation (CaseMasterID, ActID, SectionID, ActOrderID, SectionOrderID) VALUES (31, 'IT_ACT', '66D', 1, 1);
INSERT INTO Victim (VictimMasterID, CaseMasterID, VictimName, AgeYear, GenderID, VictimPolice) VALUES (31, 31, 'Chaitra Rao', 50, 2, '0');
INSERT INTO Accused (AccusedMasterID, CaseMasterID, AccusedName, AgeYear, GenderID, PersonID) VALUES (38, 31, 'Rohit J. Shaikh', 20, 1, 'A1');
INSERT INTO ArrestSurrender (ArrestSurrenderID, CaseMasterID, ArrestSurrenderTypeID, ArrestSurrenderDate, ArrestSurrenderStateId, ArrestSurrenderDistrictId, PoliceStationID, IOID, CourtID, AccusedMasterID, IsAccused, IsComplainantAccused) VALUES (15, 31, 1, '2024-02-23', 1, 3, 10, 19, 3, 38, 1, 0);
INSERT INTO inv_arrestsurrenderaccused (ArrestSurrenderID, AccusedMasterID) VALUES (15, 38);
INSERT INTO CaseMaster (CaseMasterID, CrimeNo, CaseNo, CrimeRegisteredDate, PolicePersonID, PoliceStationID, CaseCategoryID, GravityOffenceID, CrimeMajorHeadID, CrimeMinorHeadID, CaseStatusID, CourtID, IncidentFromDate, IncidentToDate, InfoReceivedPSDate, latitude, longitude, BriefFacts) VALUES (32, '100060018202400032', '202400032', '2024-01-06', 35, 18, 1, 2, 1, 1, 5, 6, '2024-01-06 10:00:00', '2024-01-06 13:00:00', '2024-01-06 10:00:00', 17.333660, 76.844744, 'Control room information regarding automobile theft was received from near the inter-city bus stand. IO Prakash Kambali opened the investigation and secured preliminary evidence.');
INSERT INTO Inv_OccuranceTime (CaseMasterID, IncidentFromDate, IncidentToDate, latitude, longitude, PlaceOfOccurrence) VALUES (32, '2024-01-06 10:00:00', '2024-01-06 13:00:00', 17.333660, 76.844744, 'Near the inter-city bus stand, Station Bazar');
INSERT INTO ComplainantDetails (ComplainantID, CaseMasterID, ComplainantName, AgeYear, OccupationID, ReligionID, CasteID, GenderID) VALUES (32, 32, 'Deepak Murthy', 23, 2, 5, 4, 2);
INSERT INTO ActSectionAssociation (CaseMasterID, ActID, SectionID, ActOrderID, SectionOrderID) VALUES (32, 'IPC', '379', 1, 1);
INSERT INTO Victim (VictimMasterID, CaseMasterID, VictimName, AgeYear, GenderID, VictimPolice) VALUES (32, 32, 'Roshan Kulkarni', 25, 2, '0');
INSERT INTO Accused (AccusedMasterID, CaseMasterID, AccusedName, AgeYear, GenderID, PersonID) VALUES (39, 32, 'Salman Q. Naik', 45, 1, 'A1');
INSERT INTO CaseMaster (CaseMasterID, CrimeNo, CaseNo, CrimeRegisteredDate, PolicePersonID, PoliceStationID, CaseCategoryID, GravityOffenceID, CrimeMajorHeadID, CrimeMinorHeadID, CaseStatusID, CourtID, IncidentFromDate, IncidentToDate, InfoReceivedPSDate, latitude, longitude, BriefFacts) VALUES (33, '100030011202400033', '202400033', '2024-01-17', 21, 11, 1, 3, 5, 9, 4, 3, '2024-01-17 20:00:00', '2024-01-17 22:00:00', '2024-01-17 20:00:00', 12.898429, 74.833514, 'Control room information regarding ganja possession was received from near the inter-city bus stand. IO Vijay Gowda opened the investigation and secured preliminary evidence.');
INSERT INTO Inv_OccuranceTime (CaseMasterID, IncidentFromDate, IncidentToDate, latitude, longitude, PlaceOfOccurrence) VALUES (33, '2024-01-17 20:00:00', '2024-01-17 22:00:00', 12.898429, 74.833514, 'Near the inter-city bus stand, Urwa');
INSERT INTO ComplainantDetails (ComplainantID, CaseMasterID, ComplainantName, AgeYear, OccupationID, ReligionID, CasteID, GenderID) VALUES (33, 33, 'Anand Murthy', 40, 2, 5, 4, 2);
INSERT INTO ActSectionAssociation (CaseMasterID, ActID, SectionID, ActOrderID, SectionOrderID) VALUES (33, 'NDPS', '20', 1, 1);
INSERT INTO Victim (VictimMasterID, CaseMasterID, VictimName, AgeYear, GenderID, VictimPolice) VALUES (33, 33, 'Kiran Patil', 45, 1, '0');
INSERT INTO Accused (AccusedMasterID, CaseMasterID, AccusedName, AgeYear, GenderID, PersonID) VALUES (40, 33, 'Yogesh X. Kumar', 35, 1, 'A1');
INSERT INTO ChargesheetDetails (CSID, CaseMasterID, csdate, cstype, PolicePersonID) VALUES (25, 33, '2024-04-04 10:00:00', 'A', 21);
INSERT INTO CaseMaster (CaseMasterID, CrimeNo, CaseNo, CrimeRegisteredDate, PolicePersonID, PoliceStationID, CaseCategoryID, GravityOffenceID, CrimeMajorHeadID, CrimeMinorHeadID, CaseStatusID, CourtID, IncidentFromDate, IncidentToDate, InfoReceivedPSDate, latitude, longitude, BriefFacts) VALUES (34, '100020006202400034', '202400034', '2024-01-28', 11, 6, 1, 3, 1, 1, 4, 2, '2024-01-28 16:00:00', '2024-01-28 19:00:00', '2024-01-28 16:00:00', 12.305524, 76.652757, 'Complainant reported a suspected automobile theft incident near the inter-city bus stand. The matter was registered at Devaraja Police Station and assigned to Anitha Gowda.');
INSERT INTO Inv_OccuranceTime (CaseMasterID, IncidentFromDate, IncidentToDate, latitude, longitude, PlaceOfOccurrence) VALUES (34, '2024-01-28 16:00:00', '2024-01-28 19:00:00', 12.305524, 76.652757, 'Near the inter-city bus stand, Devaraja');
INSERT INTO ComplainantDetails (ComplainantID, CaseMasterID, ComplainantName, AgeYear, OccupationID, ReligionID, CasteID, GenderID) VALUES (34, 34, 'Joel Gowda', 41, 7, 4, 5, 1);
INSERT INTO ActSectionAssociation (CaseMasterID, ActID, SectionID, ActOrderID, SectionOrderID) VALUES (34, 'IPC', '379', 1, 1);
INSERT INTO Victim (VictimMasterID, CaseMasterID, VictimName, AgeYear, GenderID, VictimPolice) VALUES (34, 34, 'Manoj Poojary', 69, 1, '0');
INSERT INTO Accused (AccusedMasterID, CaseMasterID, AccusedName, AgeYear, GenderID, PersonID) VALUES (41, 34, 'Dharma E. Pashan', 20, 1, 'A1');
INSERT INTO ChargesheetDetails (CSID, CaseMasterID, csdate, cstype, PolicePersonID) VALUES (26, 34, '2024-04-20 14:00:00', 'A', 11);
INSERT INTO CaseMaster (CaseMasterID, CrimeNo, CaseNo, CrimeRegisteredDate, PolicePersonID, PoliceStationID, CaseCategoryID, GravityOffenceID, CrimeMajorHeadID, CrimeMinorHeadID, CaseStatusID, CourtID, IncidentFromDate, IncidentToDate, InfoReceivedPSDate, latitude, longitude, BriefFacts) VALUES (35, '100020008202400035', '202400035', '2024-01-11', 15, 8, 1, 3, 4, 8, 5, 2, '2024-01-11 12:00:00', '2024-01-11 15:00:00', '2024-01-11 12:00:00', 12.336805, 76.609051, 'Vijayanagar Police Station Mysuru registered the case after an incident near the central market. Initial CCTV, witness, and digital-evidence checks were assigned to IO Sunil Kulkarni.');
INSERT INTO Inv_OccuranceTime (CaseMasterID, IncidentFromDate, IncidentToDate, latitude, longitude, PlaceOfOccurrence) VALUES (35, '2024-01-11 12:00:00', '2024-01-11 15:00:00', 12.336805, 76.609051, 'Near the central market, Vijayanagar Mysuru');
INSERT INTO ComplainantDetails (ComplainantID, CaseMasterID, ComplainantName, AgeYear, OccupationID, ReligionID, CasteID, GenderID) VALUES (35, 35, 'Suma Poojary', 30, 3, 5, 2, 1);
INSERT INTO ActSectionAssociation (CaseMasterID, ActID, SectionID, ActOrderID, SectionOrderID) VALUES (35, 'IPC', '420', 1, 1);
INSERT INTO Victim (VictimMasterID, CaseMasterID, VictimName, AgeYear, GenderID, VictimPolice) VALUES (35, 35, 'Sangeetha Rao', 34, 2, '0');
INSERT INTO Accused (AccusedMasterID, CaseMasterID, AccusedName, AgeYear, GenderID, PersonID) VALUES (42, 35, 'Rohit L. Verma', 36, 1, 'A1');
INSERT INTO Accused (AccusedMasterID, CaseMasterID, AccusedName, AgeYear, GenderID, PersonID) VALUES (43, 35, 'Nagesh W. Patil', 27, 1, 'A2');
INSERT INTO CaseMaster (CaseMasterID, CrimeNo, CaseNo, CrimeRegisteredDate, PolicePersonID, PoliceStationID, CaseCategoryID, GravityOffenceID, CrimeMajorHeadID, CrimeMinorHeadID, CaseStatusID, CourtID, IncidentFromDate, IncidentToDate, InfoReceivedPSDate, latitude, longitude, BriefFacts) VALUES (36, '100020007202400036', '202400036', '2024-01-22', 13, 7, 1, 2, 1, 1, 3, 2, '2024-01-22 20:00:00', '2024-01-22 22:00:00', '2024-01-22 20:00:00', 12.303434, 76.668431, 'Complainant reported a suspected automobile theft incident on the ring road service lane. The matter was registered at Lashkar Police Station and assigned to Suresh Rao.');
INSERT INTO Inv_OccuranceTime (CaseMasterID, IncidentFromDate, IncidentToDate, latitude, longitude, PlaceOfOccurrence) VALUES (36, '2024-01-22 20:00:00', '2024-01-22 22:00:00', 12.303434, 76.668431, 'On the ring road service lane, Lashkar');
INSERT INTO ComplainantDetails (ComplainantID, CaseMasterID, ComplainantName, AgeYear, OccupationID, ReligionID, CasteID, GenderID) VALUES (36, 36, 'Radha Poojary', 64, 1, 2, 4, 2);
INSERT INTO ActSectionAssociation (CaseMasterID, ActID, SectionID, ActOrderID, SectionOrderID) VALUES (36, 'IPC', '379', 1, 1);
INSERT INTO Victim (VictimMasterID, CaseMasterID, VictimName, AgeYear, GenderID, VictimPolice) VALUES (36, 36, 'Ganesh Deshpande', 39, 1, '0');
INSERT INTO Accused (AccusedMasterID, CaseMasterID, AccusedName, AgeYear, GenderID, PersonID) VALUES (44, 36, 'Altaf S. Reddy', 39, 1, 'A1');
INSERT INTO ChargesheetDetails (CSID, CaseMasterID, csdate, cstype, PolicePersonID) VALUES (27, 36, '2024-03-15 13:00:00', 'A', 13);
INSERT INTO CaseMaster (CaseMasterID, CrimeNo, CaseNo, CrimeRegisteredDate, PolicePersonID, PoliceStationID, CaseCategoryID, GravityOffenceID, CrimeMajorHeadID, CrimeMinorHeadID, CaseStatusID, CourtID, IncidentFromDate, IncidentToDate, InfoReceivedPSDate, latitude, longitude, BriefFacts) VALUES (37, '100020006202400037', '202400037', '2024-01-05', 11, 6, 1, 3, 5, 9, 4, 2, '2024-01-05 16:00:00', '2024-01-05 19:00:00', '2024-01-05 16:00:00', 12.298488, 76.662844, 'Ganja Possession reported on the ring road service lane within Devaraja Police Station limits. Anitha Gowda recorded statements and initiated scene verification.');
INSERT INTO Inv_OccuranceTime (CaseMasterID, IncidentFromDate, IncidentToDate, latitude, longitude, PlaceOfOccurrence) VALUES (37, '2024-01-05 16:00:00', '2024-01-05 19:00:00', 12.298488, 76.662844, 'On the ring road service lane, Devaraja');
INSERT INTO ComplainantDetails (ComplainantID, CaseMasterID, ComplainantName, AgeYear, OccupationID, ReligionID, CasteID, GenderID) VALUES (37, 37, 'Girish Shetty', 53, 4, 3, 3, 2);
INSERT INTO ActSectionAssociation (CaseMasterID, ActID, SectionID, ActOrderID, SectionOrderID) VALUES (37, 'NDPS', '20', 1, 1);
INSERT INTO Victim (VictimMasterID, CaseMasterID, VictimName, AgeYear, GenderID, VictimPolice) VALUES (37, 37, 'Rajesh Joshi', 56, 1, '0');
INSERT INTO Accused (AccusedMasterID, CaseMasterID, AccusedName, AgeYear, GenderID, PersonID) VALUES (45, 37, 'Jagga Z. Gowda', 44, 1, 'A1');
INSERT INTO ChargesheetDetails (CSID, CaseMasterID, csdate, cstype, PolicePersonID) VALUES (28, 37, '2024-02-29 13:00:00', 'A', 11);
INSERT INTO CaseMaster (CaseMasterID, CrimeNo, CaseNo, CrimeRegisteredDate, PolicePersonID, PoliceStationID, CaseCategoryID, GravityOffenceID, CrimeMajorHeadID, CrimeMinorHeadID, CaseStatusID, CourtID, IncidentFromDate, IncidentToDate, InfoReceivedPSDate, latitude, longitude, BriefFacts) VALUES (38, '100050017202400038', '202400038', '2024-01-16', 33, 17, 1, 2, 5, 9, 2, 5, '2024-01-16 14:00:00', '2024-01-16 16:00:00', '2024-01-16 14:00:00', 15.827717, 74.507415, 'Ganja Possession reported beside an industrial access road within Shahapur Police Station limits. Naveen Shetty recorded statements and initiated scene verification.');
INSERT INTO Inv_OccuranceTime (CaseMasterID, IncidentFromDate, IncidentToDate, latitude, longitude, PlaceOfOccurrence) VALUES (38, '2024-01-16 14:00:00', '2024-01-16 16:00:00', 15.827717, 74.507415, 'Beside an industrial access road, Shahapur');
INSERT INTO ComplainantDetails (ComplainantID, CaseMasterID, ComplainantName, AgeYear, OccupationID, ReligionID, CasteID, GenderID) VALUES (38, 38, 'Eshwar Murthy', 26, 2, 2, 4, 2);
INSERT INTO ActSectionAssociation (CaseMasterID, ActID, SectionID, ActOrderID, SectionOrderID) VALUES (38, 'NDPS', '20', 1, 1);
INSERT INTO Victim (VictimMasterID, CaseMasterID, VictimName, AgeYear, GenderID, VictimPolice) VALUES (38, 38, 'Nikhil Khan', 53, 1, '0');
INSERT INTO Accused (AccusedMasterID, CaseMasterID, AccusedName, AgeYear, GenderID, PersonID) VALUES (46, 38, 'Jagga G. Shetty', 20, 1, 'A1');
INSERT INTO ChargesheetDetails (CSID, CaseMasterID, csdate, cstype, PolicePersonID) VALUES (29, 38, '2024-03-24 10:00:00', 'A', 33);
INSERT INTO CaseMaster (CaseMasterID, CrimeNo, CaseNo, CrimeRegisteredDate, PolicePersonID, PoliceStationID, CaseCategoryID, GravityOffenceID, CrimeMajorHeadID, CrimeMinorHeadID, CaseStatusID, CourtID, IncidentFromDate, IncidentToDate, InfoReceivedPSDate, latitude, longitude, BriefFacts) VALUES (39, '100030009202400039', '202400039', '2024-02-08', 17, 9, 1, 2, 3, 6, 2, 3, '2024-02-08 10:00:00', '2024-02-08 12:00:00', '2024-02-08 10:00:00', 12.884660, 74.854972, 'Kadri Police Station registered the case after an incident on the ring road service lane. Initial CCTV, witness, and digital-evidence checks were assigned to IO Basavaraj Patil.');
INSERT INTO Inv_OccuranceTime (CaseMasterID, IncidentFromDate, IncidentToDate, latitude, longitude, PlaceOfOccurrence) VALUES (39, '2024-02-08 10:00:00', '2024-02-08 12:00:00', 12.884660, 74.854972, 'On the ring road service lane, Kadri');
INSERT INTO ComplainantDetails (ComplainantID, CaseMasterID, ComplainantName, AgeYear, OccupationID, ReligionID, CasteID, GenderID) VALUES (39, 39, 'Deepak Shetty', 67, 7, 1, 2, 2);
INSERT INTO ActSectionAssociation (CaseMasterID, ActID, SectionID, ActOrderID, SectionOrderID) VALUES (39, 'IT_ACT', '66D', 1, 1);
INSERT INTO Victim (VictimMasterID, CaseMasterID, VictimName, AgeYear, GenderID, VictimPolice) VALUES (39, 39, 'Praveen Deshpande', 24, 1, '0');
INSERT INTO Accused (AccusedMasterID, CaseMasterID, AccusedName, AgeYear, GenderID, PersonID) VALUES (47, 39, 'Imtiaz N. Khan', 24, 1, 'A1');
INSERT INTO Accused (AccusedMasterID, CaseMasterID, AccusedName, AgeYear, GenderID, PersonID) VALUES (48, 39, 'Nagesh Y. Naik', 37, 1, 'A2');
INSERT INTO ArrestSurrender (ArrestSurrenderID, CaseMasterID, ArrestSurrenderTypeID, ArrestSurrenderDate, ArrestSurrenderStateId, ArrestSurrenderDistrictId, PoliceStationID, IOID, CourtID, AccusedMasterID, IsAccused, IsComplainantAccused) VALUES (16, 39, 1, '2024-02-23', 1, 3, 9, 17, 3, 47, 1, 0);
INSERT INTO inv_arrestsurrenderaccused (ArrestSurrenderID, AccusedMasterID) VALUES (16, 47);
INSERT INTO inv_arrestsurrenderaccused (ArrestSurrenderID, AccusedMasterID) VALUES (16, 48);
INSERT INTO ChargesheetDetails (CSID, CaseMasterID, csdate, cstype, PolicePersonID) VALUES (30, 39, '2024-05-08 09:00:00', 'A', 17);
INSERT INTO CaseMaster (CaseMasterID, CrimeNo, CaseNo, CrimeRegisteredDate, PolicePersonID, PoliceStationID, CaseCategoryID, GravityOffenceID, CrimeMajorHeadID, CrimeMinorHeadID, CaseStatusID, CourtID, IncidentFromDate, IncidentToDate, InfoReceivedPSDate, latitude, longitude, BriefFacts) VALUES (40, '100010005202400040', '202400040', '2024-02-19', 9, 5, 1, 3, 5, 9, 1, 1, '2024-02-19 15:00:00', '2024-02-19 16:00:00', '2024-02-19 15:00:00', 13.009913, 77.566387, 'Complainant reported a suspected ganja possession incident on a residential cross road. The matter was registered at Malleshwaram Police Station and assigned to Ramesh Pawar.');
INSERT INTO Inv_OccuranceTime (CaseMasterID, IncidentFromDate, IncidentToDate, latitude, longitude, PlaceOfOccurrence) VALUES (40, '2024-02-19 15:00:00', '2024-02-19 16:00:00', 13.009913, 77.566387, 'On a residential cross road, Malleshwaram');
INSERT INTO ComplainantDetails (ComplainantID, CaseMasterID, ComplainantName, AgeYear, OccupationID, ReligionID, CasteID, GenderID) VALUES (40, 40, 'Suma Shetty', 45, 3, 5, 2, 1);
INSERT INTO ActSectionAssociation (CaseMasterID, ActID, SectionID, ActOrderID, SectionOrderID) VALUES (40, 'NDPS', '20', 1, 1);
INSERT INTO Victim (VictimMasterID, CaseMasterID, VictimName, AgeYear, GenderID, VictimPolice) VALUES (40, 40, 'Praveen Naik', 48, 2, '0');
INSERT INTO Accused (AccusedMasterID, CaseMasterID, AccusedName, AgeYear, GenderID, PersonID) VALUES (49, 40, 'Tukaram U. Jadhav', 26, 1, 'A1');
INSERT INTO ArrestSurrender (ArrestSurrenderID, CaseMasterID, ArrestSurrenderTypeID, ArrestSurrenderDate, ArrestSurrenderStateId, ArrestSurrenderDistrictId, PoliceStationID, IOID, CourtID, AccusedMasterID, IsAccused, IsComplainantAccused) VALUES (17, 40, 1, '2024-02-20', 1, 1, 5, 9, 1, 49, 1, 0);
INSERT INTO inv_arrestsurrenderaccused (ArrestSurrenderID, AccusedMasterID) VALUES (17, 49);
INSERT INTO ChargesheetDetails (CSID, CaseMasterID, csdate, cstype, PolicePersonID) VALUES (31, 40, '2024-05-20 15:00:00', 'A', 9);
INSERT INTO CaseMaster (CaseMasterID, CrimeNo, CaseNo, CrimeRegisteredDate, PolicePersonID, PoliceStationID, CaseCategoryID, GravityOffenceID, CrimeMajorHeadID, CrimeMinorHeadID, CaseStatusID, CourtID, IncidentFromDate, IncidentToDate, InfoReceivedPSDate, latitude, longitude, BriefFacts) VALUES (41, '100040012202400041', '202400041', '2024-02-02', 23, 12, 1, 1, 2, 5, 4, 4, '2024-02-02 23:00:00', '2024-02-02 02:00:00', '2024-02-02 23:00:00', 15.353193, 75.146680, 'Suburban Police Station Hubballi registered the case after an incident on the ring road service lane. Initial CCTV, witness, and digital-evidence checks were assigned to IO Manjunath Deshmukh.');
INSERT INTO Inv_OccuranceTime (CaseMasterID, IncidentFromDate, IncidentToDate, latitude, longitude, PlaceOfOccurrence) VALUES (41, '2024-02-02 23:00:00', '2024-02-02 02:00:00', 15.353193, 75.146680, 'On the ring road service lane, Suburban Hubballi');
INSERT INTO ComplainantDetails (ComplainantID, CaseMasterID, ComplainantName, AgeYear, OccupationID, ReligionID, CasteID, GenderID) VALUES (41, 41, 'Meena Naik', 47, 6, 4, 2, 2);
INSERT INTO ActSectionAssociation (CaseMasterID, ActID, SectionID, ActOrderID, SectionOrderID) VALUES (41, 'IPC', '302', 1, 1);
INSERT INTO Victim (VictimMasterID, CaseMasterID, VictimName, AgeYear, GenderID, VictimPolice) VALUES (41, 41, 'Roshan Kulkarni', 68, 2, '0');
INSERT INTO Accused (AccusedMasterID, CaseMasterID, AccusedName, AgeYear, GenderID, PersonID) VALUES (50, 41, 'Nagesh B. Salim', 28, 1, 'A1');
INSERT INTO ArrestSurrender (ArrestSurrenderID, CaseMasterID, ArrestSurrenderTypeID, ArrestSurrenderDate, ArrestSurrenderStateId, ArrestSurrenderDistrictId, PoliceStationID, IOID, CourtID, AccusedMasterID, IsAccused, IsComplainantAccused) VALUES (18, 41, 1, '2024-02-03', 1, 4, 12, 23, 4, 50, 1, 0);
INSERT INTO inv_arrestsurrenderaccused (ArrestSurrenderID, AccusedMasterID) VALUES (18, 50);
INSERT INTO ChargesheetDetails (CSID, CaseMasterID, csdate, cstype, PolicePersonID) VALUES (32, 41, '2024-03-16 15:00:00', 'A', 23);
INSERT INTO CaseMaster (CaseMasterID, CrimeNo, CaseNo, CrimeRegisteredDate, PolicePersonID, PoliceStationID, CaseCategoryID, GravityOffenceID, CrimeMajorHeadID, CrimeMinorHeadID, CaseStatusID, CourtID, IncidentFromDate, IncidentToDate, InfoReceivedPSDate, latitude, longitude, BriefFacts) VALUES (42, '100050015202400042', '202400042', '2024-02-13', 29, 15, 1, 2, 2, 5, 2, 5, '2024-02-13 14:00:00', '2024-02-13 15:00:00', '2024-02-13 14:00:00', 15.863742, 74.492803, 'Grievous Hurt reported near the inter-city bus stand within Camp Police Station Belagavi limits. Prakash Patil recorded statements and initiated scene verification.');
INSERT INTO Inv_OccuranceTime (CaseMasterID, IncidentFromDate, IncidentToDate, latitude, longitude, PlaceOfOccurrence) VALUES (42, '2024-02-13 14:00:00', '2024-02-13 15:00:00', 15.863742, 74.492803, 'Near the inter-city bus stand, Camp Belagavi');
INSERT INTO ComplainantDetails (ComplainantID, CaseMasterID, ComplainantName, AgeYear, OccupationID, ReligionID, CasteID, GenderID) VALUES (42, 42, 'Latha Deshpande', 29, 3, 1, 1, 1);
INSERT INTO ActSectionAssociation (CaseMasterID, ActID, SectionID, ActOrderID, SectionOrderID) VALUES (42, 'IPC', '302', 1, 1);
INSERT INTO Victim (VictimMasterID, CaseMasterID, VictimName, AgeYear, GenderID, VictimPolice) VALUES (42, 42, 'Chaitra Murthy', 51, 2, '0');
INSERT INTO Accused (AccusedMasterID, CaseMasterID, AccusedName, AgeYear, GenderID, PersonID) VALUES (51, 42, 'Jagga I. Reddy', 21, 1, 'A1');
INSERT INTO ArrestSurrender (ArrestSurrenderID, CaseMasterID, ArrestSurrenderTypeID, ArrestSurrenderDate, ArrestSurrenderStateId, ArrestSurrenderDistrictId, PoliceStationID, IOID, CourtID, AccusedMasterID, IsAccused, IsComplainantAccused) VALUES (19, 42, 1, '2024-02-24', 1, 5, 15, 29, 5, 51, 1, 0);
INSERT INTO inv_arrestsurrenderaccused (ArrestSurrenderID, AccusedMasterID) VALUES (19, 51);
INSERT INTO ChargesheetDetails (CSID, CaseMasterID, csdate, cstype, PolicePersonID) VALUES (33, 42, '2024-05-15 13:00:00', 'A', 29);
INSERT INTO CaseMaster (CaseMasterID, CrimeNo, CaseNo, CrimeRegisteredDate, PolicePersonID, PoliceStationID, CaseCategoryID, GravityOffenceID, CrimeMajorHeadID, CrimeMinorHeadID, CaseStatusID, CourtID, IncidentFromDate, IncidentToDate, InfoReceivedPSDate, latitude, longitude, BriefFacts) VALUES (43, '100010004202400043', '202400043', '2024-02-24', 7, 4, 1, 3, 1, 1, 4, 1, '2024-02-24 18:00:00', '2024-02-24 20:00:00', '2024-02-24 18:00:00', 12.931569, 77.599822, 'Automobile Theft reported outside a commercial complex within Jayanagar Police Station limits. Kiran Bhat recorded statements and initiated scene verification.');
INSERT INTO Inv_OccuranceTime (CaseMasterID, IncidentFromDate, IncidentToDate, latitude, longitude, PlaceOfOccurrence) VALUES (43, '2024-02-24 18:00:00', '2024-02-24 20:00:00', 12.931569, 77.599822, 'Outside a commercial complex, Jayanagar');
INSERT INTO ComplainantDetails (ComplainantID, CaseMasterID, ComplainantName, AgeYear, OccupationID, ReligionID, CasteID, GenderID) VALUES (43, 43, 'Pooja Patil', 64, 7, 5, 4, 1);
INSERT INTO ActSectionAssociation (CaseMasterID, ActID, SectionID, ActOrderID, SectionOrderID) VALUES (43, 'IPC', '379', 1, 1);
INSERT INTO Victim (VictimMasterID, CaseMasterID, VictimName, AgeYear, GenderID, VictimPolice) VALUES (43, 43, 'Kiran Bhat', 25, 2, '0');
INSERT INTO Accused (AccusedMasterID, CaseMasterID, AccusedName, AgeYear, GenderID, PersonID) VALUES (52, 43, 'Yogesh P. Patil', 23, 1, 'A1');
INSERT INTO ArrestSurrender (ArrestSurrenderID, CaseMasterID, ArrestSurrenderTypeID, ArrestSurrenderDate, ArrestSurrenderStateId, ArrestSurrenderDistrictId, PoliceStationID, IOID, CourtID, AccusedMasterID, IsAccused, IsComplainantAccused) VALUES (20, 43, 1, '2024-03-13', 1, 1, 4, 7, 1, 52, 1, 0);
INSERT INTO inv_arrestsurrenderaccused (ArrestSurrenderID, AccusedMasterID) VALUES (20, 52);
INSERT INTO ChargesheetDetails (CSID, CaseMasterID, csdate, cstype, PolicePersonID) VALUES (34, 43, '2024-05-22 17:00:00', 'A', 7);
INSERT INTO CaseMaster (CaseMasterID, CrimeNo, CaseNo, CrimeRegisteredDate, PolicePersonID, PoliceStationID, CaseCategoryID, GravityOffenceID, CrimeMajorHeadID, CrimeMinorHeadID, CaseStatusID, CourtID, IncidentFromDate, IncidentToDate, InfoReceivedPSDate, latitude, longitude, BriefFacts) VALUES (44, '100010004202400044', '202400044', '2024-02-07', 7, 4, 1, 3, 3, 6, 1, 1, '2024-02-07 16:00:00', '2024-02-07 19:00:00', '2024-02-07 16:00:00', 12.918851, 77.599581, 'Online Financial Fraud reported on a residential cross road within Jayanagar Police Station limits. Kiran Bhat recorded statements and initiated scene verification.');
INSERT INTO Inv_OccuranceTime (CaseMasterID, IncidentFromDate, IncidentToDate, latitude, longitude, PlaceOfOccurrence) VALUES (44, '2024-02-07 16:00:00', '2024-02-07 19:00:00', 12.918851, 77.599581, 'On a residential cross road, Jayanagar');
INSERT INTO ComplainantDetails (ComplainantID, CaseMasterID, ComplainantName, AgeYear, OccupationID, ReligionID, CasteID, GenderID) VALUES (44, 44, 'Latha Deshpande', 68, 6, 4, 5, 1);
INSERT INTO ActSectionAssociation (CaseMasterID, ActID, SectionID, ActOrderID, SectionOrderID) VALUES (44, 'IT_ACT', '66D', 1, 1);
INSERT INTO Victim (VictimMasterID, CaseMasterID, VictimName, AgeYear, GenderID, VictimPolice) VALUES (44, 44, 'Sangeetha Khan', 71, 2, '0');
INSERT INTO Accused (AccusedMasterID, CaseMasterID, AccusedName, AgeYear, GenderID, PersonID) VALUES (53, 44, 'Rafiq W. Gowda', 32, 1, 'A1');
INSERT INTO CaseMaster (CaseMasterID, CrimeNo, CaseNo, CrimeRegisteredDate, PolicePersonID, PoliceStationID, CaseCategoryID, GravityOffenceID, CrimeMajorHeadID, CrimeMinorHeadID, CaseStatusID, CourtID, IncidentFromDate, IncidentToDate, InfoReceivedPSDate, latitude, longitude, BriefFacts) VALUES (45, '100010005202400045', '202400045', '2024-02-18', 9, 5, 1, 3, 1, 1, 3, 1, '2024-02-18 06:00:00', '2024-02-18 08:00:00', '2024-02-18 06:00:00', 12.999601, 77.554040, 'Control room information regarding automobile theft was received from beside a metro approach road. IO Ramesh Pawar opened the investigation and secured preliminary evidence.');
INSERT INTO Inv_OccuranceTime (CaseMasterID, IncidentFromDate, IncidentToDate, latitude, longitude, PlaceOfOccurrence) VALUES (45, '2024-02-18 06:00:00', '2024-02-18 08:00:00', 12.999601, 77.554040, 'Beside a metro approach road, Malleshwaram');
INSERT INTO ComplainantDetails (ComplainantID, CaseMasterID, ComplainantName, AgeYear, OccupationID, ReligionID, CasteID, GenderID) VALUES (45, 45, 'Radha Bhat', 40, 6, 5, 1, 1);
INSERT INTO ActSectionAssociation (CaseMasterID, ActID, SectionID, ActOrderID, SectionOrderID) VALUES (45, 'IPC', '379', 1, 1);
INSERT INTO Victim (VictimMasterID, CaseMasterID, VictimName, AgeYear, GenderID, VictimPolice) VALUES (45, 45, 'Bhavya Naik', 53, 1, '0');
INSERT INTO Accused (AccusedMasterID, CaseMasterID, AccusedName, AgeYear, GenderID, PersonID) VALUES (54, 45, 'Nagaraj @ ''Snake'' Nagi', 34, 1, 'A1');
INSERT INTO ArrestSurrender (ArrestSurrenderID, CaseMasterID, ArrestSurrenderTypeID, ArrestSurrenderDate, ArrestSurrenderStateId, ArrestSurrenderDistrictId, PoliceStationID, IOID, CourtID, AccusedMasterID, IsAccused, IsComplainantAccused) VALUES (21, 45, 1, '2024-03-01', 1, 1, 5, 9, 1, 54, 1, 0);
INSERT INTO inv_arrestsurrenderaccused (ArrestSurrenderID, AccusedMasterID) VALUES (21, 54);
INSERT INTO ChargesheetDetails (CSID, CaseMasterID, csdate, cstype, PolicePersonID) VALUES (35, 45, '2024-03-27 17:00:00', 'A', 9);
INSERT INTO CaseMaster (CaseMasterID, CrimeNo, CaseNo, CrimeRegisteredDate, PolicePersonID, PoliceStationID, CaseCategoryID, GravityOffenceID, CrimeMajorHeadID, CrimeMinorHeadID, CaseStatusID, CourtID, IncidentFromDate, IncidentToDate, InfoReceivedPSDate, latitude, longitude, BriefFacts) VALUES (46, '100040013202400046', '202400046', '2024-02-01', 25, 13, 1, 2, 5, 9, 4, 4, '2024-02-01 10:00:00', '2024-02-01 11:00:00', '2024-02-01 10:00:00', 15.354854, 75.111319, 'Vidyanagar Police Station Hubballi registered the case after an incident on the ring road service lane. Initial CCTV, witness, and digital-evidence checks were assigned to IO Vijay Rao.');
INSERT INTO Inv_OccuranceTime (CaseMasterID, IncidentFromDate, IncidentToDate, latitude, longitude, PlaceOfOccurrence) VALUES (46, '2024-02-01 10:00:00', '2024-02-01 11:00:00', 15.354854, 75.111319, 'On the ring road service lane, Vidyanagar Hubballi');
INSERT INTO ComplainantDetails (ComplainantID, CaseMasterID, ComplainantName, AgeYear, OccupationID, ReligionID, CasteID, GenderID) VALUES (46, 46, 'Kavitha Shetty', 39, 7, 5, 3, 1);
INSERT INTO ActSectionAssociation (CaseMasterID, ActID, SectionID, ActOrderID, SectionOrderID) VALUES (46, 'NDPS', '20', 1, 1);
INSERT INTO Victim (VictimMasterID, CaseMasterID, VictimName, AgeYear, GenderID, VictimPolice) VALUES (46, 46, 'Manoj Gowda', 62, 2, '0');
INSERT INTO Accused (AccusedMasterID, CaseMasterID, AccusedName, AgeYear, GenderID, PersonID) VALUES (55, 46, 'Mohan K. Gowda', 23, 1, 'A1');
INSERT INTO ArrestSurrender (ArrestSurrenderID, CaseMasterID, ArrestSurrenderTypeID, ArrestSurrenderDate, ArrestSurrenderStateId, ArrestSurrenderDistrictId, PoliceStationID, IOID, CourtID, AccusedMasterID, IsAccused, IsComplainantAccused) VALUES (22, 46, 1, '2024-02-12', 1, 4, 13, 25, 4, 55, 1, 0);
INSERT INTO inv_arrestsurrenderaccused (ArrestSurrenderID, AccusedMasterID) VALUES (22, 55);
INSERT INTO ChargesheetDetails (CSID, CaseMasterID, csdate, cstype, PolicePersonID) VALUES (36, 46, '2024-05-01 14:00:00', 'A', 25);
INSERT INTO CaseMaster (CaseMasterID, CrimeNo, CaseNo, CrimeRegisteredDate, PolicePersonID, PoliceStationID, CaseCategoryID, GravityOffenceID, CrimeMajorHeadID, CrimeMinorHeadID, CaseStatusID, CourtID, IncidentFromDate, IncidentToDate, InfoReceivedPSDate, latitude, longitude, BriefFacts) VALUES (47, '100040012202400047', '202400047', '2024-02-12', 23, 12, 1, 3, 4, 8, 2, 4, '2024-02-12 17:00:00', '2024-02-12 19:00:00', '2024-02-12 17:00:00', 15.360084, 75.147419, 'Complainant reported a suspected cheating incident near the inter-city bus stand. The matter was registered at Suburban Police Station Hubballi and assigned to Manjunath Deshmukh.');
INSERT INTO Inv_OccuranceTime (CaseMasterID, IncidentFromDate, IncidentToDate, latitude, longitude, PlaceOfOccurrence) VALUES (47, '2024-02-12 17:00:00', '2024-02-12 19:00:00', 15.360084, 75.147419, 'Near the inter-city bus stand, Suburban Hubballi');
INSERT INTO ComplainantDetails (ComplainantID, CaseMasterID, ComplainantName, AgeYear, OccupationID, ReligionID, CasteID, GenderID) VALUES (47, 47, 'Anand Khan', 37, 3, 4, 3, 2);
INSERT INTO ActSectionAssociation (CaseMasterID, ActID, SectionID, ActOrderID, SectionOrderID) VALUES (47, 'IPC', '420', 1, 1);
INSERT INTO Victim (VictimMasterID, CaseMasterID, VictimName, AgeYear, GenderID, VictimPolice) VALUES (47, 47, 'Kiran Hegde', 71, 2, '0');
INSERT INTO Accused (AccusedMasterID, CaseMasterID, AccusedName, AgeYear, GenderID, PersonID) VALUES (56, 47, 'Manjunath R. Salim', 28, 1, 'A1');
INSERT INTO ArrestSurrender (ArrestSurrenderID, CaseMasterID, ArrestSurrenderTypeID, ArrestSurrenderDate, ArrestSurrenderStateId, ArrestSurrenderDistrictId, PoliceStationID, IOID, CourtID, AccusedMasterID, IsAccused, IsComplainantAccused) VALUES (23, 47, 1, '2024-03-07', 1, 4, 12, 23, 4, 56, 1, 0);
INSERT INTO inv_arrestsurrenderaccused (ArrestSurrenderID, AccusedMasterID) VALUES (23, 56);
INSERT INTO ChargesheetDetails (CSID, CaseMasterID, csdate, cstype, PolicePersonID) VALUES (37, 47, '2024-03-25 14:00:00', 'A', 23);
INSERT INTO CaseMaster (CaseMasterID, CrimeNo, CaseNo, CrimeRegisteredDate, PolicePersonID, PoliceStationID, CaseCategoryID, GravityOffenceID, CrimeMajorHeadID, CrimeMinorHeadID, CaseStatusID, CourtID, IncidentFromDate, IncidentToDate, InfoReceivedPSDate, latitude, longitude, BriefFacts) VALUES (48, '100010001202400048', '202400048', '2024-02-23', 1, 1, 1, 1, 1, 1, 5, 1, '2024-02-23 21:00:00', '2024-02-23 22:00:00', '2024-02-23 21:00:00', 12.977537, 77.647036, 'Indiranagar Police Station registered the case after an incident near a bus stop. Initial CCTV, witness, and digital-evidence checks were assigned to IO Suresh Kambali.');
INSERT INTO Inv_OccuranceTime (CaseMasterID, IncidentFromDate, IncidentToDate, latitude, longitude, PlaceOfOccurrence) VALUES (48, '2024-02-23 21:00:00', '2024-02-23 22:00:00', 12.977537, 77.647036, 'Near a bus stop, Indiranagar');
INSERT INTO ComplainantDetails (ComplainantID, CaseMasterID, ComplainantName, AgeYear, OccupationID, ReligionID, CasteID, GenderID) VALUES (48, 48, 'Latha Patil', 31, 7, 3, 5, 1);
INSERT INTO ActSectionAssociation (CaseMasterID, ActID, SectionID, ActOrderID, SectionOrderID) VALUES (48, 'IPC', '379', 1, 1);
INSERT INTO Victim (VictimMasterID, CaseMasterID, VictimName, AgeYear, GenderID, VictimPolice) VALUES (48, 48, 'Fathima Fernandes', 31, 1, '0');
INSERT INTO Accused (AccusedMasterID, CaseMasterID, AccusedName, AgeYear, GenderID, PersonID) VALUES (57, 48, 'Imtiaz Y. Gowda', 39, 1, 'A1');
INSERT INTO CaseMaster (CaseMasterID, CrimeNo, CaseNo, CrimeRegisteredDate, PolicePersonID, PoliceStationID, CaseCategoryID, GravityOffenceID, CrimeMajorHeadID, CrimeMinorHeadID, CaseStatusID, CourtID, IncidentFromDate, IncidentToDate, InfoReceivedPSDate, latitude, longitude, BriefFacts) VALUES (49, '100010005202400049', '202400049', '2024-02-06', 9, 5, 1, 1, 2, 5, 3, 1, '2024-02-06 15:00:00', '2024-02-06 17:00:00', '2024-02-06 15:00:00', 13.005778, 77.563318, 'Complainant reported a suspected grievous hurt incident outside a commercial complex. The matter was registered at Malleshwaram Police Station and assigned to Ramesh Pawar.');
INSERT INTO Inv_OccuranceTime (CaseMasterID, IncidentFromDate, IncidentToDate, latitude, longitude, PlaceOfOccurrence) VALUES (49, '2024-02-06 15:00:00', '2024-02-06 17:00:00', 13.005778, 77.563318, 'Outside a commercial complex, Malleshwaram');
INSERT INTO ComplainantDetails (ComplainantID, CaseMasterID, ComplainantName, AgeYear, OccupationID, ReligionID, CasteID, GenderID) VALUES (49, 49, 'Eshwar Kulkarni', 66, 7, 5, 3, 2);
INSERT INTO ActSectionAssociation (CaseMasterID, ActID, SectionID, ActOrderID, SectionOrderID) VALUES (49, 'IPC', '302', 1, 1);
INSERT INTO Victim (VictimMasterID, CaseMasterID, VictimName, AgeYear, GenderID, VictimPolice) VALUES (49, 49, 'Asha Khan', 24, 1, '0');
INSERT INTO Accused (AccusedMasterID, CaseMasterID, AccusedName, AgeYear, GenderID, PersonID) VALUES (58, 49, 'Salman F. Shaikh', 45, 1, 'A1');
INSERT INTO ChargesheetDetails (CSID, CaseMasterID, csdate, cstype, PolicePersonID) VALUES (38, 49, '2024-04-30 11:00:00', 'A', 9);
INSERT INTO CaseMaster (CaseMasterID, CrimeNo, CaseNo, CrimeRegisteredDate, PolicePersonID, PoliceStationID, CaseCategoryID, GravityOffenceID, CrimeMajorHeadID, CrimeMinorHeadID, CaseStatusID, CourtID, IncidentFromDate, IncidentToDate, InfoReceivedPSDate, latitude, longitude, BriefFacts) VALUES (50, '100020008202400050', '202400050', '2024-02-17', 15, 8, 1, 3, 5, 9, 4, 2, '2024-02-17 20:00:00', '2024-02-17 22:00:00', '2024-02-17 20:00:00', 12.339515, 76.609242, 'Ganja Possession reported close to a residential layout within Vijayanagar Police Station Mysuru limits. Sunil Kulkarni recorded statements and initiated scene verification.');
INSERT INTO Inv_OccuranceTime (CaseMasterID, IncidentFromDate, IncidentToDate, latitude, longitude, PlaceOfOccurrence) VALUES (50, '2024-02-17 20:00:00', '2024-02-17 22:00:00', 12.339515, 76.609242, 'Close to a residential layout, Vijayanagar Mysuru');
INSERT INTO ComplainantDetails (ComplainantID, CaseMasterID, ComplainantName, AgeYear, OccupationID, ReligionID, CasteID, GenderID) VALUES (50, 50, 'Pooja Shetty', 45, 4, 3, 2, 1);
INSERT INTO ActSectionAssociation (CaseMasterID, ActID, SectionID, ActOrderID, SectionOrderID) VALUES (50, 'NDPS', '20', 1, 1);
INSERT INTO Victim (VictimMasterID, CaseMasterID, VictimName, AgeYear, GenderID, VictimPolice) VALUES (50, 50, 'Tarun Deshpande', 69, 1, '0');
INSERT INTO Accused (AccusedMasterID, CaseMasterID, AccusedName, AgeYear, GenderID, PersonID) VALUES (59, 50, 'Altaf M. Jadhav', 21, 1, 'A1');
INSERT INTO ChargesheetDetails (CSID, CaseMasterID, csdate, cstype, PolicePersonID) VALUES (39, 50, '2024-05-13 09:00:00', 'A', 15);
INSERT INTO CaseMaster (CaseMasterID, CrimeNo, CaseNo, CrimeRegisteredDate, PolicePersonID, PoliceStationID, CaseCategoryID, GravityOffenceID, CrimeMajorHeadID, CrimeMinorHeadID, CaseStatusID, CourtID, IncidentFromDate, IncidentToDate, InfoReceivedPSDate, latitude, longitude, BriefFacts) VALUES (51, '100060018202400051', '202400051', '2024-02-28', 35, 18, 1, 2, 5, 9, 3, 6, '2024-02-28 18:00:00', '2024-02-28 20:00:00', '2024-02-28 18:00:00', 17.321427, 76.841315, 'Complainant reported a suspected ganja possession incident on the ring road service lane. The matter was registered at Station Bazar Police Station and assigned to Prakash Kambali.');
INSERT INTO Inv_OccuranceTime (CaseMasterID, IncidentFromDate, IncidentToDate, latitude, longitude, PlaceOfOccurrence) VALUES (51, '2024-02-28 18:00:00', '2024-02-28 20:00:00', 17.321427, 76.841315, 'On the ring road service lane, Station Bazar');
INSERT INTO ComplainantDetails (ComplainantID, CaseMasterID, ComplainantName, AgeYear, OccupationID, ReligionID, CasteID, GenderID) VALUES (51, 51, 'Deepak Hegde', 57, 4, 2, 5, 1);
INSERT INTO ActSectionAssociation (CaseMasterID, ActID, SectionID, ActOrderID, SectionOrderID) VALUES (51, 'NDPS', '20', 1, 1);
INSERT INTO Victim (VictimMasterID, CaseMasterID, VictimName, AgeYear, GenderID, VictimPolice) VALUES (51, 51, 'Nikhil Bhat', 73, 1, '0');
INSERT INTO Accused (AccusedMasterID, CaseMasterID, AccusedName, AgeYear, GenderID, PersonID) VALUES (60, 51, 'Nagesh T. Pashan', 44, 1, 'A1');
INSERT INTO ArrestSurrender (ArrestSurrenderID, CaseMasterID, ArrestSurrenderTypeID, ArrestSurrenderDate, ArrestSurrenderStateId, ArrestSurrenderDistrictId, PoliceStationID, IOID, CourtID, AccusedMasterID, IsAccused, IsComplainantAccused) VALUES (24, 51, 1, '2024-03-03', 1, 6, 18, 35, 6, 60, 1, 0);
INSERT INTO inv_arrestsurrenderaccused (ArrestSurrenderID, AccusedMasterID) VALUES (24, 60);
INSERT INTO ChargesheetDetails (CSID, CaseMasterID, csdate, cstype, PolicePersonID) VALUES (40, 51, '2024-04-22 15:00:00', 'A', 35);
INSERT INTO CaseMaster (CaseMasterID, CrimeNo, CaseNo, CrimeRegisteredDate, PolicePersonID, PoliceStationID, CaseCategoryID, GravityOffenceID, CrimeMajorHeadID, CrimeMinorHeadID, CaseStatusID, CourtID, IncidentFromDate, IncidentToDate, InfoReceivedPSDate, latitude, longitude, BriefFacts) VALUES (52, '100010004202400052', '202400052', '2024-02-11', 7, 4, 1, 3, 1, 1, 1, 1, '2024-02-11 21:00:00', '2024-02-11 00:00:00', '2024-02-11 21:00:00', 12.926842, 77.593307, 'Complainant reported a suspected automobile theft incident beside a metro approach road. The matter was registered at Jayanagar Police Station and assigned to Kiran Bhat.');
INSERT INTO Inv_OccuranceTime (CaseMasterID, IncidentFromDate, IncidentToDate, latitude, longitude, PlaceOfOccurrence) VALUES (52, '2024-02-11 21:00:00', '2024-02-11 00:00:00', 12.926842, 77.593307, 'Beside a metro approach road, Jayanagar');
INSERT INTO ComplainantDetails (ComplainantID, CaseMasterID, ComplainantName, AgeYear, OccupationID, ReligionID, CasteID, GenderID) VALUES (52, 52, 'Harish Deshpande', 37, 6, 2, 3, 1);
INSERT INTO ActSectionAssociation (CaseMasterID, ActID, SectionID, ActOrderID, SectionOrderID) VALUES (52, 'IPC', '379', 1, 1);
INSERT INTO Victim (VictimMasterID, CaseMasterID, VictimName, AgeYear, GenderID, VictimPolice) VALUES (52, 52, 'Manoj Shetty', 18, 1, '0');
INSERT INTO Accused (AccusedMasterID, CaseMasterID, AccusedName, AgeYear, GenderID, PersonID) VALUES (61, 52, 'Vicky A. Salim', 20, 1, 'A1');
INSERT INTO ArrestSurrender (ArrestSurrenderID, CaseMasterID, ArrestSurrenderTypeID, ArrestSurrenderDate, ArrestSurrenderStateId, ArrestSurrenderDistrictId, PoliceStationID, IOID, CourtID, AccusedMasterID, IsAccused, IsComplainantAccused) VALUES (25, 52, 1, '2024-02-26', 1, 1, 4, 7, 1, 61, 1, 0);
INSERT INTO inv_arrestsurrenderaccused (ArrestSurrenderID, AccusedMasterID) VALUES (25, 61);
INSERT INTO CaseMaster (CaseMasterID, CrimeNo, CaseNo, CrimeRegisteredDate, PolicePersonID, PoliceStationID, CaseCategoryID, GravityOffenceID, CrimeMajorHeadID, CrimeMinorHeadID, CaseStatusID, CourtID, IncidentFromDate, IncidentToDate, InfoReceivedPSDate, latitude, longitude, BriefFacts) VALUES (53, '100010002202400053', '202400053', '2024-02-22', 3, 2, 1, 3, 3, 7, 1, 1, '2024-02-22 11:00:00', '2024-02-22 12:00:00', '2024-02-22 11:00:00', 12.924245, 77.625673, 'Complainant reported a suspected identity theft incident near a bus stop. The matter was registered at Koramangala Police Station and assigned to Prakash Jadhav.');
INSERT INTO Inv_OccuranceTime (CaseMasterID, IncidentFromDate, IncidentToDate, latitude, longitude, PlaceOfOccurrence) VALUES (53, '2024-02-22 11:00:00', '2024-02-22 12:00:00', 12.924245, 77.625673, 'Near a bus stop, Koramangala');
INSERT INTO ComplainantDetails (ComplainantID, CaseMasterID, ComplainantName, AgeYear, OccupationID, ReligionID, CasteID, GenderID) VALUES (53, 53, 'Shilpa Rao', 24, 6, 4, 4, 1);
INSERT INTO ActSectionAssociation (CaseMasterID, ActID, SectionID, ActOrderID, SectionOrderID) VALUES (53, 'IT_ACT', '66D', 1, 1);
INSERT INTO Victim (VictimMasterID, CaseMasterID, VictimName, AgeYear, GenderID, VictimPolice) VALUES (53, 53, 'Kiran Patil', 41, 1, '0');
INSERT INTO Accused (AccusedMasterID, CaseMasterID, AccusedName, AgeYear, GenderID, PersonID) VALUES (62, 53, 'Salman H. Salim', 27, 1, 'A1');
INSERT INTO ArrestSurrender (ArrestSurrenderID, CaseMasterID, ArrestSurrenderTypeID, ArrestSurrenderDate, ArrestSurrenderStateId, ArrestSurrenderDistrictId, PoliceStationID, IOID, CourtID, AccusedMasterID, IsAccused, IsComplainantAccused) VALUES (26, 53, 1, '2024-02-25', 1, 1, 2, 3, 1, 62, 1, 0);
INSERT INTO inv_arrestsurrenderaccused (ArrestSurrenderID, AccusedMasterID) VALUES (26, 62);
INSERT INTO ChargesheetDetails (CSID, CaseMasterID, csdate, cstype, PolicePersonID) VALUES (41, 53, '2024-04-11 11:00:00', 'A', 3);
INSERT INTO CaseMaster (CaseMasterID, CrimeNo, CaseNo, CrimeRegisteredDate, PolicePersonID, PoliceStationID, CaseCategoryID, GravityOffenceID, CrimeMajorHeadID, CrimeMinorHeadID, CaseStatusID, CourtID, IncidentFromDate, IncidentToDate, InfoReceivedPSDate, latitude, longitude, BriefFacts) VALUES (54, '100010002202400054', '202400054', '2024-02-05', 3, 2, 1, 3, 2, 5, 4, 1, '2024-02-05 11:00:00', '2024-02-05 12:00:00', '2024-02-05 11:00:00', 12.937826, 77.614861, 'Complainant reported a suspected grievous hurt incident on a residential cross road. The matter was registered at Koramangala Police Station and assigned to Prakash Jadhav.');
INSERT INTO Inv_OccuranceTime (CaseMasterID, IncidentFromDate, IncidentToDate, latitude, longitude, PlaceOfOccurrence) VALUES (54, '2024-02-05 11:00:00', '2024-02-05 12:00:00', 12.937826, 77.614861, 'On a residential cross road, Koramangala');
INSERT INTO ComplainantDetails (ComplainantID, CaseMasterID, ComplainantName, AgeYear, OccupationID, ReligionID, CasteID, GenderID) VALUES (54, 54, 'Eshwar Fernandes', 53, 2, 2, 3, 2);
INSERT INTO ActSectionAssociation (CaseMasterID, ActID, SectionID, ActOrderID, SectionOrderID) VALUES (54, 'IPC', '302', 1, 1);
INSERT INTO Victim (VictimMasterID, CaseMasterID, VictimName, AgeYear, GenderID, VictimPolice) VALUES (54, 54, 'Ganesh Shetty', 20, 2, '0');
INSERT INTO Accused (AccusedMasterID, CaseMasterID, AccusedName, AgeYear, GenderID, PersonID) VALUES (63, 54, 'Jagga O. Singh', 30, 1, 'A1');
INSERT INTO ChargesheetDetails (CSID, CaseMasterID, csdate, cstype, PolicePersonID) VALUES (42, 54, '2024-04-08 16:00:00', 'A', 3);
INSERT INTO CaseMaster (CaseMasterID, CrimeNo, CaseNo, CrimeRegisteredDate, PolicePersonID, PoliceStationID, CaseCategoryID, GravityOffenceID, CrimeMajorHeadID, CrimeMinorHeadID, CaseStatusID, CourtID, IncidentFromDate, IncidentToDate, InfoReceivedPSDate, latitude, longitude, BriefFacts) VALUES (55, '100020008202400055', '202400055', '2024-02-16', 15, 8, 1, 3, 5, 9, 2, 2, '2024-02-16 10:00:00', '2024-02-16 13:00:00', '2024-02-16 10:00:00', 12.340614, 76.609250, 'Vijayanagar Police Station Mysuru registered the case after an incident near the inter-city bus stand. Initial CCTV, witness, and digital-evidence checks were assigned to IO Sunil Kulkarni.');
INSERT INTO Inv_OccuranceTime (CaseMasterID, IncidentFromDate, IncidentToDate, latitude, longitude, PlaceOfOccurrence) VALUES (55, '2024-02-16 10:00:00', '2024-02-16 13:00:00', 12.340614, 76.609250, 'Near the inter-city bus stand, Vijayanagar Mysuru');
INSERT INTO ComplainantDetails (ComplainantID, CaseMasterID, ComplainantName, AgeYear, OccupationID, ReligionID, CasteID, GenderID) VALUES (55, 55, 'Harish Kulkarni', 39, 6, 1, 5, 1);
INSERT INTO ActSectionAssociation (CaseMasterID, ActID, SectionID, ActOrderID, SectionOrderID) VALUES (55, 'NDPS', '20', 1, 1);
INSERT INTO Victim (VictimMasterID, CaseMasterID, VictimName, AgeYear, GenderID, VictimPolice) VALUES (55, 55, 'Asha Hegde', 67, 1, '0');
INSERT INTO Accused (AccusedMasterID, CaseMasterID, AccusedName, AgeYear, GenderID, PersonID) VALUES (64, 55, 'Imtiaz V. Salim', 29, 1, 'A1');
INSERT INTO Accused (AccusedMasterID, CaseMasterID, AccusedName, AgeYear, GenderID, PersonID) VALUES (65, 55, 'Mantu G. Salim', 24, 1, 'A2');
INSERT INTO ArrestSurrender (ArrestSurrenderID, CaseMasterID, ArrestSurrenderTypeID, ArrestSurrenderDate, ArrestSurrenderStateId, ArrestSurrenderDistrictId, PoliceStationID, IOID, CourtID, AccusedMasterID, IsAccused, IsComplainantAccused) VALUES (27, 55, 1, '2024-02-20', 1, 2, 8, 15, 2, 64, 1, 0);
INSERT INTO inv_arrestsurrenderaccused (ArrestSurrenderID, AccusedMasterID) VALUES (27, 64);
INSERT INTO inv_arrestsurrenderaccused (ArrestSurrenderID, AccusedMasterID) VALUES (27, 65);
INSERT INTO ChargesheetDetails (CSID, CaseMasterID, csdate, cstype, PolicePersonID) VALUES (43, 55, '2024-05-01 16:00:00', 'A', 15);
INSERT INTO CaseMaster (CaseMasterID, CrimeNo, CaseNo, CrimeRegisteredDate, PolicePersonID, PoliceStationID, CaseCategoryID, GravityOffenceID, CrimeMajorHeadID, CrimeMinorHeadID, CaseStatusID, CourtID, IncidentFromDate, IncidentToDate, InfoReceivedPSDate, latitude, longitude, BriefFacts) VALUES (56, '100050016202400056', '202400056', '2024-02-27', 31, 16, 2, 3, 1, 2, 2, 5, '2024-02-27 00:00:00', '2024-02-27 02:00:00', '2024-02-27 00:00:00', 15.836026, 74.499992, 'Tilakwadi Police Station registered the case after an incident near the central market. Initial CCTV, witness, and digital-evidence checks were assigned to IO Santosh Pawar.');
INSERT INTO Inv_OccuranceTime (CaseMasterID, IncidentFromDate, IncidentToDate, latitude, longitude, PlaceOfOccurrence) VALUES (56, '2024-02-27 00:00:00', '2024-02-27 02:00:00', 15.836026, 74.499992, 'Near the central market, Tilakwadi');
INSERT INTO ComplainantDetails (ComplainantID, CaseMasterID, ComplainantName, AgeYear, OccupationID, ReligionID, CasteID, GenderID) VALUES (56, 56, 'Farhan Hegde', 57, 3, 5, 5, 2);
INSERT INTO ActSectionAssociation (CaseMasterID, ActID, SectionID, ActOrderID, SectionOrderID) VALUES (56, 'IPC', '379', 1, 1);
INSERT INTO Victim (VictimMasterID, CaseMasterID, VictimName, AgeYear, GenderID, VictimPolice) VALUES (56, 56, 'Roshan Fernandes', 20, 2, '0');
INSERT INTO Accused (AccusedMasterID, CaseMasterID, AccusedName, AgeYear, GenderID, PersonID) VALUES (66, 56, 'Imtiaz C. Khan', 33, 1, 'A1');
INSERT INTO ChargesheetDetails (CSID, CaseMasterID, csdate, cstype, PolicePersonID) VALUES (44, 56, '2024-05-21 14:00:00', 'A', 31);
INSERT INTO CaseMaster (CaseMasterID, CrimeNo, CaseNo, CrimeRegisteredDate, PolicePersonID, PoliceStationID, CaseCategoryID, GravityOffenceID, CrimeMajorHeadID, CrimeMinorHeadID, CaseStatusID, CourtID, IncidentFromDate, IncidentToDate, InfoReceivedPSDate, latitude, longitude, BriefFacts) VALUES (57, '100040012202400057', '202400057', '2024-02-10', 23, 12, 1, 2, 2, 5, 3, 4, '2024-02-10 08:00:00', '2024-02-10 10:00:00', '2024-02-10 08:00:00', 15.351357, 75.132458, 'Control room information regarding grievous hurt was received from near the central market. IO Manjunath Deshmukh opened the investigation and secured preliminary evidence.');
INSERT INTO Inv_OccuranceTime (CaseMasterID, IncidentFromDate, IncidentToDate, latitude, longitude, PlaceOfOccurrence) VALUES (57, '2024-02-10 08:00:00', '2024-02-10 10:00:00', 15.351357, 75.132458, 'Near the central market, Suburban Hubballi');
INSERT INTO ComplainantDetails (ComplainantID, CaseMasterID, ComplainantName, AgeYear, OccupationID, ReligionID, CasteID, GenderID) VALUES (57, 57, 'Meena Patil', 36, 1, 4, 3, 2);
INSERT INTO ActSectionAssociation (CaseMasterID, ActID, SectionID, ActOrderID, SectionOrderID) VALUES (57, 'IPC', '302', 1, 1);
INSERT INTO Victim (VictimMasterID, CaseMasterID, VictimName, AgeYear, GenderID, VictimPolice) VALUES (57, 57, 'Kiran Bhat', 55, 1, '0');
INSERT INTO Accused (AccusedMasterID, CaseMasterID, AccusedName, AgeYear, GenderID, PersonID) VALUES (67, 57, 'Altaf J. Poojary', 20, 1, 'A1');
INSERT INTO ArrestSurrender (ArrestSurrenderID, CaseMasterID, ArrestSurrenderTypeID, ArrestSurrenderDate, ArrestSurrenderStateId, ArrestSurrenderDistrictId, PoliceStationID, IOID, CourtID, AccusedMasterID, IsAccused, IsComplainantAccused) VALUES (28, 57, 1, '2024-02-25', 1, 4, 12, 23, 4, 67, 1, 0);
INSERT INTO inv_arrestsurrenderaccused (ArrestSurrenderID, AccusedMasterID) VALUES (28, 67);
INSERT INTO ChargesheetDetails (CSID, CaseMasterID, csdate, cstype, PolicePersonID) VALUES (45, 57, '2024-03-16 10:00:00', 'A', 23);
INSERT INTO CaseMaster (CaseMasterID, CrimeNo, CaseNo, CrimeRegisteredDate, PolicePersonID, PoliceStationID, CaseCategoryID, GravityOffenceID, CrimeMajorHeadID, CrimeMinorHeadID, CaseStatusID, CourtID, IncidentFromDate, IncidentToDate, InfoReceivedPSDate, latitude, longitude, BriefFacts) VALUES (58, '100040012202400058', '202400058', '2024-02-21', 23, 12, 1, 3, 3, 6, 2, 4, '2024-02-21 14:00:00', '2024-02-21 17:00:00', '2024-02-21 14:00:00', 15.362271, 75.151465, 'Complainant reported a suspected online financial fraud incident near the inter-city bus stand. The matter was registered at Suburban Police Station Hubballi and assigned to Manjunath Deshmukh.');
INSERT INTO Inv_OccuranceTime (CaseMasterID, IncidentFromDate, IncidentToDate, latitude, longitude, PlaceOfOccurrence) VALUES (58, '2024-02-21 14:00:00', '2024-02-21 17:00:00', 15.362271, 75.151465, 'Near the inter-city bus stand, Suburban Hubballi');
INSERT INTO ComplainantDetails (ComplainantID, CaseMasterID, ComplainantName, AgeYear, OccupationID, ReligionID, CasteID, GenderID) VALUES (58, 58, 'Latha Gowda', 32, 2, 3, 1, 1);
INSERT INTO ActSectionAssociation (CaseMasterID, ActID, SectionID, ActOrderID, SectionOrderID) VALUES (58, 'IT_ACT', '66D', 1, 1);
INSERT INTO Victim (VictimMasterID, CaseMasterID, VictimName, AgeYear, GenderID, VictimPolice) VALUES (58, 58, 'Tarun Naik', 17, 1, '0');
INSERT INTO Accused (AccusedMasterID, CaseMasterID, AccusedName, AgeYear, GenderID, PersonID) VALUES (68, 58, 'Shiva Q. Patil', 28, 1, 'A1');
INSERT INTO Accused (AccusedMasterID, CaseMasterID, AccusedName, AgeYear, GenderID, PersonID) VALUES (69, 58, 'Imtiaz B. Shetty', 21, 1, 'A2');
INSERT INTO ArrestSurrender (ArrestSurrenderID, CaseMasterID, ArrestSurrenderTypeID, ArrestSurrenderDate, ArrestSurrenderStateId, ArrestSurrenderDistrictId, PoliceStationID, IOID, CourtID, AccusedMasterID, IsAccused, IsComplainantAccused) VALUES (29, 58, 1, '2024-03-26', 1, 4, 12, 23, 4, 68, 1, 0);
INSERT INTO inv_arrestsurrenderaccused (ArrestSurrenderID, AccusedMasterID) VALUES (29, 68);
INSERT INTO inv_arrestsurrenderaccused (ArrestSurrenderID, AccusedMasterID) VALUES (29, 69);
INSERT INTO ChargesheetDetails (CSID, CaseMasterID, csdate, cstype, PolicePersonID) VALUES (46, 58, '2024-05-07 13:00:00', 'A', 23);
INSERT INTO CaseMaster (CaseMasterID, CrimeNo, CaseNo, CrimeRegisteredDate, PolicePersonID, PoliceStationID, CaseCategoryID, GravityOffenceID, CrimeMajorHeadID, CrimeMinorHeadID, CaseStatusID, CourtID, IncidentFromDate, IncidentToDate, InfoReceivedPSDate, latitude, longitude, BriefFacts) VALUES (59, '100020008202400059', '202400059', '2024-02-04', 15, 8, 1, 3, 3, 6, 2, 2, '2024-02-04 11:00:00', '2024-02-04 12:00:00', '2024-02-04 11:00:00', 12.344284, 76.618972, 'Complainant reported a suspected online financial fraud incident near the central market. The matter was registered at Vijayanagar Police Station Mysuru and assigned to Sunil Kulkarni.');
INSERT INTO Inv_OccuranceTime (CaseMasterID, IncidentFromDate, IncidentToDate, latitude, longitude, PlaceOfOccurrence) VALUES (59, '2024-02-04 11:00:00', '2024-02-04 12:00:00', 12.344284, 76.618972, 'Near the central market, Vijayanagar Mysuru');
INSERT INTO ComplainantDetails (ComplainantID, CaseMasterID, ComplainantName, AgeYear, OccupationID, ReligionID, CasteID, GenderID) VALUES (59, 59, 'Latha Hegde', 55, 2, 4, 3, 2);
INSERT INTO ActSectionAssociation (CaseMasterID, ActID, SectionID, ActOrderID, SectionOrderID) VALUES (59, 'IT_ACT', '66D', 1, 1);
INSERT INTO Victim (VictimMasterID, CaseMasterID, VictimName, AgeYear, GenderID, VictimPolice) VALUES (59, 59, 'Kiran Gowda', 20, 1, '0');
INSERT INTO Accused (AccusedMasterID, CaseMasterID, AccusedName, AgeYear, GenderID, PersonID) VALUES (70, 59, 'Shiva X. Shetty', 29, 1, 'A1');
INSERT INTO ChargesheetDetails (CSID, CaseMasterID, csdate, cstype, PolicePersonID) VALUES (47, 59, '2024-03-05 10:00:00', 'A', 15);
INSERT INTO CaseMaster (CaseMasterID, CrimeNo, CaseNo, CrimeRegisteredDate, PolicePersonID, PoliceStationID, CaseCategoryID, GravityOffenceID, CrimeMajorHeadID, CrimeMinorHeadID, CaseStatusID, CourtID, IncidentFromDate, IncidentToDate, InfoReceivedPSDate, latitude, longitude, BriefFacts) VALUES (60, '100010004202400060', '202400060', '2024-02-15', 7, 4, 1, 3, 1, 1, 2, 1, '2024-02-15 07:00:00', '2024-02-15 08:00:00', '2024-02-15 07:00:00', 12.918293, 77.600522, 'Control room information regarding automobile theft was received from beside a metro approach road. IO Kiran Bhat opened the investigation and secured preliminary evidence.');
INSERT INTO Inv_OccuranceTime (CaseMasterID, IncidentFromDate, IncidentToDate, latitude, longitude, PlaceOfOccurrence) VALUES (60, '2024-02-15 07:00:00', '2024-02-15 08:00:00', 12.918293, 77.600522, 'Beside a metro approach road, Jayanagar');
INSERT INTO ComplainantDetails (ComplainantID, CaseMasterID, ComplainantName, AgeYear, OccupationID, ReligionID, CasteID, GenderID) VALUES (60, 60, 'Deepak Fernandes', 23, 2, 3, 4, 1);
INSERT INTO ActSectionAssociation (CaseMasterID, ActID, SectionID, ActOrderID, SectionOrderID) VALUES (60, 'IPC', '379', 1, 1);
INSERT INTO Victim (VictimMasterID, CaseMasterID, VictimName, AgeYear, GenderID, VictimPolice) VALUES (60, 60, 'Rajesh Joshi', 21, 2, '0');
INSERT INTO Accused (AccusedMasterID, CaseMasterID, AccusedName, AgeYear, GenderID, PersonID) VALUES (71, 60, 'Dharma E. Reddy', 30, 1, 'A1');
INSERT INTO ChargesheetDetails (CSID, CaseMasterID, csdate, cstype, PolicePersonID) VALUES (48, 60, '2024-03-14 15:00:00', 'A', 7);
INSERT INTO CaseMaster (CaseMasterID, CrimeNo, CaseNo, CrimeRegisteredDate, PolicePersonID, PoliceStationID, CaseCategoryID, GravityOffenceID, CrimeMajorHeadID, CrimeMinorHeadID, CaseStatusID, CourtID, IncidentFromDate, IncidentToDate, InfoReceivedPSDate, latitude, longitude, BriefFacts) VALUES (61, '100040014202400061', '202400061', '2024-02-26', 27, 14, 1, 3, 3, 7, 2, 4, '2024-02-26 10:00:00', '2024-02-26 13:00:00', '2024-02-26 10:00:00', 15.463901, 75.018380, 'Complainant reported a suspected identity theft incident near the central market. The matter was registered at Suburban Police Station Dharwad and assigned to Anitha Pawar.');
INSERT INTO Inv_OccuranceTime (CaseMasterID, IncidentFromDate, IncidentToDate, latitude, longitude, PlaceOfOccurrence) VALUES (61, '2024-02-26 10:00:00', '2024-02-26 13:00:00', 15.463901, 75.018380, 'Near the central market, Suburban Dharwad');
INSERT INTO ComplainantDetails (ComplainantID, CaseMasterID, ComplainantName, AgeYear, OccupationID, ReligionID, CasteID, GenderID) VALUES (61, 61, 'Anand Joshi', 48, 5, 5, 5, 1);
INSERT INTO ActSectionAssociation (CaseMasterID, ActID, SectionID, ActOrderID, SectionOrderID) VALUES (61, 'IT_ACT', '66D', 1, 1);
INSERT INTO Victim (VictimMasterID, CaseMasterID, VictimName, AgeYear, GenderID, VictimPolice) VALUES (61, 61, 'Divya Naik', 55, 2, '0');
INSERT INTO Accused (AccusedMasterID, CaseMasterID, AccusedName, AgeYear, GenderID, PersonID) VALUES (72, 61, 'Yogesh L. Kumar', 30, 1, 'A1');
INSERT INTO Accused (AccusedMasterID, CaseMasterID, AccusedName, AgeYear, GenderID, PersonID) VALUES (73, 61, 'Tukaram W. Salim', 23, 1, 'A2');
INSERT INTO ArrestSurrender (ArrestSurrenderID, CaseMasterID, ArrestSurrenderTypeID, ArrestSurrenderDate, ArrestSurrenderStateId, ArrestSurrenderDistrictId, PoliceStationID, IOID, CourtID, AccusedMasterID, IsAccused, IsComplainantAccused) VALUES (30, 61, 1, '2024-03-13', 1, 4, 14, 27, 4, 72, 1, 0);
INSERT INTO inv_arrestsurrenderaccused (ArrestSurrenderID, AccusedMasterID) VALUES (30, 72);
INSERT INTO inv_arrestsurrenderaccused (ArrestSurrenderID, AccusedMasterID) VALUES (30, 73);
INSERT INTO ChargesheetDetails (CSID, CaseMasterID, csdate, cstype, PolicePersonID) VALUES (49, 61, '2024-05-18 09:00:00', 'A', 27);
INSERT INTO CaseMaster (CaseMasterID, CrimeNo, CaseNo, CrimeRegisteredDate, PolicePersonID, PoliceStationID, CaseCategoryID, GravityOffenceID, CrimeMajorHeadID, CrimeMinorHeadID, CaseStatusID, CourtID, IncidentFromDate, IncidentToDate, InfoReceivedPSDate, latitude, longitude, BriefFacts) VALUES (62, '100010001202400062', '202400062', '2024-02-09', 1, 1, 1, 3, 4, 8, 3, 1, '2024-02-09 11:00:00', '2024-02-09 13:00:00', '2024-02-09 11:00:00', 12.972842, 77.643896, 'Cheating reported near a bus stop within Indiranagar Police Station limits. Suresh Kambali recorded statements and initiated scene verification.');
INSERT INTO Inv_OccuranceTime (CaseMasterID, IncidentFromDate, IncidentToDate, latitude, longitude, PlaceOfOccurrence) VALUES (62, '2024-02-09 11:00:00', '2024-02-09 13:00:00', 12.972842, 77.643896, 'Near a bus stop, Indiranagar');
INSERT INTO ComplainantDetails (ComplainantID, CaseMasterID, ComplainantName, AgeYear, OccupationID, ReligionID, CasteID, GenderID) VALUES (62, 62, 'Nandini Poojary', 23, 1, 4, 4, 1);
INSERT INTO ActSectionAssociation (CaseMasterID, ActID, SectionID, ActOrderID, SectionOrderID) VALUES (62, 'IPC', '420', 1, 1);
INSERT INTO Victim (VictimMasterID, CaseMasterID, VictimName, AgeYear, GenderID, VictimPolice) VALUES (62, 62, 'Praveen Joshi', 52, 1, '0');
INSERT INTO Accused (AccusedMasterID, CaseMasterID, AccusedName, AgeYear, GenderID, PersonID) VALUES (74, 62, 'Pandu S. Verma', 23, 1, 'A1');
INSERT INTO ChargesheetDetails (CSID, CaseMasterID, csdate, cstype, PolicePersonID) VALUES (50, 62, '2024-04-11 10:00:00', 'A', 1);
INSERT INTO CaseMaster (CaseMasterID, CrimeNo, CaseNo, CrimeRegisteredDate, PolicePersonID, PoliceStationID, CaseCategoryID, GravityOffenceID, CrimeMajorHeadID, CrimeMinorHeadID, CaseStatusID, CourtID, IncidentFromDate, IncidentToDate, InfoReceivedPSDate, latitude, longitude, BriefFacts) VALUES (63, '100010001202400063', '202400063', '2024-02-20', 1, 1, 1, 3, 1, 3, 1, 1, '2024-02-20 23:00:00', '2024-02-20 02:00:00', '2024-02-20 23:00:00', 12.970799, 77.641723, 'Chain Snatching reported on a residential cross road within Indiranagar Police Station limits. Suresh Kambali recorded statements and initiated scene verification.');
INSERT INTO Inv_OccuranceTime (CaseMasterID, IncidentFromDate, IncidentToDate, latitude, longitude, PlaceOfOccurrence) VALUES (63, '2024-02-20 23:00:00', '2024-02-20 02:00:00', 12.970799, 77.641723, 'On a residential cross road, Indiranagar');
INSERT INTO ComplainantDetails (ComplainantID, CaseMasterID, ComplainantName, AgeYear, OccupationID, ReligionID, CasteID, GenderID) VALUES (63, 63, 'Anand Bhat', 49, 3, 3, 1, 2);
INSERT INTO ActSectionAssociation (CaseMasterID, ActID, SectionID, ActOrderID, SectionOrderID) VALUES (63, 'IPC', '379', 1, 1);
INSERT INTO Victim (VictimMasterID, CaseMasterID, VictimName, AgeYear, GenderID, VictimPolice) VALUES (63, 63, 'Roshan Naik', 37, 1, '0');
INSERT INTO Accused (AccusedMasterID, CaseMasterID, AccusedName, AgeYear, GenderID, PersonID) VALUES (75, 63, 'Tukaram Z. Gowda', 30, 1, 'A1');
INSERT INTO CaseMaster (CaseMasterID, CrimeNo, CaseNo, CrimeRegisteredDate, PolicePersonID, PoliceStationID, CaseCategoryID, GravityOffenceID, CrimeMajorHeadID, CrimeMinorHeadID, CaseStatusID, CourtID, IncidentFromDate, IncidentToDate, InfoReceivedPSDate, latitude, longitude, BriefFacts) VALUES (64, '100030009202400064', '202400064', '2024-02-03', 17, 9, 1, 3, 1, 1, 4, 3, '2024-02-03 07:00:00', '2024-02-03 09:00:00', '2024-02-03 07:00:00', 12.882150, 74.846846, 'Control room information regarding automobile theft was received from close to a residential layout. IO Basavaraj Patil opened the investigation and secured preliminary evidence.');
INSERT INTO Inv_OccuranceTime (CaseMasterID, IncidentFromDate, IncidentToDate, latitude, longitude, PlaceOfOccurrence) VALUES (64, '2024-02-03 07:00:00', '2024-02-03 09:00:00', 12.882150, 74.846846, 'Close to a residential layout, Kadri');
INSERT INTO ComplainantDetails (ComplainantID, CaseMasterID, ComplainantName, AgeYear, OccupationID, ReligionID, CasteID, GenderID) VALUES (64, 64, 'Kavitha Gowda', 72, 1, 5, 5, 2);
INSERT INTO ActSectionAssociation (CaseMasterID, ActID, SectionID, ActOrderID, SectionOrderID) VALUES (64, 'IPC', '379', 1, 1);
INSERT INTO Victim (VictimMasterID, CaseMasterID, VictimName, AgeYear, GenderID, VictimPolice) VALUES (64, 64, 'Ganesh Shetty', 71, 1, '0');
INSERT INTO Accused (AccusedMasterID, CaseMasterID, AccusedName, AgeYear, GenderID, PersonID) VALUES (76, 64, 'Jagga G. Verma', 31, 1, 'A1');
INSERT INTO ChargesheetDetails (CSID, CaseMasterID, csdate, cstype, PolicePersonID) VALUES (51, 64, '2024-05-05 14:00:00', 'A', 17);
INSERT INTO CaseMaster (CaseMasterID, CrimeNo, CaseNo, CrimeRegisteredDate, PolicePersonID, PoliceStationID, CaseCategoryID, GravityOffenceID, CrimeMajorHeadID, CrimeMinorHeadID, CaseStatusID, CourtID, IncidentFromDate, IncidentToDate, InfoReceivedPSDate, latitude, longitude, BriefFacts) VALUES (65, '100020006202400065', '202400065', '2024-02-14', 11, 6, 1, 2, 2, 5, 4, 2, '2024-02-14 19:00:00', '2024-02-14 22:00:00', '2024-02-14 19:00:00', 12.301624, 76.661641, 'Complainant reported a suspected grievous hurt incident on the ring road service lane. The matter was registered at Devaraja Police Station and assigned to Anitha Gowda.');
INSERT INTO Inv_OccuranceTime (CaseMasterID, IncidentFromDate, IncidentToDate, latitude, longitude, PlaceOfOccurrence) VALUES (65, '2024-02-14 19:00:00', '2024-02-14 22:00:00', 12.301624, 76.661641, 'On the ring road service lane, Devaraja');
INSERT INTO ComplainantDetails (ComplainantID, CaseMasterID, ComplainantName, AgeYear, OccupationID, ReligionID, CasteID, GenderID) VALUES (65, 65, 'Radha Poojary', 46, 3, 4, 5, 1);
INSERT INTO ActSectionAssociation (CaseMasterID, ActID, SectionID, ActOrderID, SectionOrderID) VALUES (65, 'IPC', '302', 1, 1);
INSERT INTO Victim (VictimMasterID, CaseMasterID, VictimName, AgeYear, GenderID, VictimPolice) VALUES (65, 65, 'Ganesh Hegde', 58, 1, '0');
INSERT INTO Accused (AccusedMasterID, CaseMasterID, AccusedName, AgeYear, GenderID, PersonID) VALUES (77, 65, 'Pandu N. Shetty', 43, 1, 'A1');
INSERT INTO ChargesheetDetails (CSID, CaseMasterID, csdate, cstype, PolicePersonID) VALUES (52, 65, '2024-04-13 14:00:00', 'A', 11);
INSERT INTO CaseMaster (CaseMasterID, CrimeNo, CaseNo, CrimeRegisteredDate, PolicePersonID, PoliceStationID, CaseCategoryID, GravityOffenceID, CrimeMajorHeadID, CrimeMinorHeadID, CaseStatusID, CourtID, IncidentFromDate, IncidentToDate, InfoReceivedPSDate, latitude, longitude, BriefFacts) VALUES (66, '100010001202400066', '202400066', '2024-02-25', 1, 1, 1, 1, 2, 5, 2, 1, '2024-02-25 07:00:00', '2024-02-25 08:00:00', '2024-02-25 07:00:00', 12.988604, 77.648014, 'Grievous Hurt reported beside a metro approach road within Indiranagar Police Station limits. Suresh Kambali recorded statements and initiated scene verification.');
INSERT INTO Inv_OccuranceTime (CaseMasterID, IncidentFromDate, IncidentToDate, latitude, longitude, PlaceOfOccurrence) VALUES (66, '2024-02-25 07:00:00', '2024-02-25 08:00:00', 12.988604, 77.648014, 'Beside a metro approach road, Indiranagar');
INSERT INTO ComplainantDetails (ComplainantID, CaseMasterID, ComplainantName, AgeYear, OccupationID, ReligionID, CasteID, GenderID) VALUES (66, 66, 'Deepak Patil', 27, 6, 4, 4, 2);
INSERT INTO ActSectionAssociation (CaseMasterID, ActID, SectionID, ActOrderID, SectionOrderID) VALUES (66, 'IPC', '302', 1, 1);
INSERT INTO Victim (VictimMasterID, CaseMasterID, VictimName, AgeYear, GenderID, VictimPolice) VALUES (66, 66, 'Manoj Fernandes', 48, 2, '0');
INSERT INTO Accused (AccusedMasterID, CaseMasterID, AccusedName, AgeYear, GenderID, PersonID) VALUES (78, 66, 'Jagga U. Verma', 44, 1, 'A1');
INSERT INTO ArrestSurrender (ArrestSurrenderID, CaseMasterID, ArrestSurrenderTypeID, ArrestSurrenderDate, ArrestSurrenderStateId, ArrestSurrenderDistrictId, PoliceStationID, IOID, CourtID, AccusedMasterID, IsAccused, IsComplainantAccused) VALUES (31, 66, 1, '2024-03-02', 1, 1, 1, 1, 1, 78, 1, 0);
INSERT INTO inv_arrestsurrenderaccused (ArrestSurrenderID, AccusedMasterID) VALUES (31, 78);
INSERT INTO ChargesheetDetails (CSID, CaseMasterID, csdate, cstype, PolicePersonID) VALUES (53, 66, '2024-04-01 16:00:00', 'A', 1);
INSERT INTO CaseMaster (CaseMasterID, CrimeNo, CaseNo, CrimeRegisteredDate, PolicePersonID, PoliceStationID, CaseCategoryID, GravityOffenceID, CrimeMajorHeadID, CrimeMinorHeadID, CaseStatusID, CourtID, IncidentFromDate, IncidentToDate, InfoReceivedPSDate, latitude, longitude, BriefFacts) VALUES (67, '100010004202400067', '202400067', '2024-02-08', 7, 4, 1, 3, 1, 3, 3, 1, '2024-02-08 19:00:00', '2024-02-08 22:00:00', '2024-02-08 19:00:00', 12.916877, 77.596391, 'Complainant reported a suspected chain snatching incident near a bus stop. The matter was registered at Jayanagar Police Station and assigned to Kiran Bhat.');
INSERT INTO Inv_OccuranceTime (CaseMasterID, IncidentFromDate, IncidentToDate, latitude, longitude, PlaceOfOccurrence) VALUES (67, '2024-02-08 19:00:00', '2024-02-08 22:00:00', 12.916877, 77.596391, 'Near a bus stop, Jayanagar');
INSERT INTO ComplainantDetails (ComplainantID, CaseMasterID, ComplainantName, AgeYear, OccupationID, ReligionID, CasteID, GenderID) VALUES (67, 67, 'Chetan Hegde', 23, 7, 2, 4, 1);
INSERT INTO ActSectionAssociation (CaseMasterID, ActID, SectionID, ActOrderID, SectionOrderID) VALUES (67, 'IPC', '379', 1, 1);
INSERT INTO Victim (VictimMasterID, CaseMasterID, VictimName, AgeYear, GenderID, VictimPolice) VALUES (67, 67, 'Praveen Bhat', 48, 1, '0');
INSERT INTO Accused (AccusedMasterID, CaseMasterID, AccusedName, AgeYear, GenderID, PersonID) VALUES (79, 67, 'Mohan B. Pashan', 42, 1, 'A1');
INSERT INTO ChargesheetDetails (CSID, CaseMasterID, csdate, cstype, PolicePersonID) VALUES (54, 67, '2024-05-04 12:00:00', 'A', 7);
INSERT INTO CaseMaster (CaseMasterID, CrimeNo, CaseNo, CrimeRegisteredDate, PolicePersonID, PoliceStationID, CaseCategoryID, GravityOffenceID, CrimeMajorHeadID, CrimeMinorHeadID, CaseStatusID, CourtID, IncidentFromDate, IncidentToDate, InfoReceivedPSDate, latitude, longitude, BriefFacts) VALUES (68, '100010002202400068', '202400068', '2024-02-19', 3, 2, 1, 3, 1, 1, 4, 1, '2024-02-19 17:00:00', '2024-02-19 19:00:00', '2024-02-19 17:00:00', 12.936748, 77.625647, 'Koramangala Police Station registered the case after an incident on a residential cross road. Initial CCTV, witness, and digital-evidence checks were assigned to IO Prakash Jadhav.');
INSERT INTO Inv_OccuranceTime (CaseMasterID, IncidentFromDate, IncidentToDate, latitude, longitude, PlaceOfOccurrence) VALUES (68, '2024-02-19 17:00:00', '2024-02-19 19:00:00', 12.936748, 77.625647, 'On a residential cross road, Koramangala');
INSERT INTO ComplainantDetails (ComplainantID, CaseMasterID, ComplainantName, AgeYear, OccupationID, ReligionID, CasteID, GenderID) VALUES (68, 68, 'Naveena Gowda', 46, 6, 1, 4, 2);
INSERT INTO ActSectionAssociation (CaseMasterID, ActID, SectionID, ActOrderID, SectionOrderID) VALUES (68, 'IPC', '379', 1, 1);
INSERT INTO Victim (VictimMasterID, CaseMasterID, VictimName, AgeYear, GenderID, VictimPolice) VALUES (68, 68, 'Chaitra Murthy', 61, 1, '0');
INSERT INTO Accused (AccusedMasterID, CaseMasterID, AccusedName, AgeYear, GenderID, PersonID) VALUES (80, 68, 'Shiva I. Salim', 43, 1, 'A1');
INSERT INTO ChargesheetDetails (CSID, CaseMasterID, csdate, cstype, PolicePersonID) VALUES (55, 68, '2024-03-18 13:00:00', 'A', 3);
INSERT INTO CaseMaster (CaseMasterID, CrimeNo, CaseNo, CrimeRegisteredDate, PolicePersonID, PoliceStationID, CaseCategoryID, GravityOffenceID, CrimeMajorHeadID, CrimeMinorHeadID, CaseStatusID, CourtID, IncidentFromDate, IncidentToDate, InfoReceivedPSDate, latitude, longitude, BriefFacts) VALUES (69, '100030009202400069', '202400069', '2024-02-02', 17, 9, 1, 1, 5, 9, 1, 3, '2024-02-02 20:00:00', '2024-02-02 22:00:00', '2024-02-02 20:00:00', 12.884530, 74.853640, 'Ganja Possession reported on the ring road service lane within Kadri Police Station limits. Basavaraj Patil recorded statements and initiated scene verification.');
INSERT INTO Inv_OccuranceTime (CaseMasterID, IncidentFromDate, IncidentToDate, latitude, longitude, PlaceOfOccurrence) VALUES (69, '2024-02-02 20:00:00', '2024-02-02 22:00:00', 12.884530, 74.853640, 'On the ring road service lane, Kadri');
INSERT INTO ComplainantDetails (ComplainantID, CaseMasterID, ComplainantName, AgeYear, OccupationID, ReligionID, CasteID, GenderID) VALUES (69, 69, 'Meena Bhat', 51, 1, 4, 3, 1);
INSERT INTO ActSectionAssociation (CaseMasterID, ActID, SectionID, ActOrderID, SectionOrderID) VALUES (69, 'NDPS', '20', 1, 1);
INSERT INTO Victim (VictimMasterID, CaseMasterID, VictimName, AgeYear, GenderID, VictimPolice) VALUES (69, 69, 'Fathima Murthy', 49, 2, '0');
INSERT INTO Accused (AccusedMasterID, CaseMasterID, AccusedName, AgeYear, GenderID, PersonID) VALUES (81, 69, 'Tukaram P. Kumar', 38, 1, 'A1');
INSERT INTO ArrestSurrender (ArrestSurrenderID, CaseMasterID, ArrestSurrenderTypeID, ArrestSurrenderDate, ArrestSurrenderStateId, ArrestSurrenderDistrictId, PoliceStationID, IOID, CourtID, AccusedMasterID, IsAccused, IsComplainantAccused) VALUES (32, 69, 1, '2024-02-14', 1, 3, 9, 17, 3, 81, 1, 0);
INSERT INTO inv_arrestsurrenderaccused (ArrestSurrenderID, AccusedMasterID) VALUES (32, 81);
INSERT INTO CaseMaster (CaseMasterID, CrimeNo, CaseNo, CrimeRegisteredDate, PolicePersonID, PoliceStationID, CaseCategoryID, GravityOffenceID, CrimeMajorHeadID, CrimeMinorHeadID, CaseStatusID, CourtID, IncidentFromDate, IncidentToDate, InfoReceivedPSDate, latitude, longitude, BriefFacts) VALUES (70, '100010004202400070', '202400070', '2024-02-13', 7, 4, 1, 3, 1, 1, 1, 1, '2024-02-13 11:00:00', '2024-02-13 14:00:00', '2024-02-13 11:00:00', 12.935110, 77.587169, 'Automobile Theft reported on a residential cross road within Jayanagar Police Station limits. Kiran Bhat recorded statements and initiated scene verification.');
INSERT INTO Inv_OccuranceTime (CaseMasterID, IncidentFromDate, IncidentToDate, latitude, longitude, PlaceOfOccurrence) VALUES (70, '2024-02-13 11:00:00', '2024-02-13 14:00:00', 12.935110, 77.587169, 'On a residential cross road, Jayanagar');
INSERT INTO ComplainantDetails (ComplainantID, CaseMasterID, ComplainantName, AgeYear, OccupationID, ReligionID, CasteID, GenderID) VALUES (70, 70, 'Naveena Patil', 41, 2, 3, 5, 1);
INSERT INTO ActSectionAssociation (CaseMasterID, ActID, SectionID, ActOrderID, SectionOrderID) VALUES (70, 'IPC', '379', 1, 1);
INSERT INTO Victim (VictimMasterID, CaseMasterID, VictimName, AgeYear, GenderID, VictimPolice) VALUES (70, 70, 'Vinay Shetty', 68, 2, '0');
INSERT INTO Accused (AccusedMasterID, CaseMasterID, AccusedName, AgeYear, GenderID, PersonID) VALUES (82, 70, 'Mantu W. Gowda', 37, 1, 'A1');
INSERT INTO CaseMaster (CaseMasterID, CrimeNo, CaseNo, CrimeRegisteredDate, PolicePersonID, PoliceStationID, CaseCategoryID, GravityOffenceID, CrimeMajorHeadID, CrimeMinorHeadID, CaseStatusID, CourtID, IncidentFromDate, IncidentToDate, InfoReceivedPSDate, latitude, longitude, BriefFacts) VALUES (71, '100020008202400071', '202400071', '2024-02-24', 15, 8, 1, 3, 2, 5, 2, 2, '2024-02-24 08:00:00', '2024-02-24 10:00:00', '2024-02-24 08:00:00', 12.340630, 76.611033, 'Control room information regarding grievous hurt was received from close to a residential layout. IO Sunil Kulkarni opened the investigation and secured preliminary evidence.');
INSERT INTO Inv_OccuranceTime (CaseMasterID, IncidentFromDate, IncidentToDate, latitude, longitude, PlaceOfOccurrence) VALUES (71, '2024-02-24 08:00:00', '2024-02-24 10:00:00', 12.340630, 76.611033, 'Close to a residential layout, Vijayanagar Mysuru');
INSERT INTO ComplainantDetails (ComplainantID, CaseMasterID, ComplainantName, AgeYear, OccupationID, ReligionID, CasteID, GenderID) VALUES (71, 71, 'Joel Murthy', 32, 3, 1, 1, 1);
INSERT INTO ActSectionAssociation (CaseMasterID, ActID, SectionID, ActOrderID, SectionOrderID) VALUES (71, 'IPC', '302', 1, 1);
INSERT INTO Victim (VictimMasterID, CaseMasterID, VictimName, AgeYear, GenderID, VictimPolice) VALUES (71, 71, 'Vinay Bhat', 38, 1, '0');
INSERT INTO Accused (AccusedMasterID, CaseMasterID, AccusedName, AgeYear, GenderID, PersonID) VALUES (83, 71, 'Rohit D. Salim', 39, 1, 'A1');
INSERT INTO ChargesheetDetails (CSID, CaseMasterID, csdate, cstype, PolicePersonID) VALUES (56, 71, '2024-03-25 15:00:00', 'A', 15);
INSERT INTO CaseMaster (CaseMasterID, CrimeNo, CaseNo, CrimeRegisteredDate, PolicePersonID, PoliceStationID, CaseCategoryID, GravityOffenceID, CrimeMajorHeadID, CrimeMinorHeadID, CaseStatusID, CourtID, IncidentFromDate, IncidentToDate, InfoReceivedPSDate, latitude, longitude, BriefFacts) VALUES (72, '100020006202400072', '202400072', '2024-02-07', 11, 6, 1, 3, 3, 6, 3, 2, '2024-02-07 12:00:00', '2024-02-07 15:00:00', '2024-02-07 12:00:00', 12.307594, 76.652512, 'Devaraja Police Station registered the case after an incident near the inter-city bus stand. Initial CCTV, witness, and digital-evidence checks were assigned to IO Anitha Gowda.');
INSERT INTO Inv_OccuranceTime (CaseMasterID, IncidentFromDate, IncidentToDate, latitude, longitude, PlaceOfOccurrence) VALUES (72, '2024-02-07 12:00:00', '2024-02-07 15:00:00', 12.307594, 76.652512, 'Near the inter-city bus stand, Devaraja');
INSERT INTO ComplainantDetails (ComplainantID, CaseMasterID, ComplainantName, AgeYear, OccupationID, ReligionID, CasteID, GenderID) VALUES (72, 72, 'Pooja Naik', 43, 3, 1, 3, 2);
INSERT INTO ActSectionAssociation (CaseMasterID, ActID, SectionID, ActOrderID, SectionOrderID) VALUES (72, 'IT_ACT', '66D', 1, 1);
INSERT INTO Victim (VictimMasterID, CaseMasterID, VictimName, AgeYear, GenderID, VictimPolice) VALUES (72, 72, 'Fathima Shetty', 21, 2, '0');
INSERT INTO Accused (AccusedMasterID, CaseMasterID, AccusedName, AgeYear, GenderID, PersonID) VALUES (84, 72, 'Sameer K. Reddy', 43, 1, 'A1');
INSERT INTO Accused (AccusedMasterID, CaseMasterID, AccusedName, AgeYear, GenderID, PersonID) VALUES (85, 72, 'Altaf V. Shaikh', 39, 1, 'A2');
INSERT INTO ChargesheetDetails (CSID, CaseMasterID, csdate, cstype, PolicePersonID) VALUES (57, 72, '2024-03-28 12:00:00', 'A', 11);
INSERT INTO CaseMaster (CaseMasterID, CrimeNo, CaseNo, CrimeRegisteredDate, PolicePersonID, PoliceStationID, CaseCategoryID, GravityOffenceID, CrimeMajorHeadID, CrimeMinorHeadID, CaseStatusID, CourtID, IncidentFromDate, IncidentToDate, InfoReceivedPSDate, latitude, longitude, BriefFacts) VALUES (73, '100010001202400073', '202400073', '2024-02-18', 1, 1, 1, 2, 3, 6, 2, 1, '2024-02-18 16:00:00', '2024-02-18 18:00:00', '2024-02-18 16:00:00', 12.981310, 77.635405, 'Complainant reported a suspected online financial fraud incident near a market entrance. The matter was registered at Indiranagar Police Station and assigned to Suresh Kambali.');
INSERT INTO Inv_OccuranceTime (CaseMasterID, IncidentFromDate, IncidentToDate, latitude, longitude, PlaceOfOccurrence) VALUES (73, '2024-02-18 16:00:00', '2024-02-18 18:00:00', 12.981310, 77.635405, 'Near a market entrance, Indiranagar');
INSERT INTO ComplainantDetails (ComplainantID, CaseMasterID, ComplainantName, AgeYear, OccupationID, ReligionID, CasteID, GenderID) VALUES (73, 73, 'Pooja Shetty', 70, 1, 1, 5, 2);
INSERT INTO ActSectionAssociation (CaseMasterID, ActID, SectionID, ActOrderID, SectionOrderID) VALUES (73, 'IT_ACT', '66D', 1, 1);
INSERT INTO Victim (VictimMasterID, CaseMasterID, VictimName, AgeYear, GenderID, VictimPolice) VALUES (73, 73, 'Fathima Khan', 54, 2, '0');
INSERT INTO Accused (AccusedMasterID, CaseMasterID, AccusedName, AgeYear, GenderID, PersonID) VALUES (86, 73, 'Pandu R. Verma', 39, 1, 'A1');
INSERT INTO ArrestSurrender (ArrestSurrenderID, CaseMasterID, ArrestSurrenderTypeID, ArrestSurrenderDate, ArrestSurrenderStateId, ArrestSurrenderDistrictId, PoliceStationID, IOID, CourtID, AccusedMasterID, IsAccused, IsComplainantAccused) VALUES (33, 73, 1, '2024-03-01', 1, 1, 1, 1, 1, 86, 1, 0);
INSERT INTO inv_arrestsurrenderaccused (ArrestSurrenderID, AccusedMasterID) VALUES (33, 86);
INSERT INTO ChargesheetDetails (CSID, CaseMasterID, csdate, cstype, PolicePersonID) VALUES (58, 73, '2024-03-17 13:00:00', 'A', 1);
INSERT INTO CaseMaster (CaseMasterID, CrimeNo, CaseNo, CrimeRegisteredDate, PolicePersonID, PoliceStationID, CaseCategoryID, GravityOffenceID, CrimeMajorHeadID, CrimeMinorHeadID, CaseStatusID, CourtID, IncidentFromDate, IncidentToDate, InfoReceivedPSDate, latitude, longitude, BriefFacts) VALUES (74, '100030011202400074', '202400074', '2024-02-01', 21, 11, 4, 2, 3, 6, 1, 3, '2024-02-01 12:00:00', '2024-02-01 15:00:00', '2024-02-01 12:00:00', 12.894550, 74.834744, 'Online Financial Fraud reported close to a residential layout within Urwa Police Station limits. Vijay Gowda recorded statements and initiated scene verification.');
INSERT INTO Inv_OccuranceTime (CaseMasterID, IncidentFromDate, IncidentToDate, latitude, longitude, PlaceOfOccurrence) VALUES (74, '2024-02-01 12:00:00', '2024-02-01 15:00:00', 12.894550, 74.834744, 'Close to a residential layout, Urwa');
INSERT INTO ComplainantDetails (ComplainantID, CaseMasterID, ComplainantName, AgeYear, OccupationID, ReligionID, CasteID, GenderID) VALUES (74, 74, 'Eshwar Rao', 58, 4, 4, 5, 2);
INSERT INTO ActSectionAssociation (CaseMasterID, ActID, SectionID, ActOrderID, SectionOrderID) VALUES (74, 'IT_ACT', '66D', 1, 1);
INSERT INTO Victim (VictimMasterID, CaseMasterID, VictimName, AgeYear, GenderID, VictimPolice) VALUES (74, 74, 'Tarun Rao', 70, 1, '0');
INSERT INTO Accused (AccusedMasterID, CaseMasterID, AccusedName, AgeYear, GenderID, PersonID) VALUES (87, 74, 'Sameer Y. Shetty', 30, 1, 'A1');
INSERT INTO CaseMaster (CaseMasterID, CrimeNo, CaseNo, CrimeRegisteredDate, PolicePersonID, PoliceStationID, CaseCategoryID, GravityOffenceID, CrimeMajorHeadID, CrimeMinorHeadID, CaseStatusID, CourtID, IncidentFromDate, IncidentToDate, InfoReceivedPSDate, latitude, longitude, BriefFacts) VALUES (75, '100010001202400075', '202400075', '2024-02-12', 1, 1, 3, 2, 1, 1, 4, 1, '2024-02-12 12:00:00', '2024-02-12 15:00:00', '2024-02-12 12:00:00', 12.979283, 77.643258, 'Control room information regarding automobile theft was received from outside a commercial complex. IO Suresh Kambali opened the investigation and secured preliminary evidence.');
INSERT INTO Inv_OccuranceTime (CaseMasterID, IncidentFromDate, IncidentToDate, latitude, longitude, PlaceOfOccurrence) VALUES (75, '2024-02-12 12:00:00', '2024-02-12 15:00:00', 12.979283, 77.643258, 'Outside a commercial complex, Indiranagar');
INSERT INTO ComplainantDetails (ComplainantID, CaseMasterID, ComplainantName, AgeYear, OccupationID, ReligionID, CasteID, GenderID) VALUES (75, 75, 'Naveena Poojary', 25, 4, 5, 5, 2);
INSERT INTO ActSectionAssociation (CaseMasterID, ActID, SectionID, ActOrderID, SectionOrderID) VALUES (75, 'IPC', '379', 1, 1);
INSERT INTO Victim (VictimMasterID, CaseMasterID, VictimName, AgeYear, GenderID, VictimPolice) VALUES (75, 75, 'Arun Hegde', 16, 2, '0');
INSERT INTO Accused (AccusedMasterID, CaseMasterID, AccusedName, AgeYear, GenderID, PersonID) VALUES (88, 75, 'Pandu F. Salim', 44, 1, 'A1');
INSERT INTO ArrestSurrender (ArrestSurrenderID, CaseMasterID, ArrestSurrenderTypeID, ArrestSurrenderDate, ArrestSurrenderStateId, ArrestSurrenderDistrictId, PoliceStationID, IOID, CourtID, AccusedMasterID, IsAccused, IsComplainantAccused) VALUES (34, 75, 1, '2024-03-03', 1, 1, 1, 1, 1, 88, 1, 0);
INSERT INTO inv_arrestsurrenderaccused (ArrestSurrenderID, AccusedMasterID) VALUES (34, 88);
INSERT INTO ChargesheetDetails (CSID, CaseMasterID, csdate, cstype, PolicePersonID) VALUES (59, 75, '2024-05-03 13:00:00', 'A', 1);
INSERT INTO CaseMaster (CaseMasterID, CrimeNo, CaseNo, CrimeRegisteredDate, PolicePersonID, PoliceStationID, CaseCategoryID, GravityOffenceID, CrimeMajorHeadID, CrimeMinorHeadID, CaseStatusID, CourtID, IncidentFromDate, IncidentToDate, InfoReceivedPSDate, latitude, longitude, BriefFacts) VALUES (76, '100020008202400076', '202400076', '2024-02-23', 15, 8, 1, 3, 1, 2, 4, 2, '2024-02-23 23:00:00', '2024-02-23 00:00:00', '2024-02-23 23:00:00', 12.324456, 76.611140, 'House Breaking Night reported on the ring road service lane within Vijayanagar Police Station Mysuru limits. Sunil Kulkarni recorded statements and initiated scene verification.');
INSERT INTO Inv_OccuranceTime (CaseMasterID, IncidentFromDate, IncidentToDate, latitude, longitude, PlaceOfOccurrence) VALUES (76, '2024-02-23 23:00:00', '2024-02-23 00:00:00', 12.324456, 76.611140, 'On the ring road service lane, Vijayanagar Mysuru');
INSERT INTO ComplainantDetails (ComplainantID, CaseMasterID, ComplainantName, AgeYear, OccupationID, ReligionID, CasteID, GenderID) VALUES (76, 76, 'Latha Bhat', 43, 7, 2, 1, 1);
INSERT INTO ActSectionAssociation (CaseMasterID, ActID, SectionID, ActOrderID, SectionOrderID) VALUES (76, 'IPC', '379', 1, 1);
INSERT INTO Victim (VictimMasterID, CaseMasterID, VictimName, AgeYear, GenderID, VictimPolice) VALUES (76, 76, 'Chaitra Hegde', 56, 2, '0');
INSERT INTO Accused (AccusedMasterID, CaseMasterID, AccusedName, AgeYear, GenderID, PersonID) VALUES (89, 76, 'Raja M. Shaikh', 28, 1, 'A1');
INSERT INTO ArrestSurrender (ArrestSurrenderID, CaseMasterID, ArrestSurrenderTypeID, ArrestSurrenderDate, ArrestSurrenderStateId, ArrestSurrenderDistrictId, PoliceStationID, IOID, CourtID, AccusedMasterID, IsAccused, IsComplainantAccused) VALUES (35, 76, 1, '2024-03-03', 1, 2, 8, 15, 2, 89, 1, 0);
INSERT INTO inv_arrestsurrenderaccused (ArrestSurrenderID, AccusedMasterID) VALUES (35, 89);
INSERT INTO ChargesheetDetails (CSID, CaseMasterID, csdate, cstype, PolicePersonID) VALUES (60, 76, '2024-05-10 09:00:00', 'A', 15);
INSERT INTO CaseMaster (CaseMasterID, CrimeNo, CaseNo, CrimeRegisteredDate, PolicePersonID, PoliceStationID, CaseCategoryID, GravityOffenceID, CrimeMajorHeadID, CrimeMinorHeadID, CaseStatusID, CourtID, IncidentFromDate, IncidentToDate, InfoReceivedPSDate, latitude, longitude, BriefFacts) VALUES (77, '100020006202400077', '202400077', '2024-02-06', 11, 6, 1, 2, 1, 1, 2, 2, '2024-02-06 19:00:00', '2024-02-06 21:00:00', '2024-02-06 19:00:00', 12.310463, 76.665770, 'Complainant reported a suspected automobile theft incident beside an industrial access road. The matter was registered at Devaraja Police Station and assigned to Anitha Gowda.');
INSERT INTO Inv_OccuranceTime (CaseMasterID, IncidentFromDate, IncidentToDate, latitude, longitude, PlaceOfOccurrence) VALUES (77, '2024-02-06 19:00:00', '2024-02-06 21:00:00', 12.310463, 76.665770, 'Beside an industrial access road, Devaraja');
INSERT INTO ComplainantDetails (ComplainantID, CaseMasterID, ComplainantName, AgeYear, OccupationID, ReligionID, CasteID, GenderID) VALUES (77, 77, 'Harish Patil', 41, 2, 4, 3, 1);
INSERT INTO ActSectionAssociation (CaseMasterID, ActID, SectionID, ActOrderID, SectionOrderID) VALUES (77, 'IPC', '379', 1, 1);
INSERT INTO Victim (VictimMasterID, CaseMasterID, VictimName, AgeYear, GenderID, VictimPolice) VALUES (77, 77, 'Vinay Poojary', 46, 1, '0');
INSERT INTO Accused (AccusedMasterID, CaseMasterID, AccusedName, AgeYear, GenderID, PersonID) VALUES (90, 77, 'Rafiq T. Shaikh', 39, 1, 'A1');
INSERT INTO Accused (AccusedMasterID, CaseMasterID, AccusedName, AgeYear, GenderID, PersonID) VALUES (91, 77, 'Jagga E. Naik', 34, 1, 'A2');
INSERT INTO ArrestSurrender (ArrestSurrenderID, CaseMasterID, ArrestSurrenderTypeID, ArrestSurrenderDate, ArrestSurrenderStateId, ArrestSurrenderDistrictId, PoliceStationID, IOID, CourtID, AccusedMasterID, IsAccused, IsComplainantAccused) VALUES (36, 77, 1, '2024-03-06', 1, 2, 6, 11, 2, 90, 1, 0);
INSERT INTO inv_arrestsurrenderaccused (ArrestSurrenderID, AccusedMasterID) VALUES (36, 90);
INSERT INTO inv_arrestsurrenderaccused (ArrestSurrenderID, AccusedMasterID) VALUES (36, 91);
INSERT INTO ChargesheetDetails (CSID, CaseMasterID, csdate, cstype, PolicePersonID) VALUES (61, 77, '2024-03-22 16:00:00', 'A', 11);
INSERT INTO CaseMaster (CaseMasterID, CrimeNo, CaseNo, CrimeRegisteredDate, PolicePersonID, PoliceStationID, CaseCategoryID, GravityOffenceID, CrimeMajorHeadID, CrimeMinorHeadID, CaseStatusID, CourtID, IncidentFromDate, IncidentToDate, InfoReceivedPSDate, latitude, longitude, BriefFacts) VALUES (78, '100020006202400078', '202400078', '2024-02-17', 11, 6, 1, 2, 5, 9, 1, 2, '2024-02-17 08:00:00', '2024-02-17 11:00:00', '2024-02-17 08:00:00', 12.314614, 76.665217, 'Control room information regarding ganja possession was received from near the central market. IO Anitha Gowda opened the investigation and secured preliminary evidence.');
INSERT INTO Inv_OccuranceTime (CaseMasterID, IncidentFromDate, IncidentToDate, latitude, longitude, PlaceOfOccurrence) VALUES (78, '2024-02-17 08:00:00', '2024-02-17 11:00:00', 12.314614, 76.665217, 'Near the central market, Devaraja');
INSERT INTO ComplainantDetails (ComplainantID, CaseMasterID, ComplainantName, AgeYear, OccupationID, ReligionID, CasteID, GenderID) VALUES (78, 78, 'Girish Murthy', 54, 3, 5, 2, 1);
INSERT INTO ActSectionAssociation (CaseMasterID, ActID, SectionID, ActOrderID, SectionOrderID) VALUES (78, 'NDPS', '20', 1, 1);
INSERT INTO Victim (VictimMasterID, CaseMasterID, VictimName, AgeYear, GenderID, VictimPolice) VALUES (78, 78, 'Divya Hegde', 46, 1, '0');
INSERT INTO Accused (AccusedMasterID, CaseMasterID, AccusedName, AgeYear, GenderID, PersonID) VALUES (92, 78, 'Yogesh A. Poojary', 41, 1, 'A1');
INSERT INTO ArrestSurrender (ArrestSurrenderID, CaseMasterID, ArrestSurrenderTypeID, ArrestSurrenderDate, ArrestSurrenderStateId, ArrestSurrenderDistrictId, PoliceStationID, IOID, CourtID, AccusedMasterID, IsAccused, IsComplainantAccused) VALUES (37, 78, 1, '2024-03-20', 1, 2, 6, 11, 2, 92, 1, 0);
INSERT INTO inv_arrestsurrenderaccused (ArrestSurrenderID, AccusedMasterID) VALUES (37, 92);
INSERT INTO CaseMaster (CaseMasterID, CrimeNo, CaseNo, CrimeRegisteredDate, PolicePersonID, PoliceStationID, CaseCategoryID, GravityOffenceID, CrimeMajorHeadID, CrimeMinorHeadID, CaseStatusID, CourtID, IncidentFromDate, IncidentToDate, InfoReceivedPSDate, latitude, longitude, BriefFacts) VALUES (79, '100050016202400079', '202400079', '2024-02-28', 31, 16, 1, 3, 4, 8, 4, 5, '2024-02-28 15:00:00', '2024-02-28 17:00:00', '2024-02-28 15:00:00', 15.852587, 74.498179, 'Control room information regarding cheating was received from near the central market. IO Santosh Pawar opened the investigation and secured preliminary evidence.');
INSERT INTO Inv_OccuranceTime (CaseMasterID, IncidentFromDate, IncidentToDate, latitude, longitude, PlaceOfOccurrence) VALUES (79, '2024-02-28 15:00:00', '2024-02-28 17:00:00', 15.852587, 74.498179, 'Near the central market, Tilakwadi');
INSERT INTO ComplainantDetails (ComplainantID, CaseMasterID, ComplainantName, AgeYear, OccupationID, ReligionID, CasteID, GenderID) VALUES (79, 79, 'Pooja Joshi', 54, 7, 1, 3, 2);
INSERT INTO ActSectionAssociation (CaseMasterID, ActID, SectionID, ActOrderID, SectionOrderID) VALUES (79, 'IPC', '420', 1, 1);
INSERT INTO Victim (VictimMasterID, CaseMasterID, VictimName, AgeYear, GenderID, VictimPolice) VALUES (79, 79, 'Chaitra Naik', 44, 2, '0');
INSERT INTO Accused (AccusedMasterID, CaseMasterID, AccusedName, AgeYear, GenderID, PersonID) VALUES (93, 79, 'Rafiq H. Shaikh', 35, 1, 'A1');
INSERT INTO ArrestSurrender (ArrestSurrenderID, CaseMasterID, ArrestSurrenderTypeID, ArrestSurrenderDate, ArrestSurrenderStateId, ArrestSurrenderDistrictId, PoliceStationID, IOID, CourtID, AccusedMasterID, IsAccused, IsComplainantAccused) VALUES (38, 79, 1, '2024-03-16', 1, 5, 16, 31, 5, 93, 1, 0);
INSERT INTO inv_arrestsurrenderaccused (ArrestSurrenderID, AccusedMasterID) VALUES (38, 93);
INSERT INTO ChargesheetDetails (CSID, CaseMasterID, csdate, cstype, PolicePersonID) VALUES (62, 79, '2024-04-09 17:00:00', 'A', 31);
INSERT INTO CaseMaster (CaseMasterID, CrimeNo, CaseNo, CrimeRegisteredDate, PolicePersonID, PoliceStationID, CaseCategoryID, GravityOffenceID, CrimeMajorHeadID, CrimeMinorHeadID, CaseStatusID, CourtID, IncidentFromDate, IncidentToDate, InfoReceivedPSDate, latitude, longitude, BriefFacts) VALUES (80, '100010003202400080', '202400080', '2024-02-11', 5, 3, 1, 3, 1, 1, 5, 1, '2024-02-11 22:00:00', '2024-02-11 23:00:00', '2024-02-11 22:00:00', 12.959093, 77.751520, 'Automobile Theft reported near a market entrance within Whitefield Police Station limits. Lakshmi Shetty recorded statements and initiated scene verification.');
INSERT INTO Inv_OccuranceTime (CaseMasterID, IncidentFromDate, IncidentToDate, latitude, longitude, PlaceOfOccurrence) VALUES (80, '2024-02-11 22:00:00', '2024-02-11 23:00:00', 12.959093, 77.751520, 'Near a market entrance, Whitefield');
INSERT INTO ComplainantDetails (ComplainantID, CaseMasterID, ComplainantName, AgeYear, OccupationID, ReligionID, CasteID, GenderID) VALUES (80, 80, 'Nandini Rao', 68, 2, 2, 5, 1);
INSERT INTO ActSectionAssociation (CaseMasterID, ActID, SectionID, ActOrderID, SectionOrderID) VALUES (80, 'IPC', '379', 1, 1);
INSERT INTO Victim (VictimMasterID, CaseMasterID, VictimName, AgeYear, GenderID, VictimPolice) VALUES (80, 80, 'Divya Kulkarni', 19, 2, '0');
INSERT INTO Accused (AccusedMasterID, CaseMasterID, AccusedName, AgeYear, GenderID, PersonID) VALUES (94, 80, 'Nagaraj @ ''Snake'' Nagi', 34, 1, 'A1');
INSERT INTO ArrestSurrender (ArrestSurrenderID, CaseMasterID, ArrestSurrenderTypeID, ArrestSurrenderDate, ArrestSurrenderStateId, ArrestSurrenderDistrictId, PoliceStationID, IOID, CourtID, AccusedMasterID, IsAccused, IsComplainantAccused) VALUES (39, 80, 1, '2024-02-14', 1, 1, 3, 5, 1, 94, 1, 0);
INSERT INTO inv_arrestsurrenderaccused (ArrestSurrenderID, AccusedMasterID) VALUES (39, 94);
INSERT INTO CaseMaster (CaseMasterID, CrimeNo, CaseNo, CrimeRegisteredDate, PolicePersonID, PoliceStationID, CaseCategoryID, GravityOffenceID, CrimeMajorHeadID, CrimeMinorHeadID, CaseStatusID, CourtID, IncidentFromDate, IncidentToDate, InfoReceivedPSDate, latitude, longitude, BriefFacts) VALUES (81, '100010004202400081', '202400081', '2024-03-15', 7, 4, 1, 3, 1, 1, 1, 1, '2024-03-15 12:00:00', '2024-03-15 15:00:00', '2024-03-15 12:00:00', 12.926845, 77.602380, 'Automobile Theft reported outside a commercial complex within Jayanagar Police Station limits. Kiran Bhat recorded statements and initiated scene verification.');
INSERT INTO Inv_OccuranceTime (CaseMasterID, IncidentFromDate, IncidentToDate, latitude, longitude, PlaceOfOccurrence) VALUES (81, '2024-03-15 12:00:00', '2024-03-15 15:00:00', 12.926845, 77.602380, 'Outside a commercial complex, Jayanagar');
INSERT INTO ComplainantDetails (ComplainantID, CaseMasterID, ComplainantName, AgeYear, OccupationID, ReligionID, CasteID, GenderID) VALUES (81, 81, 'Meena Patil', 40, 7, 3, 5, 1);
INSERT INTO ActSectionAssociation (CaseMasterID, ActID, SectionID, ActOrderID, SectionOrderID) VALUES (81, 'IPC', '379', 1, 1);
INSERT INTO Victim (VictimMasterID, CaseMasterID, VictimName, AgeYear, GenderID, VictimPolice) VALUES (81, 81, 'Bhavya Kulkarni', 51, 1, '0');
INSERT INTO Accused (AccusedMasterID, CaseMasterID, AccusedName, AgeYear, GenderID, PersonID) VALUES (95, 81, 'Shiva V. Naik', 25, 1, 'A1');
INSERT INTO ArrestSurrender (ArrestSurrenderID, CaseMasterID, ArrestSurrenderTypeID, ArrestSurrenderDate, ArrestSurrenderStateId, ArrestSurrenderDistrictId, PoliceStationID, IOID, CourtID, AccusedMasterID, IsAccused, IsComplainantAccused) VALUES (40, 81, 1, '2024-04-09', 1, 1, 4, 7, 1, 95, 1, 0);
INSERT INTO inv_arrestsurrenderaccused (ArrestSurrenderID, AccusedMasterID) VALUES (40, 95);
INSERT INTO CaseMaster (CaseMasterID, CrimeNo, CaseNo, CrimeRegisteredDate, PolicePersonID, PoliceStationID, CaseCategoryID, GravityOffenceID, CrimeMajorHeadID, CrimeMinorHeadID, CaseStatusID, CourtID, IncidentFromDate, IncidentToDate, InfoReceivedPSDate, latitude, longitude, BriefFacts) VALUES (82, '100010002202400082', '202400082', '2024-03-26', 3, 2, 1, 3, 1, 2, 3, 1, '2024-03-26 01:00:00', '2024-03-26 03:00:00', '2024-03-26 01:00:00', 12.940999, 77.630536, 'Koramangala Police Station registered the case after an incident beside a metro approach road. Initial CCTV, witness, and digital-evidence checks were assigned to IO Prakash Jadhav.');
INSERT INTO Inv_OccuranceTime (CaseMasterID, IncidentFromDate, IncidentToDate, latitude, longitude, PlaceOfOccurrence) VALUES (82, '2024-03-26 01:00:00', '2024-03-26 03:00:00', 12.940999, 77.630536, 'Beside a metro approach road, Koramangala');
INSERT INTO ComplainantDetails (ComplainantID, CaseMasterID, ComplainantName, AgeYear, OccupationID, ReligionID, CasteID, GenderID) VALUES (82, 82, 'Eshwar Kulkarni', 49, 2, 2, 5, 1);
INSERT INTO ActSectionAssociation (CaseMasterID, ActID, SectionID, ActOrderID, SectionOrderID) VALUES (82, 'IPC', '379', 1, 1);
INSERT INTO Victim (VictimMasterID, CaseMasterID, VictimName, AgeYear, GenderID, VictimPolice) VALUES (82, 82, 'Rajesh Murthy', 69, 1, '0');
INSERT INTO Accused (AccusedMasterID, CaseMasterID, AccusedName, AgeYear, GenderID, PersonID) VALUES (96, 82, 'Salman C. Jadhav', 45, 1, 'A1');
INSERT INTO ChargesheetDetails (CSID, CaseMasterID, csdate, cstype, PolicePersonID) VALUES (63, 82, '2024-05-11 11:00:00', 'A', 3);
INSERT INTO CaseMaster (CaseMasterID, CrimeNo, CaseNo, CrimeRegisteredDate, PolicePersonID, PoliceStationID, CaseCategoryID, GravityOffenceID, CrimeMajorHeadID, CrimeMinorHeadID, CaseStatusID, CourtID, IncidentFromDate, IncidentToDate, InfoReceivedPSDate, latitude, longitude, BriefFacts) VALUES (83, '100030010202400083', '202400083', '2024-03-09', 19, 10, 1, 2, 2, 5, 2, 3, '2024-03-09 11:00:00', '2024-03-09 13:00:00', '2024-03-09 11:00:00', 12.861026, 74.843269, 'Complainant reported a suspected grievous hurt incident beside an industrial access road. The matter was registered at Pandeshwar Police Station and assigned to Shankar Rao.');
INSERT INTO Inv_OccuranceTime (CaseMasterID, IncidentFromDate, IncidentToDate, latitude, longitude, PlaceOfOccurrence) VALUES (83, '2024-03-09 11:00:00', '2024-03-09 13:00:00', 12.861026, 74.843269, 'Beside an industrial access road, Pandeshwar');
INSERT INTO ComplainantDetails (ComplainantID, CaseMasterID, ComplainantName, AgeYear, OccupationID, ReligionID, CasteID, GenderID) VALUES (83, 83, 'Deepak Hegde', 26, 7, 4, 1, 1);
INSERT INTO ActSectionAssociation (CaseMasterID, ActID, SectionID, ActOrderID, SectionOrderID) VALUES (83, 'IPC', '302', 1, 1);
INSERT INTO Victim (VictimMasterID, CaseMasterID, VictimName, AgeYear, GenderID, VictimPolice) VALUES (83, 83, 'Vinay Fernandes', 42, 2, '0');
INSERT INTO Accused (AccusedMasterID, CaseMasterID, AccusedName, AgeYear, GenderID, PersonID) VALUES (97, 83, 'Rafiq J. Salim', 20, 1, 'A1');
INSERT INTO ArrestSurrender (ArrestSurrenderID, CaseMasterID, ArrestSurrenderTypeID, ArrestSurrenderDate, ArrestSurrenderStateId, ArrestSurrenderDistrictId, PoliceStationID, IOID, CourtID, AccusedMasterID, IsAccused, IsComplainantAccused) VALUES (41, 83, 1, '2024-03-29', 1, 3, 10, 19, 3, 97, 1, 0);
INSERT INTO inv_arrestsurrenderaccused (ArrestSurrenderID, AccusedMasterID) VALUES (41, 97);
INSERT INTO ChargesheetDetails (CSID, CaseMasterID, csdate, cstype, PolicePersonID) VALUES (64, 83, '2024-05-24 10:00:00', 'A', 19);
INSERT INTO CaseMaster (CaseMasterID, CrimeNo, CaseNo, CrimeRegisteredDate, PolicePersonID, PoliceStationID, CaseCategoryID, GravityOffenceID, CrimeMajorHeadID, CrimeMinorHeadID, CaseStatusID, CourtID, IncidentFromDate, IncidentToDate, InfoReceivedPSDate, latitude, longitude, BriefFacts) VALUES (84, '100010001202400084', '202400084', '2024-03-20', 1, 1, 1, 2, 3, 6, 4, 1, '2024-03-20 10:00:00', '2024-03-20 12:00:00', '2024-03-20 10:00:00', 12.986677, 77.640781, 'Complainant reported a suspected online financial fraud incident near a market entrance. The matter was registered at Indiranagar Police Station and assigned to Suresh Kambali.');
INSERT INTO Inv_OccuranceTime (CaseMasterID, IncidentFromDate, IncidentToDate, latitude, longitude, PlaceOfOccurrence) VALUES (84, '2024-03-20 10:00:00', '2024-03-20 12:00:00', 12.986677, 77.640781, 'Near a market entrance, Indiranagar');
INSERT INTO ComplainantDetails (ComplainantID, CaseMasterID, ComplainantName, AgeYear, OccupationID, ReligionID, CasteID, GenderID) VALUES (84, 84, 'Kavitha Naik', 60, 6, 3, 5, 2);
INSERT INTO ActSectionAssociation (CaseMasterID, ActID, SectionID, ActOrderID, SectionOrderID) VALUES (84, 'IT_ACT', '66D', 1, 1);
INSERT INTO Victim (VictimMasterID, CaseMasterID, VictimName, AgeYear, GenderID, VictimPolice) VALUES (84, 84, 'Arun Gowda', 68, 1, '0');
INSERT INTO Accused (AccusedMasterID, CaseMasterID, AccusedName, AgeYear, GenderID, PersonID) VALUES (98, 84, 'Nagesh Q. Khan', 44, 1, 'A1');
INSERT INTO ChargesheetDetails (CSID, CaseMasterID, csdate, cstype, PolicePersonID) VALUES (65, 84, '2024-05-22 14:00:00', 'A', 1);
INSERT INTO CaseMaster (CaseMasterID, CrimeNo, CaseNo, CrimeRegisteredDate, PolicePersonID, PoliceStationID, CaseCategoryID, GravityOffenceID, CrimeMajorHeadID, CrimeMinorHeadID, CaseStatusID, CourtID, IncidentFromDate, IncidentToDate, InfoReceivedPSDate, latitude, longitude, BriefFacts) VALUES (85, '100010001202400085', '202400085', '2024-03-03', 1, 1, 1, 3, 5, 9, 3, 1, '2024-03-03 17:00:00', '2024-03-03 20:00:00', '2024-03-03 17:00:00', 12.976315, 77.635172, 'Indiranagar Police Station registered the case after an incident near a bus stop. Initial CCTV, witness, and digital-evidence checks were assigned to IO Suresh Kambali.');
INSERT INTO Inv_OccuranceTime (CaseMasterID, IncidentFromDate, IncidentToDate, latitude, longitude, PlaceOfOccurrence) VALUES (85, '2024-03-03 17:00:00', '2024-03-03 20:00:00', 12.976315, 77.635172, 'Near a bus stop, Indiranagar');
INSERT INTO ComplainantDetails (ComplainantID, CaseMasterID, ComplainantName, AgeYear, OccupationID, ReligionID, CasteID, GenderID) VALUES (85, 85, 'Bharath Patil', 57, 3, 1, 1, 1);
INSERT INTO ActSectionAssociation (CaseMasterID, ActID, SectionID, ActOrderID, SectionOrderID) VALUES (85, 'NDPS', '20', 1, 1);
INSERT INTO Victim (VictimMasterID, CaseMasterID, VictimName, AgeYear, GenderID, VictimPolice) VALUES (85, 85, 'Asha Murthy', 26, 2, '0');
INSERT INTO Accused (AccusedMasterID, CaseMasterID, AccusedName, AgeYear, GenderID, PersonID) VALUES (99, 85, 'Mohan X. Jadhav', 42, 1, 'A1');
INSERT INTO ChargesheetDetails (CSID, CaseMasterID, csdate, cstype, PolicePersonID) VALUES (66, 85, '2024-04-14 10:00:00', 'A', 1);
INSERT INTO CaseMaster (CaseMasterID, CrimeNo, CaseNo, CrimeRegisteredDate, PolicePersonID, PoliceStationID, CaseCategoryID, GravityOffenceID, CrimeMajorHeadID, CrimeMinorHeadID, CaseStatusID, CourtID, IncidentFromDate, IncidentToDate, InfoReceivedPSDate, latitude, longitude, BriefFacts) VALUES (86, '100030009202400086', '202400086', '2024-03-14', 17, 9, 1, 2, 1, 10, 5, 3, '2024-03-14 18:00:00', '2024-03-14 21:00:00', '2024-03-14 18:00:00', 12.883074, 74.864937, 'Control room information regarding highway robbery was received from on the ring road service lane. IO Basavaraj Patil opened the investigation and secured preliminary evidence.');
INSERT INTO Inv_OccuranceTime (CaseMasterID, IncidentFromDate, IncidentToDate, latitude, longitude, PlaceOfOccurrence) VALUES (86, '2024-03-14 18:00:00', '2024-03-14 21:00:00', 12.883074, 74.864937, 'On the ring road service lane, Kadri');
INSERT INTO ComplainantDetails (ComplainantID, CaseMasterID, ComplainantName, AgeYear, OccupationID, ReligionID, CasteID, GenderID) VALUES (86, 86, 'Meena Khan', 65, 4, 5, 5, 2);
INSERT INTO ActSectionAssociation (CaseMasterID, ActID, SectionID, ActOrderID, SectionOrderID) VALUES (86, 'IPC', '379', 1, 1);
INSERT INTO Victim (VictimMasterID, CaseMasterID, VictimName, AgeYear, GenderID, VictimPolice) VALUES (86, 86, 'Rajesh Poojary', 35, 1, '0');
INSERT INTO Accused (AccusedMasterID, CaseMasterID, AccusedName, AgeYear, GenderID, PersonID) VALUES (100, 86, 'Jagga E. Shaikh', 29, 1, 'A1');
INSERT INTO ArrestSurrender (ArrestSurrenderID, CaseMasterID, ArrestSurrenderTypeID, ArrestSurrenderDate, ArrestSurrenderStateId, ArrestSurrenderDistrictId, PoliceStationID, IOID, CourtID, AccusedMasterID, IsAccused, IsComplainantAccused) VALUES (42, 86, 1, '2024-04-09', 1, 3, 9, 17, 3, 100, 1, 0);
INSERT INTO inv_arrestsurrenderaccused (ArrestSurrenderID, AccusedMasterID) VALUES (42, 100);
INSERT INTO CaseMaster (CaseMasterID, CrimeNo, CaseNo, CrimeRegisteredDate, PolicePersonID, PoliceStationID, CaseCategoryID, GravityOffenceID, CrimeMajorHeadID, CrimeMinorHeadID, CaseStatusID, CourtID, IncidentFromDate, IncidentToDate, InfoReceivedPSDate, latitude, longitude, BriefFacts) VALUES (87, '100030010202400087', '202400087', '2024-03-25', 19, 10, 1, 3, 3, 7, 1, 3, '2024-03-25 16:00:00', '2024-03-25 18:00:00', '2024-03-25 16:00:00', 12.862275, 74.838921, 'Identity Theft reported near the central market within Pandeshwar Police Station limits. Shankar Rao recorded statements and initiated scene verification.');
INSERT INTO Inv_OccuranceTime (CaseMasterID, IncidentFromDate, IncidentToDate, latitude, longitude, PlaceOfOccurrence) VALUES (87, '2024-03-25 16:00:00', '2024-03-25 18:00:00', 12.862275, 74.838921, 'Near the central market, Pandeshwar');
INSERT INTO ComplainantDetails (ComplainantID, CaseMasterID, ComplainantName, AgeYear, OccupationID, ReligionID, CasteID, GenderID) VALUES (87, 87, 'Suma Bhat', 49, 2, 1, 4, 1);
INSERT INTO ActSectionAssociation (CaseMasterID, ActID, SectionID, ActOrderID, SectionOrderID) VALUES (87, 'IT_ACT', '66D', 1, 1);
INSERT INTO Victim (VictimMasterID, CaseMasterID, VictimName, AgeYear, GenderID, VictimPolice) VALUES (87, 87, 'Tarun Kulkarni', 57, 1, '0');
INSERT INTO Accused (AccusedMasterID, CaseMasterID, AccusedName, AgeYear, GenderID, PersonID) VALUES (101, 87, 'Mohan L. Salim', 41, 1, 'A1');
INSERT INTO CaseMaster (CaseMasterID, CrimeNo, CaseNo, CrimeRegisteredDate, PolicePersonID, PoliceStationID, CaseCategoryID, GravityOffenceID, CrimeMajorHeadID, CrimeMinorHeadID, CaseStatusID, CourtID, IncidentFromDate, IncidentToDate, InfoReceivedPSDate, latitude, longitude, BriefFacts) VALUES (88, '100060018202400088', '202400088', '2024-03-08', 35, 18, 1, 3, 3, 6, 2, 6, '2024-03-08 15:00:00', '2024-03-08 17:00:00', '2024-03-08 15:00:00', 17.319638, 76.825177, 'Online Financial Fraud reported near the central market within Station Bazar Police Station limits. Prakash Kambali recorded statements and initiated scene verification.');
INSERT INTO Inv_OccuranceTime (CaseMasterID, IncidentFromDate, IncidentToDate, latitude, longitude, PlaceOfOccurrence) VALUES (88, '2024-03-08 15:00:00', '2024-03-08 17:00:00', 17.319638, 76.825177, 'Near the central market, Station Bazar');
INSERT INTO ComplainantDetails (ComplainantID, CaseMasterID, ComplainantName, AgeYear, OccupationID, ReligionID, CasteID, GenderID) VALUES (88, 88, 'Farhan Hegde', 48, 6, 1, 3, 1);
INSERT INTO ActSectionAssociation (CaseMasterID, ActID, SectionID, ActOrderID, SectionOrderID) VALUES (88, 'IT_ACT', '66D', 1, 1);
INSERT INTO Victim (VictimMasterID, CaseMasterID, VictimName, AgeYear, GenderID, VictimPolice) VALUES (88, 88, 'Kiran Rao', 37, 2, '0');
INSERT INTO Accused (AccusedMasterID, CaseMasterID, AccusedName, AgeYear, GenderID, PersonID) VALUES (102, 88, 'Raja S. Khan', 24, 1, 'A1');
INSERT INTO ArrestSurrender (ArrestSurrenderID, CaseMasterID, ArrestSurrenderTypeID, ArrestSurrenderDate, ArrestSurrenderStateId, ArrestSurrenderDistrictId, PoliceStationID, IOID, CourtID, AccusedMasterID, IsAccused, IsComplainantAccused) VALUES (43, 88, 1, '2024-03-26', 1, 6, 18, 35, 6, 102, 1, 0);
INSERT INTO inv_arrestsurrenderaccused (ArrestSurrenderID, AccusedMasterID) VALUES (43, 102);
INSERT INTO ChargesheetDetails (CSID, CaseMasterID, csdate, cstype, PolicePersonID) VALUES (67, 88, '2024-05-13 09:00:00', 'A', 35);
INSERT INTO CaseMaster (CaseMasterID, CrimeNo, CaseNo, CrimeRegisteredDate, PolicePersonID, PoliceStationID, CaseCategoryID, GravityOffenceID, CrimeMajorHeadID, CrimeMinorHeadID, CaseStatusID, CourtID, IncidentFromDate, IncidentToDate, InfoReceivedPSDate, latitude, longitude, BriefFacts) VALUES (89, '100050016202400089', '202400089', '2024-03-19', 31, 16, 1, 3, 3, 7, 3, 5, '2024-03-19 15:00:00', '2024-03-19 18:00:00', '2024-03-19 15:00:00', 15.846440, 74.507518, 'Complainant reported a suspected identity theft incident close to a residential layout. The matter was registered at Tilakwadi Police Station and assigned to Santosh Pawar.');
INSERT INTO Inv_OccuranceTime (CaseMasterID, IncidentFromDate, IncidentToDate, latitude, longitude, PlaceOfOccurrence) VALUES (89, '2024-03-19 15:00:00', '2024-03-19 18:00:00', 15.846440, 74.507518, 'Close to a residential layout, Tilakwadi');
INSERT INTO ComplainantDetails (ComplainantID, CaseMasterID, ComplainantName, AgeYear, OccupationID, ReligionID, CasteID, GenderID) VALUES (89, 89, 'Joel Fernandes', 42, 5, 5, 3, 1);
INSERT INTO ActSectionAssociation (CaseMasterID, ActID, SectionID, ActOrderID, SectionOrderID) VALUES (89, 'IT_ACT', '66D', 1, 1);
INSERT INTO Victim (VictimMasterID, CaseMasterID, VictimName, AgeYear, GenderID, VictimPolice) VALUES (89, 89, 'Chaitra Fernandes', 49, 2, '0');
INSERT INTO Accused (AccusedMasterID, CaseMasterID, AccusedName, AgeYear, GenderID, PersonID) VALUES (103, 89, 'Ajay Z. Verma', 44, 1, 'A1');
INSERT INTO ArrestSurrender (ArrestSurrenderID, CaseMasterID, ArrestSurrenderTypeID, ArrestSurrenderDate, ArrestSurrenderStateId, ArrestSurrenderDistrictId, PoliceStationID, IOID, CourtID, AccusedMasterID, IsAccused, IsComplainantAccused) VALUES (44, 89, 1, '2024-03-20', 1, 5, 16, 31, 5, 103, 1, 0);
INSERT INTO inv_arrestsurrenderaccused (ArrestSurrenderID, AccusedMasterID) VALUES (44, 103);
INSERT INTO ChargesheetDetails (CSID, CaseMasterID, csdate, cstype, PolicePersonID) VALUES (68, 89, '2024-05-27 13:00:00', 'A', 31);
INSERT INTO CaseMaster (CaseMasterID, CrimeNo, CaseNo, CrimeRegisteredDate, PolicePersonID, PoliceStationID, CaseCategoryID, GravityOffenceID, CrimeMajorHeadID, CrimeMinorHeadID, CaseStatusID, CourtID, IncidentFromDate, IncidentToDate, InfoReceivedPSDate, latitude, longitude, BriefFacts) VALUES (90, '100010002202400090', '202400090', '2024-03-02', 3, 2, 1, 3, 1, 1, 3, 1, '2024-03-02 18:00:00', '2024-03-02 21:00:00', '2024-03-02 18:00:00', 12.946168, 77.622346, 'Control room information regarding automobile theft was received from on a residential cross road. IO Prakash Jadhav opened the investigation and secured preliminary evidence.');
INSERT INTO Inv_OccuranceTime (CaseMasterID, IncidentFromDate, IncidentToDate, latitude, longitude, PlaceOfOccurrence) VALUES (90, '2024-03-02 18:00:00', '2024-03-02 21:00:00', 12.946168, 77.622346, 'On a residential cross road, Koramangala');
INSERT INTO ComplainantDetails (ComplainantID, CaseMasterID, ComplainantName, AgeYear, OccupationID, ReligionID, CasteID, GenderID) VALUES (90, 90, 'Eshwar Gowda', 61, 5, 4, 2, 1);
INSERT INTO ActSectionAssociation (CaseMasterID, ActID, SectionID, ActOrderID, SectionOrderID) VALUES (90, 'IPC', '379', 1, 1);
INSERT INTO Victim (VictimMasterID, CaseMasterID, VictimName, AgeYear, GenderID, VictimPolice) VALUES (90, 90, 'Roshan Kulkarni', 73, 1, '0');
INSERT INTO Accused (AccusedMasterID, CaseMasterID, AccusedName, AgeYear, GenderID, PersonID) VALUES (104, 90, 'Nagesh G. Salim', 41, 1, 'A1');
INSERT INTO ArrestSurrender (ArrestSurrenderID, CaseMasterID, ArrestSurrenderTypeID, ArrestSurrenderDate, ArrestSurrenderStateId, ArrestSurrenderDistrictId, PoliceStationID, IOID, CourtID, AccusedMasterID, IsAccused, IsComplainantAccused) VALUES (45, 90, 1, '2024-03-06', 1, 1, 2, 3, 1, 104, 1, 0);
INSERT INTO inv_arrestsurrenderaccused (ArrestSurrenderID, AccusedMasterID) VALUES (45, 104);
INSERT INTO ChargesheetDetails (CSID, CaseMasterID, csdate, cstype, PolicePersonID) VALUES (69, 90, '2024-04-13 10:00:00', 'A', 3);
INSERT INTO CaseMaster (CaseMasterID, CrimeNo, CaseNo, CrimeRegisteredDate, PolicePersonID, PoliceStationID, CaseCategoryID, GravityOffenceID, CrimeMajorHeadID, CrimeMinorHeadID, CaseStatusID, CourtID, IncidentFromDate, IncidentToDate, InfoReceivedPSDate, latitude, longitude, BriefFacts) VALUES (91, '100010004202400091', '202400091', '2024-03-13', 7, 4, 1, 3, 1, 1, 1, 1, '2024-03-13 20:00:00', '2024-03-13 22:00:00', '2024-03-13 20:00:00', 12.925229, 77.601686, 'Complainant reported a suspected automobile theft incident on a residential cross road. The matter was registered at Jayanagar Police Station and assigned to Kiran Bhat.');
INSERT INTO Inv_OccuranceTime (CaseMasterID, IncidentFromDate, IncidentToDate, latitude, longitude, PlaceOfOccurrence) VALUES (91, '2024-03-13 20:00:00', '2024-03-13 22:00:00', 12.925229, 77.601686, 'On a residential cross road, Jayanagar');
INSERT INTO ComplainantDetails (ComplainantID, CaseMasterID, ComplainantName, AgeYear, OccupationID, ReligionID, CasteID, GenderID) VALUES (91, 91, 'Pooja Poojary', 50, 2, 5, 1, 2);
INSERT INTO ActSectionAssociation (CaseMasterID, ActID, SectionID, ActOrderID, SectionOrderID) VALUES (91, 'IPC', '379', 1, 1);
INSERT INTO Victim (VictimMasterID, CaseMasterID, VictimName, AgeYear, GenderID, VictimPolice) VALUES (91, 91, 'Divya Deshpande', 32, 2, '0');
INSERT INTO Accused (AccusedMasterID, CaseMasterID, AccusedName, AgeYear, GenderID, PersonID) VALUES (105, 91, 'Mohan N. Jadhav', 32, 1, 'A1');
INSERT INTO CaseMaster (CaseMasterID, CrimeNo, CaseNo, CrimeRegisteredDate, PolicePersonID, PoliceStationID, CaseCategoryID, GravityOffenceID, CrimeMajorHeadID, CrimeMinorHeadID, CaseStatusID, CourtID, IncidentFromDate, IncidentToDate, InfoReceivedPSDate, latitude, longitude, BriefFacts) VALUES (92, '100020007202400092', '202400092', '2024-03-24', 13, 7, 1, 3, 1, 1, 2, 2, '2024-03-24 20:00:00', '2024-03-24 23:00:00', '2024-03-24 20:00:00', 12.316557, 76.652430, 'Lashkar Police Station registered the case after an incident near the central market. Initial CCTV, witness, and digital-evidence checks were assigned to IO Suresh Rao.');
INSERT INTO Inv_OccuranceTime (CaseMasterID, IncidentFromDate, IncidentToDate, latitude, longitude, PlaceOfOccurrence) VALUES (92, '2024-03-24 20:00:00', '2024-03-24 23:00:00', 12.316557, 76.652430, 'Near the central market, Lashkar');
INSERT INTO ComplainantDetails (ComplainantID, CaseMasterID, ComplainantName, AgeYear, OccupationID, ReligionID, CasteID, GenderID) VALUES (92, 92, 'Naveena Murthy', 46, 4, 5, 3, 2);
INSERT INTO ActSectionAssociation (CaseMasterID, ActID, SectionID, ActOrderID, SectionOrderID) VALUES (92, 'IPC', '379', 1, 1);
INSERT INTO Victim (VictimMasterID, CaseMasterID, VictimName, AgeYear, GenderID, VictimPolice) VALUES (92, 92, 'Divya Hegde', 22, 2, '0');
INSERT INTO Accused (AccusedMasterID, CaseMasterID, AccusedName, AgeYear, GenderID, PersonID) VALUES (106, 92, 'Nagesh U. Reddy', 32, 1, 'A1');
INSERT INTO ChargesheetDetails (CSID, CaseMasterID, csdate, cstype, PolicePersonID) VALUES (70, 92, '2024-05-23 17:00:00', 'A', 13);
INSERT INTO CaseMaster (CaseMasterID, CrimeNo, CaseNo, CrimeRegisteredDate, PolicePersonID, PoliceStationID, CaseCategoryID, GravityOffenceID, CrimeMajorHeadID, CrimeMinorHeadID, CaseStatusID, CourtID, IncidentFromDate, IncidentToDate, InfoReceivedPSDate, latitude, longitude, BriefFacts) VALUES (93, '100020008202400093', '202400093', '2024-03-07', 15, 8, 1, 2, 1, 2, 1, 2, '2024-03-07 00:00:00', '2024-03-07 02:00:00', '2024-03-07 00:00:00', 12.326147, 76.622514, 'Complainant reported a suspected house breaking night incident close to a residential layout. The matter was registered at Vijayanagar Police Station Mysuru and assigned to Sunil Kulkarni.');
INSERT INTO Inv_OccuranceTime (CaseMasterID, IncidentFromDate, IncidentToDate, latitude, longitude, PlaceOfOccurrence) VALUES (93, '2024-03-07 00:00:00', '2024-03-07 02:00:00', 12.326147, 76.622514, 'Close to a residential layout, Vijayanagar Mysuru');
INSERT INTO ComplainantDetails (ComplainantID, CaseMasterID, ComplainantName, AgeYear, OccupationID, ReligionID, CasteID, GenderID) VALUES (93, 93, 'Anand Rao', 38, 3, 1, 3, 2);
INSERT INTO ActSectionAssociation (CaseMasterID, ActID, SectionID, ActOrderID, SectionOrderID) VALUES (93, 'IPC', '379', 1, 1);
INSERT INTO Victim (VictimMasterID, CaseMasterID, VictimName, AgeYear, GenderID, VictimPolice) VALUES (93, 93, 'Sangeetha Bhat', 38, 1, '0');
INSERT INTO Accused (AccusedMasterID, CaseMasterID, AccusedName, AgeYear, GenderID, PersonID) VALUES (107, 93, 'Sameer B. Singh', 32, 1, 'A1');
INSERT INTO ArrestSurrender (ArrestSurrenderID, CaseMasterID, ArrestSurrenderTypeID, ArrestSurrenderDate, ArrestSurrenderStateId, ArrestSurrenderDistrictId, PoliceStationID, IOID, CourtID, AccusedMasterID, IsAccused, IsComplainantAccused) VALUES (46, 93, 1, '2024-03-25', 1, 2, 8, 15, 2, 107, 1, 0);
INSERT INTO inv_arrestsurrenderaccused (ArrestSurrenderID, AccusedMasterID) VALUES (46, 107);
INSERT INTO CaseMaster (CaseMasterID, CrimeNo, CaseNo, CrimeRegisteredDate, PolicePersonID, PoliceStationID, CaseCategoryID, GravityOffenceID, CrimeMajorHeadID, CrimeMinorHeadID, CaseStatusID, CourtID, IncidentFromDate, IncidentToDate, InfoReceivedPSDate, latitude, longitude, BriefFacts) VALUES (94, '100010001202400094', '202400094', '2024-03-18', 1, 1, 1, 2, 1, 3, 3, 1, '2024-03-18 21:00:00', '2024-03-18 22:00:00', '2024-03-18 21:00:00', 12.978466, 77.638228, 'Control room information regarding chain snatching was received from near a market entrance. IO Suresh Kambali opened the investigation and secured preliminary evidence.');
INSERT INTO Inv_OccuranceTime (CaseMasterID, IncidentFromDate, IncidentToDate, latitude, longitude, PlaceOfOccurrence) VALUES (94, '2024-03-18 21:00:00', '2024-03-18 22:00:00', 12.978466, 77.638228, 'Near a market entrance, Indiranagar');
INSERT INTO ComplainantDetails (ComplainantID, CaseMasterID, ComplainantName, AgeYear, OccupationID, ReligionID, CasteID, GenderID) VALUES (94, 94, 'Bharath Gowda', 24, 3, 3, 5, 1);
INSERT INTO ActSectionAssociation (CaseMasterID, ActID, SectionID, ActOrderID, SectionOrderID) VALUES (94, 'IPC', '379', 1, 1);
INSERT INTO Victim (VictimMasterID, CaseMasterID, VictimName, AgeYear, GenderID, VictimPolice) VALUES (94, 94, 'Fathima Murthy', 39, 2, '0');
INSERT INTO Accused (AccusedMasterID, CaseMasterID, AccusedName, AgeYear, GenderID, PersonID) VALUES (108, 94, 'Lokesh I. Gowda', 41, 1, 'A1');
INSERT INTO ChargesheetDetails (CSID, CaseMasterID, csdate, cstype, PolicePersonID) VALUES (71, 94, '2024-06-20 16:00:00', 'A', 1);
INSERT INTO CaseMaster (CaseMasterID, CrimeNo, CaseNo, CrimeRegisteredDate, PolicePersonID, PoliceStationID, CaseCategoryID, GravityOffenceID, CrimeMajorHeadID, CrimeMinorHeadID, CaseStatusID, CourtID, IncidentFromDate, IncidentToDate, InfoReceivedPSDate, latitude, longitude, BriefFacts) VALUES (95, '100030009202400095', '202400095', '2024-03-01', 17, 9, 1, 2, 2, 5, 4, 3, '2024-03-01 10:00:00', '2024-03-01 11:00:00', '2024-03-01 10:00:00', 12.896851, 74.858129, 'Kadri Police Station registered the case after an incident on the ring road service lane. Initial CCTV, witness, and digital-evidence checks were assigned to IO Basavaraj Patil.');
INSERT INTO Inv_OccuranceTime (CaseMasterID, IncidentFromDate, IncidentToDate, latitude, longitude, PlaceOfOccurrence) VALUES (95, '2024-03-01 10:00:00', '2024-03-01 11:00:00', 12.896851, 74.858129, 'On the ring road service lane, Kadri');
INSERT INTO ComplainantDetails (ComplainantID, CaseMasterID, ComplainantName, AgeYear, OccupationID, ReligionID, CasteID, GenderID) VALUES (95, 95, 'Girish Patil', 27, 5, 4, 1, 1);
INSERT INTO ActSectionAssociation (CaseMasterID, ActID, SectionID, ActOrderID, SectionOrderID) VALUES (95, 'IPC', '302', 1, 1);
INSERT INTO Victim (VictimMasterID, CaseMasterID, VictimName, AgeYear, GenderID, VictimPolice) VALUES (95, 95, 'Arun Murthy', 68, 1, '0');
INSERT INTO Accused (AccusedMasterID, CaseMasterID, AccusedName, AgeYear, GenderID, PersonID) VALUES (109, 95, 'Rohit P. Khan', 45, 1, 'A1');
INSERT INTO ChargesheetDetails (CSID, CaseMasterID, csdate, cstype, PolicePersonID) VALUES (72, 95, '2024-03-30 11:00:00', 'A', 17);
INSERT INTO CaseMaster (CaseMasterID, CrimeNo, CaseNo, CrimeRegisteredDate, PolicePersonID, PoliceStationID, CaseCategoryID, GravityOffenceID, CrimeMajorHeadID, CrimeMinorHeadID, CaseStatusID, CourtID, IncidentFromDate, IncidentToDate, InfoReceivedPSDate, latitude, longitude, BriefFacts) VALUES (96, '100040014202400096', '202400096', '2024-03-12', 27, 14, 1, 2, 3, 6, 2, 4, '2024-03-12 09:00:00', '2024-03-12 11:00:00', '2024-03-12 09:00:00', 15.448774, 75.017567, 'Online Financial Fraud reported close to a residential layout within Suburban Police Station Dharwad limits. Anitha Pawar recorded statements and initiated scene verification.');
INSERT INTO Inv_OccuranceTime (CaseMasterID, IncidentFromDate, IncidentToDate, latitude, longitude, PlaceOfOccurrence) VALUES (96, '2024-03-12 09:00:00', '2024-03-12 11:00:00', 15.448774, 75.017567, 'Close to a residential layout, Suburban Dharwad');
INSERT INTO ComplainantDetails (ComplainantID, CaseMasterID, ComplainantName, AgeYear, OccupationID, ReligionID, CasteID, GenderID) VALUES (96, 96, 'Radha Naik', 47, 4, 2, 2, 1);
INSERT INTO ActSectionAssociation (CaseMasterID, ActID, SectionID, ActOrderID, SectionOrderID) VALUES (96, 'IT_ACT', '66D', 1, 1);
INSERT INTO Victim (VictimMasterID, CaseMasterID, VictimName, AgeYear, GenderID, VictimPolice) VALUES (96, 96, 'Praveen Shetty', 63, 1, '0');
INSERT INTO Accused (AccusedMasterID, CaseMasterID, AccusedName, AgeYear, GenderID, PersonID) VALUES (110, 96, 'Mohan W. Salim', 22, 1, 'A1');
INSERT INTO ChargesheetDetails (CSID, CaseMasterID, csdate, cstype, PolicePersonID) VALUES (73, 96, '2024-05-30 10:00:00', 'A', 27);
INSERT INTO CaseMaster (CaseMasterID, CrimeNo, CaseNo, CrimeRegisteredDate, PolicePersonID, PoliceStationID, CaseCategoryID, GravityOffenceID, CrimeMajorHeadID, CrimeMinorHeadID, CaseStatusID, CourtID, IncidentFromDate, IncidentToDate, InfoReceivedPSDate, latitude, longitude, BriefFacts) VALUES (97, '100050015202400097', '202400097', '2024-03-23', 29, 15, 1, 2, 4, 8, 4, 5, '2024-03-23 11:00:00', '2024-03-23 14:00:00', '2024-03-23 11:00:00', 15.861232, 74.498797, 'Cheating reported close to a residential layout within Camp Police Station Belagavi limits. Prakash Patil recorded statements and initiated scene verification.');
INSERT INTO Inv_OccuranceTime (CaseMasterID, IncidentFromDate, IncidentToDate, latitude, longitude, PlaceOfOccurrence) VALUES (97, '2024-03-23 11:00:00', '2024-03-23 14:00:00', 15.861232, 74.498797, 'Close to a residential layout, Camp Belagavi');
INSERT INTO ComplainantDetails (ComplainantID, CaseMasterID, ComplainantName, AgeYear, OccupationID, ReligionID, CasteID, GenderID) VALUES (97, 97, 'Shilpa Gowda', 23, 6, 3, 2, 1);
INSERT INTO ActSectionAssociation (CaseMasterID, ActID, SectionID, ActOrderID, SectionOrderID) VALUES (97, 'IPC', '420', 1, 1);
INSERT INTO Victim (VictimMasterID, CaseMasterID, VictimName, AgeYear, GenderID, VictimPolice) VALUES (97, 97, 'Rajesh Shetty', 19, 1, '0');
INSERT INTO Accused (AccusedMasterID, CaseMasterID, AccusedName, AgeYear, GenderID, PersonID) VALUES (111, 97, 'Rohit D. Singh', 31, 1, 'A1');
INSERT INTO ArrestSurrender (ArrestSurrenderID, CaseMasterID, ArrestSurrenderTypeID, ArrestSurrenderDate, ArrestSurrenderStateId, ArrestSurrenderDistrictId, PoliceStationID, IOID, CourtID, AccusedMasterID, IsAccused, IsComplainantAccused) VALUES (47, 97, 1, '2024-04-13', 1, 5, 15, 29, 5, 111, 1, 0);
INSERT INTO inv_arrestsurrenderaccused (ArrestSurrenderID, AccusedMasterID) VALUES (47, 111);
INSERT INTO ChargesheetDetails (CSID, CaseMasterID, csdate, cstype, PolicePersonID) VALUES (74, 97, '2024-06-03 17:00:00', 'A', 29);
INSERT INTO CaseMaster (CaseMasterID, CrimeNo, CaseNo, CrimeRegisteredDate, PolicePersonID, PoliceStationID, CaseCategoryID, GravityOffenceID, CrimeMajorHeadID, CrimeMinorHeadID, CaseStatusID, CourtID, IncidentFromDate, IncidentToDate, InfoReceivedPSDate, latitude, longitude, BriefFacts) VALUES (98, '100010005202400098', '202400098', '2024-03-06', 9, 5, 1, 1, 1, 10, 4, 1, '2024-03-06 23:00:00', '2024-03-06 00:00:00', '2024-03-06 23:00:00', 13.007271, 77.571213, 'Complainant reported a suspected highway robbery incident outside a commercial complex. The matter was registered at Malleshwaram Police Station and assigned to Ramesh Pawar.');
INSERT INTO Inv_OccuranceTime (CaseMasterID, IncidentFromDate, IncidentToDate, latitude, longitude, PlaceOfOccurrence) VALUES (98, '2024-03-06 23:00:00', '2024-03-06 00:00:00', 13.007271, 77.571213, 'Outside a commercial complex, Malleshwaram');
INSERT INTO ComplainantDetails (ComplainantID, CaseMasterID, ComplainantName, AgeYear, OccupationID, ReligionID, CasteID, GenderID) VALUES (98, 98, 'Deepak Joshi', 27, 4, 3, 5, 2);
INSERT INTO ActSectionAssociation (CaseMasterID, ActID, SectionID, ActOrderID, SectionOrderID) VALUES (98, 'IPC', '379', 1, 1);
INSERT INTO Victim (VictimMasterID, CaseMasterID, VictimName, AgeYear, GenderID, VictimPolice) VALUES (98, 98, 'Ganesh Poojary', 72, 2, '0');
INSERT INTO Accused (AccusedMasterID, CaseMasterID, AccusedName, AgeYear, GenderID, PersonID) VALUES (112, 98, 'Salman K. Poojary', 45, 1, 'A1');
INSERT INTO ChargesheetDetails (CSID, CaseMasterID, csdate, cstype, PolicePersonID) VALUES (75, 98, '2024-06-08 11:00:00', 'A', 9);
INSERT INTO CaseMaster (CaseMasterID, CrimeNo, CaseNo, CrimeRegisteredDate, PolicePersonID, PoliceStationID, CaseCategoryID, GravityOffenceID, CrimeMajorHeadID, CrimeMinorHeadID, CaseStatusID, CourtID, IncidentFromDate, IncidentToDate, InfoReceivedPSDate, latitude, longitude, BriefFacts) VALUES (99, '100020006202400099', '202400099', '2024-03-17', 11, 6, 1, 3, 4, 8, 3, 2, '2024-03-17 14:00:00', '2024-03-17 17:00:00', '2024-03-17 14:00:00', 12.312185, 76.645931, 'Complainant reported a suspected cheating incident close to a residential layout. The matter was registered at Devaraja Police Station and assigned to Anitha Gowda.');
INSERT INTO Inv_OccuranceTime (CaseMasterID, IncidentFromDate, IncidentToDate, latitude, longitude, PlaceOfOccurrence) VALUES (99, '2024-03-17 14:00:00', '2024-03-17 17:00:00', 12.312185, 76.645931, 'Close to a residential layout, Devaraja');
INSERT INTO ComplainantDetails (ComplainantID, CaseMasterID, ComplainantName, AgeYear, OccupationID, ReligionID, CasteID, GenderID) VALUES (99, 99, 'Suma Khan', 56, 7, 3, 4, 2);
INSERT INTO ActSectionAssociation (CaseMasterID, ActID, SectionID, ActOrderID, SectionOrderID) VALUES (99, 'IPC', '420', 1, 1);
INSERT INTO Victim (VictimMasterID, CaseMasterID, VictimName, AgeYear, GenderID, VictimPolice) VALUES (99, 99, 'Roshan Poojary', 32, 2, '0');
INSERT INTO Accused (AccusedMasterID, CaseMasterID, AccusedName, AgeYear, GenderID, PersonID) VALUES (113, 99, 'Salman R. Salim', 41, 1, 'A1');
INSERT INTO ChargesheetDetails (CSID, CaseMasterID, csdate, cstype, PolicePersonID) VALUES (76, 99, '2024-05-09 11:00:00', 'A', 11);
INSERT INTO CaseMaster (CaseMasterID, CrimeNo, CaseNo, CrimeRegisteredDate, PolicePersonID, PoliceStationID, CaseCategoryID, GravityOffenceID, CrimeMajorHeadID, CrimeMinorHeadID, CaseStatusID, CourtID, IncidentFromDate, IncidentToDate, InfoReceivedPSDate, latitude, longitude, BriefFacts) VALUES (100, '100050016202400100', '202400100', '2024-03-28', 31, 16, 1, 2, 1, 10, 5, 5, '2024-03-28 20:00:00', '2024-03-28 23:00:00', '2024-03-28 20:00:00', 15.833986, 74.509679, 'Complainant reported a suspected highway robbery incident near the central market. The matter was registered at Tilakwadi Police Station and assigned to Santosh Pawar.');
INSERT INTO Inv_OccuranceTime (CaseMasterID, IncidentFromDate, IncidentToDate, latitude, longitude, PlaceOfOccurrence) VALUES (100, '2024-03-28 20:00:00', '2024-03-28 23:00:00', 15.833986, 74.509679, 'Near the central market, Tilakwadi');
INSERT INTO ComplainantDetails (ComplainantID, CaseMasterID, ComplainantName, AgeYear, OccupationID, ReligionID, CasteID, GenderID) VALUES (100, 100, 'Eshwar Kulkarni', 22, 7, 5, 3, 1);
INSERT INTO ActSectionAssociation (CaseMasterID, ActID, SectionID, ActOrderID, SectionOrderID) VALUES (100, 'IPC', '379', 1, 1);
INSERT INTO Victim (VictimMasterID, CaseMasterID, VictimName, AgeYear, GenderID, VictimPolice) VALUES (100, 100, 'Fathima Fernandes', 37, 2, '0');
INSERT INTO Accused (AccusedMasterID, CaseMasterID, AccusedName, AgeYear, GenderID, PersonID) VALUES (114, 100, 'Rafiq Y. Khan', 27, 1, 'A1');
INSERT INTO Accused (AccusedMasterID, CaseMasterID, AccusedName, AgeYear, GenderID, PersonID) VALUES (115, 100, 'Mantu J. Kumar', 20, 1, 'A2');
INSERT INTO CaseMaster (CaseMasterID, CrimeNo, CaseNo, CrimeRegisteredDate, PolicePersonID, PoliceStationID, CaseCategoryID, GravityOffenceID, CrimeMajorHeadID, CrimeMinorHeadID, CaseStatusID, CourtID, IncidentFromDate, IncidentToDate, InfoReceivedPSDate, latitude, longitude, BriefFacts) VALUES (101, '100010001202400101', '202400101', '2024-03-11', 1, 1, 1, 3, 4, 8, 3, 1, '2024-03-11 16:00:00', '2024-03-11 18:00:00', '2024-03-11 16:00:00', 12.971340, 77.645982, 'Indiranagar Police Station registered the case after an incident beside a metro approach road. Initial CCTV, witness, and digital-evidence checks were assigned to IO Suresh Kambali.');
INSERT INTO Inv_OccuranceTime (CaseMasterID, IncidentFromDate, IncidentToDate, latitude, longitude, PlaceOfOccurrence) VALUES (101, '2024-03-11 16:00:00', '2024-03-11 18:00:00', 12.971340, 77.645982, 'Beside a metro approach road, Indiranagar');
INSERT INTO ComplainantDetails (ComplainantID, CaseMasterID, ComplainantName, AgeYear, OccupationID, ReligionID, CasteID, GenderID) VALUES (101, 101, 'Anand Kulkarni', 30, 7, 2, 3, 1);
INSERT INTO ActSectionAssociation (CaseMasterID, ActID, SectionID, ActOrderID, SectionOrderID) VALUES (101, 'IPC', '420', 1, 1);
INSERT INTO Victim (VictimMasterID, CaseMasterID, VictimName, AgeYear, GenderID, VictimPolice) VALUES (101, 101, 'Roshan Joshi', 50, 2, '0');
INSERT INTO Accused (AccusedMasterID, CaseMasterID, AccusedName, AgeYear, GenderID, PersonID) VALUES (116, 101, 'Rafiq F. Singh', 21, 1, 'A1');
INSERT INTO ChargesheetDetails (CSID, CaseMasterID, csdate, cstype, PolicePersonID) VALUES (77, 101, '2024-04-11 11:00:00', 'A', 1);
INSERT INTO CaseMaster (CaseMasterID, CrimeNo, CaseNo, CrimeRegisteredDate, PolicePersonID, PoliceStationID, CaseCategoryID, GravityOffenceID, CrimeMajorHeadID, CrimeMinorHeadID, CaseStatusID, CourtID, IncidentFromDate, IncidentToDate, InfoReceivedPSDate, latitude, longitude, BriefFacts) VALUES (102, '100010001202400102', '202400102', '2024-03-22', 1, 1, 1, 3, 1, 1, 3, 1, '2024-03-22 23:00:00', '2024-03-22 01:00:00', '2024-03-22 23:00:00', 12.970234, 77.642254, 'Indiranagar Police Station registered the case after an incident near a market entrance. Initial CCTV, witness, and digital-evidence checks were assigned to IO Suresh Kambali.');
INSERT INTO Inv_OccuranceTime (CaseMasterID, IncidentFromDate, IncidentToDate, latitude, longitude, PlaceOfOccurrence) VALUES (102, '2024-03-22 23:00:00', '2024-03-22 01:00:00', 12.970234, 77.642254, 'Near a market entrance, Indiranagar');
INSERT INTO ComplainantDetails (ComplainantID, CaseMasterID, ComplainantName, AgeYear, OccupationID, ReligionID, CasteID, GenderID) VALUES (102, 102, 'Meena Naik', 32, 7, 4, 2, 2);
INSERT INTO ActSectionAssociation (CaseMasterID, ActID, SectionID, ActOrderID, SectionOrderID) VALUES (102, 'IPC', '379', 1, 1);
INSERT INTO Victim (VictimMasterID, CaseMasterID, VictimName, AgeYear, GenderID, VictimPolice) VALUES (102, 102, 'Chaitra Gowda', 56, 2, '0');
INSERT INTO Accused (AccusedMasterID, CaseMasterID, AccusedName, AgeYear, GenderID, PersonID) VALUES (117, 102, 'Rohit M. Shetty', 21, 1, 'A1');
INSERT INTO ArrestSurrender (ArrestSurrenderID, CaseMasterID, ArrestSurrenderTypeID, ArrestSurrenderDate, ArrestSurrenderStateId, ArrestSurrenderDistrictId, PoliceStationID, IOID, CourtID, AccusedMasterID, IsAccused, IsComplainantAccused) VALUES (48, 102, 1, '2024-04-25', 1, 1, 1, 1, 1, 117, 1, 0);
INSERT INTO inv_arrestsurrenderaccused (ArrestSurrenderID, AccusedMasterID) VALUES (48, 117);
INSERT INTO ChargesheetDetails (CSID, CaseMasterID, csdate, cstype, PolicePersonID) VALUES (78, 102, '2024-05-30 09:00:00', 'A', 1);
INSERT INTO CaseMaster (CaseMasterID, CrimeNo, CaseNo, CrimeRegisteredDate, PolicePersonID, PoliceStationID, CaseCategoryID, GravityOffenceID, CrimeMajorHeadID, CrimeMinorHeadID, CaseStatusID, CourtID, IncidentFromDate, IncidentToDate, InfoReceivedPSDate, latitude, longitude, BriefFacts) VALUES (103, '100050015202400103', '202400103', '2024-03-05', 29, 15, 1, 2, 3, 6, 1, 5, '2024-03-05 10:00:00', '2024-03-05 12:00:00', '2024-03-05 10:00:00', 15.855836, 74.504682, 'Online Financial Fraud reported near the central market within Camp Police Station Belagavi limits. Prakash Patil recorded statements and initiated scene verification.');
INSERT INTO Inv_OccuranceTime (CaseMasterID, IncidentFromDate, IncidentToDate, latitude, longitude, PlaceOfOccurrence) VALUES (103, '2024-03-05 10:00:00', '2024-03-05 12:00:00', 15.855836, 74.504682, 'Near the central market, Camp Belagavi');
INSERT INTO ComplainantDetails (ComplainantID, CaseMasterID, ComplainantName, AgeYear, OccupationID, ReligionID, CasteID, GenderID) VALUES (103, 103, 'Meena Kulkarni', 53, 4, 1, 3, 1);
INSERT INTO ActSectionAssociation (CaseMasterID, ActID, SectionID, ActOrderID, SectionOrderID) VALUES (103, 'IT_ACT', '66D', 1, 1);
INSERT INTO Victim (VictimMasterID, CaseMasterID, VictimName, AgeYear, GenderID, VictimPolice) VALUES (103, 103, 'Divya Poojary', 69, 1, '0');
INSERT INTO Accused (AccusedMasterID, CaseMasterID, AccusedName, AgeYear, GenderID, PersonID) VALUES (118, 103, 'Salman T. Patil', 29, 1, 'A1');
INSERT INTO CaseMaster (CaseMasterID, CrimeNo, CaseNo, CrimeRegisteredDate, PolicePersonID, PoliceStationID, CaseCategoryID, GravityOffenceID, CrimeMajorHeadID, CrimeMinorHeadID, CaseStatusID, CourtID, IncidentFromDate, IncidentToDate, InfoReceivedPSDate, latitude, longitude, BriefFacts) VALUES (104, '100030011202400104', '202400104', '2024-03-16', 21, 11, 2, 3, 1, 1, 3, 3, '2024-03-16 13:00:00', '2024-03-16 16:00:00', '2024-03-16 13:00:00', 12.896904, 74.834381, 'Urwa Police Station registered the case after an incident on the ring road service lane. Initial CCTV, witness, and digital-evidence checks were assigned to IO Vijay Gowda.');
INSERT INTO Inv_OccuranceTime (CaseMasterID, IncidentFromDate, IncidentToDate, latitude, longitude, PlaceOfOccurrence) VALUES (104, '2024-03-16 13:00:00', '2024-03-16 16:00:00', 12.896904, 74.834381, 'On the ring road service lane, Urwa');
INSERT INTO ComplainantDetails (ComplainantID, CaseMasterID, ComplainantName, AgeYear, OccupationID, ReligionID, CasteID, GenderID) VALUES (104, 104, 'Nandini Fernandes', 30, 7, 4, 2, 1);
INSERT INTO ActSectionAssociation (CaseMasterID, ActID, SectionID, ActOrderID, SectionOrderID) VALUES (104, 'IPC', '379', 1, 1);
INSERT INTO Victim (VictimMasterID, CaseMasterID, VictimName, AgeYear, GenderID, VictimPolice) VALUES (104, 104, 'Praveen Gowda', 60, 2, '0');
INSERT INTO Accused (AccusedMasterID, CaseMasterID, AccusedName, AgeYear, GenderID, PersonID) VALUES (119, 104, 'Mantu A. Jadhav', 26, 1, 'A1');
INSERT INTO ArrestSurrender (ArrestSurrenderID, CaseMasterID, ArrestSurrenderTypeID, ArrestSurrenderDate, ArrestSurrenderStateId, ArrestSurrenderDistrictId, PoliceStationID, IOID, CourtID, AccusedMasterID, IsAccused, IsComplainantAccused) VALUES (49, 104, 1, '2024-04-11', 1, 3, 11, 21, 3, 119, 1, 0);
INSERT INTO inv_arrestsurrenderaccused (ArrestSurrenderID, AccusedMasterID) VALUES (49, 119);
INSERT INTO ChargesheetDetails (CSID, CaseMasterID, csdate, cstype, PolicePersonID) VALUES (79, 104, '2024-04-29 14:00:00', 'A', 21);
INSERT INTO CaseMaster (CaseMasterID, CrimeNo, CaseNo, CrimeRegisteredDate, PolicePersonID, PoliceStationID, CaseCategoryID, GravityOffenceID, CrimeMajorHeadID, CrimeMinorHeadID, CaseStatusID, CourtID, IncidentFromDate, IncidentToDate, InfoReceivedPSDate, latitude, longitude, BriefFacts) VALUES (105, '100010001202400105', '202400105', '2024-03-27', 1, 1, 1, 3, 1, 1, 1, 1, '2024-03-27 11:00:00', '2024-03-27 14:00:00', '2024-03-27 11:00:00', 12.974643, 77.633386, 'Complainant reported a suspected automobile theft incident outside a commercial complex. The matter was registered at Indiranagar Police Station and assigned to Suresh Kambali.');
INSERT INTO Inv_OccuranceTime (CaseMasterID, IncidentFromDate, IncidentToDate, latitude, longitude, PlaceOfOccurrence) VALUES (105, '2024-03-27 11:00:00', '2024-03-27 14:00:00', 12.974643, 77.633386, 'Outside a commercial complex, Indiranagar');
INSERT INTO ComplainantDetails (ComplainantID, CaseMasterID, ComplainantName, AgeYear, OccupationID, ReligionID, CasteID, GenderID) VALUES (105, 105, 'Latha Kulkarni', 71, 7, 1, 1, 2);
INSERT INTO ActSectionAssociation (CaseMasterID, ActID, SectionID, ActOrderID, SectionOrderID) VALUES (105, 'IPC', '379', 1, 1);
INSERT INTO Victim (VictimMasterID, CaseMasterID, VictimName, AgeYear, GenderID, VictimPolice) VALUES (105, 105, 'Praveen Murthy', 62, 2, '0');
INSERT INTO Accused (AccusedMasterID, CaseMasterID, AccusedName, AgeYear, GenderID, PersonID) VALUES (120, 105, 'Syed ''Jaguar'' Imran', 29, 1, 'A1');
INSERT INTO Accused (AccusedMasterID, CaseMasterID, AccusedName, AgeYear, GenderID, PersonID) VALUES (121, 105, 'Kiran ''Bullet'' Gowda', 29, 1, 'A2');
INSERT INTO Accused (AccusedMasterID, CaseMasterID, AccusedName, AgeYear, GenderID, PersonID) VALUES (122, 105, 'Pradeep ''Chotta'' Kumar', 29, 1, 'A3');
INSERT INTO ArrestSurrender (ArrestSurrenderID, CaseMasterID, ArrestSurrenderTypeID, ArrestSurrenderDate, ArrestSurrenderStateId, ArrestSurrenderDistrictId, PoliceStationID, IOID, CourtID, AccusedMasterID, IsAccused, IsComplainantAccused) VALUES (50, 105, 1, '2024-03-28', 1, 1, 1, 1, 1, 120, 1, 0);
INSERT INTO inv_arrestsurrenderaccused (ArrestSurrenderID, AccusedMasterID) VALUES (50, 120);
INSERT INTO inv_arrestsurrenderaccused (ArrestSurrenderID, AccusedMasterID) VALUES (50, 121);
INSERT INTO inv_arrestsurrenderaccused (ArrestSurrenderID, AccusedMasterID) VALUES (50, 122);
INSERT INTO ChargesheetDetails (CSID, CaseMasterID, csdate, cstype, PolicePersonID) VALUES (80, 105, '2024-06-18 11:00:00', 'A', 1);
INSERT INTO CaseMaster (CaseMasterID, CrimeNo, CaseNo, CrimeRegisteredDate, PolicePersonID, PoliceStationID, CaseCategoryID, GravityOffenceID, CrimeMajorHeadID, CrimeMinorHeadID, CaseStatusID, CourtID, IncidentFromDate, IncidentToDate, InfoReceivedPSDate, latitude, longitude, BriefFacts) VALUES (106, '100040014202400106', '202400106', '2024-03-10', 27, 14, 1, 1, 3, 6, 3, 4, '2024-03-10 12:00:00', '2024-03-10 15:00:00', '2024-03-10 12:00:00', 15.460822, 75.009990, 'Complainant reported a suspected online financial fraud incident near the inter-city bus stand. The matter was registered at Suburban Police Station Dharwad and assigned to Anitha Pawar.');
INSERT INTO Inv_OccuranceTime (CaseMasterID, IncidentFromDate, IncidentToDate, latitude, longitude, PlaceOfOccurrence) VALUES (106, '2024-03-10 12:00:00', '2024-03-10 15:00:00', 15.460822, 75.009990, 'Near the inter-city bus stand, Suburban Dharwad');
INSERT INTO ComplainantDetails (ComplainantID, CaseMasterID, ComplainantName, AgeYear, OccupationID, ReligionID, CasteID, GenderID) VALUES (106, 106, 'Bharath Khan', 29, 4, 2, 4, 2);
INSERT INTO ActSectionAssociation (CaseMasterID, ActID, SectionID, ActOrderID, SectionOrderID) VALUES (106, 'IT_ACT', '66D', 1, 1);
INSERT INTO Victim (VictimMasterID, CaseMasterID, VictimName, AgeYear, GenderID, VictimPolice) VALUES (106, 106, 'Manoj Deshpande', 27, 2, '0');
INSERT INTO Accused (AccusedMasterID, CaseMasterID, AccusedName, AgeYear, GenderID, PersonID) VALUES (123, 106, 'Raja O. Reddy', 32, 1, 'A1');
INSERT INTO ArrestSurrender (ArrestSurrenderID, CaseMasterID, ArrestSurrenderTypeID, ArrestSurrenderDate, ArrestSurrenderStateId, ArrestSurrenderDistrictId, PoliceStationID, IOID, CourtID, AccusedMasterID, IsAccused, IsComplainantAccused) VALUES (51, 106, 1, '2024-03-11', 1, 4, 14, 27, 4, 123, 1, 0);
INSERT INTO inv_arrestsurrenderaccused (ArrestSurrenderID, AccusedMasterID) VALUES (51, 123);
INSERT INTO ChargesheetDetails (CSID, CaseMasterID, csdate, cstype, PolicePersonID) VALUES (81, 106, '2024-04-26 11:00:00', 'A', 27);
INSERT INTO CaseMaster (CaseMasterID, CrimeNo, CaseNo, CrimeRegisteredDate, PolicePersonID, PoliceStationID, CaseCategoryID, GravityOffenceID, CrimeMajorHeadID, CrimeMinorHeadID, CaseStatusID, CourtID, IncidentFromDate, IncidentToDate, InfoReceivedPSDate, latitude, longitude, BriefFacts) VALUES (107, '100010001202400107', '202400107', '2024-03-21', 1, 1, 1, 2, 1, 10, 3, 1, '2024-03-21 21:00:00', '2024-03-21 22:00:00', '2024-03-21 21:00:00', 12.969186, 77.634132, 'Complainant reported a suspected highway robbery incident beside a metro approach road. The matter was registered at Indiranagar Police Station and assigned to Suresh Kambali.');
INSERT INTO Inv_OccuranceTime (CaseMasterID, IncidentFromDate, IncidentToDate, latitude, longitude, PlaceOfOccurrence) VALUES (107, '2024-03-21 21:00:00', '2024-03-21 22:00:00', 12.969186, 77.634132, 'Beside a metro approach road, Indiranagar');
INSERT INTO ComplainantDetails (ComplainantID, CaseMasterID, ComplainantName, AgeYear, OccupationID, ReligionID, CasteID, GenderID) VALUES (107, 107, 'Nandini Bhat', 40, 3, 1, 2, 1);
INSERT INTO ActSectionAssociation (CaseMasterID, ActID, SectionID, ActOrderID, SectionOrderID) VALUES (107, 'IPC', '379', 1, 1);
INSERT INTO Victim (VictimMasterID, CaseMasterID, VictimName, AgeYear, GenderID, VictimPolice) VALUES (107, 107, 'Sangeetha Gowda', 48, 2, '0');
INSERT INTO Accused (AccusedMasterID, CaseMasterID, AccusedName, AgeYear, GenderID, PersonID) VALUES (124, 107, 'Nagesh V. Pashan', 23, 1, 'A1');
INSERT INTO Accused (AccusedMasterID, CaseMasterID, AccusedName, AgeYear, GenderID, PersonID) VALUES (125, 107, 'Salman G. Khan', 23, 1, 'A2');
INSERT INTO ArrestSurrender (ArrestSurrenderID, CaseMasterID, ArrestSurrenderTypeID, ArrestSurrenderDate, ArrestSurrenderStateId, ArrestSurrenderDistrictId, PoliceStationID, IOID, CourtID, AccusedMasterID, IsAccused, IsComplainantAccused) VALUES (52, 107, 1, '2024-03-30', 1, 1, 1, 1, 1, 124, 1, 0);
INSERT INTO inv_arrestsurrenderaccused (ArrestSurrenderID, AccusedMasterID) VALUES (52, 124);
INSERT INTO inv_arrestsurrenderaccused (ArrestSurrenderID, AccusedMasterID) VALUES (52, 125);
INSERT INTO ChargesheetDetails (CSID, CaseMasterID, csdate, cstype, PolicePersonID) VALUES (82, 107, '2024-05-31 09:00:00', 'A', 1);
INSERT INTO CaseMaster (CaseMasterID, CrimeNo, CaseNo, CrimeRegisteredDate, PolicePersonID, PoliceStationID, CaseCategoryID, GravityOffenceID, CrimeMajorHeadID, CrimeMinorHeadID, CaseStatusID, CourtID, IncidentFromDate, IncidentToDate, InfoReceivedPSDate, latitude, longitude, BriefFacts) VALUES (108, '100050015202400108', '202400108', '2024-03-04', 29, 15, 1, 1, 4, 8, 2, 5, '2024-03-04 15:00:00', '2024-03-04 18:00:00', '2024-03-04 15:00:00', 15.866494, 74.502787, 'Cheating reported near the inter-city bus stand within Camp Police Station Belagavi limits. Prakash Patil recorded statements and initiated scene verification.');
INSERT INTO Inv_OccuranceTime (CaseMasterID, IncidentFromDate, IncidentToDate, latitude, longitude, PlaceOfOccurrence) VALUES (108, '2024-03-04 15:00:00', '2024-03-04 18:00:00', 15.866494, 74.502787, 'Near the inter-city bus stand, Camp Belagavi');
INSERT INTO ComplainantDetails (ComplainantID, CaseMasterID, ComplainantName, AgeYear, OccupationID, ReligionID, CasteID, GenderID) VALUES (108, 108, 'Nandini Khan', 22, 2, 3, 5, 1);
INSERT INTO ActSectionAssociation (CaseMasterID, ActID, SectionID, ActOrderID, SectionOrderID) VALUES (108, 'IPC', '420', 1, 1);
INSERT INTO Victim (VictimMasterID, CaseMasterID, VictimName, AgeYear, GenderID, VictimPolice) VALUES (108, 108, 'Rajesh Khan', 28, 2, '0');
INSERT INTO Accused (AccusedMasterID, CaseMasterID, AccusedName, AgeYear, GenderID, PersonID) VALUES (126, 108, 'Altaf C. Singh', 37, 1, 'A1');
INSERT INTO ArrestSurrender (ArrestSurrenderID, CaseMasterID, ArrestSurrenderTypeID, ArrestSurrenderDate, ArrestSurrenderStateId, ArrestSurrenderDistrictId, PoliceStationID, IOID, CourtID, AccusedMasterID, IsAccused, IsComplainantAccused) VALUES (53, 108, 1, '2024-03-14', 1, 5, 15, 29, 5, 126, 1, 0);
INSERT INTO inv_arrestsurrenderaccused (ArrestSurrenderID, AccusedMasterID) VALUES (53, 126);
INSERT INTO ChargesheetDetails (CSID, CaseMasterID, csdate, cstype, PolicePersonID) VALUES (83, 108, '2024-05-22 12:00:00', 'A', 29);
INSERT INTO CaseMaster (CaseMasterID, CrimeNo, CaseNo, CrimeRegisteredDate, PolicePersonID, PoliceStationID, CaseCategoryID, GravityOffenceID, CrimeMajorHeadID, CrimeMinorHeadID, CaseStatusID, CourtID, IncidentFromDate, IncidentToDate, InfoReceivedPSDate, latitude, longitude, BriefFacts) VALUES (109, '100010004202400109', '202400109', '2024-03-15', 7, 4, 1, 3, 5, 9, 4, 1, '2024-03-15 19:00:00', '2024-03-15 21:00:00', '2024-03-15 19:00:00', 12.919910, 77.601852, 'Complainant reported a suspected ganja possession incident outside a commercial complex. The matter was registered at Jayanagar Police Station and assigned to Kiran Bhat.');
INSERT INTO Inv_OccuranceTime (CaseMasterID, IncidentFromDate, IncidentToDate, latitude, longitude, PlaceOfOccurrence) VALUES (109, '2024-03-15 19:00:00', '2024-03-15 21:00:00', 12.919910, 77.601852, 'Outside a commercial complex, Jayanagar');
INSERT INTO ComplainantDetails (ComplainantID, CaseMasterID, ComplainantName, AgeYear, OccupationID, ReligionID, CasteID, GenderID) VALUES (109, 109, 'Girish Gowda', 21, 4, 4, 5, 1);
INSERT INTO ActSectionAssociation (CaseMasterID, ActID, SectionID, ActOrderID, SectionOrderID) VALUES (109, 'NDPS', '20', 1, 1);
INSERT INTO Victim (VictimMasterID, CaseMasterID, VictimName, AgeYear, GenderID, VictimPolice) VALUES (109, 109, 'Fathima Joshi', 40, 2, '0');
INSERT INTO Accused (AccusedMasterID, CaseMasterID, AccusedName, AgeYear, GenderID, PersonID) VALUES (127, 109, 'Shiva J. Singh', 33, 1, 'A1');
INSERT INTO ArrestSurrender (ArrestSurrenderID, CaseMasterID, ArrestSurrenderTypeID, ArrestSurrenderDate, ArrestSurrenderStateId, ArrestSurrenderDistrictId, PoliceStationID, IOID, CourtID, AccusedMasterID, IsAccused, IsComplainantAccused) VALUES (54, 109, 1, '2024-03-23', 1, 1, 4, 7, 1, 127, 1, 0);
INSERT INTO inv_arrestsurrenderaccused (ArrestSurrenderID, AccusedMasterID) VALUES (54, 127);
INSERT INTO ChargesheetDetails (CSID, CaseMasterID, csdate, cstype, PolicePersonID) VALUES (84, 109, '2024-04-26 12:00:00', 'A', 7);
INSERT INTO CaseMaster (CaseMasterID, CrimeNo, CaseNo, CrimeRegisteredDate, PolicePersonID, PoliceStationID, CaseCategoryID, GravityOffenceID, CrimeMajorHeadID, CrimeMinorHeadID, CaseStatusID, CourtID, IncidentFromDate, IncidentToDate, InfoReceivedPSDate, latitude, longitude, BriefFacts) VALUES (110, '100030009202400110', '202400110', '2024-03-26', 17, 9, 1, 3, 1, 1, 1, 3, '2024-03-26 09:00:00', '2024-03-26 10:00:00', '2024-03-26 09:00:00', 12.881143, 74.853245, 'Kadri Police Station registered the case after an incident beside an industrial access road. Initial CCTV, witness, and digital-evidence checks were assigned to IO Basavaraj Patil.');
INSERT INTO Inv_OccuranceTime (CaseMasterID, IncidentFromDate, IncidentToDate, latitude, longitude, PlaceOfOccurrence) VALUES (110, '2024-03-26 09:00:00', '2024-03-26 10:00:00', 12.881143, 74.853245, 'Beside an industrial access road, Kadri');
INSERT INTO ComplainantDetails (ComplainantID, CaseMasterID, ComplainantName, AgeYear, OccupationID, ReligionID, CasteID, GenderID) VALUES (110, 110, 'Naveena Joshi', 69, 5, 2, 3, 1);
INSERT INTO ActSectionAssociation (CaseMasterID, ActID, SectionID, ActOrderID, SectionOrderID) VALUES (110, 'IPC', '379', 1, 1);
INSERT INTO Victim (VictimMasterID, CaseMasterID, VictimName, AgeYear, GenderID, VictimPolice) VALUES (110, 110, 'Ganesh Shetty', 52, 2, '0');
INSERT INTO Accused (AccusedMasterID, CaseMasterID, AccusedName, AgeYear, GenderID, PersonID) VALUES (128, 110, 'Pandu Q. Khan', 40, 1, 'A1');
INSERT INTO CaseMaster (CaseMasterID, CrimeNo, CaseNo, CrimeRegisteredDate, PolicePersonID, PoliceStationID, CaseCategoryID, GravityOffenceID, CrimeMajorHeadID, CrimeMinorHeadID, CaseStatusID, CourtID, IncidentFromDate, IncidentToDate, InfoReceivedPSDate, latitude, longitude, BriefFacts) VALUES (111, '100050017202400111', '202400111', '2024-03-09', 33, 17, 1, 2, 1, 3, 3, 5, '2024-03-09 19:00:00', '2024-03-09 22:00:00', '2024-03-09 19:00:00', 15.826880, 74.509624, 'Shahapur Police Station registered the case after an incident on the ring road service lane. Initial CCTV, witness, and digital-evidence checks were assigned to IO Naveen Shetty.');
INSERT INTO Inv_OccuranceTime (CaseMasterID, IncidentFromDate, IncidentToDate, latitude, longitude, PlaceOfOccurrence) VALUES (111, '2024-03-09 19:00:00', '2024-03-09 22:00:00', 15.826880, 74.509624, 'On the ring road service lane, Shahapur');
INSERT INTO ComplainantDetails (ComplainantID, CaseMasterID, ComplainantName, AgeYear, OccupationID, ReligionID, CasteID, GenderID) VALUES (111, 111, 'Deepak Khan', 52, 2, 4, 5, 2);
INSERT INTO ActSectionAssociation (CaseMasterID, ActID, SectionID, ActOrderID, SectionOrderID) VALUES (111, 'IPC', '379', 1, 1);
INSERT INTO Victim (VictimMasterID, CaseMasterID, VictimName, AgeYear, GenderID, VictimPolice) VALUES (111, 111, 'Nikhil Murthy', 62, 1, '0');
INSERT INTO Accused (AccusedMasterID, CaseMasterID, AccusedName, AgeYear, GenderID, PersonID) VALUES (129, 111, 'Mohan X. Salim', 39, 1, 'A1');
INSERT INTO ArrestSurrender (ArrestSurrenderID, CaseMasterID, ArrestSurrenderTypeID, ArrestSurrenderDate, ArrestSurrenderStateId, ArrestSurrenderDistrictId, PoliceStationID, IOID, CourtID, AccusedMasterID, IsAccused, IsComplainantAccused) VALUES (55, 111, 1, '2024-04-11', 1, 5, 17, 33, 5, 129, 1, 0);
INSERT INTO inv_arrestsurrenderaccused (ArrestSurrenderID, AccusedMasterID) VALUES (55, 129);
INSERT INTO ChargesheetDetails (CSID, CaseMasterID, csdate, cstype, PolicePersonID) VALUES (85, 111, '2024-05-17 16:00:00', 'A', 33);
INSERT INTO CaseMaster (CaseMasterID, CrimeNo, CaseNo, CrimeRegisteredDate, PolicePersonID, PoliceStationID, CaseCategoryID, GravityOffenceID, CrimeMajorHeadID, CrimeMinorHeadID, CaseStatusID, CourtID, IncidentFromDate, IncidentToDate, InfoReceivedPSDate, latitude, longitude, BriefFacts) VALUES (112, '100050015202400112', '202400112', '2024-03-20', 29, 15, 1, 1, 2, 4, 3, 5, '2024-03-20 09:00:00', '2024-03-20 10:00:00', '2024-03-20 09:00:00', 15.855336, 74.505198, 'Camp Police Station Belagavi registered the case after an incident near the inter-city bus stand. Initial CCTV, witness, and digital-evidence checks were assigned to IO Prakash Patil.');
INSERT INTO Inv_OccuranceTime (CaseMasterID, IncidentFromDate, IncidentToDate, latitude, longitude, PlaceOfOccurrence) VALUES (112, '2024-03-20 09:00:00', '2024-03-20 10:00:00', 15.855336, 74.505198, 'Near the inter-city bus stand, Camp Belagavi');
INSERT INTO ComplainantDetails (ComplainantID, CaseMasterID, ComplainantName, AgeYear, OccupationID, ReligionID, CasteID, GenderID) VALUES (112, 112, 'Joel Kulkarni', 66, 7, 3, 2, 1);
INSERT INTO ActSectionAssociation (CaseMasterID, ActID, SectionID, ActOrderID, SectionOrderID) VALUES (112, 'IPC', '302', 1, 1);
INSERT INTO Victim (VictimMasterID, CaseMasterID, VictimName, AgeYear, GenderID, VictimPolice) VALUES (112, 112, 'Praveen Fernandes', 16, 1, '0');
INSERT INTO Accused (AccusedMasterID, CaseMasterID, AccusedName, AgeYear, GenderID, PersonID) VALUES (130, 112, 'Tukaram E. Shetty', 38, 1, 'A1');
INSERT INTO ArrestSurrender (ArrestSurrenderID, CaseMasterID, ArrestSurrenderTypeID, ArrestSurrenderDate, ArrestSurrenderStateId, ArrestSurrenderDistrictId, PoliceStationID, IOID, CourtID, AccusedMasterID, IsAccused, IsComplainantAccused) VALUES (56, 112, 1, '2024-03-30', 1, 5, 15, 29, 5, 130, 1, 0);
INSERT INTO inv_arrestsurrenderaccused (ArrestSurrenderID, AccusedMasterID) VALUES (56, 130);
INSERT INTO ChargesheetDetails (CSID, CaseMasterID, csdate, cstype, PolicePersonID) VALUES (86, 112, '2024-05-25 15:00:00', 'A', 29);
INSERT INTO CaseMaster (CaseMasterID, CrimeNo, CaseNo, CrimeRegisteredDate, PolicePersonID, PoliceStationID, CaseCategoryID, GravityOffenceID, CrimeMajorHeadID, CrimeMinorHeadID, CaseStatusID, CourtID, IncidentFromDate, IncidentToDate, InfoReceivedPSDate, latitude, longitude, BriefFacts) VALUES (113, '100020007202400113', '202400113', '2024-03-03', 13, 7, 1, 3, 4, 8, 1, 2, '2024-03-03 11:00:00', '2024-03-03 14:00:00', '2024-03-03 11:00:00', 12.314857, 76.659701, 'Control room information regarding cheating was received from on the ring road service lane. IO Suresh Rao opened the investigation and secured preliminary evidence.');
INSERT INTO Inv_OccuranceTime (CaseMasterID, IncidentFromDate, IncidentToDate, latitude, longitude, PlaceOfOccurrence) VALUES (113, '2024-03-03 11:00:00', '2024-03-03 14:00:00', 12.314857, 76.659701, 'On the ring road service lane, Lashkar');
INSERT INTO ComplainantDetails (ComplainantID, CaseMasterID, ComplainantName, AgeYear, OccupationID, ReligionID, CasteID, GenderID) VALUES (113, 113, 'Kavitha Bhat', 55, 3, 1, 1, 1);
INSERT INTO ActSectionAssociation (CaseMasterID, ActID, SectionID, ActOrderID, SectionOrderID) VALUES (113, 'IPC', '420', 1, 1);
INSERT INTO Victim (VictimMasterID, CaseMasterID, VictimName, AgeYear, GenderID, VictimPolice) VALUES (113, 113, 'Roshan Shetty', 48, 2, '0');
INSERT INTO Accused (AccusedMasterID, CaseMasterID, AccusedName, AgeYear, GenderID, PersonID) VALUES (131, 113, 'Altaf L. Poojary', 37, 1, 'A1');
INSERT INTO CaseMaster (CaseMasterID, CrimeNo, CaseNo, CrimeRegisteredDate, PolicePersonID, PoliceStationID, CaseCategoryID, GravityOffenceID, CrimeMajorHeadID, CrimeMinorHeadID, CaseStatusID, CourtID, IncidentFromDate, IncidentToDate, InfoReceivedPSDate, latitude, longitude, BriefFacts) VALUES (114, '100010003202400114', '202400114', '2024-03-14', 5, 3, 1, 3, 1, 2, 4, 1, '2024-03-14 00:00:00', '2024-03-14 02:00:00', '2024-03-14 00:00:00', 12.971343, 77.746484, 'Whitefield Police Station registered the case after an incident beside a metro approach road. Initial CCTV, witness, and digital-evidence checks were assigned to IO Lakshmi Shetty.');
INSERT INTO Inv_OccuranceTime (CaseMasterID, IncidentFromDate, IncidentToDate, latitude, longitude, PlaceOfOccurrence) VALUES (114, '2024-03-14 00:00:00', '2024-03-14 02:00:00', 12.971343, 77.746484, 'Beside a metro approach road, Whitefield');
INSERT INTO ComplainantDetails (ComplainantID, CaseMasterID, ComplainantName, AgeYear, OccupationID, ReligionID, CasteID, GenderID) VALUES (114, 114, 'Joel Poojary', 71, 1, 5, 4, 2);
INSERT INTO ActSectionAssociation (CaseMasterID, ActID, SectionID, ActOrderID, SectionOrderID) VALUES (114, 'IPC', '379', 1, 1);
INSERT INTO Victim (VictimMasterID, CaseMasterID, VictimName, AgeYear, GenderID, VictimPolice) VALUES (114, 114, 'Divya Fernandes', 64, 2, '0');
INSERT INTO Accused (AccusedMasterID, CaseMasterID, AccusedName, AgeYear, GenderID, PersonID) VALUES (132, 114, 'Lokesh S. Reddy', 38, 1, 'A1');
INSERT INTO ChargesheetDetails (CSID, CaseMasterID, csdate, cstype, PolicePersonID) VALUES (87, 114, '2024-04-12 13:00:00', 'A', 5);
INSERT INTO CaseMaster (CaseMasterID, CrimeNo, CaseNo, CrimeRegisteredDate, PolicePersonID, PoliceStationID, CaseCategoryID, GravityOffenceID, CrimeMajorHeadID, CrimeMinorHeadID, CaseStatusID, CourtID, IncidentFromDate, IncidentToDate, InfoReceivedPSDate, latitude, longitude, BriefFacts) VALUES (115, '100060018202400115', '202400115', '2024-03-25', 35, 18, 1, 2, 1, 1, 4, 6, '2024-03-25 14:00:00', '2024-03-25 16:00:00', '2024-03-25 14:00:00', 17.331938, 76.829708, 'Automobile Theft reported close to a residential layout within Station Bazar Police Station limits. Prakash Kambali recorded statements and initiated scene verification.');
INSERT INTO Inv_OccuranceTime (CaseMasterID, IncidentFromDate, IncidentToDate, latitude, longitude, PlaceOfOccurrence) VALUES (115, '2024-03-25 14:00:00', '2024-03-25 16:00:00', 17.331938, 76.829708, 'Close to a residential layout, Station Bazar');
INSERT INTO ComplainantDetails (ComplainantID, CaseMasterID, ComplainantName, AgeYear, OccupationID, ReligionID, CasteID, GenderID) VALUES (115, 115, 'Meena Shetty', 68, 3, 2, 3, 2);
INSERT INTO ActSectionAssociation (CaseMasterID, ActID, SectionID, ActOrderID, SectionOrderID) VALUES (115, 'IPC', '379', 1, 1);
INSERT INTO Victim (VictimMasterID, CaseMasterID, VictimName, AgeYear, GenderID, VictimPolice) VALUES (115, 115, 'Asha Kulkarni', 52, 1, '0');
INSERT INTO Accused (AccusedMasterID, CaseMasterID, AccusedName, AgeYear, GenderID, PersonID) VALUES (133, 115, 'Mohan Z. Patil', 43, 1, 'A1');
INSERT INTO ChargesheetDetails (CSID, CaseMasterID, csdate, cstype, PolicePersonID) VALUES (88, 115, '2024-05-10 16:00:00', 'A', 35);
INSERT INTO CaseMaster (CaseMasterID, CrimeNo, CaseNo, CrimeRegisteredDate, PolicePersonID, PoliceStationID, CaseCategoryID, GravityOffenceID, CrimeMajorHeadID, CrimeMinorHeadID, CaseStatusID, CourtID, IncidentFromDate, IncidentToDate, InfoReceivedPSDate, latitude, longitude, BriefFacts) VALUES (116, '100060018202400116', '202400116', '2024-03-08', 35, 18, 1, 3, 1, 1, 4, 6, '2024-03-08 12:00:00', '2024-03-08 14:00:00', '2024-03-08 12:00:00', 17.337055, 76.825341, 'Control room information regarding automobile theft was received from close to a residential layout. IO Prakash Kambali opened the investigation and secured preliminary evidence.');
INSERT INTO Inv_OccuranceTime (CaseMasterID, IncidentFromDate, IncidentToDate, latitude, longitude, PlaceOfOccurrence) VALUES (116, '2024-03-08 12:00:00', '2024-03-08 14:00:00', 17.337055, 76.825341, 'Close to a residential layout, Station Bazar');
INSERT INTO ComplainantDetails (ComplainantID, CaseMasterID, ComplainantName, AgeYear, OccupationID, ReligionID, CasteID, GenderID) VALUES (116, 116, 'Latha Fernandes', 35, 4, 5, 5, 1);
INSERT INTO ActSectionAssociation (CaseMasterID, ActID, SectionID, ActOrderID, SectionOrderID) VALUES (116, 'IPC', '379', 1, 1);
INSERT INTO Victim (VictimMasterID, CaseMasterID, VictimName, AgeYear, GenderID, VictimPolice) VALUES (116, 116, 'Sangeetha Gowda', 16, 1, '0');
INSERT INTO Accused (AccusedMasterID, CaseMasterID, AccusedName, AgeYear, GenderID, PersonID) VALUES (134, 116, 'Rohit G. Naik', 38, 1, 'A1');
INSERT INTO ChargesheetDetails (CSID, CaseMasterID, csdate, cstype, PolicePersonID) VALUES (89, 116, '2024-05-29 12:00:00', 'A', 35);
INSERT INTO CaseMaster (CaseMasterID, CrimeNo, CaseNo, CrimeRegisteredDate, PolicePersonID, PoliceStationID, CaseCategoryID, GravityOffenceID, CrimeMajorHeadID, CrimeMinorHeadID, CaseStatusID, CourtID, IncidentFromDate, IncidentToDate, InfoReceivedPSDate, latitude, longitude, BriefFacts) VALUES (117, '100010004202400117', '202400117', '2024-03-19', 7, 4, 3, 3, 5, 9, 1, 1, '2024-03-19 09:00:00', '2024-03-19 11:00:00', '2024-03-19 09:00:00', 12.928431, 77.600729, 'Control room information regarding ganja possession was received from beside a metro approach road. IO Kiran Bhat opened the investigation and secured preliminary evidence.');
INSERT INTO Inv_OccuranceTime (CaseMasterID, IncidentFromDate, IncidentToDate, latitude, longitude, PlaceOfOccurrence) VALUES (117, '2024-03-19 09:00:00', '2024-03-19 11:00:00', 12.928431, 77.600729, 'Beside a metro approach road, Jayanagar');
INSERT INTO ComplainantDetails (ComplainantID, CaseMasterID, ComplainantName, AgeYear, OccupationID, ReligionID, CasteID, GenderID) VALUES (117, 117, 'Eshwar Bhat', 41, 1, 5, 4, 2);
INSERT INTO ActSectionAssociation (CaseMasterID, ActID, SectionID, ActOrderID, SectionOrderID) VALUES (117, 'NDPS', '20', 1, 1);
INSERT INTO Victim (VictimMasterID, CaseMasterID, VictimName, AgeYear, GenderID, VictimPolice) VALUES (117, 117, 'Roshan Poojary', 59, 2, '0');
INSERT INTO Accused (AccusedMasterID, CaseMasterID, AccusedName, AgeYear, GenderID, PersonID) VALUES (135, 117, 'Mohan N. Poojary', 40, 1, 'A1');
INSERT INTO CaseMaster (CaseMasterID, CrimeNo, CaseNo, CrimeRegisteredDate, PolicePersonID, PoliceStationID, CaseCategoryID, GravityOffenceID, CrimeMajorHeadID, CrimeMinorHeadID, CaseStatusID, CourtID, IncidentFromDate, IncidentToDate, InfoReceivedPSDate, latitude, longitude, BriefFacts) VALUES (118, '100010004202400118', '202400118', '2024-03-02', 7, 4, 1, 2, 2, 5, 4, 1, '2024-03-02 18:00:00', '2024-03-02 21:00:00', '2024-03-02 18:00:00', 12.930653, 77.592438, 'Jayanagar Police Station registered the case after an incident outside a commercial complex. Initial CCTV, witness, and digital-evidence checks were assigned to IO Kiran Bhat.');
INSERT INTO Inv_OccuranceTime (CaseMasterID, IncidentFromDate, IncidentToDate, latitude, longitude, PlaceOfOccurrence) VALUES (118, '2024-03-02 18:00:00', '2024-03-02 21:00:00', 12.930653, 77.592438, 'Outside a commercial complex, Jayanagar');
INSERT INTO ComplainantDetails (ComplainantID, CaseMasterID, ComplainantName, AgeYear, OccupationID, ReligionID, CasteID, GenderID) VALUES (118, 118, 'Suma Kulkarni', 21, 1, 3, 1, 2);
INSERT INTO ActSectionAssociation (CaseMasterID, ActID, SectionID, ActOrderID, SectionOrderID) VALUES (118, 'IPC', '302', 1, 1);
INSERT INTO Victim (VictimMasterID, CaseMasterID, VictimName, AgeYear, GenderID, VictimPolice) VALUES (118, 118, 'Kiran Deshpande', 73, 1, '0');
INSERT INTO Accused (AccusedMasterID, CaseMasterID, AccusedName, AgeYear, GenderID, PersonID) VALUES (136, 118, 'Pandu U. Kumar', 33, 1, 'A1');
INSERT INTO ChargesheetDetails (CSID, CaseMasterID, csdate, cstype, PolicePersonID) VALUES (90, 118, '2024-06-03 11:00:00', 'A', 7);
INSERT INTO CaseMaster (CaseMasterID, CrimeNo, CaseNo, CrimeRegisteredDate, PolicePersonID, PoliceStationID, CaseCategoryID, GravityOffenceID, CrimeMajorHeadID, CrimeMinorHeadID, CaseStatusID, CourtID, IncidentFromDate, IncidentToDate, InfoReceivedPSDate, latitude, longitude, BriefFacts) VALUES (119, '100010001202400119', '202400119', '2024-03-13', 1, 1, 1, 2, 2, 5, 3, 1, '2024-03-13 15:00:00', '2024-03-13 18:00:00', '2024-03-13 15:00:00', 12.970111, 77.635956, 'Complainant reported a suspected grievous hurt incident near a market entrance. The matter was registered at Indiranagar Police Station and assigned to Suresh Kambali.');
INSERT INTO Inv_OccuranceTime (CaseMasterID, IncidentFromDate, IncidentToDate, latitude, longitude, PlaceOfOccurrence) VALUES (119, '2024-03-13 15:00:00', '2024-03-13 18:00:00', 12.970111, 77.635956, 'Near a market entrance, Indiranagar');
INSERT INTO ComplainantDetails (ComplainantID, CaseMasterID, ComplainantName, AgeYear, OccupationID, ReligionID, CasteID, GenderID) VALUES (119, 119, 'Deepak Poojary', 42, 2, 2, 5, 1);
INSERT INTO ActSectionAssociation (CaseMasterID, ActID, SectionID, ActOrderID, SectionOrderID) VALUES (119, 'IPC', '302', 1, 1);
INSERT INTO Victim (VictimMasterID, CaseMasterID, VictimName, AgeYear, GenderID, VictimPolice) VALUES (119, 119, 'Manoj Deshpande', 52, 2, '0');
INSERT INTO Accused (AccusedMasterID, CaseMasterID, AccusedName, AgeYear, GenderID, PersonID) VALUES (137, 119, 'Sameer B. Kumar', 31, 1, 'A1');
INSERT INTO ArrestSurrender (ArrestSurrenderID, CaseMasterID, ArrestSurrenderTypeID, ArrestSurrenderDate, ArrestSurrenderStateId, ArrestSurrenderDistrictId, PoliceStationID, IOID, CourtID, AccusedMasterID, IsAccused, IsComplainantAccused) VALUES (57, 119, 1, '2024-03-28', 1, 1, 1, 1, 1, 137, 1, 0);
INSERT INTO inv_arrestsurrenderaccused (ArrestSurrenderID, AccusedMasterID) VALUES (57, 137);
INSERT INTO ChargesheetDetails (CSID, CaseMasterID, csdate, cstype, PolicePersonID) VALUES (91, 119, '2024-05-07 11:00:00', 'A', 1);
INSERT INTO CaseMaster (CaseMasterID, CrimeNo, CaseNo, CrimeRegisteredDate, PolicePersonID, PoliceStationID, CaseCategoryID, GravityOffenceID, CrimeMajorHeadID, CrimeMinorHeadID, CaseStatusID, CourtID, IncidentFromDate, IncidentToDate, InfoReceivedPSDate, latitude, longitude, BriefFacts) VALUES (120, '100010004202400120', '202400120', '2024-03-24', 7, 4, 1, 3, 1, 1, 4, 1, '2024-03-24 16:00:00', '2024-03-24 19:00:00', '2024-03-24 16:00:00', 12.919166, 77.595930, 'Complainant reported a suspected automobile theft incident outside a commercial complex. The matter was registered at Jayanagar Police Station and assigned to Kiran Bhat.');
INSERT INTO Inv_OccuranceTime (CaseMasterID, IncidentFromDate, IncidentToDate, latitude, longitude, PlaceOfOccurrence) VALUES (120, '2024-03-24 16:00:00', '2024-03-24 19:00:00', 12.919166, 77.595930, 'Outside a commercial complex, Jayanagar');
INSERT INTO ComplainantDetails (ComplainantID, CaseMasterID, ComplainantName, AgeYear, OccupationID, ReligionID, CasteID, GenderID) VALUES (120, 120, 'Jagadish Bhat', 68, 3, 5, 5, 2);
INSERT INTO ActSectionAssociation (CaseMasterID, ActID, SectionID, ActOrderID, SectionOrderID) VALUES (120, 'IPC', '379', 1, 1);
INSERT INTO Victim (VictimMasterID, CaseMasterID, VictimName, AgeYear, GenderID, VictimPolice) VALUES (120, 120, 'Nikhil Deshpande', 38, 1, '0');
INSERT INTO Accused (AccusedMasterID, CaseMasterID, AccusedName, AgeYear, GenderID, PersonID) VALUES (138, 120, 'Nagaraj @ ''Snake'' Nagi', 34, 1, 'A1');
INSERT INTO ArrestSurrender (ArrestSurrenderID, CaseMasterID, ArrestSurrenderTypeID, ArrestSurrenderDate, ArrestSurrenderStateId, ArrestSurrenderDistrictId, PoliceStationID, IOID, CourtID, AccusedMasterID, IsAccused, IsComplainantAccused) VALUES (58, 120, 1, '2024-04-21', 1, 1, 4, 7, 1, 138, 1, 0);
INSERT INTO inv_arrestsurrenderaccused (ArrestSurrenderID, AccusedMasterID) VALUES (58, 138);
INSERT INTO ChargesheetDetails (CSID, CaseMasterID, csdate, cstype, PolicePersonID) VALUES (92, 120, '2024-05-31 16:00:00', 'A', 7);
INSERT INTO CaseMaster (CaseMasterID, CrimeNo, CaseNo, CrimeRegisteredDate, PolicePersonID, PoliceStationID, CaseCategoryID, GravityOffenceID, CrimeMajorHeadID, CrimeMinorHeadID, CaseStatusID, CourtID, IncidentFromDate, IncidentToDate, InfoReceivedPSDate, latitude, longitude, BriefFacts) VALUES (121, '100010001202400121', '202400121', '2024-03-07', 1, 1, 1, 2, 5, 9, 2, 1, '2024-03-07 16:00:00', '2024-03-07 19:00:00', '2024-03-07 16:00:00', 12.987455, 77.630191, 'Ganja Possession reported outside a commercial complex within Indiranagar Police Station limits. Suresh Kambali recorded statements and initiated scene verification.');
INSERT INTO Inv_OccuranceTime (CaseMasterID, IncidentFromDate, IncidentToDate, latitude, longitude, PlaceOfOccurrence) VALUES (121, '2024-03-07 16:00:00', '2024-03-07 19:00:00', 12.987455, 77.630191, 'Outside a commercial complex, Indiranagar');
INSERT INTO ComplainantDetails (ComplainantID, CaseMasterID, ComplainantName, AgeYear, OccupationID, ReligionID, CasteID, GenderID) VALUES (121, 121, 'Shilpa Kulkarni', 47, 6, 5, 1, 1);
INSERT INTO ActSectionAssociation (CaseMasterID, ActID, SectionID, ActOrderID, SectionOrderID) VALUES (121, 'NDPS', '20', 1, 1);
INSERT INTO Victim (VictimMasterID, CaseMasterID, VictimName, AgeYear, GenderID, VictimPolice) VALUES (121, 121, 'Chaitra Khan', 32, 1, '0');
INSERT INTO Accused (AccusedMasterID, CaseMasterID, AccusedName, AgeYear, GenderID, PersonID) VALUES (139, 121, 'Salman P. Poojary', 33, 1, 'A1');
INSERT INTO ChargesheetDetails (CSID, CaseMasterID, csdate, cstype, PolicePersonID) VALUES (93, 121, '2024-06-04 09:00:00', 'A', 1);
INSERT INTO CaseMaster (CaseMasterID, CrimeNo, CaseNo, CrimeRegisteredDate, PolicePersonID, PoliceStationID, CaseCategoryID, GravityOffenceID, CrimeMajorHeadID, CrimeMinorHeadID, CaseStatusID, CourtID, IncidentFromDate, IncidentToDate, InfoReceivedPSDate, latitude, longitude, BriefFacts) VALUES (122, '100050016202400122', '202400122', '2024-03-18', 31, 16, 2, 1, 2, 4, 2, 5, '2024-03-18 07:00:00', '2024-03-18 10:00:00', '2024-03-18 07:00:00', 15.839701, 74.509288, 'Tilakwadi Police Station registered the case after an incident beside an industrial access road. Initial CCTV, witness, and digital-evidence checks were assigned to IO Santosh Pawar.');
INSERT INTO Inv_OccuranceTime (CaseMasterID, IncidentFromDate, IncidentToDate, latitude, longitude, PlaceOfOccurrence) VALUES (122, '2024-03-18 07:00:00', '2024-03-18 10:00:00', 15.839701, 74.509288, 'Beside an industrial access road, Tilakwadi');
INSERT INTO ComplainantDetails (ComplainantID, CaseMasterID, ComplainantName, AgeYear, OccupationID, ReligionID, CasteID, GenderID) VALUES (122, 122, 'Radha Gowda', 31, 3, 3, 3, 2);
INSERT INTO ActSectionAssociation (CaseMasterID, ActID, SectionID, ActOrderID, SectionOrderID) VALUES (122, 'IPC', '302', 1, 1);
INSERT INTO Victim (VictimMasterID, CaseMasterID, VictimName, AgeYear, GenderID, VictimPolice) VALUES (122, 122, 'Sangeetha Bhat', 53, 2, '0');
INSERT INTO Accused (AccusedMasterID, CaseMasterID, AccusedName, AgeYear, GenderID, PersonID) VALUES (140, 122, 'Jagga W. Naik', 24, 1, 'A1');
INSERT INTO ArrestSurrender (ArrestSurrenderID, CaseMasterID, ArrestSurrenderTypeID, ArrestSurrenderDate, ArrestSurrenderStateId, ArrestSurrenderDistrictId, PoliceStationID, IOID, CourtID, AccusedMasterID, IsAccused, IsComplainantAccused) VALUES (59, 122, 1, '2024-03-24', 1, 5, 16, 31, 5, 140, 1, 0);
INSERT INTO inv_arrestsurrenderaccused (ArrestSurrenderID, AccusedMasterID) VALUES (59, 140);
INSERT INTO ChargesheetDetails (CSID, CaseMasterID, csdate, cstype, PolicePersonID) VALUES (94, 122, '2024-05-06 13:00:00', 'A', 31);
INSERT INTO CaseMaster (CaseMasterID, CrimeNo, CaseNo, CrimeRegisteredDate, PolicePersonID, PoliceStationID, CaseCategoryID, GravityOffenceID, CrimeMajorHeadID, CrimeMinorHeadID, CaseStatusID, CourtID, IncidentFromDate, IncidentToDate, InfoReceivedPSDate, latitude, longitude, BriefFacts) VALUES (123, '100050016202400123', '202400123', '2024-03-01', 31, 16, 4, 2, 4, 8, 4, 5, '2024-03-01 09:00:00', '2024-03-01 10:00:00', '2024-03-01 09:00:00', 15.845531, 74.501460, 'Control room information regarding cheating was received from close to a residential layout. IO Santosh Pawar opened the investigation and secured preliminary evidence.');
INSERT INTO Inv_OccuranceTime (CaseMasterID, IncidentFromDate, IncidentToDate, latitude, longitude, PlaceOfOccurrence) VALUES (123, '2024-03-01 09:00:00', '2024-03-01 10:00:00', 15.845531, 74.501460, 'Close to a residential layout, Tilakwadi');
INSERT INTO ComplainantDetails (ComplainantID, CaseMasterID, ComplainantName, AgeYear, OccupationID, ReligionID, CasteID, GenderID) VALUES (123, 123, 'Anand Deshpande', 61, 7, 2, 4, 1);
INSERT INTO ActSectionAssociation (CaseMasterID, ActID, SectionID, ActOrderID, SectionOrderID) VALUES (123, 'IPC', '420', 1, 1);
INSERT INTO Victim (VictimMasterID, CaseMasterID, VictimName, AgeYear, GenderID, VictimPolice) VALUES (123, 123, 'Kiran Deshpande', 64, 2, '0');
INSERT INTO Accused (AccusedMasterID, CaseMasterID, AccusedName, AgeYear, GenderID, PersonID) VALUES (141, 123, 'Nagesh D. Poojary', 36, 1, 'A1');
INSERT INTO Accused (AccusedMasterID, CaseMasterID, AccusedName, AgeYear, GenderID, PersonID) VALUES (142, 123, 'Raja O. Pashan', 39, 1, 'A2');
INSERT INTO ChargesheetDetails (CSID, CaseMasterID, csdate, cstype, PolicePersonID) VALUES (95, 123, '2024-05-08 13:00:00', 'A', 31);
INSERT INTO CaseMaster (CaseMasterID, CrimeNo, CaseNo, CrimeRegisteredDate, PolicePersonID, PoliceStationID, CaseCategoryID, GravityOffenceID, CrimeMajorHeadID, CrimeMinorHeadID, CaseStatusID, CourtID, IncidentFromDate, IncidentToDate, InfoReceivedPSDate, latitude, longitude, BriefFacts) VALUES (124, '100010002202400124', '202400124', '2024-03-12', 3, 2, 1, 1, 2, 5, 3, 1, '2024-03-12 22:00:00', '2024-03-12 23:00:00', '2024-03-12 22:00:00', 12.945888, 77.628419, 'Koramangala Police Station registered the case after an incident near a market entrance. Initial CCTV, witness, and digital-evidence checks were assigned to IO Prakash Jadhav.');
INSERT INTO Inv_OccuranceTime (CaseMasterID, IncidentFromDate, IncidentToDate, latitude, longitude, PlaceOfOccurrence) VALUES (124, '2024-03-12 22:00:00', '2024-03-12 23:00:00', 12.945888, 77.628419, 'Near a market entrance, Koramangala');
INSERT INTO ComplainantDetails (ComplainantID, CaseMasterID, ComplainantName, AgeYear, OccupationID, ReligionID, CasteID, GenderID) VALUES (124, 124, 'Kavitha Shetty', 62, 4, 2, 3, 1);
INSERT INTO ActSectionAssociation (CaseMasterID, ActID, SectionID, ActOrderID, SectionOrderID) VALUES (124, 'IPC', '302', 1, 1);
INSERT INTO Victim (VictimMasterID, CaseMasterID, VictimName, AgeYear, GenderID, VictimPolice) VALUES (124, 124, 'Chaitra Poojary', 50, 2, '0');
INSERT INTO Accused (AccusedMasterID, CaseMasterID, AccusedName, AgeYear, GenderID, PersonID) VALUES (143, 124, 'Salman K. Shaikh', 28, 1, 'A1');
INSERT INTO ArrestSurrender (ArrestSurrenderID, CaseMasterID, ArrestSurrenderTypeID, ArrestSurrenderDate, ArrestSurrenderStateId, ArrestSurrenderDistrictId, PoliceStationID, IOID, CourtID, AccusedMasterID, IsAccused, IsComplainantAccused) VALUES (60, 124, 1, '2024-03-12', 1, 1, 2, 3, 1, 143, 1, 0);
INSERT INTO inv_arrestsurrenderaccused (ArrestSurrenderID, AccusedMasterID) VALUES (60, 143);
INSERT INTO ChargesheetDetails (CSID, CaseMasterID, csdate, cstype, PolicePersonID) VALUES (96, 124, '2024-04-25 15:00:00', 'A', 3);
INSERT INTO CaseMaster (CaseMasterID, CrimeNo, CaseNo, CrimeRegisteredDate, PolicePersonID, PoliceStationID, CaseCategoryID, GravityOffenceID, CrimeMajorHeadID, CrimeMinorHeadID, CaseStatusID, CourtID, IncidentFromDate, IncidentToDate, InfoReceivedPSDate, latitude, longitude, BriefFacts) VALUES (125, '100010002202400125', '202400125', '2024-03-23', 3, 2, 1, 3, 1, 3, 4, 1, '2024-03-23 20:00:00', '2024-03-23 21:00:00', '2024-03-23 20:00:00', 12.941643, 77.633210, 'Koramangala Police Station registered the case after an incident beside a metro approach road. Initial CCTV, witness, and digital-evidence checks were assigned to IO Prakash Jadhav.');
INSERT INTO Inv_OccuranceTime (CaseMasterID, IncidentFromDate, IncidentToDate, latitude, longitude, PlaceOfOccurrence) VALUES (125, '2024-03-23 20:00:00', '2024-03-23 21:00:00', 12.941643, 77.633210, 'Beside a metro approach road, Koramangala');
INSERT INTO ComplainantDetails (ComplainantID, CaseMasterID, ComplainantName, AgeYear, OccupationID, ReligionID, CasteID, GenderID) VALUES (125, 125, 'Radha Shetty', 72, 3, 3, 2, 1);
INSERT INTO ActSectionAssociation (CaseMasterID, ActID, SectionID, ActOrderID, SectionOrderID) VALUES (125, 'IPC', '379', 1, 1);
INSERT INTO Victim (VictimMasterID, CaseMasterID, VictimName, AgeYear, GenderID, VictimPolice) VALUES (125, 125, 'Roshan Poojary', 74, 2, '0');
INSERT INTO Accused (AccusedMasterID, CaseMasterID, AccusedName, AgeYear, GenderID, PersonID) VALUES (144, 125, 'Rohit R. Gowda', 45, 1, 'A1');
INSERT INTO ArrestSurrender (ArrestSurrenderID, CaseMasterID, ArrestSurrenderTypeID, ArrestSurrenderDate, ArrestSurrenderStateId, ArrestSurrenderDistrictId, PoliceStationID, IOID, CourtID, AccusedMasterID, IsAccused, IsComplainantAccused) VALUES (61, 125, 1, '2024-03-25', 1, 1, 2, 3, 1, 144, 1, 0);
INSERT INTO inv_arrestsurrenderaccused (ArrestSurrenderID, AccusedMasterID) VALUES (61, 144);
INSERT INTO ChargesheetDetails (CSID, CaseMasterID, csdate, cstype, PolicePersonID) VALUES (97, 125, '2024-05-15 13:00:00', 'A', 3);
INSERT INTO CaseMaster (CaseMasterID, CrimeNo, CaseNo, CrimeRegisteredDate, PolicePersonID, PoliceStationID, CaseCategoryID, GravityOffenceID, CrimeMajorHeadID, CrimeMinorHeadID, CaseStatusID, CourtID, IncidentFromDate, IncidentToDate, InfoReceivedPSDate, latitude, longitude, BriefFacts) VALUES (126, '100030009202400126', '202400126', '2024-03-06', 17, 9, 1, 2, 2, 5, 4, 3, '2024-03-06 17:00:00', '2024-03-06 18:00:00', '2024-03-06 17:00:00', 12.895684, 74.859226, 'Control room information regarding grievous hurt was received from near the inter-city bus stand. IO Basavaraj Patil opened the investigation and secured preliminary evidence.');
INSERT INTO Inv_OccuranceTime (CaseMasterID, IncidentFromDate, IncidentToDate, latitude, longitude, PlaceOfOccurrence) VALUES (126, '2024-03-06 17:00:00', '2024-03-06 18:00:00', 12.895684, 74.859226, 'Near the inter-city bus stand, Kadri');
INSERT INTO ComplainantDetails (ComplainantID, CaseMasterID, ComplainantName, AgeYear, OccupationID, ReligionID, CasteID, GenderID) VALUES (126, 126, 'Pooja Kulkarni', 32, 1, 5, 1, 2);
INSERT INTO ActSectionAssociation (CaseMasterID, ActID, SectionID, ActOrderID, SectionOrderID) VALUES (126, 'IPC', '302', 1, 1);
INSERT INTO Victim (VictimMasterID, CaseMasterID, VictimName, AgeYear, GenderID, VictimPolice) VALUES (126, 126, 'Nikhil Patil', 63, 2, '0');
INSERT INTO Accused (AccusedMasterID, CaseMasterID, AccusedName, AgeYear, GenderID, PersonID) VALUES (145, 126, 'Imtiaz Y. Verma', 25, 1, 'A1');
INSERT INTO ChargesheetDetails (CSID, CaseMasterID, csdate, cstype, PolicePersonID) VALUES (98, 126, '2024-06-07 16:00:00', 'A', 17);
INSERT INTO CaseMaster (CaseMasterID, CrimeNo, CaseNo, CrimeRegisteredDate, PolicePersonID, PoliceStationID, CaseCategoryID, GravityOffenceID, CrimeMajorHeadID, CrimeMinorHeadID, CaseStatusID, CourtID, IncidentFromDate, IncidentToDate, InfoReceivedPSDate, latitude, longitude, BriefFacts) VALUES (127, '100050017202400127', '202400127', '2024-03-17', 33, 17, 1, 2, 2, 5, 3, 5, '2024-03-17 21:00:00', '2024-03-17 23:00:00', '2024-03-17 21:00:00', 15.843264, 74.517395, 'Grievous Hurt reported near the inter-city bus stand within Shahapur Police Station limits. Naveen Shetty recorded statements and initiated scene verification.');
INSERT INTO Inv_OccuranceTime (CaseMasterID, IncidentFromDate, IncidentToDate, latitude, longitude, PlaceOfOccurrence) VALUES (127, '2024-03-17 21:00:00', '2024-03-17 23:00:00', 15.843264, 74.517395, 'Near the inter-city bus stand, Shahapur');
INSERT INTO ComplainantDetails (ComplainantID, CaseMasterID, ComplainantName, AgeYear, OccupationID, ReligionID, CasteID, GenderID) VALUES (127, 127, 'Suma Kulkarni', 32, 3, 1, 4, 1);
INSERT INTO ActSectionAssociation (CaseMasterID, ActID, SectionID, ActOrderID, SectionOrderID) VALUES (127, 'IPC', '302', 1, 1);
INSERT INTO Victim (VictimMasterID, CaseMasterID, VictimName, AgeYear, GenderID, VictimPolice) VALUES (127, 127, 'Rajesh Bhat', 50, 2, '0');
INSERT INTO Accused (AccusedMasterID, CaseMasterID, AccusedName, AgeYear, GenderID, PersonID) VALUES (146, 127, 'Sameer F. Salim', 21, 1, 'A1');
INSERT INTO ChargesheetDetails (CSID, CaseMasterID, csdate, cstype, PolicePersonID) VALUES (99, 127, '2024-06-01 11:00:00', 'A', 33);
INSERT INTO CaseMaster (CaseMasterID, CrimeNo, CaseNo, CrimeRegisteredDate, PolicePersonID, PoliceStationID, CaseCategoryID, GravityOffenceID, CrimeMajorHeadID, CrimeMinorHeadID, CaseStatusID, CourtID, IncidentFromDate, IncidentToDate, InfoReceivedPSDate, latitude, longitude, BriefFacts) VALUES (128, '100050015202400128', '202400128', '2024-04-22', 29, 15, 1, 3, 3, 7, 3, 5, '2024-04-22 11:00:00', '2024-04-22 13:00:00', '2024-04-22 11:00:00', 15.863186, 74.493403, 'Identity Theft reported near the inter-city bus stand within Camp Police Station Belagavi limits. Prakash Patil recorded statements and initiated scene verification.');
INSERT INTO Inv_OccuranceTime (CaseMasterID, IncidentFromDate, IncidentToDate, latitude, longitude, PlaceOfOccurrence) VALUES (128, '2024-04-22 11:00:00', '2024-04-22 13:00:00', 15.863186, 74.493403, 'Near the inter-city bus stand, Camp Belagavi');
INSERT INTO ComplainantDetails (ComplainantID, CaseMasterID, ComplainantName, AgeYear, OccupationID, ReligionID, CasteID, GenderID) VALUES (128, 128, 'Naveena Joshi', 23, 7, 4, 5, 2);
INSERT INTO ActSectionAssociation (CaseMasterID, ActID, SectionID, ActOrderID, SectionOrderID) VALUES (128, 'IT_ACT', '66D', 1, 1);
INSERT INTO Victim (VictimMasterID, CaseMasterID, VictimName, AgeYear, GenderID, VictimPolice) VALUES (128, 128, 'Manoj Patil', 63, 1, '0');
INSERT INTO Accused (AccusedMasterID, CaseMasterID, AccusedName, AgeYear, GenderID, PersonID) VALUES (147, 128, 'Mantu M. Verma', 31, 1, 'A1');
INSERT INTO ChargesheetDetails (CSID, CaseMasterID, csdate, cstype, PolicePersonID) VALUES (100, 128, '2024-06-24 09:00:00', 'A', 29);
INSERT INTO CaseMaster (CaseMasterID, CrimeNo, CaseNo, CrimeRegisteredDate, PolicePersonID, PoliceStationID, CaseCategoryID, GravityOffenceID, CrimeMajorHeadID, CrimeMinorHeadID, CaseStatusID, CourtID, IncidentFromDate, IncidentToDate, InfoReceivedPSDate, latitude, longitude, BriefFacts) VALUES (129, '100010005202400129', '202400129', '2024-04-05', 9, 5, 1, 2, 2, 5, 5, 1, '2024-04-05 23:00:00', '2024-04-05 02:00:00', '2024-04-05 23:00:00', 13.010339, 77.555355, 'Grievous Hurt reported outside a commercial complex within Malleshwaram Police Station limits. Ramesh Pawar recorded statements and initiated scene verification.');
INSERT INTO Inv_OccuranceTime (CaseMasterID, IncidentFromDate, IncidentToDate, latitude, longitude, PlaceOfOccurrence) VALUES (129, '2024-04-05 23:00:00', '2024-04-05 02:00:00', 13.010339, 77.555355, 'Outside a commercial complex, Malleshwaram');
INSERT INTO ComplainantDetails (ComplainantID, CaseMasterID, ComplainantName, AgeYear, OccupationID, ReligionID, CasteID, GenderID) VALUES (129, 129, 'Pooja Khan', 69, 1, 5, 1, 2);
INSERT INTO ActSectionAssociation (CaseMasterID, ActID, SectionID, ActOrderID, SectionOrderID) VALUES (129, 'IPC', '302', 1, 1);
INSERT INTO Victim (VictimMasterID, CaseMasterID, VictimName, AgeYear, GenderID, VictimPolice) VALUES (129, 129, 'Kiran Khan', 67, 1, '0');
INSERT INTO Accused (AccusedMasterID, CaseMasterID, AccusedName, AgeYear, GenderID, PersonID) VALUES (148, 129, 'Pandu T. Verma', 25, 1, 'A1');
INSERT INTO ArrestSurrender (ArrestSurrenderID, CaseMasterID, ArrestSurrenderTypeID, ArrestSurrenderDate, ArrestSurrenderStateId, ArrestSurrenderDistrictId, PoliceStationID, IOID, CourtID, AccusedMasterID, IsAccused, IsComplainantAccused) VALUES (62, 129, 1, '2024-04-05', 1, 1, 5, 9, 1, 148, 1, 0);
INSERT INTO inv_arrestsurrenderaccused (ArrestSurrenderID, AccusedMasterID) VALUES (62, 148);
INSERT INTO CaseMaster (CaseMasterID, CrimeNo, CaseNo, CrimeRegisteredDate, PolicePersonID, PoliceStationID, CaseCategoryID, GravityOffenceID, CrimeMajorHeadID, CrimeMinorHeadID, CaseStatusID, CourtID, IncidentFromDate, IncidentToDate, InfoReceivedPSDate, latitude, longitude, BriefFacts) VALUES (130, '100010003202400130', '202400130', '2024-04-16', 5, 3, 1, 2, 3, 7, 3, 1, '2024-04-16 14:00:00', '2024-04-16 16:00:00', '2024-04-16 14:00:00', 12.968042, 77.750426, 'Identity Theft reported near a market entrance within Whitefield Police Station limits. Lakshmi Shetty recorded statements and initiated scene verification.');
INSERT INTO Inv_OccuranceTime (CaseMasterID, IncidentFromDate, IncidentToDate, latitude, longitude, PlaceOfOccurrence) VALUES (130, '2024-04-16 14:00:00', '2024-04-16 16:00:00', 12.968042, 77.750426, 'Near a market entrance, Whitefield');
INSERT INTO ComplainantDetails (ComplainantID, CaseMasterID, ComplainantName, AgeYear, OccupationID, ReligionID, CasteID, GenderID) VALUES (130, 130, 'Pooja Hegde', 20, 7, 1, 3, 2);
INSERT INTO ActSectionAssociation (CaseMasterID, ActID, SectionID, ActOrderID, SectionOrderID) VALUES (130, 'IT_ACT', '66D', 1, 1);
INSERT INTO Victim (VictimMasterID, CaseMasterID, VictimName, AgeYear, GenderID, VictimPolice) VALUES (130, 130, 'Chaitra Hegde', 54, 1, '0');
INSERT INTO Accused (AccusedMasterID, CaseMasterID, AccusedName, AgeYear, GenderID, PersonID) VALUES (149, 130, 'Tukaram A. Singh', 44, 1, 'A1');
INSERT INTO ArrestSurrender (ArrestSurrenderID, CaseMasterID, ArrestSurrenderTypeID, ArrestSurrenderDate, ArrestSurrenderStateId, ArrestSurrenderDistrictId, PoliceStationID, IOID, CourtID, AccusedMasterID, IsAccused, IsComplainantAccused) VALUES (63, 130, 1, '2024-05-10', 1, 1, 3, 5, 1, 149, 1, 0);
INSERT INTO inv_arrestsurrenderaccused (ArrestSurrenderID, AccusedMasterID) VALUES (63, 149);
INSERT INTO ChargesheetDetails (CSID, CaseMasterID, csdate, cstype, PolicePersonID) VALUES (101, 130, '2024-06-25 17:00:00', 'A', 5);
INSERT INTO CaseMaster (CaseMasterID, CrimeNo, CaseNo, CrimeRegisteredDate, PolicePersonID, PoliceStationID, CaseCategoryID, GravityOffenceID, CrimeMajorHeadID, CrimeMinorHeadID, CaseStatusID, CourtID, IncidentFromDate, IncidentToDate, InfoReceivedPSDate, latitude, longitude, BriefFacts) VALUES (131, '100040013202400131', '202400131', '2024-04-27', 25, 13, 1, 3, 1, 10, 4, 4, '2024-04-27 18:00:00', '2024-04-27 19:00:00', '2024-04-27 18:00:00', 15.354861, 75.132920, 'Highway Robbery reported on the ring road service lane within Vidyanagar Police Station Hubballi limits. Vijay Rao recorded statements and initiated scene verification.');
INSERT INTO Inv_OccuranceTime (CaseMasterID, IncidentFromDate, IncidentToDate, latitude, longitude, PlaceOfOccurrence) VALUES (131, '2024-04-27 18:00:00', '2024-04-27 19:00:00', 15.354861, 75.132920, 'On the ring road service lane, Vidyanagar Hubballi');
INSERT INTO ComplainantDetails (ComplainantID, CaseMasterID, ComplainantName, AgeYear, OccupationID, ReligionID, CasteID, GenderID) VALUES (131, 131, 'Chetan Deshpande', 42, 5, 3, 1, 1);
INSERT INTO ActSectionAssociation (CaseMasterID, ActID, SectionID, ActOrderID, SectionOrderID) VALUES (131, 'IPC', '379', 1, 1);
INSERT INTO Victim (VictimMasterID, CaseMasterID, VictimName, AgeYear, GenderID, VictimPolice) VALUES (131, 131, 'Rajesh Fernandes', 26, 1, '0');
INSERT INTO Accused (AccusedMasterID, CaseMasterID, AccusedName, AgeYear, GenderID, PersonID) VALUES (150, 131, 'Salman H. Khan', 24, 1, 'A1');
INSERT INTO ChargesheetDetails (CSID, CaseMasterID, csdate, cstype, PolicePersonID) VALUES (102, 131, '2024-07-18 16:00:00', 'A', 25);
INSERT INTO CaseMaster (CaseMasterID, CrimeNo, CaseNo, CrimeRegisteredDate, PolicePersonID, PoliceStationID, CaseCategoryID, GravityOffenceID, CrimeMajorHeadID, CrimeMinorHeadID, CaseStatusID, CourtID, IncidentFromDate, IncidentToDate, InfoReceivedPSDate, latitude, longitude, BriefFacts) VALUES (132, '100050017202400132', '202400132', '2024-04-10', 33, 17, 1, 2, 1, 10, 2, 5, '2024-04-10 22:00:00', '2024-04-10 01:00:00', '2024-04-10 22:00:00', 15.827975, 74.511891, 'Shahapur Police Station registered the case after an incident beside an industrial access road. Initial CCTV, witness, and digital-evidence checks were assigned to IO Naveen Shetty.');
INSERT INTO Inv_OccuranceTime (CaseMasterID, IncidentFromDate, IncidentToDate, latitude, longitude, PlaceOfOccurrence) VALUES (132, '2024-04-10 22:00:00', '2024-04-10 01:00:00', 15.827975, 74.511891, 'Beside an industrial access road, Shahapur');
INSERT INTO ComplainantDetails (ComplainantID, CaseMasterID, ComplainantName, AgeYear, OccupationID, ReligionID, CasteID, GenderID) VALUES (132, 132, 'Anand Fernandes', 43, 4, 5, 1, 1);
INSERT INTO ActSectionAssociation (CaseMasterID, ActID, SectionID, ActOrderID, SectionOrderID) VALUES (132, 'IPC', '379', 1, 1);
INSERT INTO Victim (VictimMasterID, CaseMasterID, VictimName, AgeYear, GenderID, VictimPolice) VALUES (132, 132, 'Vinay Naik', 33, 2, '0');
INSERT INTO Accused (AccusedMasterID, CaseMasterID, AccusedName, AgeYear, GenderID, PersonID) VALUES (151, 132, 'Imtiaz O. Jadhav', 37, 1, 'A1');
INSERT INTO Accused (AccusedMasterID, CaseMasterID, AccusedName, AgeYear, GenderID, PersonID) VALUES (152, 132, 'Ajay Z. Reddy', 27, 1, 'A2');
INSERT INTO ChargesheetDetails (CSID, CaseMasterID, csdate, cstype, PolicePersonID) VALUES (103, 132, '2024-06-11 14:00:00', 'A', 33);
INSERT INTO CaseMaster (CaseMasterID, CrimeNo, CaseNo, CrimeRegisteredDate, PolicePersonID, PoliceStationID, CaseCategoryID, GravityOffenceID, CrimeMajorHeadID, CrimeMinorHeadID, CaseStatusID, CourtID, IncidentFromDate, IncidentToDate, InfoReceivedPSDate, latitude, longitude, BriefFacts) VALUES (133, '100040013202400133', '202400133', '2024-04-21', 25, 13, 1, 3, 3, 6, 4, 4, '2024-04-21 12:00:00', '2024-04-21 14:00:00', '2024-04-21 12:00:00', 15.368840, 75.131344, 'Vidyanagar Police Station Hubballi registered the case after an incident near the inter-city bus stand. Initial CCTV, witness, and digital-evidence checks were assigned to IO Vijay Rao.');
INSERT INTO Inv_OccuranceTime (CaseMasterID, IncidentFromDate, IncidentToDate, latitude, longitude, PlaceOfOccurrence) VALUES (133, '2024-04-21 12:00:00', '2024-04-21 14:00:00', 15.368840, 75.131344, 'Near the inter-city bus stand, Vidyanagar Hubballi');
INSERT INTO ComplainantDetails (ComplainantID, CaseMasterID, ComplainantName, AgeYear, OccupationID, ReligionID, CasteID, GenderID) VALUES (133, 133, 'Suma Rao', 63, 1, 5, 1, 2);
INSERT INTO ActSectionAssociation (CaseMasterID, ActID, SectionID, ActOrderID, SectionOrderID) VALUES (133, 'IT_ACT', '66D', 1, 1);
INSERT INTO Victim (VictimMasterID, CaseMasterID, VictimName, AgeYear, GenderID, VictimPolice) VALUES (133, 133, 'Fathima Fernandes', 19, 1, '0');
INSERT INTO Accused (AccusedMasterID, CaseMasterID, AccusedName, AgeYear, GenderID, PersonID) VALUES (153, 133, 'Sameer V. Pashan', 20, 1, 'A1');
INSERT INTO ChargesheetDetails (CSID, CaseMasterID, csdate, cstype, PolicePersonID) VALUES (104, 133, '2024-06-01 09:00:00', 'A', 25);
INSERT INTO CaseMaster (CaseMasterID, CrimeNo, CaseNo, CrimeRegisteredDate, PolicePersonID, PoliceStationID, CaseCategoryID, GravityOffenceID, CrimeMajorHeadID, CrimeMinorHeadID, CaseStatusID, CourtID, IncidentFromDate, IncidentToDate, InfoReceivedPSDate, latitude, longitude, BriefFacts) VALUES (134, '100040012202400134', '202400134', '2024-04-04', 23, 12, 1, 2, 3, 6, 4, 4, '2024-04-04 10:00:00', '2024-04-04 11:00:00', '2024-04-04 10:00:00', 15.359555, 75.143595, 'Suburban Police Station Hubballi registered the case after an incident beside an industrial access road. Initial CCTV, witness, and digital-evidence checks were assigned to IO Manjunath Deshmukh.');
INSERT INTO Inv_OccuranceTime (CaseMasterID, IncidentFromDate, IncidentToDate, latitude, longitude, PlaceOfOccurrence) VALUES (134, '2024-04-04 10:00:00', '2024-04-04 11:00:00', 15.359555, 75.143595, 'Beside an industrial access road, Suburban Hubballi');
INSERT INTO ComplainantDetails (ComplainantID, CaseMasterID, ComplainantName, AgeYear, OccupationID, ReligionID, CasteID, GenderID) VALUES (134, 134, 'Deepak Hegde', 46, 1, 4, 4, 2);
INSERT INTO ActSectionAssociation (CaseMasterID, ActID, SectionID, ActOrderID, SectionOrderID) VALUES (134, 'IT_ACT', '66D', 1, 1);
INSERT INTO Victim (VictimMasterID, CaseMasterID, VictimName, AgeYear, GenderID, VictimPolice) VALUES (134, 134, 'Sangeetha Shetty', 48, 1, '0');
INSERT INTO Accused (AccusedMasterID, CaseMasterID, AccusedName, AgeYear, GenderID, PersonID) VALUES (154, 134, 'Rafiq C. Verma', 33, 1, 'A1');
INSERT INTO ArrestSurrender (ArrestSurrenderID, CaseMasterID, ArrestSurrenderTypeID, ArrestSurrenderDate, ArrestSurrenderStateId, ArrestSurrenderDistrictId, PoliceStationID, IOID, CourtID, AccusedMasterID, IsAccused, IsComplainantAccused) VALUES (64, 134, 1, '2024-04-19', 1, 4, 12, 23, 4, 154, 1, 0);
INSERT INTO inv_arrestsurrenderaccused (ArrestSurrenderID, AccusedMasterID) VALUES (64, 154);
INSERT INTO ChargesheetDetails (CSID, CaseMasterID, csdate, cstype, PolicePersonID) VALUES (105, 134, '2024-07-03 16:00:00', 'A', 23);
INSERT INTO CaseMaster (CaseMasterID, CrimeNo, CaseNo, CrimeRegisteredDate, PolicePersonID, PoliceStationID, CaseCategoryID, GravityOffenceID, CrimeMajorHeadID, CrimeMinorHeadID, CaseStatusID, CourtID, IncidentFromDate, IncidentToDate, InfoReceivedPSDate, latitude, longitude, BriefFacts) VALUES (135, '100010001202400135', '202400135', '2024-04-15', 1, 1, 1, 2, 5, 9, 5, 1, '2024-04-15 12:00:00', '2024-04-15 15:00:00', '2024-04-15 12:00:00', 12.975449, 77.641654, 'Complainant reported a suspected ganja possession incident near a bus stop. The matter was registered at Indiranagar Police Station and assigned to Suresh Kambali.');
INSERT INTO Inv_OccuranceTime (CaseMasterID, IncidentFromDate, IncidentToDate, latitude, longitude, PlaceOfOccurrence) VALUES (135, '2024-04-15 12:00:00', '2024-04-15 15:00:00', 12.975449, 77.641654, 'Near a bus stop, Indiranagar');
INSERT INTO ComplainantDetails (ComplainantID, CaseMasterID, ComplainantName, AgeYear, OccupationID, ReligionID, CasteID, GenderID) VALUES (135, 135, 'Pooja Gowda', 52, 4, 1, 3, 1);
INSERT INTO ActSectionAssociation (CaseMasterID, ActID, SectionID, ActOrderID, SectionOrderID) VALUES (135, 'NDPS', '20', 1, 1);
INSERT INTO Victim (VictimMasterID, CaseMasterID, VictimName, AgeYear, GenderID, VictimPolice) VALUES (135, 135, 'Rajesh Kulkarni', 40, 2, '0');
INSERT INTO Accused (AccusedMasterID, CaseMasterID, AccusedName, AgeYear, GenderID, PersonID) VALUES (155, 135, 'Salman J. Reddy', 30, 1, 'A1');
INSERT INTO ArrestSurrender (ArrestSurrenderID, CaseMasterID, ArrestSurrenderTypeID, ArrestSurrenderDate, ArrestSurrenderStateId, ArrestSurrenderDistrictId, PoliceStationID, IOID, CourtID, AccusedMasterID, IsAccused, IsComplainantAccused) VALUES (65, 135, 1, '2024-04-29', 1, 1, 1, 1, 1, 155, 1, 0);
INSERT INTO inv_arrestsurrenderaccused (ArrestSurrenderID, AccusedMasterID) VALUES (65, 155);
INSERT INTO CaseMaster (CaseMasterID, CrimeNo, CaseNo, CrimeRegisteredDate, PolicePersonID, PoliceStationID, CaseCategoryID, GravityOffenceID, CrimeMajorHeadID, CrimeMinorHeadID, CaseStatusID, CourtID, IncidentFromDate, IncidentToDate, InfoReceivedPSDate, latitude, longitude, BriefFacts) VALUES (136, '100040014202400136', '202400136', '2024-04-26', 27, 14, 1, 3, 4, 8, 3, 4, '2024-04-26 16:00:00', '2024-04-26 18:00:00', '2024-04-26 16:00:00', 15.457760, 75.015197, 'Complainant reported a suspected cheating incident near the central market. The matter was registered at Suburban Police Station Dharwad and assigned to Anitha Pawar.');
INSERT INTO Inv_OccuranceTime (CaseMasterID, IncidentFromDate, IncidentToDate, latitude, longitude, PlaceOfOccurrence) VALUES (136, '2024-04-26 16:00:00', '2024-04-26 18:00:00', 15.457760, 75.015197, 'Near the central market, Suburban Dharwad');
INSERT INTO ComplainantDetails (ComplainantID, CaseMasterID, ComplainantName, AgeYear, OccupationID, ReligionID, CasteID, GenderID) VALUES (136, 136, 'Deepak Shetty', 37, 4, 1, 4, 2);
INSERT INTO ActSectionAssociation (CaseMasterID, ActID, SectionID, ActOrderID, SectionOrderID) VALUES (136, 'IPC', '420', 1, 1);
INSERT INTO Victim (VictimMasterID, CaseMasterID, VictimName, AgeYear, GenderID, VictimPolice) VALUES (136, 136, 'Tarun Joshi', 48, 2, '0');
INSERT INTO Accused (AccusedMasterID, CaseMasterID, AccusedName, AgeYear, GenderID, PersonID) VALUES (156, 136, 'Sameer Q. Kumar', 36, 1, 'A1');
INSERT INTO Accused (AccusedMasterID, CaseMasterID, AccusedName, AgeYear, GenderID, PersonID) VALUES (157, 136, 'Nagesh B. Salim', 44, 1, 'A2');
INSERT INTO ChargesheetDetails (CSID, CaseMasterID, csdate, cstype, PolicePersonID) VALUES (106, 136, '2024-07-22 12:00:00', 'A', 27);
INSERT INTO CaseMaster (CaseMasterID, CrimeNo, CaseNo, CrimeRegisteredDate, PolicePersonID, PoliceStationID, CaseCategoryID, GravityOffenceID, CrimeMajorHeadID, CrimeMinorHeadID, CaseStatusID, CourtID, IncidentFromDate, IncidentToDate, InfoReceivedPSDate, latitude, longitude, BriefFacts) VALUES (137, '100040013202400137', '202400137', '2024-04-09', 25, 13, 1, 1, 2, 4, 1, 4, '2024-04-09 17:00:00', '2024-04-09 20:00:00', '2024-04-09 17:00:00', 15.353524, 75.117372, 'Control room information regarding murder was received from near the central market. IO Vijay Rao opened the investigation and secured preliminary evidence.');
INSERT INTO Inv_OccuranceTime (CaseMasterID, IncidentFromDate, IncidentToDate, latitude, longitude, PlaceOfOccurrence) VALUES (137, '2024-04-09 17:00:00', '2024-04-09 20:00:00', 15.353524, 75.117372, 'Near the central market, Vidyanagar Hubballi');
INSERT INTO ComplainantDetails (ComplainantID, CaseMasterID, ComplainantName, AgeYear, OccupationID, ReligionID, CasteID, GenderID) VALUES (137, 137, 'Meena Deshpande', 47, 2, 5, 4, 2);
INSERT INTO ActSectionAssociation (CaseMasterID, ActID, SectionID, ActOrderID, SectionOrderID) VALUES (137, 'IPC', '302', 1, 1);
INSERT INTO Victim (VictimMasterID, CaseMasterID, VictimName, AgeYear, GenderID, VictimPolice) VALUES (137, 137, 'Vinay Rao', 74, 1, '0');
INSERT INTO Accused (AccusedMasterID, CaseMasterID, AccusedName, AgeYear, GenderID, PersonID) VALUES (158, 137, 'Rohit X. Pashan', 44, 1, 'A1');
INSERT INTO CaseMaster (CaseMasterID, CrimeNo, CaseNo, CrimeRegisteredDate, PolicePersonID, PoliceStationID, CaseCategoryID, GravityOffenceID, CrimeMajorHeadID, CrimeMinorHeadID, CaseStatusID, CourtID, IncidentFromDate, IncidentToDate, InfoReceivedPSDate, latitude, longitude, BriefFacts) VALUES (138, '100010005202400138', '202400138', '2024-04-20', 9, 5, 1, 3, 3, 6, 2, 1, '2024-04-20 10:00:00', '2024-04-20 11:00:00', '2024-04-20 10:00:00', 13.003802, 77.562777, 'Malleshwaram Police Station registered the case after an incident near a market entrance. Initial CCTV, witness, and digital-evidence checks were assigned to IO Ramesh Pawar.');
INSERT INTO Inv_OccuranceTime (CaseMasterID, IncidentFromDate, IncidentToDate, latitude, longitude, PlaceOfOccurrence) VALUES (138, '2024-04-20 10:00:00', '2024-04-20 11:00:00', 13.003802, 77.562777, 'Near a market entrance, Malleshwaram');
INSERT INTO ComplainantDetails (ComplainantID, CaseMasterID, ComplainantName, AgeYear, OccupationID, ReligionID, CasteID, GenderID) VALUES (138, 138, 'Harish Patil', 56, 1, 4, 2, 1);
INSERT INTO ActSectionAssociation (CaseMasterID, ActID, SectionID, ActOrderID, SectionOrderID) VALUES (138, 'IT_ACT', '66D', 1, 1);
INSERT INTO Victim (VictimMasterID, CaseMasterID, VictimName, AgeYear, GenderID, VictimPolice) VALUES (138, 138, 'Arun Murthy', 60, 1, '0');
INSERT INTO Accused (AccusedMasterID, CaseMasterID, AccusedName, AgeYear, GenderID, PersonID) VALUES (159, 138, 'Mohan E. Pashan', 30, 1, 'A1');
INSERT INTO Accused (AccusedMasterID, CaseMasterID, AccusedName, AgeYear, GenderID, PersonID) VALUES (160, 138, 'Altaf P. Salim', 37, 1, 'A2');
INSERT INTO ArrestSurrender (ArrestSurrenderID, CaseMasterID, ArrestSurrenderTypeID, ArrestSurrenderDate, ArrestSurrenderStateId, ArrestSurrenderDistrictId, PoliceStationID, IOID, CourtID, AccusedMasterID, IsAccused, IsComplainantAccused) VALUES (66, 138, 1, '2024-05-01', 1, 1, 5, 9, 1, 159, 1, 0);
INSERT INTO inv_arrestsurrenderaccused (ArrestSurrenderID, AccusedMasterID) VALUES (66, 159);
INSERT INTO inv_arrestsurrenderaccused (ArrestSurrenderID, AccusedMasterID) VALUES (66, 160);
INSERT INTO ChargesheetDetails (CSID, CaseMasterID, csdate, cstype, PolicePersonID) VALUES (107, 138, '2024-05-21 15:00:00', 'A', 9);
INSERT INTO CaseMaster (CaseMasterID, CrimeNo, CaseNo, CrimeRegisteredDate, PolicePersonID, PoliceStationID, CaseCategoryID, GravityOffenceID, CrimeMajorHeadID, CrimeMinorHeadID, CaseStatusID, CourtID, IncidentFromDate, IncidentToDate, InfoReceivedPSDate, latitude, longitude, BriefFacts) VALUES (139, '100030010202400139', '202400139', '2024-04-03', 19, 10, 1, 3, 3, 7, 3, 3, '2024-04-03 09:00:00', '2024-04-03 11:00:00', '2024-04-03 09:00:00', 12.851308, 74.838674, 'Pandeshwar Police Station registered the case after an incident beside an industrial access road. Initial CCTV, witness, and digital-evidence checks were assigned to IO Shankar Rao.');
INSERT INTO Inv_OccuranceTime (CaseMasterID, IncidentFromDate, IncidentToDate, latitude, longitude, PlaceOfOccurrence) VALUES (139, '2024-04-03 09:00:00', '2024-04-03 11:00:00', 12.851308, 74.838674, 'Beside an industrial access road, Pandeshwar');
INSERT INTO ComplainantDetails (ComplainantID, CaseMasterID, ComplainantName, AgeYear, OccupationID, ReligionID, CasteID, GenderID) VALUES (139, 139, 'Shilpa Gowda', 39, 6, 2, 1, 2);
INSERT INTO ActSectionAssociation (CaseMasterID, ActID, SectionID, ActOrderID, SectionOrderID) VALUES (139, 'IT_ACT', '66D', 1, 1);
INSERT INTO Victim (VictimMasterID, CaseMasterID, VictimName, AgeYear, GenderID, VictimPolice) VALUES (139, 139, 'Roshan Fernandes', 34, 2, '0');
INSERT INTO Accused (AccusedMasterID, CaseMasterID, AccusedName, AgeYear, GenderID, PersonID) VALUES (161, 139, 'Mohan L. Poojary', 34, 1, 'A1');
INSERT INTO ChargesheetDetails (CSID, CaseMasterID, csdate, cstype, PolicePersonID) VALUES (108, 139, '2024-05-11 10:00:00', 'A', 19);
INSERT INTO CaseMaster (CaseMasterID, CrimeNo, CaseNo, CrimeRegisteredDate, PolicePersonID, PoliceStationID, CaseCategoryID, GravityOffenceID, CrimeMajorHeadID, CrimeMinorHeadID, CaseStatusID, CourtID, IncidentFromDate, IncidentToDate, InfoReceivedPSDate, latitude, longitude, BriefFacts) VALUES (140, '100040013202400140', '202400140', '2024-04-14', 25, 13, 1, 2, 1, 2, 3, 4, '2024-04-14 02:00:00', '2024-04-14 03:00:00', '2024-04-14 02:00:00', 15.359502, 75.122689, 'Control room information regarding house breaking night was received from near the inter-city bus stand. IO Vijay Rao opened the investigation and secured preliminary evidence.');
INSERT INTO Inv_OccuranceTime (CaseMasterID, IncidentFromDate, IncidentToDate, latitude, longitude, PlaceOfOccurrence) VALUES (140, '2024-04-14 02:00:00', '2024-04-14 03:00:00', 15.359502, 75.122689, 'Near the inter-city bus stand, Vidyanagar Hubballi');
INSERT INTO ComplainantDetails (ComplainantID, CaseMasterID, ComplainantName, AgeYear, OccupationID, ReligionID, CasteID, GenderID) VALUES (140, 140, 'Meena Shetty', 24, 3, 4, 5, 1);
INSERT INTO ActSectionAssociation (CaseMasterID, ActID, SectionID, ActOrderID, SectionOrderID) VALUES (140, 'IPC', '379', 1, 1);
INSERT INTO Victim (VictimMasterID, CaseMasterID, VictimName, AgeYear, GenderID, VictimPolice) VALUES (140, 140, 'Asha Bhat', 62, 2, '0');
INSERT INTO Accused (AccusedMasterID, CaseMasterID, AccusedName, AgeYear, GenderID, PersonID) VALUES (162, 140, 'Shiva S. Khan', 24, 1, 'A1');
INSERT INTO ArrestSurrender (ArrestSurrenderID, CaseMasterID, ArrestSurrenderTypeID, ArrestSurrenderDate, ArrestSurrenderStateId, ArrestSurrenderDistrictId, PoliceStationID, IOID, CourtID, AccusedMasterID, IsAccused, IsComplainantAccused) VALUES (67, 140, 1, '2024-04-19', 1, 4, 13, 25, 4, 162, 1, 0);
INSERT INTO inv_arrestsurrenderaccused (ArrestSurrenderID, AccusedMasterID) VALUES (67, 162);
INSERT INTO ChargesheetDetails (CSID, CaseMasterID, csdate, cstype, PolicePersonID) VALUES (109, 140, '2024-06-04 16:00:00', 'A', 25);
INSERT INTO CaseMaster (CaseMasterID, CrimeNo, CaseNo, CrimeRegisteredDate, PolicePersonID, PoliceStationID, CaseCategoryID, GravityOffenceID, CrimeMajorHeadID, CrimeMinorHeadID, CaseStatusID, CourtID, IncidentFromDate, IncidentToDate, InfoReceivedPSDate, latitude, longitude, BriefFacts) VALUES (141, '100060018202400141', '202400141', '2024-04-25', 35, 18, 1, 2, 2, 5, 3, 6, '2024-04-25 15:00:00', '2024-04-25 16:00:00', '2024-04-25 15:00:00', 17.339661, 76.827072, 'Grievous Hurt reported on the ring road service lane within Station Bazar Police Station limits. Prakash Kambali recorded statements and initiated scene verification.');
INSERT INTO Inv_OccuranceTime (CaseMasterID, IncidentFromDate, IncidentToDate, latitude, longitude, PlaceOfOccurrence) VALUES (141, '2024-04-25 15:00:00', '2024-04-25 16:00:00', 17.339661, 76.827072, 'On the ring road service lane, Station Bazar');
INSERT INTO ComplainantDetails (ComplainantID, CaseMasterID, ComplainantName, AgeYear, OccupationID, ReligionID, CasteID, GenderID) VALUES (141, 141, 'Suma Gowda', 63, 7, 4, 1, 2);
INSERT INTO ActSectionAssociation (CaseMasterID, ActID, SectionID, ActOrderID, SectionOrderID) VALUES (141, 'IPC', '302', 1, 1);
INSERT INTO Victim (VictimMasterID, CaseMasterID, VictimName, AgeYear, GenderID, VictimPolice) VALUES (141, 141, 'Vinay Fernandes', 58, 1, '0');
INSERT INTO Accused (AccusedMasterID, CaseMasterID, AccusedName, AgeYear, GenderID, PersonID) VALUES (163, 141, 'Lokesh Z. Poojary', 31, 1, 'A1');
INSERT INTO Accused (AccusedMasterID, CaseMasterID, AccusedName, AgeYear, GenderID, PersonID) VALUES (164, 141, 'Mohan K. Singh', 24, 1, 'A2');
INSERT INTO ChargesheetDetails (CSID, CaseMasterID, csdate, cstype, PolicePersonID) VALUES (110, 141, '2024-06-02 11:00:00', 'A', 35);
INSERT INTO CaseMaster (CaseMasterID, CrimeNo, CaseNo, CrimeRegisteredDate, PolicePersonID, PoliceStationID, CaseCategoryID, GravityOffenceID, CrimeMajorHeadID, CrimeMinorHeadID, CaseStatusID, CourtID, IncidentFromDate, IncidentToDate, InfoReceivedPSDate, latitude, longitude, BriefFacts) VALUES (142, '100010003202400142', '202400142', '2024-04-08', 5, 3, 1, 3, 3, 6, 2, 1, '2024-04-08 17:00:00', '2024-04-08 18:00:00', '2024-04-08 17:00:00', 12.978825, 77.746762, 'Online Financial Fraud reported outside a commercial complex within Whitefield Police Station limits. Lakshmi Shetty recorded statements and initiated scene verification.');
INSERT INTO Inv_OccuranceTime (CaseMasterID, IncidentFromDate, IncidentToDate, latitude, longitude, PlaceOfOccurrence) VALUES (142, '2024-04-08 17:00:00', '2024-04-08 18:00:00', 12.978825, 77.746762, 'Outside a commercial complex, Whitefield');
INSERT INTO ComplainantDetails (ComplainantID, CaseMasterID, ComplainantName, AgeYear, OccupationID, ReligionID, CasteID, GenderID) VALUES (142, 142, 'Girish Joshi', 34, 2, 3, 3, 1);
INSERT INTO ActSectionAssociation (CaseMasterID, ActID, SectionID, ActOrderID, SectionOrderID) VALUES (142, 'IT_ACT', '66D', 1, 1);
INSERT INTO Victim (VictimMasterID, CaseMasterID, VictimName, AgeYear, GenderID, VictimPolice) VALUES (142, 142, 'Sangeetha Khan', 39, 2, '0');
INSERT INTO Accused (AccusedMasterID, CaseMasterID, AccusedName, AgeYear, GenderID, PersonID) VALUES (165, 142, 'Ajay G. Reddy', 40, 1, 'A1');
INSERT INTO Accused (AccusedMasterID, CaseMasterID, AccusedName, AgeYear, GenderID, PersonID) VALUES (166, 142, 'Mantu R. Poojary', 31, 1, 'A2');
INSERT INTO ArrestSurrender (ArrestSurrenderID, CaseMasterID, ArrestSurrenderTypeID, ArrestSurrenderDate, ArrestSurrenderStateId, ArrestSurrenderDistrictId, PoliceStationID, IOID, CourtID, AccusedMasterID, IsAccused, IsComplainantAccused) VALUES (68, 142, 1, '2024-04-17', 1, 1, 3, 5, 1, 165, 1, 0);
INSERT INTO inv_arrestsurrenderaccused (ArrestSurrenderID, AccusedMasterID) VALUES (68, 165);
INSERT INTO inv_arrestsurrenderaccused (ArrestSurrenderID, AccusedMasterID) VALUES (68, 166);
INSERT INTO ChargesheetDetails (CSID, CaseMasterID, csdate, cstype, PolicePersonID) VALUES (111, 142, '2024-07-07 10:00:00', 'A', 5);
INSERT INTO CaseMaster (CaseMasterID, CrimeNo, CaseNo, CrimeRegisteredDate, PolicePersonID, PoliceStationID, CaseCategoryID, GravityOffenceID, CrimeMajorHeadID, CrimeMinorHeadID, CaseStatusID, CourtID, IncidentFromDate, IncidentToDate, InfoReceivedPSDate, latitude, longitude, BriefFacts) VALUES (143, '100040013202400143', '202400143', '2024-04-19', 25, 13, 1, 2, 4, 8, 2, 4, '2024-04-19 17:00:00', '2024-04-19 20:00:00', '2024-04-19 17:00:00', 15.362990, 75.123460, 'Complainant reported a suspected cheating incident near the central market. The matter was registered at Vidyanagar Police Station Hubballi and assigned to Vijay Rao.');
INSERT INTO Inv_OccuranceTime (CaseMasterID, IncidentFromDate, IncidentToDate, latitude, longitude, PlaceOfOccurrence) VALUES (143, '2024-04-19 17:00:00', '2024-04-19 20:00:00', 15.362990, 75.123460, 'Near the central market, Vidyanagar Hubballi');
INSERT INTO ComplainantDetails (ComplainantID, CaseMasterID, ComplainantName, AgeYear, OccupationID, ReligionID, CasteID, GenderID) VALUES (143, 143, 'Farhan Gowda', 31, 5, 1, 3, 1);
INSERT INTO ActSectionAssociation (CaseMasterID, ActID, SectionID, ActOrderID, SectionOrderID) VALUES (143, 'IPC', '420', 1, 1);
INSERT INTO Victim (VictimMasterID, CaseMasterID, VictimName, AgeYear, GenderID, VictimPolice) VALUES (143, 143, 'Kiran Gowda', 23, 2, '0');
INSERT INTO Accused (AccusedMasterID, CaseMasterID, AccusedName, AgeYear, GenderID, PersonID) VALUES (167, 143, 'Vicky N. Shetty', 42, 1, 'A1');
INSERT INTO ChargesheetDetails (CSID, CaseMasterID, csdate, cstype, PolicePersonID) VALUES (112, 143, '2024-07-21 12:00:00', 'A', 25);
INSERT INTO CaseMaster (CaseMasterID, CrimeNo, CaseNo, CrimeRegisteredDate, PolicePersonID, PoliceStationID, CaseCategoryID, GravityOffenceID, CrimeMajorHeadID, CrimeMinorHeadID, CaseStatusID, CourtID, IncidentFromDate, IncidentToDate, InfoReceivedPSDate, latitude, longitude, BriefFacts) VALUES (144, '100050016202400144', '202400144', '2024-04-02', 31, 16, 1, 2, 5, 9, 4, 5, '2024-04-02 16:00:00', '2024-04-02 18:00:00', '2024-04-02 16:00:00', 15.846921, 74.511766, 'Control room information regarding ganja possession was received from beside an industrial access road. IO Santosh Pawar opened the investigation and secured preliminary evidence.');
INSERT INTO Inv_OccuranceTime (CaseMasterID, IncidentFromDate, IncidentToDate, latitude, longitude, PlaceOfOccurrence) VALUES (144, '2024-04-02 16:00:00', '2024-04-02 18:00:00', 15.846921, 74.511766, 'Beside an industrial access road, Tilakwadi');
INSERT INTO ComplainantDetails (ComplainantID, CaseMasterID, ComplainantName, AgeYear, OccupationID, ReligionID, CasteID, GenderID) VALUES (144, 144, 'Nandini Joshi', 68, 5, 2, 3, 2);
INSERT INTO ActSectionAssociation (CaseMasterID, ActID, SectionID, ActOrderID, SectionOrderID) VALUES (144, 'NDPS', '20', 1, 1);
INSERT INTO Victim (VictimMasterID, CaseMasterID, VictimName, AgeYear, GenderID, VictimPolice) VALUES (144, 144, 'Rajesh Murthy', 23, 2, '0');
INSERT INTO Accused (AccusedMasterID, CaseMasterID, AccusedName, AgeYear, GenderID, PersonID) VALUES (168, 144, 'Tukaram U. Verma', 43, 1, 'A1');
INSERT INTO ArrestSurrender (ArrestSurrenderID, CaseMasterID, ArrestSurrenderTypeID, ArrestSurrenderDate, ArrestSurrenderStateId, ArrestSurrenderDistrictId, PoliceStationID, IOID, CourtID, AccusedMasterID, IsAccused, IsComplainantAccused) VALUES (69, 144, 1, '2024-04-09', 1, 5, 16, 31, 5, 168, 1, 0);
INSERT INTO inv_arrestsurrenderaccused (ArrestSurrenderID, AccusedMasterID) VALUES (69, 168);
INSERT INTO ChargesheetDetails (CSID, CaseMasterID, csdate, cstype, PolicePersonID) VALUES (113, 144, '2024-07-01 16:00:00', 'A', 31);
INSERT INTO CaseMaster (CaseMasterID, CrimeNo, CaseNo, CrimeRegisteredDate, PolicePersonID, PoliceStationID, CaseCategoryID, GravityOffenceID, CrimeMajorHeadID, CrimeMinorHeadID, CaseStatusID, CourtID, IncidentFromDate, IncidentToDate, InfoReceivedPSDate, latitude, longitude, BriefFacts) VALUES (145, '100030009202400145', '202400145', '2024-04-13', 17, 9, 1, 3, 3, 6, 2, 3, '2024-04-13 14:00:00', '2024-04-13 15:00:00', '2024-04-13 14:00:00', 12.882361, 74.845275, 'Complainant reported a suspected online financial fraud incident near the inter-city bus stand. The matter was registered at Kadri Police Station and assigned to Basavaraj Patil.');
INSERT INTO Inv_OccuranceTime (CaseMasterID, IncidentFromDate, IncidentToDate, latitude, longitude, PlaceOfOccurrence) VALUES (145, '2024-04-13 14:00:00', '2024-04-13 15:00:00', 12.882361, 74.845275, 'Near the inter-city bus stand, Kadri');
INSERT INTO ComplainantDetails (ComplainantID, CaseMasterID, ComplainantName, AgeYear, OccupationID, ReligionID, CasteID, GenderID) VALUES (145, 145, 'Deepak Shetty', 61, 6, 1, 1, 1);
INSERT INTO ActSectionAssociation (CaseMasterID, ActID, SectionID, ActOrderID, SectionOrderID) VALUES (145, 'IT_ACT', '66D', 1, 1);
INSERT INTO Victim (VictimMasterID, CaseMasterID, VictimName, AgeYear, GenderID, VictimPolice) VALUES (145, 145, 'Kiran Naik', 44, 2, '0');
INSERT INTO Accused (AccusedMasterID, CaseMasterID, AccusedName, AgeYear, GenderID, PersonID) VALUES (169, 145, 'Ajay B. Jadhav', 39, 1, 'A1');
INSERT INTO ArrestSurrender (ArrestSurrenderID, CaseMasterID, ArrestSurrenderTypeID, ArrestSurrenderDate, ArrestSurrenderStateId, ArrestSurrenderDistrictId, PoliceStationID, IOID, CourtID, AccusedMasterID, IsAccused, IsComplainantAccused) VALUES (70, 145, 1, '2024-05-02', 1, 3, 9, 17, 3, 169, 1, 0);
INSERT INTO inv_arrestsurrenderaccused (ArrestSurrenderID, AccusedMasterID) VALUES (70, 169);
INSERT INTO ChargesheetDetails (CSID, CaseMasterID, csdate, cstype, PolicePersonID) VALUES (114, 145, '2024-05-28 12:00:00', 'A', 17);
INSERT INTO CaseMaster (CaseMasterID, CrimeNo, CaseNo, CrimeRegisteredDate, PolicePersonID, PoliceStationID, CaseCategoryID, GravityOffenceID, CrimeMajorHeadID, CrimeMinorHeadID, CaseStatusID, CourtID, IncidentFromDate, IncidentToDate, InfoReceivedPSDate, latitude, longitude, BriefFacts) VALUES (146, '100030011202400146', '202400146', '2024-04-24', 21, 11, 1, 2, 1, 2, 3, 3, '2024-04-24 22:00:00', '2024-04-24 01:00:00', '2024-04-24 22:00:00', 12.882011, 74.824785, 'Urwa Police Station registered the case after an incident on the ring road service lane. Initial CCTV, witness, and digital-evidence checks were assigned to IO Vijay Gowda.');
INSERT INTO Inv_OccuranceTime (CaseMasterID, IncidentFromDate, IncidentToDate, latitude, longitude, PlaceOfOccurrence) VALUES (146, '2024-04-24 22:00:00', '2024-04-24 01:00:00', 12.882011, 74.824785, 'On the ring road service lane, Urwa');
INSERT INTO ComplainantDetails (ComplainantID, CaseMasterID, ComplainantName, AgeYear, OccupationID, ReligionID, CasteID, GenderID) VALUES (146, 146, 'Latha Kulkarni', 46, 1, 3, 5, 1);
INSERT INTO ActSectionAssociation (CaseMasterID, ActID, SectionID, ActOrderID, SectionOrderID) VALUES (146, 'IPC', '379', 1, 1);
INSERT INTO Victim (VictimMasterID, CaseMasterID, VictimName, AgeYear, GenderID, VictimPolice) VALUES (146, 146, 'Bhavya Rao', 49, 1, '0');
INSERT INTO Accused (AccusedMasterID, CaseMasterID, AccusedName, AgeYear, GenderID, PersonID) VALUES (170, 146, 'Mohan I. Jadhav', 34, 1, 'A1');
INSERT INTO ArrestSurrender (ArrestSurrenderID, CaseMasterID, ArrestSurrenderTypeID, ArrestSurrenderDate, ArrestSurrenderStateId, ArrestSurrenderDistrictId, PoliceStationID, IOID, CourtID, AccusedMasterID, IsAccused, IsComplainantAccused) VALUES (71, 146, 1, '2024-04-28', 1, 3, 11, 21, 3, 170, 1, 0);
INSERT INTO inv_arrestsurrenderaccused (ArrestSurrenderID, AccusedMasterID) VALUES (71, 170);
INSERT INTO ChargesheetDetails (CSID, CaseMasterID, csdate, cstype, PolicePersonID) VALUES (115, 146, '2024-07-11 12:00:00', 'A', 21);
INSERT INTO CaseMaster (CaseMasterID, CrimeNo, CaseNo, CrimeRegisteredDate, PolicePersonID, PoliceStationID, CaseCategoryID, GravityOffenceID, CrimeMajorHeadID, CrimeMinorHeadID, CaseStatusID, CourtID, IncidentFromDate, IncidentToDate, InfoReceivedPSDate, latitude, longitude, BriefFacts) VALUES (147, '100010001202400147', '202400147', '2024-04-07', 1, 1, 1, 2, 2, 5, 4, 1, '2024-04-07 08:00:00', '2024-04-07 11:00:00', '2024-04-07 08:00:00', 12.982214, 77.638955, 'Complainant reported a suspected grievous hurt incident beside a metro approach road. The matter was registered at Indiranagar Police Station and assigned to Suresh Kambali.');
INSERT INTO Inv_OccuranceTime (CaseMasterID, IncidentFromDate, IncidentToDate, latitude, longitude, PlaceOfOccurrence) VALUES (147, '2024-04-07 08:00:00', '2024-04-07 11:00:00', 12.982214, 77.638955, 'Beside a metro approach road, Indiranagar');
INSERT INTO ComplainantDetails (ComplainantID, CaseMasterID, ComplainantName, AgeYear, OccupationID, ReligionID, CasteID, GenderID) VALUES (147, 147, 'Nandini Shetty', 43, 3, 5, 2, 2);
INSERT INTO ActSectionAssociation (CaseMasterID, ActID, SectionID, ActOrderID, SectionOrderID) VALUES (147, 'IPC', '302', 1, 1);
INSERT INTO Victim (VictimMasterID, CaseMasterID, VictimName, AgeYear, GenderID, VictimPolice) VALUES (147, 147, 'Roshan Fernandes', 51, 1, '0');
INSERT INTO Accused (AccusedMasterID, CaseMasterID, AccusedName, AgeYear, GenderID, PersonID) VALUES (171, 147, 'Jagga P. Singh', 33, 1, 'A1');
INSERT INTO ArrestSurrender (ArrestSurrenderID, CaseMasterID, ArrestSurrenderTypeID, ArrestSurrenderDate, ArrestSurrenderStateId, ArrestSurrenderDistrictId, PoliceStationID, IOID, CourtID, AccusedMasterID, IsAccused, IsComplainantAccused) VALUES (72, 147, 1, '2024-04-23', 1, 1, 1, 1, 1, 171, 1, 0);
INSERT INTO inv_arrestsurrenderaccused (ArrestSurrenderID, AccusedMasterID) VALUES (72, 171);
INSERT INTO ChargesheetDetails (CSID, CaseMasterID, csdate, cstype, PolicePersonID) VALUES (116, 147, '2024-06-25 16:00:00', 'A', 1);
INSERT INTO CaseMaster (CaseMasterID, CrimeNo, CaseNo, CrimeRegisteredDate, PolicePersonID, PoliceStationID, CaseCategoryID, GravityOffenceID, CrimeMajorHeadID, CrimeMinorHeadID, CaseStatusID, CourtID, IncidentFromDate, IncidentToDate, InfoReceivedPSDate, latitude, longitude, BriefFacts) VALUES (148, '100030009202400148', '202400148', '2024-04-18', 17, 9, 1, 3, 3, 7, 4, 3, '2024-04-18 15:00:00', '2024-04-18 18:00:00', '2024-04-18 15:00:00', 12.877678, 74.847839, 'Control room information regarding identity theft was received from beside an industrial access road. IO Basavaraj Patil opened the investigation and secured preliminary evidence.');
INSERT INTO Inv_OccuranceTime (CaseMasterID, IncidentFromDate, IncidentToDate, latitude, longitude, PlaceOfOccurrence) VALUES (148, '2024-04-18 15:00:00', '2024-04-18 18:00:00', 12.877678, 74.847839, 'Beside an industrial access road, Kadri');
INSERT INTO ComplainantDetails (ComplainantID, CaseMasterID, ComplainantName, AgeYear, OccupationID, ReligionID, CasteID, GenderID) VALUES (148, 148, 'Joel Deshpande', 31, 7, 1, 3, 1);
INSERT INTO ActSectionAssociation (CaseMasterID, ActID, SectionID, ActOrderID, SectionOrderID) VALUES (148, 'IT_ACT', '66D', 1, 1);
INSERT INTO Victim (VictimMasterID, CaseMasterID, VictimName, AgeYear, GenderID, VictimPolice) VALUES (148, 148, 'Asha Deshpande', 53, 2, '0');
INSERT INTO Accused (AccusedMasterID, CaseMasterID, AccusedName, AgeYear, GenderID, PersonID) VALUES (172, 148, 'Shiva W. Verma', 42, 1, 'A1');
INSERT INTO ChargesheetDetails (CSID, CaseMasterID, csdate, cstype, PolicePersonID) VALUES (117, 148, '2024-06-06 11:00:00', 'A', 17);
INSERT INTO CaseMaster (CaseMasterID, CrimeNo, CaseNo, CrimeRegisteredDate, PolicePersonID, PoliceStationID, CaseCategoryID, GravityOffenceID, CrimeMajorHeadID, CrimeMinorHeadID, CaseStatusID, CourtID, IncidentFromDate, IncidentToDate, InfoReceivedPSDate, latitude, longitude, BriefFacts) VALUES (149, '100020006202400149', '202400149', '2024-04-01', 11, 6, 1, 2, 2, 5, 3, 2, '2024-04-01 19:00:00', '2024-04-01 20:00:00', '2024-04-01 19:00:00', 12.310582, 76.658682, 'Devaraja Police Station registered the case after an incident on the ring road service lane. Initial CCTV, witness, and digital-evidence checks were assigned to IO Anitha Gowda.');
INSERT INTO Inv_OccuranceTime (CaseMasterID, IncidentFromDate, IncidentToDate, latitude, longitude, PlaceOfOccurrence) VALUES (149, '2024-04-01 19:00:00', '2024-04-01 20:00:00', 12.310582, 76.658682, 'On the ring road service lane, Devaraja');
INSERT INTO ComplainantDetails (ComplainantID, CaseMasterID, ComplainantName, AgeYear, OccupationID, ReligionID, CasteID, GenderID) VALUES (149, 149, 'Kavitha Rao', 59, 6, 5, 3, 2);
INSERT INTO ActSectionAssociation (CaseMasterID, ActID, SectionID, ActOrderID, SectionOrderID) VALUES (149, 'IPC', '302', 1, 1);
INSERT INTO Victim (VictimMasterID, CaseMasterID, VictimName, AgeYear, GenderID, VictimPolice) VALUES (149, 149, 'Arun Kulkarni', 27, 1, '0');
INSERT INTO Accused (AccusedMasterID, CaseMasterID, AccusedName, AgeYear, GenderID, PersonID) VALUES (173, 149, 'Lokesh D. Salim', 30, 1, 'A1');
INSERT INTO ChargesheetDetails (CSID, CaseMasterID, csdate, cstype, PolicePersonID) VALUES (118, 149, '2024-05-19 14:00:00', 'A', 11);
INSERT INTO CaseMaster (CaseMasterID, CrimeNo, CaseNo, CrimeRegisteredDate, PolicePersonID, PoliceStationID, CaseCategoryID, GravityOffenceID, CrimeMajorHeadID, CrimeMinorHeadID, CaseStatusID, CourtID, IncidentFromDate, IncidentToDate, InfoReceivedPSDate, latitude, longitude, BriefFacts) VALUES (150, '100010001202400150', '202400150', '2024-04-12', 1, 1, 1, 3, 4, 8, 4, 1, '2024-04-12 14:00:00', '2024-04-12 17:00:00', '2024-04-12 14:00:00', 12.985457, 77.630436, 'Cheating reported near a market entrance within Indiranagar Police Station limits. Suresh Kambali recorded statements and initiated scene verification.');
INSERT INTO Inv_OccuranceTime (CaseMasterID, IncidentFromDate, IncidentToDate, latitude, longitude, PlaceOfOccurrence) VALUES (150, '2024-04-12 14:00:00', '2024-04-12 17:00:00', 12.985457, 77.630436, 'Near a market entrance, Indiranagar');
INSERT INTO ComplainantDetails (ComplainantID, CaseMasterID, ComplainantName, AgeYear, OccupationID, ReligionID, CasteID, GenderID) VALUES (150, 150, 'Radha Patil', 28, 1, 1, 2, 1);
INSERT INTO ActSectionAssociation (CaseMasterID, ActID, SectionID, ActOrderID, SectionOrderID) VALUES (150, 'IPC', '420', 1, 1);
INSERT INTO Victim (VictimMasterID, CaseMasterID, VictimName, AgeYear, GenderID, VictimPolice) VALUES (150, 150, 'Tarun Poojary', 67, 2, '0');
INSERT INTO Accused (AccusedMasterID, CaseMasterID, AccusedName, AgeYear, GenderID, PersonID) VALUES (174, 150, 'Jagga K. Shaikh', 38, 1, 'A1');
INSERT INTO ChargesheetDetails (CSID, CaseMasterID, csdate, cstype, PolicePersonID) VALUES (119, 150, '2024-05-20 09:00:00', 'A', 1);
INSERT INTO CaseMaster (CaseMasterID, CrimeNo, CaseNo, CrimeRegisteredDate, PolicePersonID, PoliceStationID, CaseCategoryID, GravityOffenceID, CrimeMajorHeadID, CrimeMinorHeadID, CaseStatusID, CourtID, IncidentFromDate, IncidentToDate, InfoReceivedPSDate, latitude, longitude, BriefFacts) VALUES (151, '100020006202400151', '202400151', '2024-04-23', 11, 6, 1, 1, 1, 3, 3, 2, '2024-04-23 22:00:00', '2024-04-23 23:00:00', '2024-04-23 22:00:00', 12.303955, 76.653344, 'Chain Snatching reported close to a residential layout within Devaraja Police Station limits. Anitha Gowda recorded statements and initiated scene verification.');
INSERT INTO Inv_OccuranceTime (CaseMasterID, IncidentFromDate, IncidentToDate, latitude, longitude, PlaceOfOccurrence) VALUES (151, '2024-04-23 22:00:00', '2024-04-23 23:00:00', 12.303955, 76.653344, 'Close to a residential layout, Devaraja');
INSERT INTO ComplainantDetails (ComplainantID, CaseMasterID, ComplainantName, AgeYear, OccupationID, ReligionID, CasteID, GenderID) VALUES (151, 151, 'Kavitha Fernandes', 34, 3, 2, 5, 1);
INSERT INTO ActSectionAssociation (CaseMasterID, ActID, SectionID, ActOrderID, SectionOrderID) VALUES (151, 'IPC', '379', 1, 1);
INSERT INTO Victim (VictimMasterID, CaseMasterID, VictimName, AgeYear, GenderID, VictimPolice) VALUES (151, 151, 'Asha Kulkarni', 36, 2, '0');
INSERT INTO Accused (AccusedMasterID, CaseMasterID, AccusedName, AgeYear, GenderID, PersonID) VALUES (175, 151, 'Rohit R. Shetty', 38, 1, 'A1');
INSERT INTO ArrestSurrender (ArrestSurrenderID, CaseMasterID, ArrestSurrenderTypeID, ArrestSurrenderDate, ArrestSurrenderStateId, ArrestSurrenderDistrictId, PoliceStationID, IOID, CourtID, AccusedMasterID, IsAccused, IsComplainantAccused) VALUES (73, 151, 1, '2024-04-25', 1, 2, 6, 11, 2, 175, 1, 0);
INSERT INTO inv_arrestsurrenderaccused (ArrestSurrenderID, AccusedMasterID) VALUES (73, 175);
INSERT INTO ChargesheetDetails (CSID, CaseMasterID, csdate, cstype, PolicePersonID) VALUES (120, 151, '2024-07-24 16:00:00', 'A', 11);
INSERT INTO CaseMaster (CaseMasterID, CrimeNo, CaseNo, CrimeRegisteredDate, PolicePersonID, PoliceStationID, CaseCategoryID, GravityOffenceID, CrimeMajorHeadID, CrimeMinorHeadID, CaseStatusID, CourtID, IncidentFromDate, IncidentToDate, InfoReceivedPSDate, latitude, longitude, BriefFacts) VALUES (152, '100010001202400152', '202400152', '2024-04-06', 1, 1, 1, 3, 3, 7, 3, 1, '2024-04-06 12:00:00', '2024-04-06 13:00:00', '2024-04-06 12:00:00', 12.973292, 77.630232, 'Control room information regarding identity theft was received from beside a metro approach road. IO Suresh Kambali opened the investigation and secured preliminary evidence.');
INSERT INTO Inv_OccuranceTime (CaseMasterID, IncidentFromDate, IncidentToDate, latitude, longitude, PlaceOfOccurrence) VALUES (152, '2024-04-06 12:00:00', '2024-04-06 13:00:00', 12.973292, 77.630232, 'Beside a metro approach road, Indiranagar');
INSERT INTO ComplainantDetails (ComplainantID, CaseMasterID, ComplainantName, AgeYear, OccupationID, ReligionID, CasteID, GenderID) VALUES (152, 152, 'Eshwar Shetty', 46, 5, 5, 3, 1);
INSERT INTO ActSectionAssociation (CaseMasterID, ActID, SectionID, ActOrderID, SectionOrderID) VALUES (152, 'IT_ACT', '66D', 1, 1);
INSERT INTO Victim (VictimMasterID, CaseMasterID, VictimName, AgeYear, GenderID, VictimPolice) VALUES (152, 152, 'Asha Gowda', 44, 2, '0');
INSERT INTO Accused (AccusedMasterID, CaseMasterID, AccusedName, AgeYear, GenderID, PersonID) VALUES (176, 152, 'Salman Y. Salim', 37, 1, 'A1');
INSERT INTO Accused (AccusedMasterID, CaseMasterID, AccusedName, AgeYear, GenderID, PersonID) VALUES (177, 152, 'Dharma J. Patil', 42, 1, 'A2');
INSERT INTO ChargesheetDetails (CSID, CaseMasterID, csdate, cstype, PolicePersonID) VALUES (121, 152, '2024-06-15 09:00:00', 'A', 1);
INSERT INTO CaseMaster (CaseMasterID, CrimeNo, CaseNo, CrimeRegisteredDate, PolicePersonID, PoliceStationID, CaseCategoryID, GravityOffenceID, CrimeMajorHeadID, CrimeMinorHeadID, CaseStatusID, CourtID, IncidentFromDate, IncidentToDate, InfoReceivedPSDate, latitude, longitude, BriefFacts) VALUES (153, '100010005202400153', '202400153', '2024-04-17', 9, 5, 1, 2, 2, 5, 2, 1, '2024-04-17 20:00:00', '2024-04-17 23:00:00', '2024-04-17 20:00:00', 13.009882, 77.563882, 'Grievous Hurt reported beside a metro approach road within Malleshwaram Police Station limits. Ramesh Pawar recorded statements and initiated scene verification.');
INSERT INTO Inv_OccuranceTime (CaseMasterID, IncidentFromDate, IncidentToDate, latitude, longitude, PlaceOfOccurrence) VALUES (153, '2024-04-17 20:00:00', '2024-04-17 23:00:00', 13.009882, 77.563882, 'Beside a metro approach road, Malleshwaram');
INSERT INTO ComplainantDetails (ComplainantID, CaseMasterID, ComplainantName, AgeYear, OccupationID, ReligionID, CasteID, GenderID) VALUES (153, 153, 'Naveena Poojary', 63, 3, 5, 4, 1);
INSERT INTO ActSectionAssociation (CaseMasterID, ActID, SectionID, ActOrderID, SectionOrderID) VALUES (153, 'IPC', '302', 1, 1);
INSERT INTO Victim (VictimMasterID, CaseMasterID, VictimName, AgeYear, GenderID, VictimPolice) VALUES (153, 153, 'Manoj Fernandes', 35, 1, '0');
INSERT INTO Accused (AccusedMasterID, CaseMasterID, AccusedName, AgeYear, GenderID, PersonID) VALUES (178, 153, 'Imtiaz F. Naik', 24, 1, 'A1');
INSERT INTO ChargesheetDetails (CSID, CaseMasterID, csdate, cstype, PolicePersonID) VALUES (122, 153, '2024-05-31 10:00:00', 'A', 9);
INSERT INTO CaseMaster (CaseMasterID, CrimeNo, CaseNo, CrimeRegisteredDate, PolicePersonID, PoliceStationID, CaseCategoryID, GravityOffenceID, CrimeMajorHeadID, CrimeMinorHeadID, CaseStatusID, CourtID, IncidentFromDate, IncidentToDate, InfoReceivedPSDate, latitude, longitude, BriefFacts) VALUES (154, '100010002202400154', '202400154', '2024-04-28', 3, 2, 1, 3, 3, 7, 4, 1, '2024-04-28 16:00:00', '2024-04-28 19:00:00', '2024-04-28 16:00:00', 12.929520, 77.618363, 'Complainant reported a suspected identity theft incident outside a commercial complex. The matter was registered at Koramangala Police Station and assigned to Prakash Jadhav.');
INSERT INTO Inv_OccuranceTime (CaseMasterID, IncidentFromDate, IncidentToDate, latitude, longitude, PlaceOfOccurrence) VALUES (154, '2024-04-28 16:00:00', '2024-04-28 19:00:00', 12.929520, 77.618363, 'Outside a commercial complex, Koramangala');
INSERT INTO ComplainantDetails (ComplainantID, CaseMasterID, ComplainantName, AgeYear, OccupationID, ReligionID, CasteID, GenderID) VALUES (154, 154, 'Eshwar Kulkarni', 57, 6, 1, 1, 2);
INSERT INTO ActSectionAssociation (CaseMasterID, ActID, SectionID, ActOrderID, SectionOrderID) VALUES (154, 'IT_ACT', '66D', 1, 1);
INSERT INTO Victim (VictimMasterID, CaseMasterID, VictimName, AgeYear, GenderID, VictimPolice) VALUES (154, 154, 'Roshan Fernandes', 33, 1, '0');
INSERT INTO Accused (AccusedMasterID, CaseMasterID, AccusedName, AgeYear, GenderID, PersonID) VALUES (179, 154, 'Imtiaz M. Verma', 22, 1, 'A1');
INSERT INTO ChargesheetDetails (CSID, CaseMasterID, csdate, cstype, PolicePersonID) VALUES (123, 154, '2024-07-22 11:00:00', 'A', 3);
INSERT INTO CaseMaster (CaseMasterID, CrimeNo, CaseNo, CrimeRegisteredDate, PolicePersonID, PoliceStationID, CaseCategoryID, GravityOffenceID, CrimeMajorHeadID, CrimeMinorHeadID, CaseStatusID, CourtID, IncidentFromDate, IncidentToDate, InfoReceivedPSDate, latitude, longitude, BriefFacts) VALUES (155, '100050016202400155', '202400155', '2024-04-11', 31, 16, 1, 1, 2, 5, 1, 5, '2024-04-11 23:00:00', '2024-04-11 00:00:00', '2024-04-11 23:00:00', 15.851256, 74.506322, 'Tilakwadi Police Station registered the case after an incident on the ring road service lane. Initial CCTV, witness, and digital-evidence checks were assigned to IO Santosh Pawar.');
INSERT INTO Inv_OccuranceTime (CaseMasterID, IncidentFromDate, IncidentToDate, latitude, longitude, PlaceOfOccurrence) VALUES (155, '2024-04-11 23:00:00', '2024-04-11 00:00:00', 15.851256, 74.506322, 'On the ring road service lane, Tilakwadi');
INSERT INTO ComplainantDetails (ComplainantID, CaseMasterID, ComplainantName, AgeYear, OccupationID, ReligionID, CasteID, GenderID) VALUES (155, 155, 'Girish Bhat', 22, 6, 5, 4, 1);
INSERT INTO ActSectionAssociation (CaseMasterID, ActID, SectionID, ActOrderID, SectionOrderID) VALUES (155, 'IPC', '302', 1, 1);
INSERT INTO Victim (VictimMasterID, CaseMasterID, VictimName, AgeYear, GenderID, VictimPolice) VALUES (155, 155, 'Asha Joshi', 68, 2, '0');
INSERT INTO Accused (AccusedMasterID, CaseMasterID, AccusedName, AgeYear, GenderID, PersonID) VALUES (180, 155, 'Dharma T. Naik', 40, 1, 'A1');
INSERT INTO ArrestSurrender (ArrestSurrenderID, CaseMasterID, ArrestSurrenderTypeID, ArrestSurrenderDate, ArrestSurrenderStateId, ArrestSurrenderDistrictId, PoliceStationID, IOID, CourtID, AccusedMasterID, IsAccused, IsComplainantAccused) VALUES (74, 155, 1, '2024-04-13', 1, 5, 16, 31, 5, 180, 1, 0);
INSERT INTO inv_arrestsurrenderaccused (ArrestSurrenderID, AccusedMasterID) VALUES (74, 180);
INSERT INTO CaseMaster (CaseMasterID, CrimeNo, CaseNo, CrimeRegisteredDate, PolicePersonID, PoliceStationID, CaseCategoryID, GravityOffenceID, CrimeMajorHeadID, CrimeMinorHeadID, CaseStatusID, CourtID, IncidentFromDate, IncidentToDate, InfoReceivedPSDate, latitude, longitude, BriefFacts) VALUES (156, '100010001202400156', '202400156', '2024-04-22', 1, 1, 1, 3, 3, 6, 1, 1, '2024-04-22 11:00:00', '2024-04-22 13:00:00', '2024-04-22 11:00:00', 12.981403, 77.634260, 'Complainant reported a suspected online financial fraud incident near a market entrance. The matter was registered at Indiranagar Police Station and assigned to Suresh Kambali.');
INSERT INTO Inv_OccuranceTime (CaseMasterID, IncidentFromDate, IncidentToDate, latitude, longitude, PlaceOfOccurrence) VALUES (156, '2024-04-22 11:00:00', '2024-04-22 13:00:00', 12.981403, 77.634260, 'Near a market entrance, Indiranagar');
INSERT INTO ComplainantDetails (ComplainantID, CaseMasterID, ComplainantName, AgeYear, OccupationID, ReligionID, CasteID, GenderID) VALUES (156, 156, 'Harish Khan', 32, 5, 2, 1, 2);
INSERT INTO ActSectionAssociation (CaseMasterID, ActID, SectionID, ActOrderID, SectionOrderID) VALUES (156, 'IT_ACT', '66D', 1, 1);
INSERT INTO Victim (VictimMasterID, CaseMasterID, VictimName, AgeYear, GenderID, VictimPolice) VALUES (156, 156, 'Fathima Kulkarni', 62, 2, '0');
INSERT INTO Accused (AccusedMasterID, CaseMasterID, AccusedName, AgeYear, GenderID, PersonID) VALUES (181, 156, 'Pandu A. Jadhav', 31, 1, 'A1');
INSERT INTO Accused (AccusedMasterID, CaseMasterID, AccusedName, AgeYear, GenderID, PersonID) VALUES (182, 156, 'Manjunath L. Shaikh', 36, 1, 'A2');
INSERT INTO ArrestSurrender (ArrestSurrenderID, CaseMasterID, ArrestSurrenderTypeID, ArrestSurrenderDate, ArrestSurrenderStateId, ArrestSurrenderDistrictId, PoliceStationID, IOID, CourtID, AccusedMasterID, IsAccused, IsComplainantAccused) VALUES (75, 156, 1, '2024-05-27', 1, 1, 1, 1, 1, 181, 1, 0);
INSERT INTO inv_arrestsurrenderaccused (ArrestSurrenderID, AccusedMasterID) VALUES (75, 181);
INSERT INTO inv_arrestsurrenderaccused (ArrestSurrenderID, AccusedMasterID) VALUES (75, 182);
INSERT INTO CaseMaster (CaseMasterID, CrimeNo, CaseNo, CrimeRegisteredDate, PolicePersonID, PoliceStationID, CaseCategoryID, GravityOffenceID, CrimeMajorHeadID, CrimeMinorHeadID, CaseStatusID, CourtID, IncidentFromDate, IncidentToDate, InfoReceivedPSDate, latitude, longitude, BriefFacts) VALUES (157, '100030010202400157', '202400157', '2024-04-05', 19, 10, 1, 1, 2, 5, 3, 3, '2024-04-05 08:00:00', '2024-04-05 11:00:00', '2024-04-05 08:00:00', 12.862085, 74.843428, 'Pandeshwar Police Station registered the case after an incident on the ring road service lane. Initial CCTV, witness, and digital-evidence checks were assigned to IO Shankar Rao.');
INSERT INTO Inv_OccuranceTime (CaseMasterID, IncidentFromDate, IncidentToDate, latitude, longitude, PlaceOfOccurrence) VALUES (157, '2024-04-05 08:00:00', '2024-04-05 11:00:00', 12.862085, 74.843428, 'On the ring road service lane, Pandeshwar');
INSERT INTO ComplainantDetails (ComplainantID, CaseMasterID, ComplainantName, AgeYear, OccupationID, ReligionID, CasteID, GenderID) VALUES (157, 157, 'Chetan Fernandes', 61, 3, 2, 5, 1);
INSERT INTO ActSectionAssociation (CaseMasterID, ActID, SectionID, ActOrderID, SectionOrderID) VALUES (157, 'IPC', '302', 1, 1);
INSERT INTO Victim (VictimMasterID, CaseMasterID, VictimName, AgeYear, GenderID, VictimPolice) VALUES (157, 157, 'Roshan Bhat', 40, 1, '0');
INSERT INTO Accused (AccusedMasterID, CaseMasterID, AccusedName, AgeYear, GenderID, PersonID) VALUES (183, 157, 'Imtiaz H. Shaikh', 21, 1, 'A1');
INSERT INTO Accused (AccusedMasterID, CaseMasterID, AccusedName, AgeYear, GenderID, PersonID) VALUES (184, 157, 'Vicky S. Poojary', 26, 1, 'A2');
INSERT INTO ChargesheetDetails (CSID, CaseMasterID, csdate, cstype, PolicePersonID) VALUES (124, 157, '2024-05-17 13:00:00', 'A', 19);
INSERT INTO CaseMaster (CaseMasterID, CrimeNo, CaseNo, CrimeRegisteredDate, PolicePersonID, PoliceStationID, CaseCategoryID, GravityOffenceID, CrimeMajorHeadID, CrimeMinorHeadID, CaseStatusID, CourtID, IncidentFromDate, IncidentToDate, InfoReceivedPSDate, latitude, longitude, BriefFacts) VALUES (158, '100010003202400158', '202400158', '2024-04-16', 5, 3, 1, 3, 3, 6, 3, 1, '2024-04-16 09:00:00', '2024-04-16 12:00:00', '2024-04-16 09:00:00', 12.977345, 77.747230, 'Complainant reported a suspected online financial fraud incident on a residential cross road. The matter was registered at Whitefield Police Station and assigned to Lakshmi Shetty.');
INSERT INTO Inv_OccuranceTime (CaseMasterID, IncidentFromDate, IncidentToDate, latitude, longitude, PlaceOfOccurrence) VALUES (158, '2024-04-16 09:00:00', '2024-04-16 12:00:00', 12.977345, 77.747230, 'On a residential cross road, Whitefield');
INSERT INTO ComplainantDetails (ComplainantID, CaseMasterID, ComplainantName, AgeYear, OccupationID, ReligionID, CasteID, GenderID) VALUES (158, 158, 'Nandini Patil', 41, 3, 2, 3, 1);
INSERT INTO ActSectionAssociation (CaseMasterID, ActID, SectionID, ActOrderID, SectionOrderID) VALUES (158, 'IT_ACT', '66D', 1, 1);
INSERT INTO Victim (VictimMasterID, CaseMasterID, VictimName, AgeYear, GenderID, VictimPolice) VALUES (158, 158, 'Praveen Khan', 16, 2, '0');
INSERT INTO Accused (AccusedMasterID, CaseMasterID, AccusedName, AgeYear, GenderID, PersonID) VALUES (185, 158, 'Rohit O. Shaikh', 40, 1, 'A1');
INSERT INTO ArrestSurrender (ArrestSurrenderID, CaseMasterID, ArrestSurrenderTypeID, ArrestSurrenderDate, ArrestSurrenderStateId, ArrestSurrenderDistrictId, PoliceStationID, IOID, CourtID, AccusedMasterID, IsAccused, IsComplainantAccused) VALUES (76, 158, 1, '2024-04-19', 1, 1, 3, 5, 1, 185, 1, 0);
INSERT INTO inv_arrestsurrenderaccused (ArrestSurrenderID, AccusedMasterID) VALUES (76, 185);
INSERT INTO ChargesheetDetails (CSID, CaseMasterID, csdate, cstype, PolicePersonID) VALUES (125, 158, '2024-07-14 14:00:00', 'A', 5);
INSERT INTO CaseMaster (CaseMasterID, CrimeNo, CaseNo, CrimeRegisteredDate, PolicePersonID, PoliceStationID, CaseCategoryID, GravityOffenceID, CrimeMajorHeadID, CrimeMinorHeadID, CaseStatusID, CourtID, IncidentFromDate, IncidentToDate, InfoReceivedPSDate, latitude, longitude, BriefFacts) VALUES (159, '100010002202400159', '202400159', '2024-04-27', 3, 2, 1, 3, 4, 8, 4, 1, '2024-04-27 10:00:00', '2024-04-27 12:00:00', '2024-04-27 10:00:00', 12.937404, 77.631736, 'Control room information regarding cheating was received from near a market entrance. IO Prakash Jadhav opened the investigation and secured preliminary evidence.');
INSERT INTO Inv_OccuranceTime (CaseMasterID, IncidentFromDate, IncidentToDate, latitude, longitude, PlaceOfOccurrence) VALUES (159, '2024-04-27 10:00:00', '2024-04-27 12:00:00', 12.937404, 77.631736, 'Near a market entrance, Koramangala');
INSERT INTO ComplainantDetails (ComplainantID, CaseMasterID, ComplainantName, AgeYear, OccupationID, ReligionID, CasteID, GenderID) VALUES (159, 159, 'Chetan Rao', 67, 1, 4, 5, 1);
INSERT INTO ActSectionAssociation (CaseMasterID, ActID, SectionID, ActOrderID, SectionOrderID) VALUES (159, 'IPC', '420', 1, 1);
INSERT INTO Victim (VictimMasterID, CaseMasterID, VictimName, AgeYear, GenderID, VictimPolice) VALUES (159, 159, 'Kiran Patil', 30, 2, '0');
INSERT INTO Accused (AccusedMasterID, CaseMasterID, AccusedName, AgeYear, GenderID, PersonID) VALUES (186, 159, 'Salman V. Pashan', 45, 1, 'A1');
INSERT INTO Accused (AccusedMasterID, CaseMasterID, AccusedName, AgeYear, GenderID, PersonID) VALUES (187, 159, 'Rohit G. Reddy', 39, 1, 'A2');
INSERT INTO ChargesheetDetails (CSID, CaseMasterID, csdate, cstype, PolicePersonID) VALUES (126, 159, '2024-05-27 14:00:00', 'A', 3);
INSERT INTO CaseMaster (CaseMasterID, CrimeNo, CaseNo, CrimeRegisteredDate, PolicePersonID, PoliceStationID, CaseCategoryID, GravityOffenceID, CrimeMajorHeadID, CrimeMinorHeadID, CaseStatusID, CourtID, IncidentFromDate, IncidentToDate, InfoReceivedPSDate, latitude, longitude, BriefFacts) VALUES (160, '100010003202400160', '202400160', '2024-04-10', 5, 3, 1, 3, 4, 8, 4, 1, '2024-04-10 12:00:00', '2024-04-10 14:00:00', '2024-04-10 12:00:00', 12.976614, 77.748640, 'Complainant reported a suspected cheating incident outside a commercial complex. The matter was registered at Whitefield Police Station and assigned to Lakshmi Shetty.');
INSERT INTO Inv_OccuranceTime (CaseMasterID, IncidentFromDate, IncidentToDate, latitude, longitude, PlaceOfOccurrence) VALUES (160, '2024-04-10 12:00:00', '2024-04-10 14:00:00', 12.976614, 77.748640, 'Outside a commercial complex, Whitefield');
INSERT INTO ComplainantDetails (ComplainantID, CaseMasterID, ComplainantName, AgeYear, OccupationID, ReligionID, CasteID, GenderID) VALUES (160, 160, 'Naveena Hegde', 54, 6, 5, 5, 2);
INSERT INTO ActSectionAssociation (CaseMasterID, ActID, SectionID, ActOrderID, SectionOrderID) VALUES (160, 'IPC', '420', 1, 1);
INSERT INTO Victim (VictimMasterID, CaseMasterID, VictimName, AgeYear, GenderID, VictimPolice) VALUES (160, 160, 'Divya Fernandes', 32, 1, '0');
INSERT INTO Accused (AccusedMasterID, CaseMasterID, AccusedName, AgeYear, GenderID, PersonID) VALUES (188, 160, 'Rafiq C. Shetty', 38, 1, 'A1');
INSERT INTO ChargesheetDetails (CSID, CaseMasterID, csdate, cstype, PolicePersonID) VALUES (127, 160, '2024-06-23 12:00:00', 'A', 5);
INSERT INTO CaseMaster (CaseMasterID, CrimeNo, CaseNo, CrimeRegisteredDate, PolicePersonID, PoliceStationID, CaseCategoryID, GravityOffenceID, CrimeMajorHeadID, CrimeMinorHeadID, CaseStatusID, CourtID, IncidentFromDate, IncidentToDate, InfoReceivedPSDate, latitude, longitude, BriefFacts) VALUES (161, '100040014202400161', '202400161', '2024-04-21', 27, 14, 1, 2, 1, 3, 4, 4, '2024-04-21 23:00:00', '2024-04-21 02:00:00', '2024-04-21 23:00:00', 15.447438, 75.008390, 'Control room information regarding chain snatching was received from near the inter-city bus stand. IO Anitha Pawar opened the investigation and secured preliminary evidence.');
INSERT INTO Inv_OccuranceTime (CaseMasterID, IncidentFromDate, IncidentToDate, latitude, longitude, PlaceOfOccurrence) VALUES (161, '2024-04-21 23:00:00', '2024-04-21 02:00:00', 15.447438, 75.008390, 'Near the inter-city bus stand, Suburban Dharwad');
INSERT INTO ComplainantDetails (ComplainantID, CaseMasterID, ComplainantName, AgeYear, OccupationID, ReligionID, CasteID, GenderID) VALUES (161, 161, 'Kavitha Fernandes', 39, 1, 2, 1, 2);
INSERT INTO ActSectionAssociation (CaseMasterID, ActID, SectionID, ActOrderID, SectionOrderID) VALUES (161, 'IPC', '379', 1, 1);
INSERT INTO Victim (VictimMasterID, CaseMasterID, VictimName, AgeYear, GenderID, VictimPolice) VALUES (161, 161, 'Sangeetha Deshpande', 36, 1, '0');
INSERT INTO Accused (AccusedMasterID, CaseMasterID, AccusedName, AgeYear, GenderID, PersonID) VALUES (189, 161, 'Mohan J. Poojary', 32, 1, 'A1');
INSERT INTO ChargesheetDetails (CSID, CaseMasterID, csdate, cstype, PolicePersonID) VALUES (128, 161, '2024-06-18 17:00:00', 'A', 27);
INSERT INTO CaseMaster (CaseMasterID, CrimeNo, CaseNo, CrimeRegisteredDate, PolicePersonID, PoliceStationID, CaseCategoryID, GravityOffenceID, CrimeMajorHeadID, CrimeMinorHeadID, CaseStatusID, CourtID, IncidentFromDate, IncidentToDate, InfoReceivedPSDate, latitude, longitude, BriefFacts) VALUES (162, '100030009202400162', '202400162', '2024-04-04', 17, 9, 1, 2, 1, 2, 2, 3, '2024-04-04 01:00:00', '2024-04-04 04:00:00', '2024-04-04 01:00:00', 12.893423, 74.852674, 'Control room information regarding house breaking night was received from on the ring road service lane. IO Basavaraj Patil opened the investigation and secured preliminary evidence.');
INSERT INTO Inv_OccuranceTime (CaseMasterID, IncidentFromDate, IncidentToDate, latitude, longitude, PlaceOfOccurrence) VALUES (162, '2024-04-04 01:00:00', '2024-04-04 04:00:00', 12.893423, 74.852674, 'On the ring road service lane, Kadri');
INSERT INTO ComplainantDetails (ComplainantID, CaseMasterID, ComplainantName, AgeYear, OccupationID, ReligionID, CasteID, GenderID) VALUES (162, 162, 'Girish Deshpande', 50, 6, 3, 4, 1);
INSERT INTO ActSectionAssociation (CaseMasterID, ActID, SectionID, ActOrderID, SectionOrderID) VALUES (162, 'IPC', '379', 1, 1);
INSERT INTO Victim (VictimMasterID, CaseMasterID, VictimName, AgeYear, GenderID, VictimPolice) VALUES (162, 162, 'Arun Fernandes', 34, 1, '0');
INSERT INTO Accused (AccusedMasterID, CaseMasterID, AccusedName, AgeYear, GenderID, PersonID) VALUES (190, 162, 'Raja Q. Naik', 24, 1, 'A1');
INSERT INTO Accused (AccusedMasterID, CaseMasterID, AccusedName, AgeYear, GenderID, PersonID) VALUES (191, 162, 'Rohit B. Jadhav', 37, 1, 'A2');
INSERT INTO ArrestSurrender (ArrestSurrenderID, CaseMasterID, ArrestSurrenderTypeID, ArrestSurrenderDate, ArrestSurrenderStateId, ArrestSurrenderDistrictId, PoliceStationID, IOID, CourtID, AccusedMasterID, IsAccused, IsComplainantAccused) VALUES (77, 162, 1, '2024-04-19', 1, 3, 9, 17, 3, 190, 1, 0);
INSERT INTO inv_arrestsurrenderaccused (ArrestSurrenderID, AccusedMasterID) VALUES (77, 190);
INSERT INTO inv_arrestsurrenderaccused (ArrestSurrenderID, AccusedMasterID) VALUES (77, 191);
INSERT INTO ChargesheetDetails (CSID, CaseMasterID, csdate, cstype, PolicePersonID) VALUES (129, 162, '2024-06-23 13:00:00', 'A', 17);
INSERT INTO CaseMaster (CaseMasterID, CrimeNo, CaseNo, CrimeRegisteredDate, PolicePersonID, PoliceStationID, CaseCategoryID, GravityOffenceID, CrimeMajorHeadID, CrimeMinorHeadID, CaseStatusID, CourtID, IncidentFromDate, IncidentToDate, InfoReceivedPSDate, latitude, longitude, BriefFacts) VALUES (163, '100010001202400163', '202400163', '2024-04-15', 1, 1, 1, 3, 1, 2, 4, 1, '2024-04-15 23:00:00', '2024-04-15 02:00:00', '2024-04-15 23:00:00', 12.975890, 77.644203, 'Indiranagar Police Station registered the case after an incident on a residential cross road. Initial CCTV, witness, and digital-evidence checks were assigned to IO Suresh Kambali.');
INSERT INTO Inv_OccuranceTime (CaseMasterID, IncidentFromDate, IncidentToDate, latitude, longitude, PlaceOfOccurrence) VALUES (163, '2024-04-15 23:00:00', '2024-04-15 02:00:00', 12.975890, 77.644203, 'On a residential cross road, Indiranagar');
INSERT INTO ComplainantDetails (ComplainantID, CaseMasterID, ComplainantName, AgeYear, OccupationID, ReligionID, CasteID, GenderID) VALUES (163, 163, 'Anand Hegde', 61, 4, 4, 2, 1);
INSERT INTO ActSectionAssociation (CaseMasterID, ActID, SectionID, ActOrderID, SectionOrderID) VALUES (163, 'IPC', '379', 1, 1);
INSERT INTO Victim (VictimMasterID, CaseMasterID, VictimName, AgeYear, GenderID, VictimPolice) VALUES (163, 163, 'Ganesh Gowda', 22, 1, '0');
INSERT INTO Accused (AccusedMasterID, CaseMasterID, AccusedName, AgeYear, GenderID, PersonID) VALUES (192, 163, 'Rafiq X. Poojary', 39, 1, 'A1');
INSERT INTO ChargesheetDetails (CSID, CaseMasterID, csdate, cstype, PolicePersonID) VALUES (130, 163, '2024-07-04 12:00:00', 'A', 1);
INSERT INTO CaseMaster (CaseMasterID, CrimeNo, CaseNo, CrimeRegisteredDate, PolicePersonID, PoliceStationID, CaseCategoryID, GravityOffenceID, CrimeMajorHeadID, CrimeMinorHeadID, CaseStatusID, CourtID, IncidentFromDate, IncidentToDate, InfoReceivedPSDate, latitude, longitude, BriefFacts) VALUES (164, '100040012202400164', '202400164', '2024-04-26', 23, 12, 1, 2, 1, 2, 2, 4, '2024-04-26 01:00:00', '2024-04-26 03:00:00', '2024-04-26 01:00:00', 15.358477, 75.151282, 'Complainant reported a suspected house breaking night incident near the central market. The matter was registered at Suburban Police Station Hubballi and assigned to Manjunath Deshmukh.');
INSERT INTO Inv_OccuranceTime (CaseMasterID, IncidentFromDate, IncidentToDate, latitude, longitude, PlaceOfOccurrence) VALUES (164, '2024-04-26 01:00:00', '2024-04-26 03:00:00', 15.358477, 75.151282, 'Near the central market, Suburban Hubballi');
INSERT INTO ComplainantDetails (ComplainantID, CaseMasterID, ComplainantName, AgeYear, OccupationID, ReligionID, CasteID, GenderID) VALUES (164, 164, 'Suma Murthy', 62, 6, 2, 2, 1);
INSERT INTO ActSectionAssociation (CaseMasterID, ActID, SectionID, ActOrderID, SectionOrderID) VALUES (164, 'IPC', '379', 1, 1);
INSERT INTO Victim (VictimMasterID, CaseMasterID, VictimName, AgeYear, GenderID, VictimPolice) VALUES (164, 164, 'Chaitra Poojary', 72, 2, '0');
INSERT INTO Accused (AccusedMasterID, CaseMasterID, AccusedName, AgeYear, GenderID, PersonID) VALUES (193, 164, 'Mohan E. Jadhav', 43, 1, 'A1');
INSERT INTO ArrestSurrender (ArrestSurrenderID, CaseMasterID, ArrestSurrenderTypeID, ArrestSurrenderDate, ArrestSurrenderStateId, ArrestSurrenderDistrictId, PoliceStationID, IOID, CourtID, AccusedMasterID, IsAccused, IsComplainantAccused) VALUES (78, 164, 1, '2024-04-27', 1, 4, 12, 23, 4, 193, 1, 0);
INSERT INTO inv_arrestsurrenderaccused (ArrestSurrenderID, AccusedMasterID) VALUES (78, 193);
INSERT INTO ChargesheetDetails (CSID, CaseMasterID, csdate, cstype, PolicePersonID) VALUES (131, 164, '2024-07-26 15:00:00', 'A', 23);
INSERT INTO CaseMaster (CaseMasterID, CrimeNo, CaseNo, CrimeRegisteredDate, PolicePersonID, PoliceStationID, CaseCategoryID, GravityOffenceID, CrimeMajorHeadID, CrimeMinorHeadID, CaseStatusID, CourtID, IncidentFromDate, IncidentToDate, InfoReceivedPSDate, latitude, longitude, BriefFacts) VALUES (165, '100050015202400165', '202400165', '2024-04-09', 29, 15, 1, 2, 2, 5, 2, 5, '2024-04-09 18:00:00', '2024-04-09 19:00:00', '2024-04-09 18:00:00', 15.866041, 74.495716, 'Control room information regarding grievous hurt was received from on the ring road service lane. IO Prakash Patil opened the investigation and secured preliminary evidence.');
INSERT INTO Inv_OccuranceTime (CaseMasterID, IncidentFromDate, IncidentToDate, latitude, longitude, PlaceOfOccurrence) VALUES (165, '2024-04-09 18:00:00', '2024-04-09 19:00:00', 15.866041, 74.495716, 'On the ring road service lane, Camp Belagavi');
INSERT INTO ComplainantDetails (ComplainantID, CaseMasterID, ComplainantName, AgeYear, OccupationID, ReligionID, CasteID, GenderID) VALUES (165, 165, 'Girish Bhat', 37, 4, 4, 1, 1);
INSERT INTO ActSectionAssociation (CaseMasterID, ActID, SectionID, ActOrderID, SectionOrderID) VALUES (165, 'IPC', '302', 1, 1);
INSERT INTO Victim (VictimMasterID, CaseMasterID, VictimName, AgeYear, GenderID, VictimPolice) VALUES (165, 165, 'Chaitra Gowda', 42, 2, '0');
INSERT INTO Accused (AccusedMasterID, CaseMasterID, AccusedName, AgeYear, GenderID, PersonID) VALUES (194, 165, 'Lokesh L. Kumar', 21, 1, 'A1');
INSERT INTO ArrestSurrender (ArrestSurrenderID, CaseMasterID, ArrestSurrenderTypeID, ArrestSurrenderDate, ArrestSurrenderStateId, ArrestSurrenderDistrictId, PoliceStationID, IOID, CourtID, AccusedMasterID, IsAccused, IsComplainantAccused) VALUES (79, 165, 1, '2024-04-29', 1, 5, 15, 29, 5, 194, 1, 0);
INSERT INTO inv_arrestsurrenderaccused (ArrestSurrenderID, AccusedMasterID) VALUES (79, 194);
INSERT INTO ChargesheetDetails (CSID, CaseMasterID, csdate, cstype, PolicePersonID) VALUES (132, 165, '2024-06-04 16:00:00', 'A', 29);
INSERT INTO CaseMaster (CaseMasterID, CrimeNo, CaseNo, CrimeRegisteredDate, PolicePersonID, PoliceStationID, CaseCategoryID, GravityOffenceID, CrimeMajorHeadID, CrimeMinorHeadID, CaseStatusID, CourtID, IncidentFromDate, IncidentToDate, InfoReceivedPSDate, latitude, longitude, BriefFacts) VALUES (166, '100050015202400166', '202400166', '2024-04-20', 29, 15, 1, 2, 1, 2, 4, 5, '2024-04-20 22:00:00', '2024-04-20 23:00:00', '2024-04-20 22:00:00', 15.849213, 74.496934, 'Camp Police Station Belagavi registered the case after an incident close to a residential layout. Initial CCTV, witness, and digital-evidence checks were assigned to IO Prakash Patil.');
INSERT INTO Inv_OccuranceTime (CaseMasterID, IncidentFromDate, IncidentToDate, latitude, longitude, PlaceOfOccurrence) VALUES (166, '2024-04-20 22:00:00', '2024-04-20 23:00:00', 15.849213, 74.496934, 'Close to a residential layout, Camp Belagavi');
INSERT INTO ComplainantDetails (ComplainantID, CaseMasterID, ComplainantName, AgeYear, OccupationID, ReligionID, CasteID, GenderID) VALUES (166, 166, 'Chetan Hegde', 43, 4, 2, 5, 2);
INSERT INTO ActSectionAssociation (CaseMasterID, ActID, SectionID, ActOrderID, SectionOrderID) VALUES (166, 'IPC', '379', 1, 1);
INSERT INTO Victim (VictimMasterID, CaseMasterID, VictimName, AgeYear, GenderID, VictimPolice) VALUES (166, 166, 'Arun Deshpande', 35, 2, '0');
INSERT INTO Accused (AccusedMasterID, CaseMasterID, AccusedName, AgeYear, GenderID, PersonID) VALUES (195, 166, 'Jagga S. Shaikh', 39, 1, 'A1');
INSERT INTO ArrestSurrender (ArrestSurrenderID, CaseMasterID, ArrestSurrenderTypeID, ArrestSurrenderDate, ArrestSurrenderStateId, ArrestSurrenderDistrictId, PoliceStationID, IOID, CourtID, AccusedMasterID, IsAccused, IsComplainantAccused) VALUES (80, 166, 1, '2024-04-21', 1, 5, 15, 29, 5, 195, 1, 0);
INSERT INTO inv_arrestsurrenderaccused (ArrestSurrenderID, AccusedMasterID) VALUES (80, 195);
INSERT INTO ChargesheetDetails (CSID, CaseMasterID, csdate, cstype, PolicePersonID) VALUES (133, 166, '2024-05-21 10:00:00', 'A', 29);
INSERT INTO CaseMaster (CaseMasterID, CrimeNo, CaseNo, CrimeRegisteredDate, PolicePersonID, PoliceStationID, CaseCategoryID, GravityOffenceID, CrimeMajorHeadID, CrimeMinorHeadID, CaseStatusID, CourtID, IncidentFromDate, IncidentToDate, InfoReceivedPSDate, latitude, longitude, BriefFacts) VALUES (167, '100030010202400167', '202400167', '2024-04-03', 19, 10, 1, 3, 3, 6, 1, 3, '2024-04-03 16:00:00', '2024-04-03 17:00:00', '2024-04-03 16:00:00', 12.859672, 74.834419, 'Complainant reported a suspected online financial fraud incident beside an industrial access road. The matter was registered at Pandeshwar Police Station and assigned to Shankar Rao.');
INSERT INTO Inv_OccuranceTime (CaseMasterID, IncidentFromDate, IncidentToDate, latitude, longitude, PlaceOfOccurrence) VALUES (167, '2024-04-03 16:00:00', '2024-04-03 17:00:00', 12.859672, 74.834419, 'Beside an industrial access road, Pandeshwar');
INSERT INTO ComplainantDetails (ComplainantID, CaseMasterID, ComplainantName, AgeYear, OccupationID, ReligionID, CasteID, GenderID) VALUES (167, 167, 'Eshwar Poojary', 33, 6, 3, 3, 1);
INSERT INTO ActSectionAssociation (CaseMasterID, ActID, SectionID, ActOrderID, SectionOrderID) VALUES (167, 'IT_ACT', '66D', 1, 1);
INSERT INTO Victim (VictimMasterID, CaseMasterID, VictimName, AgeYear, GenderID, VictimPolice) VALUES (167, 167, 'Rajesh Kulkarni', 61, 2, '0');
INSERT INTO Accused (AccusedMasterID, CaseMasterID, AccusedName, AgeYear, GenderID, PersonID) VALUES (196, 167, 'Tukaram Z. Singh', 33, 1, 'A1');
INSERT INTO ArrestSurrender (ArrestSurrenderID, CaseMasterID, ArrestSurrenderTypeID, ArrestSurrenderDate, ArrestSurrenderStateId, ArrestSurrenderDistrictId, PoliceStationID, IOID, CourtID, AccusedMasterID, IsAccused, IsComplainantAccused) VALUES (81, 167, 1, '2024-05-02', 1, 3, 10, 19, 3, 196, 1, 0);
INSERT INTO inv_arrestsurrenderaccused (ArrestSurrenderID, AccusedMasterID) VALUES (81, 196);
INSERT INTO CaseMaster (CaseMasterID, CrimeNo, CaseNo, CrimeRegisteredDate, PolicePersonID, PoliceStationID, CaseCategoryID, GravityOffenceID, CrimeMajorHeadID, CrimeMinorHeadID, CaseStatusID, CourtID, IncidentFromDate, IncidentToDate, InfoReceivedPSDate, latitude, longitude, BriefFacts) VALUES (168, '100040014202400168', '202400168', '2024-04-14', 27, 14, 1, 1, 1, 2, 4, 4, '2024-04-14 01:00:00', '2024-04-14 02:00:00', '2024-04-14 01:00:00', 15.450065, 75.012820, 'Suburban Police Station Dharwad registered the case after an incident close to a residential layout. Initial CCTV, witness, and digital-evidence checks were assigned to IO Anitha Pawar.');
INSERT INTO Inv_OccuranceTime (CaseMasterID, IncidentFromDate, IncidentToDate, latitude, longitude, PlaceOfOccurrence) VALUES (168, '2024-04-14 01:00:00', '2024-04-14 02:00:00', 15.450065, 75.012820, 'Close to a residential layout, Suburban Dharwad');
INSERT INTO ComplainantDetails (ComplainantID, CaseMasterID, ComplainantName, AgeYear, OccupationID, ReligionID, CasteID, GenderID) VALUES (168, 168, 'Anand Naik', 70, 6, 5, 4, 1);
INSERT INTO ActSectionAssociation (CaseMasterID, ActID, SectionID, ActOrderID, SectionOrderID) VALUES (168, 'IPC', '379', 1, 1);
INSERT INTO Victim (VictimMasterID, CaseMasterID, VictimName, AgeYear, GenderID, VictimPolice) VALUES (168, 168, 'Asha Fernandes', 25, 2, '0');
INSERT INTO Accused (AccusedMasterID, CaseMasterID, AccusedName, AgeYear, GenderID, PersonID) VALUES (197, 168, 'Salman G. Pashan', 40, 1, 'A1');
INSERT INTO ArrestSurrender (ArrestSurrenderID, CaseMasterID, ArrestSurrenderTypeID, ArrestSurrenderDate, ArrestSurrenderStateId, ArrestSurrenderDistrictId, PoliceStationID, IOID, CourtID, AccusedMasterID, IsAccused, IsComplainantAccused) VALUES (82, 168, 1, '2024-04-23', 1, 4, 14, 27, 4, 197, 1, 0);
INSERT INTO inv_arrestsurrenderaccused (ArrestSurrenderID, AccusedMasterID) VALUES (82, 197);
INSERT INTO ChargesheetDetails (CSID, CaseMasterID, csdate, cstype, PolicePersonID) VALUES (134, 168, '2024-06-16 11:00:00', 'A', 27);
INSERT INTO CaseMaster (CaseMasterID, CrimeNo, CaseNo, CrimeRegisteredDate, PolicePersonID, PoliceStationID, CaseCategoryID, GravityOffenceID, CrimeMajorHeadID, CrimeMinorHeadID, CaseStatusID, CourtID, IncidentFromDate, IncidentToDate, InfoReceivedPSDate, latitude, longitude, BriefFacts) VALUES (169, '100050016202400169', '202400169', '2024-04-25', 31, 16, 2, 3, 1, 2, 5, 5, '2024-04-25 02:00:00', '2024-04-25 04:00:00', '2024-04-25 02:00:00', 15.848716, 74.499775, 'House Breaking Night reported beside an industrial access road within Tilakwadi Police Station limits. Santosh Pawar recorded statements and initiated scene verification.');
INSERT INTO Inv_OccuranceTime (CaseMasterID, IncidentFromDate, IncidentToDate, latitude, longitude, PlaceOfOccurrence) VALUES (169, '2024-04-25 02:00:00', '2024-04-25 04:00:00', 15.848716, 74.499775, 'Beside an industrial access road, Tilakwadi');
INSERT INTO ComplainantDetails (ComplainantID, CaseMasterID, ComplainantName, AgeYear, OccupationID, ReligionID, CasteID, GenderID) VALUES (169, 169, 'Farhan Bhat', 68, 6, 5, 3, 1);
INSERT INTO ActSectionAssociation (CaseMasterID, ActID, SectionID, ActOrderID, SectionOrderID) VALUES (169, 'IPC', '379', 1, 1);
INSERT INTO Victim (VictimMasterID, CaseMasterID, VictimName, AgeYear, GenderID, VictimPolice) VALUES (169, 169, 'Praveen Patil', 34, 1, '0');
INSERT INTO Accused (AccusedMasterID, CaseMasterID, AccusedName, AgeYear, GenderID, PersonID) VALUES (198, 169, 'Ajay N. Poojary', 23, 1, 'A1');
INSERT INTO CaseMaster (CaseMasterID, CrimeNo, CaseNo, CrimeRegisteredDate, PolicePersonID, PoliceStationID, CaseCategoryID, GravityOffenceID, CrimeMajorHeadID, CrimeMinorHeadID, CaseStatusID, CourtID, IncidentFromDate, IncidentToDate, InfoReceivedPSDate, latitude, longitude, BriefFacts) VALUES (170, '100020006202400170', '202400170', '2024-04-08', 11, 6, 1, 3, 3, 6, 2, 2, '2024-04-08 16:00:00', '2024-04-08 19:00:00', '2024-04-08 16:00:00', 12.314945, 76.663578, 'Online Financial Fraud reported on the ring road service lane within Devaraja Police Station limits. Anitha Gowda recorded statements and initiated scene verification.');
INSERT INTO Inv_OccuranceTime (CaseMasterID, IncidentFromDate, IncidentToDate, latitude, longitude, PlaceOfOccurrence) VALUES (170, '2024-04-08 16:00:00', '2024-04-08 19:00:00', 12.314945, 76.663578, 'On the ring road service lane, Devaraja');
INSERT INTO ComplainantDetails (ComplainantID, CaseMasterID, ComplainantName, AgeYear, OccupationID, ReligionID, CasteID, GenderID) VALUES (170, 170, 'Ayesha Poojary', 56, 4, 4, 5, 1);
INSERT INTO ActSectionAssociation (CaseMasterID, ActID, SectionID, ActOrderID, SectionOrderID) VALUES (170, 'IT_ACT', '66D', 1, 1);
INSERT INTO Victim (VictimMasterID, CaseMasterID, VictimName, AgeYear, GenderID, VictimPolice) VALUES (170, 170, 'Chaitra Fernandes', 47, 2, '0');
INSERT INTO Accused (AccusedMasterID, CaseMasterID, AccusedName, AgeYear, GenderID, PersonID) VALUES (199, 170, 'Shiva U. Singh', 22, 1, 'A1');
INSERT INTO Accused (AccusedMasterID, CaseMasterID, AccusedName, AgeYear, GenderID, PersonID) VALUES (200, 170, 'Manjunath F. Shetty', 36, 1, 'A2');
INSERT INTO ChargesheetDetails (CSID, CaseMasterID, csdate, cstype, PolicePersonID) VALUES (135, 170, '2024-06-06 17:00:00', 'A', 11);
INSERT INTO CaseMaster (CaseMasterID, CrimeNo, CaseNo, CrimeRegisteredDate, PolicePersonID, PoliceStationID, CaseCategoryID, GravityOffenceID, CrimeMajorHeadID, CrimeMinorHeadID, CaseStatusID, CourtID, IncidentFromDate, IncidentToDate, InfoReceivedPSDate, latitude, longitude, BriefFacts) VALUES (171, '100010005202400171', '202400171', '2024-04-19', 9, 5, 1, 2, 3, 6, 4, 1, '2024-04-19 11:00:00', '2024-04-19 14:00:00', '2024-04-19 11:00:00', 13.006275, 77.569982, 'Malleshwaram Police Station registered the case after an incident near a bus stop. Initial CCTV, witness, and digital-evidence checks were assigned to IO Ramesh Pawar.');
INSERT INTO Inv_OccuranceTime (CaseMasterID, IncidentFromDate, IncidentToDate, latitude, longitude, PlaceOfOccurrence) VALUES (171, '2024-04-19 11:00:00', '2024-04-19 14:00:00', 13.006275, 77.569982, 'Near a bus stop, Malleshwaram');
INSERT INTO ComplainantDetails (ComplainantID, CaseMasterID, ComplainantName, AgeYear, OccupationID, ReligionID, CasteID, GenderID) VALUES (171, 171, 'Deepak Khan', 39, 6, 3, 5, 2);
INSERT INTO ActSectionAssociation (CaseMasterID, ActID, SectionID, ActOrderID, SectionOrderID) VALUES (171, 'IT_ACT', '66D', 1, 1);
INSERT INTO Victim (VictimMasterID, CaseMasterID, VictimName, AgeYear, GenderID, VictimPolice) VALUES (171, 171, 'Roshan Poojary', 70, 1, '0');
INSERT INTO Accused (AccusedMasterID, CaseMasterID, AccusedName, AgeYear, GenderID, PersonID) VALUES (201, 171, 'Pandu B. Reddy', 35, 1, 'A1');
INSERT INTO ChargesheetDetails (CSID, CaseMasterID, csdate, cstype, PolicePersonID) VALUES (136, 171, '2024-07-20 13:00:00', 'A', 9);
INSERT INTO CaseMaster (CaseMasterID, CrimeNo, CaseNo, CrimeRegisteredDate, PolicePersonID, PoliceStationID, CaseCategoryID, GravityOffenceID, CrimeMajorHeadID, CrimeMinorHeadID, CaseStatusID, CourtID, IncidentFromDate, IncidentToDate, InfoReceivedPSDate, latitude, longitude, BriefFacts) VALUES (172, '100020007202400172', '202400172', '2024-05-01', 13, 7, 1, 2, 5, 9, 2, 2, '2024-05-01 22:00:00', '2024-05-01 01:00:00', '2024-05-01 22:00:00', 12.304127, 76.653242, 'Ganja Possession reported near the inter-city bus stand within Lashkar Police Station limits. Suresh Rao recorded statements and initiated scene verification.');
INSERT INTO Inv_OccuranceTime (CaseMasterID, IncidentFromDate, IncidentToDate, latitude, longitude, PlaceOfOccurrence) VALUES (172, '2024-05-01 22:00:00', '2024-05-01 01:00:00', 12.304127, 76.653242, 'Near the inter-city bus stand, Lashkar');
INSERT INTO ComplainantDetails (ComplainantID, CaseMasterID, ComplainantName, AgeYear, OccupationID, ReligionID, CasteID, GenderID) VALUES (172, 172, 'Meena Bhat', 25, 5, 5, 3, 1);
INSERT INTO ActSectionAssociation (CaseMasterID, ActID, SectionID, ActOrderID, SectionOrderID) VALUES (172, 'NDPS', '20', 1, 1);
INSERT INTO Victim (VictimMasterID, CaseMasterID, VictimName, AgeYear, GenderID, VictimPolice) VALUES (172, 172, 'Roshan Deshpande', 43, 2, '0');
INSERT INTO Accused (AccusedMasterID, CaseMasterID, AccusedName, AgeYear, GenderID, PersonID) VALUES (202, 172, 'Nagesh I. Kumar', 26, 1, 'A1');
INSERT INTO ChargesheetDetails (CSID, CaseMasterID, csdate, cstype, PolicePersonID) VALUES (137, 172, '2024-08-02 12:00:00', 'A', 13);
INSERT INTO CaseMaster (CaseMasterID, CrimeNo, CaseNo, CrimeRegisteredDate, PolicePersonID, PoliceStationID, CaseCategoryID, GravityOffenceID, CrimeMajorHeadID, CrimeMinorHeadID, CaseStatusID, CourtID, IncidentFromDate, IncidentToDate, InfoReceivedPSDate, latitude, longitude, BriefFacts) VALUES (173, '100010005202400173', '202400173', '2024-05-12', 9, 5, 1, 3, 3, 7, 1, 1, '2024-05-12 17:00:00', '2024-05-12 19:00:00', '2024-05-12 17:00:00', 12.994667, 77.569209, 'Malleshwaram Police Station registered the case after an incident on a residential cross road. Initial CCTV, witness, and digital-evidence checks were assigned to IO Ramesh Pawar.');
INSERT INTO Inv_OccuranceTime (CaseMasterID, IncidentFromDate, IncidentToDate, latitude, longitude, PlaceOfOccurrence) VALUES (173, '2024-05-12 17:00:00', '2024-05-12 19:00:00', 12.994667, 77.569209, 'On a residential cross road, Malleshwaram');
INSERT INTO ComplainantDetails (ComplainantID, CaseMasterID, ComplainantName, AgeYear, OccupationID, ReligionID, CasteID, GenderID) VALUES (173, 173, 'Radha Murthy', 50, 6, 4, 3, 2);
INSERT INTO ActSectionAssociation (CaseMasterID, ActID, SectionID, ActOrderID, SectionOrderID) VALUES (173, 'IT_ACT', '66D', 1, 1);
INSERT INTO Victim (VictimMasterID, CaseMasterID, VictimName, AgeYear, GenderID, VictimPolice) VALUES (173, 173, 'Nikhil Gowda', 19, 2, '0');
INSERT INTO Accused (AccusedMasterID, CaseMasterID, AccusedName, AgeYear, GenderID, PersonID) VALUES (203, 173, 'Sameer P. Naik', 25, 1, 'A1');
INSERT INTO CaseMaster (CaseMasterID, CrimeNo, CaseNo, CrimeRegisteredDate, PolicePersonID, PoliceStationID, CaseCategoryID, GravityOffenceID, CrimeMajorHeadID, CrimeMinorHeadID, CaseStatusID, CourtID, IncidentFromDate, IncidentToDate, InfoReceivedPSDate, latitude, longitude, BriefFacts) VALUES (174, '100040014202400174', '202400174', '2024-05-23', 27, 14, 1, 3, 1, 1, 4, 4, '2024-05-23 20:00:00', '2024-05-23 22:00:00', '2024-05-23 20:00:00', 15.457497, 75.000270, 'Automobile Theft reported close to a residential layout within Suburban Police Station Dharwad limits. Anitha Pawar recorded statements and initiated scene verification.');
INSERT INTO Inv_OccuranceTime (CaseMasterID, IncidentFromDate, IncidentToDate, latitude, longitude, PlaceOfOccurrence) VALUES (174, '2024-05-23 20:00:00', '2024-05-23 22:00:00', 15.457497, 75.000270, 'Close to a residential layout, Suburban Dharwad');
INSERT INTO ComplainantDetails (ComplainantID, CaseMasterID, ComplainantName, AgeYear, OccupationID, ReligionID, CasteID, GenderID) VALUES (174, 174, 'Eshwar Hegde', 23, 5, 5, 1, 1);
INSERT INTO ActSectionAssociation (CaseMasterID, ActID, SectionID, ActOrderID, SectionOrderID) VALUES (174, 'IPC', '379', 1, 1);
INSERT INTO Victim (VictimMasterID, CaseMasterID, VictimName, AgeYear, GenderID, VictimPolice) VALUES (174, 174, 'Kiran Kulkarni', 47, 1, '0');
INSERT INTO Accused (AccusedMasterID, CaseMasterID, AccusedName, AgeYear, GenderID, PersonID) VALUES (204, 174, 'Imtiaz W. Singh', 26, 1, 'A1');
INSERT INTO ArrestSurrender (ArrestSurrenderID, CaseMasterID, ArrestSurrenderTypeID, ArrestSurrenderDate, ArrestSurrenderStateId, ArrestSurrenderDistrictId, PoliceStationID, IOID, CourtID, AccusedMasterID, IsAccused, IsComplainantAccused) VALUES (83, 174, 1, '2024-06-17', 1, 4, 14, 27, 4, 204, 1, 0);
INSERT INTO inv_arrestsurrenderaccused (ArrestSurrenderID, AccusedMasterID) VALUES (83, 204);
INSERT INTO ChargesheetDetails (CSID, CaseMasterID, csdate, cstype, PolicePersonID) VALUES (138, 174, '2024-06-20 14:00:00', 'A', 27);
INSERT INTO CaseMaster (CaseMasterID, CrimeNo, CaseNo, CrimeRegisteredDate, PolicePersonID, PoliceStationID, CaseCategoryID, GravityOffenceID, CrimeMajorHeadID, CrimeMinorHeadID, CaseStatusID, CourtID, IncidentFromDate, IncidentToDate, InfoReceivedPSDate, latitude, longitude, BriefFacts) VALUES (175, '100050015202400175', '202400175', '2024-05-06', 29, 15, 1, 3, 1, 2, 3, 5, '2024-05-06 01:00:00', '2024-05-06 02:00:00', '2024-05-06 01:00:00', 15.864403, 74.501758, 'Control room information regarding house breaking night was received from close to a residential layout. IO Prakash Patil opened the investigation and secured preliminary evidence.');
INSERT INTO Inv_OccuranceTime (CaseMasterID, IncidentFromDate, IncidentToDate, latitude, longitude, PlaceOfOccurrence) VALUES (175, '2024-05-06 01:00:00', '2024-05-06 02:00:00', 15.864403, 74.501758, 'Close to a residential layout, Camp Belagavi');
INSERT INTO ComplainantDetails (ComplainantID, CaseMasterID, ComplainantName, AgeYear, OccupationID, ReligionID, CasteID, GenderID) VALUES (175, 175, 'Shilpa Joshi', 41, 4, 4, 4, 1);
INSERT INTO ActSectionAssociation (CaseMasterID, ActID, SectionID, ActOrderID, SectionOrderID) VALUES (175, 'IPC', '379', 1, 1);
INSERT INTO Victim (VictimMasterID, CaseMasterID, VictimName, AgeYear, GenderID, VictimPolice) VALUES (175, 175, 'Bhavya Murthy', 68, 1, '0');
INSERT INTO Accused (AccusedMasterID, CaseMasterID, AccusedName, AgeYear, GenderID, PersonID) VALUES (205, 175, 'Pandu D. Jadhav', 34, 1, 'A1');
INSERT INTO ChargesheetDetails (CSID, CaseMasterID, csdate, cstype, PolicePersonID) VALUES (139, 175, '2024-06-19 13:00:00', 'A', 29);
INSERT INTO CaseMaster (CaseMasterID, CrimeNo, CaseNo, CrimeRegisteredDate, PolicePersonID, PoliceStationID, CaseCategoryID, GravityOffenceID, CrimeMajorHeadID, CrimeMinorHeadID, CaseStatusID, CourtID, IncidentFromDate, IncidentToDate, InfoReceivedPSDate, latitude, longitude, BriefFacts) VALUES (176, '100030010202400176', '202400176', '2024-05-17', 19, 10, 1, 3, 4, 8, 2, 3, '2024-05-17 16:00:00', '2024-05-17 19:00:00', '2024-05-17 16:00:00', 12.860223, 74.839114, 'Pandeshwar Police Station registered the case after an incident on the ring road service lane. Initial CCTV, witness, and digital-evidence checks were assigned to IO Shankar Rao.');
INSERT INTO Inv_OccuranceTime (CaseMasterID, IncidentFromDate, IncidentToDate, latitude, longitude, PlaceOfOccurrence) VALUES (176, '2024-05-17 16:00:00', '2024-05-17 19:00:00', 12.860223, 74.839114, 'On the ring road service lane, Pandeshwar');
INSERT INTO ComplainantDetails (ComplainantID, CaseMasterID, ComplainantName, AgeYear, OccupationID, ReligionID, CasteID, GenderID) VALUES (176, 176, 'Joel Patil', 21, 6, 1, 1, 1);
INSERT INTO ActSectionAssociation (CaseMasterID, ActID, SectionID, ActOrderID, SectionOrderID) VALUES (176, 'IPC', '420', 1, 1);
INSERT INTO Victim (VictimMasterID, CaseMasterID, VictimName, AgeYear, GenderID, VictimPolice) VALUES (176, 176, 'Ganesh Bhat', 28, 2, '0');
INSERT INTO Accused (AccusedMasterID, CaseMasterID, AccusedName, AgeYear, GenderID, PersonID) VALUES (206, 176, 'Imtiaz K. Shetty', 27, 1, 'A1');
INSERT INTO ChargesheetDetails (CSID, CaseMasterID, csdate, cstype, PolicePersonID) VALUES (140, 176, '2024-08-11 14:00:00', 'A', 19);
INSERT INTO CaseMaster (CaseMasterID, CrimeNo, CaseNo, CrimeRegisteredDate, PolicePersonID, PoliceStationID, CaseCategoryID, GravityOffenceID, CrimeMajorHeadID, CrimeMinorHeadID, CaseStatusID, CourtID, IncidentFromDate, IncidentToDate, InfoReceivedPSDate, latitude, longitude, BriefFacts) VALUES (177, '100040013202400177', '202400177', '2024-05-28', 25, 13, 1, 1, 2, 4, 1, 4, '2024-05-28 15:00:00', '2024-05-28 16:00:00', '2024-05-28 15:00:00', 15.360561, 75.120729, 'Complainant reported a suspected murder incident on the ring road service lane. The matter was registered at Vidyanagar Police Station Hubballi and assigned to Vijay Rao.');
INSERT INTO Inv_OccuranceTime (CaseMasterID, IncidentFromDate, IncidentToDate, latitude, longitude, PlaceOfOccurrence) VALUES (177, '2024-05-28 15:00:00', '2024-05-28 16:00:00', 15.360561, 75.120729, 'On the ring road service lane, Vidyanagar Hubballi');
INSERT INTO ComplainantDetails (ComplainantID, CaseMasterID, ComplainantName, AgeYear, OccupationID, ReligionID, CasteID, GenderID) VALUES (177, 177, 'Shilpa Gowda', 52, 3, 4, 2, 1);
INSERT INTO ActSectionAssociation (CaseMasterID, ActID, SectionID, ActOrderID, SectionOrderID) VALUES (177, 'IPC', '302', 1, 1);
INSERT INTO Victim (VictimMasterID, CaseMasterID, VictimName, AgeYear, GenderID, VictimPolice) VALUES (177, 177, 'Rajesh Joshi', 36, 1, '0');
INSERT INTO Accused (AccusedMasterID, CaseMasterID, AccusedName, AgeYear, GenderID, PersonID) VALUES (207, 177, 'Ajay R. Naik', 28, 1, 'A1');
INSERT INTO ArrestSurrender (ArrestSurrenderID, CaseMasterID, ArrestSurrenderTypeID, ArrestSurrenderDate, ArrestSurrenderStateId, ArrestSurrenderDistrictId, PoliceStationID, IOID, CourtID, AccusedMasterID, IsAccused, IsComplainantAccused) VALUES (84, 177, 1, '2024-05-31', 1, 4, 13, 25, 4, 207, 1, 0);
INSERT INTO inv_arrestsurrenderaccused (ArrestSurrenderID, AccusedMasterID) VALUES (84, 207);
INSERT INTO CaseMaster (CaseMasterID, CrimeNo, CaseNo, CrimeRegisteredDate, PolicePersonID, PoliceStationID, CaseCategoryID, GravityOffenceID, CrimeMajorHeadID, CrimeMinorHeadID, CaseStatusID, CourtID, IncidentFromDate, IncidentToDate, InfoReceivedPSDate, latitude, longitude, BriefFacts) VALUES (178, '100010001202400178', '202400178', '2024-05-11', 1, 1, 1, 3, 4, 8, 3, 1, '2024-05-11 16:00:00', '2024-05-11 17:00:00', '2024-05-11 16:00:00', 12.968173, 77.635861, 'Control room information regarding cheating was received from near a bus stop. IO Suresh Kambali opened the investigation and secured preliminary evidence.');
INSERT INTO Inv_OccuranceTime (CaseMasterID, IncidentFromDate, IncidentToDate, latitude, longitude, PlaceOfOccurrence) VALUES (178, '2024-05-11 16:00:00', '2024-05-11 17:00:00', 12.968173, 77.635861, 'Near a bus stop, Indiranagar');
INSERT INTO ComplainantDetails (ComplainantID, CaseMasterID, ComplainantName, AgeYear, OccupationID, ReligionID, CasteID, GenderID) VALUES (178, 178, 'Latha Khan', 69, 3, 1, 2, 2);
INSERT INTO ActSectionAssociation (CaseMasterID, ActID, SectionID, ActOrderID, SectionOrderID) VALUES (178, 'IPC', '420', 1, 1);
INSERT INTO Victim (VictimMasterID, CaseMasterID, VictimName, AgeYear, GenderID, VictimPolice) VALUES (178, 178, 'Roshan Hegde', 64, 1, '0');
INSERT INTO Accused (AccusedMasterID, CaseMasterID, AccusedName, AgeYear, GenderID, PersonID) VALUES (208, 178, 'Raja Y. Gowda', 21, 1, 'A1');
INSERT INTO ArrestSurrender (ArrestSurrenderID, CaseMasterID, ArrestSurrenderTypeID, ArrestSurrenderDate, ArrestSurrenderStateId, ArrestSurrenderDistrictId, PoliceStationID, IOID, CourtID, AccusedMasterID, IsAccused, IsComplainantAccused) VALUES (85, 178, 1, '2024-05-27', 1, 1, 1, 1, 1, 208, 1, 0);
INSERT INTO inv_arrestsurrenderaccused (ArrestSurrenderID, AccusedMasterID) VALUES (85, 208);
INSERT INTO ChargesheetDetails (CSID, CaseMasterID, csdate, cstype, PolicePersonID) VALUES (141, 178, '2024-07-25 12:00:00', 'A', 1);
INSERT INTO CaseMaster (CaseMasterID, CrimeNo, CaseNo, CrimeRegisteredDate, PolicePersonID, PoliceStationID, CaseCategoryID, GravityOffenceID, CrimeMajorHeadID, CrimeMinorHeadID, CaseStatusID, CourtID, IncidentFromDate, IncidentToDate, InfoReceivedPSDate, latitude, longitude, BriefFacts) VALUES (179, '100010002202400179', '202400179', '2024-05-22', 3, 2, 1, 2, 1, 1, 2, 1, '2024-05-22 18:00:00', '2024-05-22 20:00:00', '2024-05-22 18:00:00', 12.925111, 77.616445, 'Complainant reported a suspected automobile theft incident beside a metro approach road. The matter was registered at Koramangala Police Station and assigned to Prakash Jadhav.');
INSERT INTO Inv_OccuranceTime (CaseMasterID, IncidentFromDate, IncidentToDate, latitude, longitude, PlaceOfOccurrence) VALUES (179, '2024-05-22 18:00:00', '2024-05-22 20:00:00', 12.925111, 77.616445, 'Beside a metro approach road, Koramangala');
INSERT INTO ComplainantDetails (ComplainantID, CaseMasterID, ComplainantName, AgeYear, OccupationID, ReligionID, CasteID, GenderID) VALUES (179, 179, 'Anand Murthy', 54, 4, 2, 5, 2);
INSERT INTO ActSectionAssociation (CaseMasterID, ActID, SectionID, ActOrderID, SectionOrderID) VALUES (179, 'IPC', '379', 1, 1);
INSERT INTO Victim (VictimMasterID, CaseMasterID, VictimName, AgeYear, GenderID, VictimPolice) VALUES (179, 179, 'Manoj Joshi', 66, 2, '0');
INSERT INTO Accused (AccusedMasterID, CaseMasterID, AccusedName, AgeYear, GenderID, PersonID) VALUES (209, 179, 'Rafiq F. Jadhav', 42, 1, 'A1');
INSERT INTO ArrestSurrender (ArrestSurrenderID, CaseMasterID, ArrestSurrenderTypeID, ArrestSurrenderDate, ArrestSurrenderStateId, ArrestSurrenderDistrictId, PoliceStationID, IOID, CourtID, AccusedMasterID, IsAccused, IsComplainantAccused) VALUES (86, 179, 1, '2024-05-26', 1, 1, 2, 3, 1, 209, 1, 0);
INSERT INTO inv_arrestsurrenderaccused (ArrestSurrenderID, AccusedMasterID) VALUES (86, 209);
INSERT INTO ChargesheetDetails (CSID, CaseMasterID, csdate, cstype, PolicePersonID) VALUES (142, 179, '2024-08-13 09:00:00', 'A', 3);
INSERT INTO CaseMaster (CaseMasterID, CrimeNo, CaseNo, CrimeRegisteredDate, PolicePersonID, PoliceStationID, CaseCategoryID, GravityOffenceID, CrimeMajorHeadID, CrimeMinorHeadID, CaseStatusID, CourtID, IncidentFromDate, IncidentToDate, InfoReceivedPSDate, latitude, longitude, BriefFacts) VALUES (180, '100050015202400180', '202400180', '2024-05-05', 29, 15, 1, 3, 3, 6, 2, 5, '2024-05-05 10:00:00', '2024-05-05 13:00:00', '2024-05-05 10:00:00', 15.859625, 74.511182, 'Complainant reported a suspected online financial fraud incident near the inter-city bus stand. The matter was registered at Camp Police Station Belagavi and assigned to Prakash Patil.');
INSERT INTO Inv_OccuranceTime (CaseMasterID, IncidentFromDate, IncidentToDate, latitude, longitude, PlaceOfOccurrence) VALUES (180, '2024-05-05 10:00:00', '2024-05-05 13:00:00', 15.859625, 74.511182, 'Near the inter-city bus stand, Camp Belagavi');
INSERT INTO ComplainantDetails (ComplainantID, CaseMasterID, ComplainantName, AgeYear, OccupationID, ReligionID, CasteID, GenderID) VALUES (180, 180, 'Shilpa Hegde', 49, 1, 4, 1, 2);
INSERT INTO ActSectionAssociation (CaseMasterID, ActID, SectionID, ActOrderID, SectionOrderID) VALUES (180, 'IT_ACT', '66D', 1, 1);
INSERT INTO Victim (VictimMasterID, CaseMasterID, VictimName, AgeYear, GenderID, VictimPolice) VALUES (180, 180, 'Vinay Fernandes', 21, 1, '0');
INSERT INTO Accused (AccusedMasterID, CaseMasterID, AccusedName, AgeYear, GenderID, PersonID) VALUES (210, 180, 'Salman M. Reddy', 45, 1, 'A1');
INSERT INTO ArrestSurrender (ArrestSurrenderID, CaseMasterID, ArrestSurrenderTypeID, ArrestSurrenderDate, ArrestSurrenderStateId, ArrestSurrenderDistrictId, PoliceStationID, IOID, CourtID, AccusedMasterID, IsAccused, IsComplainantAccused) VALUES (87, 180, 1, '2024-05-20', 1, 5, 15, 29, 5, 210, 1, 0);
INSERT INTO inv_arrestsurrenderaccused (ArrestSurrenderID, AccusedMasterID) VALUES (87, 210);
INSERT INTO ChargesheetDetails (CSID, CaseMasterID, csdate, cstype, PolicePersonID) VALUES (143, 180, '2024-06-16 14:00:00', 'A', 29);
INSERT INTO CaseMaster (CaseMasterID, CrimeNo, CaseNo, CrimeRegisteredDate, PolicePersonID, PoliceStationID, CaseCategoryID, GravityOffenceID, CrimeMajorHeadID, CrimeMinorHeadID, CaseStatusID, CourtID, IncidentFromDate, IncidentToDate, InfoReceivedPSDate, latitude, longitude, BriefFacts) VALUES (181, '100030011202400181', '202400181', '2024-05-16', 21, 11, 1, 1, 1, 1, 1, 3, '2024-05-16 19:00:00', '2024-05-16 22:00:00', '2024-05-16 19:00:00', 12.884186, 74.824463, 'Urwa Police Station registered the case after an incident beside an industrial access road. Initial CCTV, witness, and digital-evidence checks were assigned to IO Vijay Gowda.');
INSERT INTO Inv_OccuranceTime (CaseMasterID, IncidentFromDate, IncidentToDate, latitude, longitude, PlaceOfOccurrence) VALUES (181, '2024-05-16 19:00:00', '2024-05-16 22:00:00', 12.884186, 74.824463, 'Beside an industrial access road, Urwa');
INSERT INTO ComplainantDetails (ComplainantID, CaseMasterID, ComplainantName, AgeYear, OccupationID, ReligionID, CasteID, GenderID) VALUES (181, 181, 'Anand Khan', 44, 4, 4, 5, 1);
INSERT INTO ActSectionAssociation (CaseMasterID, ActID, SectionID, ActOrderID, SectionOrderID) VALUES (181, 'IPC', '379', 1, 1);
INSERT INTO Victim (VictimMasterID, CaseMasterID, VictimName, AgeYear, GenderID, VictimPolice) VALUES (181, 181, 'Arun Khan', 71, 2, '0');
INSERT INTO Accused (AccusedMasterID, CaseMasterID, AccusedName, AgeYear, GenderID, PersonID) VALUES (211, 181, 'Lokesh T. Kumar', 42, 1, 'A1');
INSERT INTO Accused (AccusedMasterID, CaseMasterID, AccusedName, AgeYear, GenderID, PersonID) VALUES (212, 181, 'Lokesh E. Singh', 27, 1, 'A2');
INSERT INTO CaseMaster (CaseMasterID, CrimeNo, CaseNo, CrimeRegisteredDate, PolicePersonID, PoliceStationID, CaseCategoryID, GravityOffenceID, CrimeMajorHeadID, CrimeMinorHeadID, CaseStatusID, CourtID, IncidentFromDate, IncidentToDate, InfoReceivedPSDate, latitude, longitude, BriefFacts) VALUES (182, '100010001202400182', '202400182', '2024-05-27', 1, 1, 1, 3, 2, 5, 2, 1, '2024-05-27 21:00:00', '2024-05-27 22:00:00', '2024-05-27 21:00:00', 12.970594, 77.644930, 'Complainant reported a suspected grievous hurt incident outside a commercial complex. The matter was registered at Indiranagar Police Station and assigned to Suresh Kambali.');
INSERT INTO Inv_OccuranceTime (CaseMasterID, IncidentFromDate, IncidentToDate, latitude, longitude, PlaceOfOccurrence) VALUES (182, '2024-05-27 21:00:00', '2024-05-27 22:00:00', 12.970594, 77.644930, 'Outside a commercial complex, Indiranagar');
INSERT INTO ComplainantDetails (ComplainantID, CaseMasterID, ComplainantName, AgeYear, OccupationID, ReligionID, CasteID, GenderID) VALUES (182, 182, 'Meena Joshi', 45, 1, 1, 3, 2);
INSERT INTO ActSectionAssociation (CaseMasterID, ActID, SectionID, ActOrderID, SectionOrderID) VALUES (182, 'IPC', '302', 1, 1);
INSERT INTO Victim (VictimMasterID, CaseMasterID, VictimName, AgeYear, GenderID, VictimPolice) VALUES (182, 182, 'Kiran Deshpande', 68, 2, '0');
INSERT INTO Accused (AccusedMasterID, CaseMasterID, AccusedName, AgeYear, GenderID, PersonID) VALUES (213, 182, 'Nagesh A. Verma', 25, 1, 'A1');
INSERT INTO ArrestSurrender (ArrestSurrenderID, CaseMasterID, ArrestSurrenderTypeID, ArrestSurrenderDate, ArrestSurrenderStateId, ArrestSurrenderDistrictId, PoliceStationID, IOID, CourtID, AccusedMasterID, IsAccused, IsComplainantAccused) VALUES (88, 182, 1, '2024-06-05', 1, 1, 1, 1, 1, 213, 1, 0);
INSERT INTO inv_arrestsurrenderaccused (ArrestSurrenderID, AccusedMasterID) VALUES (88, 213);
INSERT INTO ChargesheetDetails (CSID, CaseMasterID, csdate, cstype, PolicePersonID) VALUES (144, 182, '2024-08-06 16:00:00', 'A', 1);
INSERT INTO CaseMaster (CaseMasterID, CrimeNo, CaseNo, CrimeRegisteredDate, PolicePersonID, PoliceStationID, CaseCategoryID, GravityOffenceID, CrimeMajorHeadID, CrimeMinorHeadID, CaseStatusID, CourtID, IncidentFromDate, IncidentToDate, InfoReceivedPSDate, latitude, longitude, BriefFacts) VALUES (183, '100010002202400183', '202400183', '2024-05-10', 3, 2, 1, 2, 2, 5, 2, 1, '2024-05-10 21:00:00', '2024-05-10 23:00:00', '2024-05-10 21:00:00', 12.934704, 77.619177, 'Grievous Hurt reported beside a metro approach road within Koramangala Police Station limits. Prakash Jadhav recorded statements and initiated scene verification.');
INSERT INTO Inv_OccuranceTime (CaseMasterID, IncidentFromDate, IncidentToDate, latitude, longitude, PlaceOfOccurrence) VALUES (183, '2024-05-10 21:00:00', '2024-05-10 23:00:00', 12.934704, 77.619177, 'Beside a metro approach road, Koramangala');
INSERT INTO ComplainantDetails (ComplainantID, CaseMasterID, ComplainantName, AgeYear, OccupationID, ReligionID, CasteID, GenderID) VALUES (183, 183, 'Nandini Deshpande', 38, 1, 5, 5, 2);
INSERT INTO ActSectionAssociation (CaseMasterID, ActID, SectionID, ActOrderID, SectionOrderID) VALUES (183, 'IPC', '302', 1, 1);
INSERT INTO Victim (VictimMasterID, CaseMasterID, VictimName, AgeYear, GenderID, VictimPolice) VALUES (183, 183, 'Praveen Murthy', 39, 2, '0');
INSERT INTO Accused (AccusedMasterID, CaseMasterID, AccusedName, AgeYear, GenderID, PersonID) VALUES (214, 183, 'Mohan H. Salim', 42, 1, 'A1');
INSERT INTO ChargesheetDetails (CSID, CaseMasterID, csdate, cstype, PolicePersonID) VALUES (145, 183, '2024-06-20 13:00:00', 'A', 3);
INSERT INTO CaseMaster (CaseMasterID, CrimeNo, CaseNo, CrimeRegisteredDate, PolicePersonID, PoliceStationID, CaseCategoryID, GravityOffenceID, CrimeMajorHeadID, CrimeMinorHeadID, CaseStatusID, CourtID, IncidentFromDate, IncidentToDate, InfoReceivedPSDate, latitude, longitude, BriefFacts) VALUES (184, '100010002202400184', '202400184', '2024-05-21', 3, 2, 1, 3, 3, 6, 1, 1, '2024-05-21 12:00:00', '2024-05-21 15:00:00', '2024-05-21 12:00:00', 12.928813, 77.624736, 'Complainant reported a suspected online financial fraud incident near a market entrance. The matter was registered at Koramangala Police Station and assigned to Prakash Jadhav.');
INSERT INTO Inv_OccuranceTime (CaseMasterID, IncidentFromDate, IncidentToDate, latitude, longitude, PlaceOfOccurrence) VALUES (184, '2024-05-21 12:00:00', '2024-05-21 15:00:00', 12.928813, 77.624736, 'Near a market entrance, Koramangala');
INSERT INTO ComplainantDetails (ComplainantID, CaseMasterID, ComplainantName, AgeYear, OccupationID, ReligionID, CasteID, GenderID) VALUES (184, 184, 'Suma Naik', 20, 5, 1, 4, 2);
INSERT INTO ActSectionAssociation (CaseMasterID, ActID, SectionID, ActOrderID, SectionOrderID) VALUES (184, 'IT_ACT', '66D', 1, 1);
INSERT INTO Victim (VictimMasterID, CaseMasterID, VictimName, AgeYear, GenderID, VictimPolice) VALUES (184, 184, 'Praveen Naik', 22, 2, '0');
INSERT INTO Accused (AccusedMasterID, CaseMasterID, AccusedName, AgeYear, GenderID, PersonID) VALUES (215, 184, 'Mohan O. Naik', 24, 1, 'A1');
INSERT INTO CaseMaster (CaseMasterID, CrimeNo, CaseNo, CrimeRegisteredDate, PolicePersonID, PoliceStationID, CaseCategoryID, GravityOffenceID, CrimeMajorHeadID, CrimeMinorHeadID, CaseStatusID, CourtID, IncidentFromDate, IncidentToDate, InfoReceivedPSDate, latitude, longitude, BriefFacts) VALUES (185, '100060018202400185', '202400185', '2024-05-04', 35, 18, 4, 3, 1, 2, 1, 6, '2024-05-04 00:00:00', '2024-05-04 02:00:00', '2024-05-04 00:00:00', 17.339140, 76.836757, 'House Breaking Night reported on the ring road service lane within Station Bazar Police Station limits. Prakash Kambali recorded statements and initiated scene verification.');
INSERT INTO Inv_OccuranceTime (CaseMasterID, IncidentFromDate, IncidentToDate, latitude, longitude, PlaceOfOccurrence) VALUES (185, '2024-05-04 00:00:00', '2024-05-04 02:00:00', 17.339140, 76.836757, 'On the ring road service lane, Station Bazar');
INSERT INTO ComplainantDetails (ComplainantID, CaseMasterID, ComplainantName, AgeYear, OccupationID, ReligionID, CasteID, GenderID) VALUES (185, 185, 'Latha Gowda', 37, 6, 3, 2, 2);
INSERT INTO ActSectionAssociation (CaseMasterID, ActID, SectionID, ActOrderID, SectionOrderID) VALUES (185, 'IPC', '379', 1, 1);
INSERT INTO Victim (VictimMasterID, CaseMasterID, VictimName, AgeYear, GenderID, VictimPolice) VALUES (185, 185, 'Manoj Poojary', 21, 1, '0');
INSERT INTO Accused (AccusedMasterID, CaseMasterID, AccusedName, AgeYear, GenderID, PersonID) VALUES (216, 185, 'Sameer V. Verma', 37, 1, 'A1');
INSERT INTO ArrestSurrender (ArrestSurrenderID, CaseMasterID, ArrestSurrenderTypeID, ArrestSurrenderDate, ArrestSurrenderStateId, ArrestSurrenderDistrictId, PoliceStationID, IOID, CourtID, AccusedMasterID, IsAccused, IsComplainantAccused) VALUES (89, 185, 1, '2024-06-01', 1, 6, 18, 35, 6, 216, 1, 0);
INSERT INTO inv_arrestsurrenderaccused (ArrestSurrenderID, AccusedMasterID) VALUES (89, 216);
INSERT INTO CaseMaster (CaseMasterID, CrimeNo, CaseNo, CrimeRegisteredDate, PolicePersonID, PoliceStationID, CaseCategoryID, GravityOffenceID, CrimeMajorHeadID, CrimeMinorHeadID, CaseStatusID, CourtID, IncidentFromDate, IncidentToDate, InfoReceivedPSDate, latitude, longitude, BriefFacts) VALUES (186, '100020006202400186', '202400186', '2024-05-15', 11, 6, 1, 3, 3, 7, 1, 2, '2024-05-15 14:00:00', '2024-05-15 15:00:00', '2024-05-15 14:00:00', 12.307624, 76.648261, 'Devaraja Police Station registered the case after an incident near the central market. Initial CCTV, witness, and digital-evidence checks were assigned to IO Anitha Gowda.');
INSERT INTO Inv_OccuranceTime (CaseMasterID, IncidentFromDate, IncidentToDate, latitude, longitude, PlaceOfOccurrence) VALUES (186, '2024-05-15 14:00:00', '2024-05-15 15:00:00', 12.307624, 76.648261, 'Near the central market, Devaraja');
INSERT INTO ComplainantDetails (ComplainantID, CaseMasterID, ComplainantName, AgeYear, OccupationID, ReligionID, CasteID, GenderID) VALUES (186, 186, 'Ayesha Naik', 32, 7, 2, 2, 2);
INSERT INTO ActSectionAssociation (CaseMasterID, ActID, SectionID, ActOrderID, SectionOrderID) VALUES (186, 'IT_ACT', '66D', 1, 1);
INSERT INTO Victim (VictimMasterID, CaseMasterID, VictimName, AgeYear, GenderID, VictimPolice) VALUES (186, 186, 'Vinay Gowda', 73, 2, '0');
INSERT INTO Accused (AccusedMasterID, CaseMasterID, AccusedName, AgeYear, GenderID, PersonID) VALUES (217, 186, 'Pandu C. Jadhav', 40, 1, 'A1');
INSERT INTO CaseMaster (CaseMasterID, CrimeNo, CaseNo, CrimeRegisteredDate, PolicePersonID, PoliceStationID, CaseCategoryID, GravityOffenceID, CrimeMajorHeadID, CrimeMinorHeadID, CaseStatusID, CourtID, IncidentFromDate, IncidentToDate, InfoReceivedPSDate, latitude, longitude, BriefFacts) VALUES (187, '100010003202400187', '202400187', '2024-05-26', 5, 3, 1, 1, 3, 6, 2, 1, '2024-05-26 16:00:00', '2024-05-26 18:00:00', '2024-05-26 16:00:00', 12.965415, 77.749969, 'Online Financial Fraud reported outside a commercial complex within Whitefield Police Station limits. Lakshmi Shetty recorded statements and initiated scene verification.');
INSERT INTO Inv_OccuranceTime (CaseMasterID, IncidentFromDate, IncidentToDate, latitude, longitude, PlaceOfOccurrence) VALUES (187, '2024-05-26 16:00:00', '2024-05-26 18:00:00', 12.965415, 77.749969, 'Outside a commercial complex, Whitefield');
INSERT INTO ComplainantDetails (ComplainantID, CaseMasterID, ComplainantName, AgeYear, OccupationID, ReligionID, CasteID, GenderID) VALUES (187, 187, 'Chetan Rao', 58, 5, 4, 4, 1);
INSERT INTO ActSectionAssociation (CaseMasterID, ActID, SectionID, ActOrderID, SectionOrderID) VALUES (187, 'IT_ACT', '66D', 1, 1);
INSERT INTO Victim (VictimMasterID, CaseMasterID, VictimName, AgeYear, GenderID, VictimPolice) VALUES (187, 187, 'Chaitra Murthy', 54, 1, '0');
INSERT INTO Accused (AccusedMasterID, CaseMasterID, AccusedName, AgeYear, GenderID, PersonID) VALUES (218, 187, 'Jagga J. Pashan', 28, 1, 'A1');
INSERT INTO ArrestSurrender (ArrestSurrenderID, CaseMasterID, ArrestSurrenderTypeID, ArrestSurrenderDate, ArrestSurrenderStateId, ArrestSurrenderDistrictId, PoliceStationID, IOID, CourtID, AccusedMasterID, IsAccused, IsComplainantAccused) VALUES (90, 187, 1, '2024-05-28', 1, 1, 3, 5, 1, 218, 1, 0);
INSERT INTO inv_arrestsurrenderaccused (ArrestSurrenderID, AccusedMasterID) VALUES (90, 218);
INSERT INTO ChargesheetDetails (CSID, CaseMasterID, csdate, cstype, PolicePersonID) VALUES (146, 187, '2024-07-09 10:00:00', 'A', 5);
INSERT INTO CaseMaster (CaseMasterID, CrimeNo, CaseNo, CrimeRegisteredDate, PolicePersonID, PoliceStationID, CaseCategoryID, GravityOffenceID, CrimeMajorHeadID, CrimeMinorHeadID, CaseStatusID, CourtID, IncidentFromDate, IncidentToDate, InfoReceivedPSDate, latitude, longitude, BriefFacts) VALUES (188, '100030009202400188', '202400188', '2024-05-09', 17, 9, 4, 2, 1, 1, 1, 3, '2024-05-09 10:00:00', '2024-05-09 11:00:00', '2024-05-09 10:00:00', 12.891466, 74.852550, 'Control room information regarding automobile theft was received from close to a residential layout. IO Basavaraj Patil opened the investigation and secured preliminary evidence.');
INSERT INTO Inv_OccuranceTime (CaseMasterID, IncidentFromDate, IncidentToDate, latitude, longitude, PlaceOfOccurrence) VALUES (188, '2024-05-09 10:00:00', '2024-05-09 11:00:00', 12.891466, 74.852550, 'Close to a residential layout, Kadri');
INSERT INTO ComplainantDetails (ComplainantID, CaseMasterID, ComplainantName, AgeYear, OccupationID, ReligionID, CasteID, GenderID) VALUES (188, 188, 'Kavitha Shetty', 59, 7, 2, 3, 2);
INSERT INTO ActSectionAssociation (CaseMasterID, ActID, SectionID, ActOrderID, SectionOrderID) VALUES (188, 'IPC', '379', 1, 1);
INSERT INTO Victim (VictimMasterID, CaseMasterID, VictimName, AgeYear, GenderID, VictimPolice) VALUES (188, 188, 'Rajesh Fernandes', 56, 2, '0');
INSERT INTO Accused (AccusedMasterID, CaseMasterID, AccusedName, AgeYear, GenderID, PersonID) VALUES (219, 188, 'Rafiq Q. Jadhav', 29, 1, 'A1');
INSERT INTO CaseMaster (CaseMasterID, CrimeNo, CaseNo, CrimeRegisteredDate, PolicePersonID, PoliceStationID, CaseCategoryID, GravityOffenceID, CrimeMajorHeadID, CrimeMinorHeadID, CaseStatusID, CourtID, IncidentFromDate, IncidentToDate, InfoReceivedPSDate, latitude, longitude, BriefFacts) VALUES (189, '100020007202400189', '202400189', '2024-05-20', 13, 7, 1, 1, 2, 4, 3, 2, '2024-05-20 17:00:00', '2024-05-20 20:00:00', '2024-05-20 17:00:00', 12.321193, 76.654253, 'Control room information regarding murder was received from near the inter-city bus stand. IO Suresh Rao opened the investigation and secured preliminary evidence.');
INSERT INTO Inv_OccuranceTime (CaseMasterID, IncidentFromDate, IncidentToDate, latitude, longitude, PlaceOfOccurrence) VALUES (189, '2024-05-20 17:00:00', '2024-05-20 20:00:00', 12.321193, 76.654253, 'Near the inter-city bus stand, Lashkar');
INSERT INTO ComplainantDetails (ComplainantID, CaseMasterID, ComplainantName, AgeYear, OccupationID, ReligionID, CasteID, GenderID) VALUES (189, 189, 'Meena Kulkarni', 19, 4, 2, 5, 1);
INSERT INTO ActSectionAssociation (CaseMasterID, ActID, SectionID, ActOrderID, SectionOrderID) VALUES (189, 'IPC', '302', 1, 1);
INSERT INTO Victim (VictimMasterID, CaseMasterID, VictimName, AgeYear, GenderID, VictimPolice) VALUES (189, 189, 'Nikhil Hegde', 48, 1, '0');
INSERT INTO Accused (AccusedMasterID, CaseMasterID, AccusedName, AgeYear, GenderID, PersonID) VALUES (220, 189, 'Jagga X. Verma', 45, 1, 'A1');
INSERT INTO ArrestSurrender (ArrestSurrenderID, CaseMasterID, ArrestSurrenderTypeID, ArrestSurrenderDate, ArrestSurrenderStateId, ArrestSurrenderDistrictId, PoliceStationID, IOID, CourtID, AccusedMasterID, IsAccused, IsComplainantAccused) VALUES (91, 189, 1, '2024-05-26', 1, 2, 7, 13, 2, 220, 1, 0);
INSERT INTO inv_arrestsurrenderaccused (ArrestSurrenderID, AccusedMasterID) VALUES (91, 220);
INSERT INTO ChargesheetDetails (CSID, CaseMasterID, csdate, cstype, PolicePersonID) VALUES (147, 189, '2024-08-12 14:00:00', 'A', 13);
INSERT INTO CaseMaster (CaseMasterID, CrimeNo, CaseNo, CrimeRegisteredDate, PolicePersonID, PoliceStationID, CaseCategoryID, GravityOffenceID, CrimeMajorHeadID, CrimeMinorHeadID, CaseStatusID, CourtID, IncidentFromDate, IncidentToDate, InfoReceivedPSDate, latitude, longitude, BriefFacts) VALUES (190, '100010004202400190', '202400190', '2024-05-03', 7, 4, 3, 2, 1, 1, 2, 1, '2024-05-03 07:00:00', '2024-05-03 09:00:00', '2024-05-03 07:00:00', 12.920074, 77.589469, 'Complainant reported a suspected automobile theft incident outside a commercial complex. The matter was registered at Jayanagar Police Station and assigned to Kiran Bhat.');
INSERT INTO Inv_OccuranceTime (CaseMasterID, IncidentFromDate, IncidentToDate, latitude, longitude, PlaceOfOccurrence) VALUES (190, '2024-05-03 07:00:00', '2024-05-03 09:00:00', 12.920074, 77.589469, 'Outside a commercial complex, Jayanagar');
INSERT INTO ComplainantDetails (ComplainantID, CaseMasterID, ComplainantName, AgeYear, OccupationID, ReligionID, CasteID, GenderID) VALUES (190, 190, 'Suma Poojary', 42, 5, 3, 3, 1);
INSERT INTO ActSectionAssociation (CaseMasterID, ActID, SectionID, ActOrderID, SectionOrderID) VALUES (190, 'IPC', '379', 1, 1);
INSERT INTO Victim (VictimMasterID, CaseMasterID, VictimName, AgeYear, GenderID, VictimPolice) VALUES (190, 190, 'Chaitra Shetty', 19, 2, '0');
INSERT INTO Accused (AccusedMasterID, CaseMasterID, AccusedName, AgeYear, GenderID, PersonID) VALUES (221, 190, 'Salman E. Reddy', 26, 1, 'A1');
INSERT INTO ChargesheetDetails (CSID, CaseMasterID, csdate, cstype, PolicePersonID) VALUES (148, 190, '2024-06-10 15:00:00', 'A', 7);
INSERT INTO CaseMaster (CaseMasterID, CrimeNo, CaseNo, CrimeRegisteredDate, PolicePersonID, PoliceStationID, CaseCategoryID, GravityOffenceID, CrimeMajorHeadID, CrimeMinorHeadID, CaseStatusID, CourtID, IncidentFromDate, IncidentToDate, InfoReceivedPSDate, latitude, longitude, BriefFacts) VALUES (191, '100060018202400191', '202400191', '2024-05-14', 35, 18, 4, 3, 2, 5, 4, 6, '2024-05-14 15:00:00', '2024-05-14 17:00:00', '2024-05-14 15:00:00', 17.334164, 76.841792, 'Station Bazar Police Station registered the case after an incident beside an industrial access road. Initial CCTV, witness, and digital-evidence checks were assigned to IO Prakash Kambali.');
INSERT INTO Inv_OccuranceTime (CaseMasterID, IncidentFromDate, IncidentToDate, latitude, longitude, PlaceOfOccurrence) VALUES (191, '2024-05-14 15:00:00', '2024-05-14 17:00:00', 17.334164, 76.841792, 'Beside an industrial access road, Station Bazar');
INSERT INTO ComplainantDetails (ComplainantID, CaseMasterID, ComplainantName, AgeYear, OccupationID, ReligionID, CasteID, GenderID) VALUES (191, 191, 'Deepak Rao', 50, 5, 5, 4, 2);
INSERT INTO ActSectionAssociation (CaseMasterID, ActID, SectionID, ActOrderID, SectionOrderID) VALUES (191, 'IPC', '302', 1, 1);
INSERT INTO Victim (VictimMasterID, CaseMasterID, VictimName, AgeYear, GenderID, VictimPolice) VALUES (191, 191, 'Roshan Bhat', 38, 1, '0');
INSERT INTO Accused (AccusedMasterID, CaseMasterID, AccusedName, AgeYear, GenderID, PersonID) VALUES (222, 191, 'Jagga L. Naik', 37, 1, 'A1');
INSERT INTO ChargesheetDetails (CSID, CaseMasterID, csdate, cstype, PolicePersonID) VALUES (149, 191, '2024-08-09 10:00:00', 'A', 35);
INSERT INTO CaseMaster (CaseMasterID, CrimeNo, CaseNo, CrimeRegisteredDate, PolicePersonID, PoliceStationID, CaseCategoryID, GravityOffenceID, CrimeMajorHeadID, CrimeMinorHeadID, CaseStatusID, CourtID, IncidentFromDate, IncidentToDate, InfoReceivedPSDate, latitude, longitude, BriefFacts) VALUES (192, '100050015202400192', '202400192', '2024-05-25', 29, 15, 1, 2, 1, 1, 1, 5, '2024-05-25 15:00:00', '2024-05-25 16:00:00', '2024-05-25 15:00:00', 15.848308, 74.496234, 'Automobile Theft reported on the ring road service lane within Camp Police Station Belagavi limits. Prakash Patil recorded statements and initiated scene verification.');
INSERT INTO Inv_OccuranceTime (CaseMasterID, IncidentFromDate, IncidentToDate, latitude, longitude, PlaceOfOccurrence) VALUES (192, '2024-05-25 15:00:00', '2024-05-25 16:00:00', 15.848308, 74.496234, 'On the ring road service lane, Camp Belagavi');
INSERT INTO ComplainantDetails (ComplainantID, CaseMasterID, ComplainantName, AgeYear, OccupationID, ReligionID, CasteID, GenderID) VALUES (192, 192, 'Ayesha Naik', 30, 5, 4, 1, 1);
INSERT INTO ActSectionAssociation (CaseMasterID, ActID, SectionID, ActOrderID, SectionOrderID) VALUES (192, 'IPC', '379', 1, 1);
INSERT INTO Victim (VictimMasterID, CaseMasterID, VictimName, AgeYear, GenderID, VictimPolice) VALUES (192, 192, 'Ganesh Kulkarni', 23, 1, '0');
INSERT INTO Accused (AccusedMasterID, CaseMasterID, AccusedName, AgeYear, GenderID, PersonID) VALUES (223, 192, 'Rafiq S. Naik', 25, 1, 'A1');
INSERT INTO ArrestSurrender (ArrestSurrenderID, CaseMasterID, ArrestSurrenderTypeID, ArrestSurrenderDate, ArrestSurrenderStateId, ArrestSurrenderDistrictId, PoliceStationID, IOID, CourtID, AccusedMasterID, IsAccused, IsComplainantAccused) VALUES (92, 192, 1, '2024-05-31', 1, 5, 15, 29, 5, 223, 1, 0);
INSERT INTO inv_arrestsurrenderaccused (ArrestSurrenderID, AccusedMasterID) VALUES (92, 223);
INSERT INTO CaseMaster (CaseMasterID, CrimeNo, CaseNo, CrimeRegisteredDate, PolicePersonID, PoliceStationID, CaseCategoryID, GravityOffenceID, CrimeMajorHeadID, CrimeMinorHeadID, CaseStatusID, CourtID, IncidentFromDate, IncidentToDate, InfoReceivedPSDate, latitude, longitude, BriefFacts) VALUES (193, '100020007202400193', '202400193', '2024-05-08', 13, 7, 1, 3, 1, 2, 4, 2, '2024-05-08 23:00:00', '2024-05-08 02:00:00', '2024-05-08 23:00:00', 12.309754, 76.664313, 'House Breaking Night reported near the central market within Lashkar Police Station limits. Suresh Rao recorded statements and initiated scene verification.');
INSERT INTO Inv_OccuranceTime (CaseMasterID, IncidentFromDate, IncidentToDate, latitude, longitude, PlaceOfOccurrence) VALUES (193, '2024-05-08 23:00:00', '2024-05-08 02:00:00', 12.309754, 76.664313, 'Near the central market, Lashkar');
INSERT INTO ComplainantDetails (ComplainantID, CaseMasterID, ComplainantName, AgeYear, OccupationID, ReligionID, CasteID, GenderID) VALUES (193, 193, 'Meena Fernandes', 38, 7, 5, 4, 2);
INSERT INTO ActSectionAssociation (CaseMasterID, ActID, SectionID, ActOrderID, SectionOrderID) VALUES (193, 'IPC', '379', 1, 1);
INSERT INTO Victim (VictimMasterID, CaseMasterID, VictimName, AgeYear, GenderID, VictimPolice) VALUES (193, 193, 'Roshan Fernandes', 65, 2, '0');
INSERT INTO Accused (AccusedMasterID, CaseMasterID, AccusedName, AgeYear, GenderID, PersonID) VALUES (224, 193, 'Lokesh Z. Shetty', 28, 1, 'A1');
INSERT INTO Accused (AccusedMasterID, CaseMasterID, AccusedName, AgeYear, GenderID, PersonID) VALUES (225, 193, 'Sameer K. Shetty', 36, 1, 'A2');
INSERT INTO ArrestSurrender (ArrestSurrenderID, CaseMasterID, ArrestSurrenderTypeID, ArrestSurrenderDate, ArrestSurrenderStateId, ArrestSurrenderDistrictId, PoliceStationID, IOID, CourtID, AccusedMasterID, IsAccused, IsComplainantAccused) VALUES (93, 193, 1, '2024-06-04', 1, 2, 7, 13, 2, 224, 1, 0);
INSERT INTO inv_arrestsurrenderaccused (ArrestSurrenderID, AccusedMasterID) VALUES (93, 224);
INSERT INTO inv_arrestsurrenderaccused (ArrestSurrenderID, AccusedMasterID) VALUES (93, 225);
INSERT INTO ChargesheetDetails (CSID, CaseMasterID, csdate, cstype, PolicePersonID) VALUES (150, 193, '2024-06-16 10:00:00', 'A', 13);
INSERT INTO CaseMaster (CaseMasterID, CrimeNo, CaseNo, CrimeRegisteredDate, PolicePersonID, PoliceStationID, CaseCategoryID, GravityOffenceID, CrimeMajorHeadID, CrimeMinorHeadID, CaseStatusID, CourtID, IncidentFromDate, IncidentToDate, InfoReceivedPSDate, latitude, longitude, BriefFacts) VALUES (194, '100060018202400194', '202400194', '2024-05-19', 35, 18, 1, 1, 1, 1, 4, 6, '2024-05-19 13:00:00', '2024-05-19 16:00:00', '2024-05-19 13:00:00', 17.325463, 76.823877, 'Station Bazar Police Station registered the case after an incident near the inter-city bus stand. Initial CCTV, witness, and digital-evidence checks were assigned to IO Prakash Kambali.');
INSERT INTO Inv_OccuranceTime (CaseMasterID, IncidentFromDate, IncidentToDate, latitude, longitude, PlaceOfOccurrence) VALUES (194, '2024-05-19 13:00:00', '2024-05-19 16:00:00', 17.325463, 76.823877, 'Near the inter-city bus stand, Station Bazar');
INSERT INTO ComplainantDetails (ComplainantID, CaseMasterID, ComplainantName, AgeYear, OccupationID, ReligionID, CasteID, GenderID) VALUES (194, 194, 'Pooja Khan', 58, 2, 2, 5, 2);
INSERT INTO ActSectionAssociation (CaseMasterID, ActID, SectionID, ActOrderID, SectionOrderID) VALUES (194, 'IPC', '379', 1, 1);
INSERT INTO Victim (VictimMasterID, CaseMasterID, VictimName, AgeYear, GenderID, VictimPolice) VALUES (194, 194, 'Asha Fernandes', 23, 1, '0');
INSERT INTO Accused (AccusedMasterID, CaseMasterID, AccusedName, AgeYear, GenderID, PersonID) VALUES (226, 194, 'Dharma G. Kumar', 38, 1, 'A1');
INSERT INTO ArrestSurrender (ArrestSurrenderID, CaseMasterID, ArrestSurrenderTypeID, ArrestSurrenderDate, ArrestSurrenderStateId, ArrestSurrenderDistrictId, PoliceStationID, IOID, CourtID, AccusedMasterID, IsAccused, IsComplainantAccused) VALUES (94, 194, 1, '2024-05-27', 1, 6, 18, 35, 6, 226, 1, 0);
INSERT INTO inv_arrestsurrenderaccused (ArrestSurrenderID, AccusedMasterID) VALUES (94, 226);
INSERT INTO ChargesheetDetails (CSID, CaseMasterID, csdate, cstype, PolicePersonID) VALUES (151, 194, '2024-08-07 10:00:00', 'A', 35);
INSERT INTO CaseMaster (CaseMasterID, CrimeNo, CaseNo, CrimeRegisteredDate, PolicePersonID, PoliceStationID, CaseCategoryID, GravityOffenceID, CrimeMajorHeadID, CrimeMinorHeadID, CaseStatusID, CourtID, IncidentFromDate, IncidentToDate, InfoReceivedPSDate, latitude, longitude, BriefFacts) VALUES (195, '100020008202400195', '202400195', '2024-05-02', 15, 8, 1, 2, 3, 6, 1, 2, '2024-05-02 17:00:00', '2024-05-02 19:00:00', '2024-05-02 17:00:00', 12.337620, 76.618169, 'Vijayanagar Police Station Mysuru registered the case after an incident near the inter-city bus stand. Initial CCTV, witness, and digital-evidence checks were assigned to IO Sunil Kulkarni.');
INSERT INTO Inv_OccuranceTime (CaseMasterID, IncidentFromDate, IncidentToDate, latitude, longitude, PlaceOfOccurrence) VALUES (195, '2024-05-02 17:00:00', '2024-05-02 19:00:00', 12.337620, 76.618169, 'Near the inter-city bus stand, Vijayanagar Mysuru');
INSERT INTO ComplainantDetails (ComplainantID, CaseMasterID, ComplainantName, AgeYear, OccupationID, ReligionID, CasteID, GenderID) VALUES (195, 195, 'Shilpa Naik', 45, 6, 3, 3, 1);
INSERT INTO ActSectionAssociation (CaseMasterID, ActID, SectionID, ActOrderID, SectionOrderID) VALUES (195, 'IT_ACT', '66D', 1, 1);
INSERT INTO Victim (VictimMasterID, CaseMasterID, VictimName, AgeYear, GenderID, VictimPolice) VALUES (195, 195, 'Manoj Shetty', 19, 1, '0');
INSERT INTO Accused (AccusedMasterID, CaseMasterID, AccusedName, AgeYear, GenderID, PersonID) VALUES (227, 195, 'Rafiq N. Jadhav', 26, 1, 'A1');
INSERT INTO CaseMaster (CaseMasterID, CrimeNo, CaseNo, CrimeRegisteredDate, PolicePersonID, PoliceStationID, CaseCategoryID, GravityOffenceID, CrimeMajorHeadID, CrimeMinorHeadID, CaseStatusID, CourtID, IncidentFromDate, IncidentToDate, InfoReceivedPSDate, latitude, longitude, BriefFacts) VALUES (196, '100010004202400196', '202400196', '2024-05-13', 7, 4, 3, 3, 1, 1, 2, 1, '2024-05-13 16:00:00', '2024-05-13 18:00:00', '2024-05-13 16:00:00', 12.916795, 77.595061, 'Jayanagar Police Station registered the case after an incident beside a metro approach road. Initial CCTV, witness, and digital-evidence checks were assigned to IO Kiran Bhat.');
INSERT INTO Inv_OccuranceTime (CaseMasterID, IncidentFromDate, IncidentToDate, latitude, longitude, PlaceOfOccurrence) VALUES (196, '2024-05-13 16:00:00', '2024-05-13 18:00:00', 12.916795, 77.595061, 'Beside a metro approach road, Jayanagar');
INSERT INTO ComplainantDetails (ComplainantID, CaseMasterID, ComplainantName, AgeYear, OccupationID, ReligionID, CasteID, GenderID) VALUES (196, 196, 'Bharath Murthy', 34, 7, 4, 5, 2);
INSERT INTO ActSectionAssociation (CaseMasterID, ActID, SectionID, ActOrderID, SectionOrderID) VALUES (196, 'IPC', '379', 1, 1);
INSERT INTO Victim (VictimMasterID, CaseMasterID, VictimName, AgeYear, GenderID, VictimPolice) VALUES (196, 196, 'Vinay Fernandes', 41, 1, '0');
INSERT INTO Accused (AccusedMasterID, CaseMasterID, AccusedName, AgeYear, GenderID, PersonID) VALUES (228, 196, 'Lokesh U. Shaikh', 27, 1, 'A1');
INSERT INTO ChargesheetDetails (CSID, CaseMasterID, csdate, cstype, PolicePersonID) VALUES (152, 196, '2024-07-14 14:00:00', 'A', 7);
INSERT INTO CaseMaster (CaseMasterID, CrimeNo, CaseNo, CrimeRegisteredDate, PolicePersonID, PoliceStationID, CaseCategoryID, GravityOffenceID, CrimeMajorHeadID, CrimeMinorHeadID, CaseStatusID, CourtID, IncidentFromDate, IncidentToDate, InfoReceivedPSDate, latitude, longitude, BriefFacts) VALUES (197, '100050015202400197', '202400197', '2024-05-24', 29, 15, 1, 3, 1, 3, 1, 5, '2024-05-24 20:00:00', '2024-05-24 23:00:00', '2024-05-24 20:00:00', 15.857760, 74.509531, 'Chain Snatching reported on the ring road service lane within Camp Police Station Belagavi limits. Prakash Patil recorded statements and initiated scene verification.');
INSERT INTO Inv_OccuranceTime (CaseMasterID, IncidentFromDate, IncidentToDate, latitude, longitude, PlaceOfOccurrence) VALUES (197, '2024-05-24 20:00:00', '2024-05-24 23:00:00', 15.857760, 74.509531, 'On the ring road service lane, Camp Belagavi');
INSERT INTO ComplainantDetails (ComplainantID, CaseMasterID, ComplainantName, AgeYear, OccupationID, ReligionID, CasteID, GenderID) VALUES (197, 197, 'Shilpa Bhat', 65, 3, 1, 1, 1);
INSERT INTO ActSectionAssociation (CaseMasterID, ActID, SectionID, ActOrderID, SectionOrderID) VALUES (197, 'IPC', '379', 1, 1);
INSERT INTO Victim (VictimMasterID, CaseMasterID, VictimName, AgeYear, GenderID, VictimPolice) VALUES (197, 197, 'Praveen Gowda', 34, 1, '0');
INSERT INTO Accused (AccusedMasterID, CaseMasterID, AccusedName, AgeYear, GenderID, PersonID) VALUES (229, 197, 'Manjunath B. Gowda', 23, 1, 'A1');
INSERT INTO CaseMaster (CaseMasterID, CrimeNo, CaseNo, CrimeRegisteredDate, PolicePersonID, PoliceStationID, CaseCategoryID, GravityOffenceID, CrimeMajorHeadID, CrimeMinorHeadID, CaseStatusID, CourtID, IncidentFromDate, IncidentToDate, InfoReceivedPSDate, latitude, longitude, BriefFacts) VALUES (198, '100040013202400198', '202400198', '2024-05-07', 25, 13, 1, 1, 2, 5, 2, 4, '2024-05-07 09:00:00', '2024-05-07 10:00:00', '2024-05-07 09:00:00', 15.365323, 75.128425, 'Vidyanagar Police Station Hubballi registered the case after an incident near the central market. Initial CCTV, witness, and digital-evidence checks were assigned to IO Vijay Rao.');
INSERT INTO Inv_OccuranceTime (CaseMasterID, IncidentFromDate, IncidentToDate, latitude, longitude, PlaceOfOccurrence) VALUES (198, '2024-05-07 09:00:00', '2024-05-07 10:00:00', 15.365323, 75.128425, 'Near the central market, Vidyanagar Hubballi');
INSERT INTO ComplainantDetails (ComplainantID, CaseMasterID, ComplainantName, AgeYear, OccupationID, ReligionID, CasteID, GenderID) VALUES (198, 198, 'Deepak Naik', 59, 3, 5, 5, 2);
INSERT INTO ActSectionAssociation (CaseMasterID, ActID, SectionID, ActOrderID, SectionOrderID) VALUES (198, 'IPC', '302', 1, 1);
INSERT INTO Victim (VictimMasterID, CaseMasterID, VictimName, AgeYear, GenderID, VictimPolice) VALUES (198, 198, 'Sangeetha Joshi', 63, 1, '0');
INSERT INTO Accused (AccusedMasterID, CaseMasterID, AccusedName, AgeYear, GenderID, PersonID) VALUES (230, 198, 'Raja I. Pashan', 30, 1, 'A1');
INSERT INTO ArrestSurrender (ArrestSurrenderID, CaseMasterID, ArrestSurrenderTypeID, ArrestSurrenderDate, ArrestSurrenderStateId, ArrestSurrenderDistrictId, PoliceStationID, IOID, CourtID, AccusedMasterID, IsAccused, IsComplainantAccused) VALUES (95, 198, 1, '2024-05-09', 1, 4, 13, 25, 4, 230, 1, 0);
INSERT INTO inv_arrestsurrenderaccused (ArrestSurrenderID, AccusedMasterID) VALUES (95, 230);
INSERT INTO ChargesheetDetails (CSID, CaseMasterID, csdate, cstype, PolicePersonID) VALUES (153, 198, '2024-07-25 16:00:00', 'A', 25);
INSERT INTO CaseMaster (CaseMasterID, CrimeNo, CaseNo, CrimeRegisteredDate, PolicePersonID, PoliceStationID, CaseCategoryID, GravityOffenceID, CrimeMajorHeadID, CrimeMinorHeadID, CaseStatusID, CourtID, IncidentFromDate, IncidentToDate, InfoReceivedPSDate, latitude, longitude, BriefFacts) VALUES (199, '100020008202400199', '202400199', '2024-05-18', 15, 8, 1, 2, 5, 9, 3, 2, '2024-05-18 11:00:00', '2024-05-18 12:00:00', '2024-05-18 11:00:00', 12.338480, 76.622464, 'Complainant reported a suspected ganja possession incident beside an industrial access road. The matter was registered at Vijayanagar Police Station Mysuru and assigned to Sunil Kulkarni.');
INSERT INTO Inv_OccuranceTime (CaseMasterID, IncidentFromDate, IncidentToDate, latitude, longitude, PlaceOfOccurrence) VALUES (199, '2024-05-18 11:00:00', '2024-05-18 12:00:00', 12.338480, 76.622464, 'Beside an industrial access road, Vijayanagar Mysuru');
INSERT INTO ComplainantDetails (ComplainantID, CaseMasterID, ComplainantName, AgeYear, OccupationID, ReligionID, CasteID, GenderID) VALUES (199, 199, 'Meena Kulkarni', 57, 1, 5, 1, 2);
INSERT INTO ActSectionAssociation (CaseMasterID, ActID, SectionID, ActOrderID, SectionOrderID) VALUES (199, 'NDPS', '20', 1, 1);
INSERT INTO Victim (VictimMasterID, CaseMasterID, VictimName, AgeYear, GenderID, VictimPolice) VALUES (199, 199, 'Sangeetha Kulkarni', 58, 1, '0');
INSERT INTO Accused (AccusedMasterID, CaseMasterID, AccusedName, AgeYear, GenderID, PersonID) VALUES (231, 199, 'Dharma P. Verma', 39, 1, 'A1');
INSERT INTO ArrestSurrender (ArrestSurrenderID, CaseMasterID, ArrestSurrenderTypeID, ArrestSurrenderDate, ArrestSurrenderStateId, ArrestSurrenderDistrictId, PoliceStationID, IOID, CourtID, AccusedMasterID, IsAccused, IsComplainantAccused) VALUES (96, 199, 1, '2024-05-26', 1, 2, 8, 15, 2, 231, 1, 0);
INSERT INTO inv_arrestsurrenderaccused (ArrestSurrenderID, AccusedMasterID) VALUES (96, 231);
INSERT INTO ChargesheetDetails (CSID, CaseMasterID, csdate, cstype, PolicePersonID) VALUES (154, 199, '2024-07-02 17:00:00', 'A', 15);
INSERT INTO CaseMaster (CaseMasterID, CrimeNo, CaseNo, CrimeRegisteredDate, PolicePersonID, PoliceStationID, CaseCategoryID, GravityOffenceID, CrimeMajorHeadID, CrimeMinorHeadID, CaseStatusID, CourtID, IncidentFromDate, IncidentToDate, InfoReceivedPSDate, latitude, longitude, BriefFacts) VALUES (200, '100020006202400200', '202400200', '2024-05-01', 11, 6, 1, 3, 4, 8, 1, 2, '2024-05-01 11:00:00', '2024-05-01 14:00:00', '2024-05-01 11:00:00', 12.295176, 76.664943, 'Cheating reported near the inter-city bus stand within Devaraja Police Station limits. Anitha Gowda recorded statements and initiated scene verification.');
INSERT INTO Inv_OccuranceTime (CaseMasterID, IncidentFromDate, IncidentToDate, latitude, longitude, PlaceOfOccurrence) VALUES (200, '2024-05-01 11:00:00', '2024-05-01 14:00:00', 12.295176, 76.664943, 'Near the inter-city bus stand, Devaraja');
INSERT INTO ComplainantDetails (ComplainantID, CaseMasterID, ComplainantName, AgeYear, OccupationID, ReligionID, CasteID, GenderID) VALUES (200, 200, 'Girish Gowda', 27, 3, 3, 4, 2);
INSERT INTO ActSectionAssociation (CaseMasterID, ActID, SectionID, ActOrderID, SectionOrderID) VALUES (200, 'IPC', '420', 1, 1);
INSERT INTO Victim (VictimMasterID, CaseMasterID, VictimName, AgeYear, GenderID, VictimPolice) VALUES (200, 200, 'Rajesh Fernandes', 36, 2, '0');
INSERT INTO Accused (AccusedMasterID, CaseMasterID, AccusedName, AgeYear, GenderID, PersonID) VALUES (232, 200, 'Sameer W. Gowda', 29, 1, 'A1');
INSERT INTO ArrestSurrender (ArrestSurrenderID, CaseMasterID, ArrestSurrenderTypeID, ArrestSurrenderDate, ArrestSurrenderStateId, ArrestSurrenderDistrictId, PoliceStationID, IOID, CourtID, AccusedMasterID, IsAccused, IsComplainantAccused) VALUES (97, 200, 1, '2024-05-07', 1, 2, 6, 11, 2, 232, 1, 0);
INSERT INTO inv_arrestsurrenderaccused (ArrestSurrenderID, AccusedMasterID) VALUES (97, 232);
INSERT INTO CaseMaster (CaseMasterID, CrimeNo, CaseNo, CrimeRegisteredDate, PolicePersonID, PoliceStationID, CaseCategoryID, GravityOffenceID, CrimeMajorHeadID, CrimeMinorHeadID, CaseStatusID, CourtID, IncidentFromDate, IncidentToDate, InfoReceivedPSDate, latitude, longitude, BriefFacts) VALUES (201, '100060018202400201', '202400201', '2024-05-12', 35, 18, 1, 3, 1, 3, 1, 6, '2024-05-12 22:00:00', '2024-05-12 00:00:00', '2024-05-12 22:00:00', 17.325676, 76.827705, 'Control room information regarding chain snatching was received from near the inter-city bus stand. IO Prakash Kambali opened the investigation and secured preliminary evidence.');
INSERT INTO Inv_OccuranceTime (CaseMasterID, IncidentFromDate, IncidentToDate, latitude, longitude, PlaceOfOccurrence) VALUES (201, '2024-05-12 22:00:00', '2024-05-12 00:00:00', 17.325676, 76.827705, 'Near the inter-city bus stand, Station Bazar');
INSERT INTO ComplainantDetails (ComplainantID, CaseMasterID, ComplainantName, AgeYear, OccupationID, ReligionID, CasteID, GenderID) VALUES (201, 201, 'Joel Naik', 20, 3, 3, 5, 2);
INSERT INTO ActSectionAssociation (CaseMasterID, ActID, SectionID, ActOrderID, SectionOrderID) VALUES (201, 'IPC', '379', 1, 1);
INSERT INTO Victim (VictimMasterID, CaseMasterID, VictimName, AgeYear, GenderID, VictimPolice) VALUES (201, 201, 'Rajesh Joshi', 67, 1, '0');
INSERT INTO Accused (AccusedMasterID, CaseMasterID, AccusedName, AgeYear, GenderID, PersonID) VALUES (233, 201, 'Imtiaz D. Gowda', 30, 1, 'A1');
INSERT INTO CaseMaster (CaseMasterID, CrimeNo, CaseNo, CrimeRegisteredDate, PolicePersonID, PoliceStationID, CaseCategoryID, GravityOffenceID, CrimeMajorHeadID, CrimeMinorHeadID, CaseStatusID, CourtID, IncidentFromDate, IncidentToDate, InfoReceivedPSDate, latitude, longitude, BriefFacts) VALUES (202, '100010002202400202', '202400202', '2024-05-23', 3, 2, 1, 3, 3, 6, 4, 1, '2024-05-23 10:00:00', '2024-05-23 13:00:00', '2024-05-23 10:00:00', 12.932206, 77.624167, 'Koramangala Police Station registered the case after an incident beside a metro approach road. Initial CCTV, witness, and digital-evidence checks were assigned to IO Prakash Jadhav.');
INSERT INTO Inv_OccuranceTime (CaseMasterID, IncidentFromDate, IncidentToDate, latitude, longitude, PlaceOfOccurrence) VALUES (202, '2024-05-23 10:00:00', '2024-05-23 13:00:00', 12.932206, 77.624167, 'Beside a metro approach road, Koramangala');
INSERT INTO ComplainantDetails (ComplainantID, CaseMasterID, ComplainantName, AgeYear, OccupationID, ReligionID, CasteID, GenderID) VALUES (202, 202, 'Shilpa Shetty', 44, 3, 5, 5, 2);
INSERT INTO ActSectionAssociation (CaseMasterID, ActID, SectionID, ActOrderID, SectionOrderID) VALUES (202, 'IT_ACT', '66D', 1, 1);
INSERT INTO Victim (VictimMasterID, CaseMasterID, VictimName, AgeYear, GenderID, VictimPolice) VALUES (202, 202, 'Sangeetha Murthy', 24, 1, '0');
INSERT INTO Accused (AccusedMasterID, CaseMasterID, AccusedName, AgeYear, GenderID, PersonID) VALUES (234, 202, 'Ajay K. Salim', 36, 1, 'A1');
INSERT INTO ArrestSurrender (ArrestSurrenderID, CaseMasterID, ArrestSurrenderTypeID, ArrestSurrenderDate, ArrestSurrenderStateId, ArrestSurrenderDistrictId, PoliceStationID, IOID, CourtID, AccusedMasterID, IsAccused, IsComplainantAccused) VALUES (98, 202, 1, '2024-06-19', 1, 1, 2, 3, 1, 234, 1, 0);
INSERT INTO inv_arrestsurrenderaccused (ArrestSurrenderID, AccusedMasterID) VALUES (98, 234);
INSERT INTO ChargesheetDetails (CSID, CaseMasterID, csdate, cstype, PolicePersonID) VALUES (155, 202, '2024-06-27 12:00:00', 'A', 3);
INSERT INTO CaseMaster (CaseMasterID, CrimeNo, CaseNo, CrimeRegisteredDate, PolicePersonID, PoliceStationID, CaseCategoryID, GravityOffenceID, CrimeMajorHeadID, CrimeMinorHeadID, CaseStatusID, CourtID, IncidentFromDate, IncidentToDate, InfoReceivedPSDate, latitude, longitude, BriefFacts) VALUES (203, '100060018202400203', '202400203', '2024-05-06', 35, 18, 1, 3, 3, 7, 2, 6, '2024-05-06 10:00:00', '2024-05-06 12:00:00', '2024-05-06 10:00:00', 17.320503, 76.838428, 'Complainant reported a suspected identity theft incident near the central market. The matter was registered at Station Bazar Police Station and assigned to Prakash Kambali.');
INSERT INTO Inv_OccuranceTime (CaseMasterID, IncidentFromDate, IncidentToDate, latitude, longitude, PlaceOfOccurrence) VALUES (203, '2024-05-06 10:00:00', '2024-05-06 12:00:00', 17.320503, 76.838428, 'Near the central market, Station Bazar');
INSERT INTO ComplainantDetails (ComplainantID, CaseMasterID, ComplainantName, AgeYear, OccupationID, ReligionID, CasteID, GenderID) VALUES (203, 203, 'Anand Khan', 54, 1, 5, 3, 2);
INSERT INTO ActSectionAssociation (CaseMasterID, ActID, SectionID, ActOrderID, SectionOrderID) VALUES (203, 'IT_ACT', '66D', 1, 1);
INSERT INTO Victim (VictimMasterID, CaseMasterID, VictimName, AgeYear, GenderID, VictimPolice) VALUES (203, 203, 'Ganesh Kulkarni', 72, 2, '0');
INSERT INTO Accused (AccusedMasterID, CaseMasterID, AccusedName, AgeYear, GenderID, PersonID) VALUES (235, 203, 'Jagga R. Gowda', 25, 1, 'A1');
INSERT INTO ChargesheetDetails (CSID, CaseMasterID, csdate, cstype, PolicePersonID) VALUES (156, 203, '2024-08-10 17:00:00', 'A', 35);
INSERT INTO CaseMaster (CaseMasterID, CrimeNo, CaseNo, CrimeRegisteredDate, PolicePersonID, PoliceStationID, CaseCategoryID, GravityOffenceID, CrimeMajorHeadID, CrimeMinorHeadID, CaseStatusID, CourtID, IncidentFromDate, IncidentToDate, InfoReceivedPSDate, latitude, longitude, BriefFacts) VALUES (204, '100010002202400204', '202400204', '2024-05-17', 3, 2, 1, 3, 1, 2, 1, 1, '2024-05-17 03:00:00', '2024-05-17 05:00:00', '2024-05-17 03:00:00', 12.940540, 77.634070, 'Control room information regarding house breaking night was received from beside a metro approach road. IO Prakash Jadhav opened the investigation and secured preliminary evidence.');
INSERT INTO Inv_OccuranceTime (CaseMasterID, IncidentFromDate, IncidentToDate, latitude, longitude, PlaceOfOccurrence) VALUES (204, '2024-05-17 03:00:00', '2024-05-17 05:00:00', 12.940540, 77.634070, 'Beside a metro approach road, Koramangala');
INSERT INTO ComplainantDetails (ComplainantID, CaseMasterID, ComplainantName, AgeYear, OccupationID, ReligionID, CasteID, GenderID) VALUES (204, 204, 'Latha Rao', 45, 5, 5, 1, 1);
INSERT INTO ActSectionAssociation (CaseMasterID, ActID, SectionID, ActOrderID, SectionOrderID) VALUES (204, 'IPC', '379', 1, 1);
INSERT INTO Victim (VictimMasterID, CaseMasterID, VictimName, AgeYear, GenderID, VictimPolice) VALUES (204, 204, 'Roshan Naik', 17, 2, '0');
INSERT INTO Accused (AccusedMasterID, CaseMasterID, AccusedName, AgeYear, GenderID, PersonID) VALUES (236, 204, 'Tukaram Y. Poojary', 36, 1, 'A1');
INSERT INTO CaseMaster (CaseMasterID, CrimeNo, CaseNo, CrimeRegisteredDate, PolicePersonID, PoliceStationID, CaseCategoryID, GravityOffenceID, CrimeMajorHeadID, CrimeMinorHeadID, CaseStatusID, CourtID, IncidentFromDate, IncidentToDate, InfoReceivedPSDate, latitude, longitude, BriefFacts) VALUES (205, '100010002202400205', '202400205', '2024-05-28', 3, 2, 1, 3, 2, 5, 2, 1, '2024-05-28 17:00:00', '2024-05-28 19:00:00', '2024-05-28 17:00:00', 12.931948, 77.630885, 'Grievous Hurt reported on a residential cross road within Koramangala Police Station limits. Prakash Jadhav recorded statements and initiated scene verification.');
INSERT INTO Inv_OccuranceTime (CaseMasterID, IncidentFromDate, IncidentToDate, latitude, longitude, PlaceOfOccurrence) VALUES (205, '2024-05-28 17:00:00', '2024-05-28 19:00:00', 12.931948, 77.630885, 'On a residential cross road, Koramangala');
INSERT INTO ComplainantDetails (ComplainantID, CaseMasterID, ComplainantName, AgeYear, OccupationID, ReligionID, CasteID, GenderID) VALUES (205, 205, 'Harish Poojary', 43, 6, 1, 3, 1);
INSERT INTO ActSectionAssociation (CaseMasterID, ActID, SectionID, ActOrderID, SectionOrderID) VALUES (205, 'IPC', '302', 1, 1);
INSERT INTO Victim (VictimMasterID, CaseMasterID, VictimName, AgeYear, GenderID, VictimPolice) VALUES (205, 205, 'Praveen Deshpande', 59, 2, '0');
INSERT INTO Accused (AccusedMasterID, CaseMasterID, AccusedName, AgeYear, GenderID, PersonID) VALUES (237, 205, 'Manjunath F. Shetty', 28, 1, 'A1');
INSERT INTO ChargesheetDetails (CSID, CaseMasterID, csdate, cstype, PolicePersonID) VALUES (157, 205, '2024-07-16 12:00:00', 'A', 3);
INSERT INTO CaseMaster (CaseMasterID, CrimeNo, CaseNo, CrimeRegisteredDate, PolicePersonID, PoliceStationID, CaseCategoryID, GravityOffenceID, CrimeMajorHeadID, CrimeMinorHeadID, CaseStatusID, CourtID, IncidentFromDate, IncidentToDate, InfoReceivedPSDate, latitude, longitude, BriefFacts) VALUES (206, '100010001202400206', '202400206', '2024-05-11', 1, 1, 1, 3, 5, 9, 1, 1, '2024-05-11 07:00:00', '2024-05-11 08:00:00', '2024-05-11 07:00:00', 12.971496, 77.650067, 'Indiranagar Police Station registered the case after an incident outside a commercial complex. Initial CCTV, witness, and digital-evidence checks were assigned to IO Suresh Kambali.');
INSERT INTO Inv_OccuranceTime (CaseMasterID, IncidentFromDate, IncidentToDate, latitude, longitude, PlaceOfOccurrence) VALUES (206, '2024-05-11 07:00:00', '2024-05-11 08:00:00', 12.971496, 77.650067, 'Outside a commercial complex, Indiranagar');
INSERT INTO ComplainantDetails (ComplainantID, CaseMasterID, ComplainantName, AgeYear, OccupationID, ReligionID, CasteID, GenderID) VALUES (206, 206, 'Anand Fernandes', 72, 3, 2, 1, 1);
INSERT INTO ActSectionAssociation (CaseMasterID, ActID, SectionID, ActOrderID, SectionOrderID) VALUES (206, 'NDPS', '20', 1, 1);
INSERT INTO Victim (VictimMasterID, CaseMasterID, VictimName, AgeYear, GenderID, VictimPolice) VALUES (206, 206, 'Bhavya Naik', 16, 2, '0');
INSERT INTO Accused (AccusedMasterID, CaseMasterID, AccusedName, AgeYear, GenderID, PersonID) VALUES (238, 206, 'Imtiaz M. Singh', 21, 1, 'A1');
INSERT INTO Accused (AccusedMasterID, CaseMasterID, AccusedName, AgeYear, GenderID, PersonID) VALUES (239, 206, 'Dharma X. Shaikh', 44, 1, 'A2');
INSERT INTO ArrestSurrender (ArrestSurrenderID, CaseMasterID, ArrestSurrenderTypeID, ArrestSurrenderDate, ArrestSurrenderStateId, ArrestSurrenderDistrictId, PoliceStationID, IOID, CourtID, AccusedMasterID, IsAccused, IsComplainantAccused) VALUES (99, 206, 1, '2024-06-06', 1, 1, 1, 1, 1, 238, 1, 0);
INSERT INTO inv_arrestsurrenderaccused (ArrestSurrenderID, AccusedMasterID) VALUES (99, 238);
INSERT INTO inv_arrestsurrenderaccused (ArrestSurrenderID, AccusedMasterID) VALUES (99, 239);
INSERT INTO CaseMaster (CaseMasterID, CrimeNo, CaseNo, CrimeRegisteredDate, PolicePersonID, PoliceStationID, CaseCategoryID, GravityOffenceID, CrimeMajorHeadID, CrimeMinorHeadID, CaseStatusID, CourtID, IncidentFromDate, IncidentToDate, InfoReceivedPSDate, latitude, longitude, BriefFacts) VALUES (207, '100020008202400207', '202400207', '2024-05-22', 15, 8, 1, 3, 5, 9, 1, 2, '2024-05-22 11:00:00', '2024-05-22 12:00:00', '2024-05-22 11:00:00', 12.339807, 76.621940, 'Vijayanagar Police Station Mysuru registered the case after an incident beside an industrial access road. Initial CCTV, witness, and digital-evidence checks were assigned to IO Sunil Kulkarni.');
INSERT INTO Inv_OccuranceTime (CaseMasterID, IncidentFromDate, IncidentToDate, latitude, longitude, PlaceOfOccurrence) VALUES (207, '2024-05-22 11:00:00', '2024-05-22 12:00:00', 12.339807, 76.621940, 'Beside an industrial access road, Vijayanagar Mysuru');
INSERT INTO ComplainantDetails (ComplainantID, CaseMasterID, ComplainantName, AgeYear, OccupationID, ReligionID, CasteID, GenderID) VALUES (207, 207, 'Suma Rao', 61, 1, 2, 1, 1);
INSERT INTO ActSectionAssociation (CaseMasterID, ActID, SectionID, ActOrderID, SectionOrderID) VALUES (207, 'NDPS', '20', 1, 1);
INSERT INTO Victim (VictimMasterID, CaseMasterID, VictimName, AgeYear, GenderID, VictimPolice) VALUES (207, 207, 'Bhavya Deshpande', 67, 1, '0');
INSERT INTO Accused (AccusedMasterID, CaseMasterID, AccusedName, AgeYear, GenderID, PersonID) VALUES (240, 207, 'Salman T. Salim', 30, 1, 'A1');
INSERT INTO CaseMaster (CaseMasterID, CrimeNo, CaseNo, CrimeRegisteredDate, PolicePersonID, PoliceStationID, CaseCategoryID, GravityOffenceID, CrimeMajorHeadID, CrimeMinorHeadID, CaseStatusID, CourtID, IncidentFromDate, IncidentToDate, InfoReceivedPSDate, latitude, longitude, BriefFacts) VALUES (208, '100010004202400208', '202400208', '2024-05-05', 7, 4, 1, 2, 3, 7, 2, 1, '2024-05-05 14:00:00', '2024-05-05 15:00:00', '2024-05-05 14:00:00', 12.932954, 77.599971, 'Complainant reported a suspected identity theft incident near a bus stop. The matter was registered at Jayanagar Police Station and assigned to Kiran Bhat.');
INSERT INTO Inv_OccuranceTime (CaseMasterID, IncidentFromDate, IncidentToDate, latitude, longitude, PlaceOfOccurrence) VALUES (208, '2024-05-05 14:00:00', '2024-05-05 15:00:00', 12.932954, 77.599971, 'Near a bus stop, Jayanagar');
INSERT INTO ComplainantDetails (ComplainantID, CaseMasterID, ComplainantName, AgeYear, OccupationID, ReligionID, CasteID, GenderID) VALUES (208, 208, 'Farhan Poojary', 44, 5, 3, 1, 1);
INSERT INTO ActSectionAssociation (CaseMasterID, ActID, SectionID, ActOrderID, SectionOrderID) VALUES (208, 'IT_ACT', '66D', 1, 1);
INSERT INTO Victim (VictimMasterID, CaseMasterID, VictimName, AgeYear, GenderID, VictimPolice) VALUES (208, 208, 'Chaitra Murthy', 63, 2, '0');
INSERT INTO Accused (AccusedMasterID, CaseMasterID, AccusedName, AgeYear, GenderID, PersonID) VALUES (241, 208, 'Mohan A. Khan', 33, 1, 'A1');
INSERT INTO ArrestSurrender (ArrestSurrenderID, CaseMasterID, ArrestSurrenderTypeID, ArrestSurrenderDate, ArrestSurrenderStateId, ArrestSurrenderDistrictId, PoliceStationID, IOID, CourtID, AccusedMasterID, IsAccused, IsComplainantAccused) VALUES (100, 208, 1, '2024-05-31', 1, 1, 4, 7, 1, 241, 1, 0);
INSERT INTO inv_arrestsurrenderaccused (ArrestSurrenderID, AccusedMasterID) VALUES (100, 241);
INSERT INTO ChargesheetDetails (CSID, CaseMasterID, csdate, cstype, PolicePersonID) VALUES (158, 208, '2024-08-02 13:00:00', 'A', 7);
INSERT INTO CaseMaster (CaseMasterID, CrimeNo, CaseNo, CrimeRegisteredDate, PolicePersonID, PoliceStationID, CaseCategoryID, GravityOffenceID, CrimeMajorHeadID, CrimeMinorHeadID, CaseStatusID, CourtID, IncidentFromDate, IncidentToDate, InfoReceivedPSDate, latitude, longitude, BriefFacts) VALUES (209, '100010001202400209', '202400209', '2024-05-16', 1, 1, 1, 3, 2, 5, 3, 1, '2024-05-16 10:00:00', '2024-05-16 11:00:00', '2024-05-16 10:00:00', 12.970326, 77.650439, 'Grievous Hurt reported beside a metro approach road within Indiranagar Police Station limits. Suresh Kambali recorded statements and initiated scene verification.');
INSERT INTO Inv_OccuranceTime (CaseMasterID, IncidentFromDate, IncidentToDate, latitude, longitude, PlaceOfOccurrence) VALUES (209, '2024-05-16 10:00:00', '2024-05-16 11:00:00', 12.970326, 77.650439, 'Beside a metro approach road, Indiranagar');
INSERT INTO ComplainantDetails (ComplainantID, CaseMasterID, ComplainantName, AgeYear, OccupationID, ReligionID, CasteID, GenderID) VALUES (209, 209, 'Suma Khan', 51, 7, 5, 3, 1);
INSERT INTO ActSectionAssociation (CaseMasterID, ActID, SectionID, ActOrderID, SectionOrderID) VALUES (209, 'IPC', '302', 1, 1);
INSERT INTO Victim (VictimMasterID, CaseMasterID, VictimName, AgeYear, GenderID, VictimPolice) VALUES (209, 209, 'Asha Shetty', 44, 1, '0');
INSERT INTO Accused (AccusedMasterID, CaseMasterID, AccusedName, AgeYear, GenderID, PersonID) VALUES (242, 209, 'Jagga H. Patil', 32, 1, 'A1');
INSERT INTO ArrestSurrender (ArrestSurrenderID, CaseMasterID, ArrestSurrenderTypeID, ArrestSurrenderDate, ArrestSurrenderStateId, ArrestSurrenderDistrictId, PoliceStationID, IOID, CourtID, AccusedMasterID, IsAccused, IsComplainantAccused) VALUES (101, 209, 1, '2024-05-31', 1, 1, 1, 1, 1, 242, 1, 0);
INSERT INTO inv_arrestsurrenderaccused (ArrestSurrenderID, AccusedMasterID) VALUES (101, 242);
INSERT INTO ChargesheetDetails (CSID, CaseMasterID, csdate, cstype, PolicePersonID) VALUES (159, 209, '2024-07-13 13:00:00', 'A', 1);
INSERT INTO CaseMaster (CaseMasterID, CrimeNo, CaseNo, CrimeRegisteredDate, PolicePersonID, PoliceStationID, CaseCategoryID, GravityOffenceID, CrimeMajorHeadID, CrimeMinorHeadID, CaseStatusID, CourtID, IncidentFromDate, IncidentToDate, InfoReceivedPSDate, latitude, longitude, BriefFacts) VALUES (210, '100010001202400210', '202400210', '2024-05-27', 1, 1, 1, 3, 1, 1, 3, 1, '2024-05-27 06:00:00', '2024-05-27 09:00:00', '2024-05-27 06:00:00', 12.972592, 77.648056, 'Control room information regarding automobile theft was received from near a market entrance. IO Suresh Kambali opened the investigation and secured preliminary evidence.');
INSERT INTO Inv_OccuranceTime (CaseMasterID, IncidentFromDate, IncidentToDate, latitude, longitude, PlaceOfOccurrence) VALUES (210, '2024-05-27 06:00:00', '2024-05-27 09:00:00', 12.972592, 77.648056, 'Near a market entrance, Indiranagar');
INSERT INTO ComplainantDetails (ComplainantID, CaseMasterID, ComplainantName, AgeYear, OccupationID, ReligionID, CasteID, GenderID) VALUES (210, 210, 'Joel Poojary', 60, 3, 1, 4, 2);
INSERT INTO ActSectionAssociation (CaseMasterID, ActID, SectionID, ActOrderID, SectionOrderID) VALUES (210, 'IPC', '379', 1, 1);
INSERT INTO Victim (VictimMasterID, CaseMasterID, VictimName, AgeYear, GenderID, VictimPolice) VALUES (210, 210, 'Ganesh Hegde', 40, 1, '0');
INSERT INTO Accused (AccusedMasterID, CaseMasterID, AccusedName, AgeYear, GenderID, PersonID) VALUES (243, 210, 'Syed ''Jaguar'' Imran', 29, 1, 'A1');
INSERT INTO Accused (AccusedMasterID, CaseMasterID, AccusedName, AgeYear, GenderID, PersonID) VALUES (244, 210, 'Kiran ''Bullet'' Gowda', 29, 1, 'A2');
INSERT INTO Accused (AccusedMasterID, CaseMasterID, AccusedName, AgeYear, GenderID, PersonID) VALUES (245, 210, 'Pradeep ''Chotta'' Kumar', 29, 1, 'A3');
INSERT INTO ArrestSurrender (ArrestSurrenderID, CaseMasterID, ArrestSurrenderTypeID, ArrestSurrenderDate, ArrestSurrenderStateId, ArrestSurrenderDistrictId, PoliceStationID, IOID, CourtID, AccusedMasterID, IsAccused, IsComplainantAccused) VALUES (102, 210, 1, '2024-05-29', 1, 1, 1, 1, 1, 243, 1, 0);
INSERT INTO inv_arrestsurrenderaccused (ArrestSurrenderID, AccusedMasterID) VALUES (102, 243);
INSERT INTO inv_arrestsurrenderaccused (ArrestSurrenderID, AccusedMasterID) VALUES (102, 244);
INSERT INTO inv_arrestsurrenderaccused (ArrestSurrenderID, AccusedMasterID) VALUES (102, 245);
INSERT INTO ChargesheetDetails (CSID, CaseMasterID, csdate, cstype, PolicePersonID) VALUES (160, 210, '2024-08-06 16:00:00', 'A', 1);
INSERT INTO CaseMaster (CaseMasterID, CrimeNo, CaseNo, CrimeRegisteredDate, PolicePersonID, PoliceStationID, CaseCategoryID, GravityOffenceID, CrimeMajorHeadID, CrimeMinorHeadID, CaseStatusID, CourtID, IncidentFromDate, IncidentToDate, InfoReceivedPSDate, latitude, longitude, BriefFacts) VALUES (211, '100040013202400211', '202400211', '2024-05-10', 25, 13, 4, 3, 4, 8, 1, 4, '2024-05-10 09:00:00', '2024-05-10 12:00:00', '2024-05-10 09:00:00', 15.374614, 75.129235, 'Control room information regarding cheating was received from near the central market. IO Vijay Rao opened the investigation and secured preliminary evidence.');
INSERT INTO Inv_OccuranceTime (CaseMasterID, IncidentFromDate, IncidentToDate, latitude, longitude, PlaceOfOccurrence) VALUES (211, '2024-05-10 09:00:00', '2024-05-10 12:00:00', 15.374614, 75.129235, 'Near the central market, Vidyanagar Hubballi');
INSERT INTO ComplainantDetails (ComplainantID, CaseMasterID, ComplainantName, AgeYear, OccupationID, ReligionID, CasteID, GenderID) VALUES (211, 211, 'Farhan Poojary', 58, 3, 1, 2, 1);
INSERT INTO ActSectionAssociation (CaseMasterID, ActID, SectionID, ActOrderID, SectionOrderID) VALUES (211, 'IPC', '420', 1, 1);
INSERT INTO Victim (VictimMasterID, CaseMasterID, VictimName, AgeYear, GenderID, VictimPolice) VALUES (211, 211, 'Vinay Hegde', 73, 2, '0');
INSERT INTO Accused (AccusedMasterID, CaseMasterID, AccusedName, AgeYear, GenderID, PersonID) VALUES (246, 211, 'Manjunath V. Pashan', 38, 1, 'A1');
INSERT INTO ArrestSurrender (ArrestSurrenderID, CaseMasterID, ArrestSurrenderTypeID, ArrestSurrenderDate, ArrestSurrenderStateId, ArrestSurrenderDistrictId, PoliceStationID, IOID, CourtID, AccusedMasterID, IsAccused, IsComplainantAccused) VALUES (103, 211, 1, '2024-05-16', 1, 4, 13, 25, 4, 246, 1, 0);
INSERT INTO inv_arrestsurrenderaccused (ArrestSurrenderID, AccusedMasterID) VALUES (103, 246);
INSERT INTO CaseMaster (CaseMasterID, CrimeNo, CaseNo, CrimeRegisteredDate, PolicePersonID, PoliceStationID, CaseCategoryID, GravityOffenceID, CrimeMajorHeadID, CrimeMinorHeadID, CaseStatusID, CourtID, IncidentFromDate, IncidentToDate, InfoReceivedPSDate, latitude, longitude, BriefFacts) VALUES (212, '100050017202400212', '202400212', '2024-05-21', 33, 17, 1, 2, 2, 5, 2, 5, '2024-05-21 20:00:00', '2024-05-21 23:00:00', '2024-05-21 20:00:00', 15.833846, 74.508060, 'Complainant reported a suspected grievous hurt incident on the ring road service lane. The matter was registered at Shahapur Police Station and assigned to Naveen Shetty.');
INSERT INTO Inv_OccuranceTime (CaseMasterID, IncidentFromDate, IncidentToDate, latitude, longitude, PlaceOfOccurrence) VALUES (212, '2024-05-21 20:00:00', '2024-05-21 23:00:00', 15.833846, 74.508060, 'On the ring road service lane, Shahapur');
INSERT INTO ComplainantDetails (ComplainantID, CaseMasterID, ComplainantName, AgeYear, OccupationID, ReligionID, CasteID, GenderID) VALUES (212, 212, 'Ayesha Fernandes', 24, 7, 4, 1, 1);
INSERT INTO ActSectionAssociation (CaseMasterID, ActID, SectionID, ActOrderID, SectionOrderID) VALUES (212, 'IPC', '302', 1, 1);
INSERT INTO Victim (VictimMasterID, CaseMasterID, VictimName, AgeYear, GenderID, VictimPolice) VALUES (212, 212, 'Manoj Hegde', 25, 2, '0');
INSERT INTO Accused (AccusedMasterID, CaseMasterID, AccusedName, AgeYear, GenderID, PersonID) VALUES (247, 212, 'Dharma C. Shetty', 32, 1, 'A1');
INSERT INTO ChargesheetDetails (CSID, CaseMasterID, csdate, cstype, PolicePersonID) VALUES (161, 212, '2024-08-12 11:00:00', 'A', 33);
INSERT INTO CaseMaster (CaseMasterID, CrimeNo, CaseNo, CrimeRegisteredDate, PolicePersonID, PoliceStationID, CaseCategoryID, GravityOffenceID, CrimeMajorHeadID, CrimeMinorHeadID, CaseStatusID, CourtID, IncidentFromDate, IncidentToDate, InfoReceivedPSDate, latitude, longitude, BriefFacts) VALUES (213, '100010003202400213', '202400213', '2024-05-04', 5, 3, 1, 1, 2, 5, 2, 1, '2024-05-04 15:00:00', '2024-05-04 18:00:00', '2024-05-04 15:00:00', 12.978769, 77.749173, 'Whitefield Police Station registered the case after an incident near a market entrance. Initial CCTV, witness, and digital-evidence checks were assigned to IO Lakshmi Shetty.');
INSERT INTO Inv_OccuranceTime (CaseMasterID, IncidentFromDate, IncidentToDate, latitude, longitude, PlaceOfOccurrence) VALUES (213, '2024-05-04 15:00:00', '2024-05-04 18:00:00', 12.978769, 77.749173, 'Near a market entrance, Whitefield');
INSERT INTO ComplainantDetails (ComplainantID, CaseMasterID, ComplainantName, AgeYear, OccupationID, ReligionID, CasteID, GenderID) VALUES (213, 213, 'Harish Fernandes', 31, 7, 3, 1, 1);
INSERT INTO ActSectionAssociation (CaseMasterID, ActID, SectionID, ActOrderID, SectionOrderID) VALUES (213, 'IPC', '302', 1, 1);
INSERT INTO Victim (VictimMasterID, CaseMasterID, VictimName, AgeYear, GenderID, VictimPolice) VALUES (213, 213, 'Manoj Naik', 49, 1, '0');
INSERT INTO Accused (AccusedMasterID, CaseMasterID, AccusedName, AgeYear, GenderID, PersonID) VALUES (248, 213, 'Nagesh J. Singh', 32, 1, 'A1');
INSERT INTO ArrestSurrender (ArrestSurrenderID, CaseMasterID, ArrestSurrenderTypeID, ArrestSurrenderDate, ArrestSurrenderStateId, ArrestSurrenderDistrictId, PoliceStationID, IOID, CourtID, AccusedMasterID, IsAccused, IsComplainantAccused) VALUES (104, 213, 1, '2024-05-05', 1, 1, 3, 5, 1, 248, 1, 0);
INSERT INTO inv_arrestsurrenderaccused (ArrestSurrenderID, AccusedMasterID) VALUES (104, 248);
INSERT INTO ChargesheetDetails (CSID, CaseMasterID, csdate, cstype, PolicePersonID) VALUES (162, 213, '2024-07-25 12:00:00', 'A', 5);
INSERT INTO CaseMaster (CaseMasterID, CrimeNo, CaseNo, CrimeRegisteredDate, PolicePersonID, PoliceStationID, CaseCategoryID, GravityOffenceID, CrimeMajorHeadID, CrimeMinorHeadID, CaseStatusID, CourtID, IncidentFromDate, IncidentToDate, InfoReceivedPSDate, latitude, longitude, BriefFacts) VALUES (214, '100010001202400214', '202400214', '2024-05-15', 1, 1, 1, 3, 1, 1, 1, 1, '2024-05-15 18:00:00', '2024-05-15 20:00:00', '2024-05-15 18:00:00', 12.981946, 77.636674, 'Automobile Theft reported on a residential cross road within Indiranagar Police Station limits. Suresh Kambali recorded statements and initiated scene verification.');
INSERT INTO Inv_OccuranceTime (CaseMasterID, IncidentFromDate, IncidentToDate, latitude, longitude, PlaceOfOccurrence) VALUES (214, '2024-05-15 18:00:00', '2024-05-15 20:00:00', 12.981946, 77.636674, 'On a residential cross road, Indiranagar');
INSERT INTO ComplainantDetails (ComplainantID, CaseMasterID, ComplainantName, AgeYear, OccupationID, ReligionID, CasteID, GenderID) VALUES (214, 214, 'Eshwar Fernandes', 21, 2, 1, 5, 2);
INSERT INTO ActSectionAssociation (CaseMasterID, ActID, SectionID, ActOrderID, SectionOrderID) VALUES (214, 'IPC', '379', 1, 1);
INSERT INTO Victim (VictimMasterID, CaseMasterID, VictimName, AgeYear, GenderID, VictimPolice) VALUES (214, 214, 'Arun Bhat', 73, 1, '0');
INSERT INTO Accused (AccusedMasterID, CaseMasterID, AccusedName, AgeYear, GenderID, PersonID) VALUES (249, 214, 'Vicky Q. Poojary', 41, 1, 'A1');
INSERT INTO CaseMaster (CaseMasterID, CrimeNo, CaseNo, CrimeRegisteredDate, PolicePersonID, PoliceStationID, CaseCategoryID, GravityOffenceID, CrimeMajorHeadID, CrimeMinorHeadID, CaseStatusID, CourtID, IncidentFromDate, IncidentToDate, InfoReceivedPSDate, latitude, longitude, BriefFacts) VALUES (215, '100060018202400215', '202400215', '2024-05-26', 35, 18, 1, 3, 3, 7, 3, 6, '2024-05-26 16:00:00', '2024-05-26 19:00:00', '2024-05-26 16:00:00', 17.338359, 76.843853, 'Identity Theft reported on the ring road service lane within Station Bazar Police Station limits. Prakash Kambali recorded statements and initiated scene verification.');
INSERT INTO Inv_OccuranceTime (CaseMasterID, IncidentFromDate, IncidentToDate, latitude, longitude, PlaceOfOccurrence) VALUES (215, '2024-05-26 16:00:00', '2024-05-26 19:00:00', 17.338359, 76.843853, 'On the ring road service lane, Station Bazar');
INSERT INTO ComplainantDetails (ComplainantID, CaseMasterID, ComplainantName, AgeYear, OccupationID, ReligionID, CasteID, GenderID) VALUES (215, 215, 'Ayesha Fernandes', 59, 3, 4, 2, 2);
INSERT INTO ActSectionAssociation (CaseMasterID, ActID, SectionID, ActOrderID, SectionOrderID) VALUES (215, 'IT_ACT', '66D', 1, 1);
INSERT INTO Victim (VictimMasterID, CaseMasterID, VictimName, AgeYear, GenderID, VictimPolice) VALUES (215, 215, 'Bhavya Deshpande', 36, 2, '0');
INSERT INTO Accused (AccusedMasterID, CaseMasterID, AccusedName, AgeYear, GenderID, PersonID) VALUES (250, 215, 'Salman X. Pashan', 28, 1, 'A1');
INSERT INTO ChargesheetDetails (CSID, CaseMasterID, csdate, cstype, PolicePersonID) VALUES (163, 215, '2024-08-15 12:00:00', 'A', 35);
INSERT INTO CaseMaster (CaseMasterID, CrimeNo, CaseNo, CrimeRegisteredDate, PolicePersonID, PoliceStationID, CaseCategoryID, GravityOffenceID, CrimeMajorHeadID, CrimeMinorHeadID, CaseStatusID, CourtID, IncidentFromDate, IncidentToDate, InfoReceivedPSDate, latitude, longitude, BriefFacts) VALUES (216, '100060018202400216', '202400216', '2024-05-09', 35, 18, 1, 3, 4, 8, 1, 6, '2024-05-09 09:00:00', '2024-05-09 12:00:00', '2024-05-09 09:00:00', 17.321950, 76.835500, 'Complainant reported a suspected cheating incident near the central market. The matter was registered at Station Bazar Police Station and assigned to Prakash Kambali.');
INSERT INTO Inv_OccuranceTime (CaseMasterID, IncidentFromDate, IncidentToDate, latitude, longitude, PlaceOfOccurrence) VALUES (216, '2024-05-09 09:00:00', '2024-05-09 12:00:00', 17.321950, 76.835500, 'Near the central market, Station Bazar');
INSERT INTO ComplainantDetails (ComplainantID, CaseMasterID, ComplainantName, AgeYear, OccupationID, ReligionID, CasteID, GenderID) VALUES (216, 216, 'Deepak Gowda', 72, 4, 3, 4, 2);
INSERT INTO ActSectionAssociation (CaseMasterID, ActID, SectionID, ActOrderID, SectionOrderID) VALUES (216, 'IPC', '420', 1, 1);
INSERT INTO Victim (VictimMasterID, CaseMasterID, VictimName, AgeYear, GenderID, VictimPolice) VALUES (216, 216, 'Ganesh Rao', 33, 2, '0');
INSERT INTO Accused (AccusedMasterID, CaseMasterID, AccusedName, AgeYear, GenderID, PersonID) VALUES (251, 216, 'Salman E. Jadhav', 22, 1, 'A1');
INSERT INTO Accused (AccusedMasterID, CaseMasterID, AccusedName, AgeYear, GenderID, PersonID) VALUES (252, 216, 'Pandu P. Naik', 32, 1, 'A2');
INSERT INTO CaseMaster (CaseMasterID, CrimeNo, CaseNo, CrimeRegisteredDate, PolicePersonID, PoliceStationID, CaseCategoryID, GravityOffenceID, CrimeMajorHeadID, CrimeMinorHeadID, CaseStatusID, CourtID, IncidentFromDate, IncidentToDate, InfoReceivedPSDate, latitude, longitude, BriefFacts) VALUES (217, '100020007202400217', '202400217', '2024-05-20', 13, 7, 1, 2, 4, 8, 1, 2, '2024-05-20 09:00:00', '2024-05-20 11:00:00', '2024-05-20 09:00:00', 12.301614, 76.653894, 'Complainant reported a suspected cheating incident on the ring road service lane. The matter was registered at Lashkar Police Station and assigned to Suresh Rao.');
INSERT INTO Inv_OccuranceTime (CaseMasterID, IncidentFromDate, IncidentToDate, latitude, longitude, PlaceOfOccurrence) VALUES (217, '2024-05-20 09:00:00', '2024-05-20 11:00:00', 12.301614, 76.653894, 'On the ring road service lane, Lashkar');
INSERT INTO ComplainantDetails (ComplainantID, CaseMasterID, ComplainantName, AgeYear, OccupationID, ReligionID, CasteID, GenderID) VALUES (217, 217, 'Girish Fernandes', 33, 6, 5, 1, 1);
INSERT INTO ActSectionAssociation (CaseMasterID, ActID, SectionID, ActOrderID, SectionOrderID) VALUES (217, 'IPC', '420', 1, 1);
INSERT INTO Victim (VictimMasterID, CaseMasterID, VictimName, AgeYear, GenderID, VictimPolice) VALUES (217, 217, 'Kiran Patil', 74, 2, '0');
INSERT INTO Accused (AccusedMasterID, CaseMasterID, AccusedName, AgeYear, GenderID, PersonID) VALUES (253, 217, 'Mohan L. Poojary', 23, 1, 'A1');
INSERT INTO ArrestSurrender (ArrestSurrenderID, CaseMasterID, ArrestSurrenderTypeID, ArrestSurrenderDate, ArrestSurrenderStateId, ArrestSurrenderDistrictId, PoliceStationID, IOID, CourtID, AccusedMasterID, IsAccused, IsComplainantAccused) VALUES (105, 217, 1, '2024-06-03', 1, 2, 7, 13, 2, 253, 1, 0);
INSERT INTO inv_arrestsurrenderaccused (ArrestSurrenderID, AccusedMasterID) VALUES (105, 253);
INSERT INTO CaseMaster (CaseMasterID, CrimeNo, CaseNo, CrimeRegisteredDate, PolicePersonID, PoliceStationID, CaseCategoryID, GravityOffenceID, CrimeMajorHeadID, CrimeMinorHeadID, CaseStatusID, CourtID, IncidentFromDate, IncidentToDate, InfoReceivedPSDate, latitude, longitude, BriefFacts) VALUES (218, '100010005202400218', '202400218', '2024-05-03', 9, 5, 1, 3, 3, 7, 2, 1, '2024-05-03 16:00:00', '2024-05-03 19:00:00', '2024-05-03 16:00:00', 12.999955, 77.572444, 'Malleshwaram Police Station registered the case after an incident near a market entrance. Initial CCTV, witness, and digital-evidence checks were assigned to IO Ramesh Pawar.');
INSERT INTO Inv_OccuranceTime (CaseMasterID, IncidentFromDate, IncidentToDate, latitude, longitude, PlaceOfOccurrence) VALUES (218, '2024-05-03 16:00:00', '2024-05-03 19:00:00', 12.999955, 77.572444, 'Near a market entrance, Malleshwaram');
INSERT INTO ComplainantDetails (ComplainantID, CaseMasterID, ComplainantName, AgeYear, OccupationID, ReligionID, CasteID, GenderID) VALUES (218, 218, 'Eshwar Poojary', 32, 4, 4, 1, 1);
INSERT INTO ActSectionAssociation (CaseMasterID, ActID, SectionID, ActOrderID, SectionOrderID) VALUES (218, 'IT_ACT', '66D', 1, 1);
INSERT INTO Victim (VictimMasterID, CaseMasterID, VictimName, AgeYear, GenderID, VictimPolice) VALUES (218, 218, 'Sangeetha Hegde', 29, 1, '0');
INSERT INTO Accused (AccusedMasterID, CaseMasterID, AccusedName, AgeYear, GenderID, PersonID) VALUES (254, 218, 'Nagesh S. Khan', 20, 1, 'A1');
INSERT INTO ChargesheetDetails (CSID, CaseMasterID, csdate, cstype, PolicePersonID) VALUES (164, 218, '2024-06-06 13:00:00', 'A', 9);
INSERT INTO CaseMaster (CaseMasterID, CrimeNo, CaseNo, CrimeRegisteredDate, PolicePersonID, PoliceStationID, CaseCategoryID, GravityOffenceID, CrimeMajorHeadID, CrimeMinorHeadID, CaseStatusID, CourtID, IncidentFromDate, IncidentToDate, InfoReceivedPSDate, latitude, longitude, BriefFacts) VALUES (219, '100030010202400219', '202400219', '2024-05-14', 19, 10, 1, 2, 1, 2, 2, 3, '2024-05-14 03:00:00', '2024-05-14 06:00:00', '2024-05-14 03:00:00', 12.869048, 74.836005, 'Pandeshwar Police Station registered the case after an incident beside an industrial access road. Initial CCTV, witness, and digital-evidence checks were assigned to IO Shankar Rao.');
INSERT INTO Inv_OccuranceTime (CaseMasterID, IncidentFromDate, IncidentToDate, latitude, longitude, PlaceOfOccurrence) VALUES (219, '2024-05-14 03:00:00', '2024-05-14 06:00:00', 12.869048, 74.836005, 'Beside an industrial access road, Pandeshwar');
INSERT INTO ComplainantDetails (ComplainantID, CaseMasterID, ComplainantName, AgeYear, OccupationID, ReligionID, CasteID, GenderID) VALUES (219, 219, 'Radha Kulkarni', 45, 4, 4, 3, 2);
INSERT INTO ActSectionAssociation (CaseMasterID, ActID, SectionID, ActOrderID, SectionOrderID) VALUES (219, 'IPC', '379', 1, 1);
INSERT INTO Victim (VictimMasterID, CaseMasterID, VictimName, AgeYear, GenderID, VictimPolice) VALUES (219, 219, 'Praveen Bhat', 47, 1, '0');
INSERT INTO Accused (AccusedMasterID, CaseMasterID, AccusedName, AgeYear, GenderID, PersonID) VALUES (255, 219, 'Mohan Z. Pashan', 31, 1, 'A1');
INSERT INTO ArrestSurrender (ArrestSurrenderID, CaseMasterID, ArrestSurrenderTypeID, ArrestSurrenderDate, ArrestSurrenderStateId, ArrestSurrenderDistrictId, PoliceStationID, IOID, CourtID, AccusedMasterID, IsAccused, IsComplainantAccused) VALUES (106, 219, 1, '2024-06-12', 1, 3, 10, 19, 3, 255, 1, 0);
INSERT INTO inv_arrestsurrenderaccused (ArrestSurrenderID, AccusedMasterID) VALUES (106, 255);
INSERT INTO ChargesheetDetails (CSID, CaseMasterID, csdate, cstype, PolicePersonID) VALUES (165, 219, '2024-06-12 10:00:00', 'A', 19);
INSERT INTO CaseMaster (CaseMasterID, CrimeNo, CaseNo, CrimeRegisteredDate, PolicePersonID, PoliceStationID, CaseCategoryID, GravityOffenceID, CrimeMajorHeadID, CrimeMinorHeadID, CaseStatusID, CourtID, IncidentFromDate, IncidentToDate, InfoReceivedPSDate, latitude, longitude, BriefFacts) VALUES (220, '100010004202400220', '202400220', '2024-05-25', 7, 4, 1, 2, 2, 5, 3, 1, '2024-05-25 07:00:00', '2024-05-25 08:00:00', '2024-05-25 07:00:00', 12.934263, 77.586649, 'Jayanagar Police Station registered the case after an incident near a market entrance. Initial CCTV, witness, and digital-evidence checks were assigned to IO Kiran Bhat.');
INSERT INTO Inv_OccuranceTime (CaseMasterID, IncidentFromDate, IncidentToDate, latitude, longitude, PlaceOfOccurrence) VALUES (220, '2024-05-25 07:00:00', '2024-05-25 08:00:00', 12.934263, 77.586649, 'Near a market entrance, Jayanagar');
INSERT INTO ComplainantDetails (ComplainantID, CaseMasterID, ComplainantName, AgeYear, OccupationID, ReligionID, CasteID, GenderID) VALUES (220, 220, 'Latha Fernandes', 53, 4, 5, 3, 1);
INSERT INTO ActSectionAssociation (CaseMasterID, ActID, SectionID, ActOrderID, SectionOrderID) VALUES (220, 'IPC', '302', 1, 1);
INSERT INTO Victim (VictimMasterID, CaseMasterID, VictimName, AgeYear, GenderID, VictimPolice) VALUES (220, 220, 'Kiran Rao', 51, 2, '0');
INSERT INTO Accused (AccusedMasterID, CaseMasterID, AccusedName, AgeYear, GenderID, PersonID) VALUES (256, 220, 'Manjunath G. Verma', 35, 1, 'A1');
INSERT INTO ArrestSurrender (ArrestSurrenderID, CaseMasterID, ArrestSurrenderTypeID, ArrestSurrenderDate, ArrestSurrenderStateId, ArrestSurrenderDistrictId, PoliceStationID, IOID, CourtID, AccusedMasterID, IsAccused, IsComplainantAccused) VALUES (107, 220, 1, '2024-05-28', 1, 1, 4, 7, 1, 256, 1, 0);
INSERT INTO inv_arrestsurrenderaccused (ArrestSurrenderID, AccusedMasterID) VALUES (107, 256);
INSERT INTO ChargesheetDetails (CSID, CaseMasterID, csdate, cstype, PolicePersonID) VALUES (166, 220, '2024-08-09 17:00:00', 'A', 7);
INSERT INTO CaseMaster (CaseMasterID, CrimeNo, CaseNo, CrimeRegisteredDate, PolicePersonID, PoliceStationID, CaseCategoryID, GravityOffenceID, CrimeMajorHeadID, CrimeMinorHeadID, CaseStatusID, CourtID, IncidentFromDate, IncidentToDate, InfoReceivedPSDate, latitude, longitude, BriefFacts) VALUES (221, '100060018202400221', '202400221', '2024-05-08', 35, 18, 1, 2, 4, 8, 1, 6, '2024-05-08 16:00:00', '2024-05-08 19:00:00', '2024-05-08 16:00:00', 17.331581, 76.824395, 'Station Bazar Police Station registered the case after an incident close to a residential layout. Initial CCTV, witness, and digital-evidence checks were assigned to IO Prakash Kambali.');
INSERT INTO Inv_OccuranceTime (CaseMasterID, IncidentFromDate, IncidentToDate, latitude, longitude, PlaceOfOccurrence) VALUES (221, '2024-05-08 16:00:00', '2024-05-08 19:00:00', 17.331581, 76.824395, 'Close to a residential layout, Station Bazar');
INSERT INTO ComplainantDetails (ComplainantID, CaseMasterID, ComplainantName, AgeYear, OccupationID, ReligionID, CasteID, GenderID) VALUES (221, 221, 'Chetan Naik', 42, 3, 5, 4, 2);
INSERT INTO ActSectionAssociation (CaseMasterID, ActID, SectionID, ActOrderID, SectionOrderID) VALUES (221, 'IPC', '420', 1, 1);
INSERT INTO Victim (VictimMasterID, CaseMasterID, VictimName, AgeYear, GenderID, VictimPolice) VALUES (221, 221, 'Vinay Bhat', 32, 2, '0');
INSERT INTO Accused (AccusedMasterID, CaseMasterID, AccusedName, AgeYear, GenderID, PersonID) VALUES (257, 221, 'Yogesh N. Verma', 20, 1, 'A1');
INSERT INTO ArrestSurrender (ArrestSurrenderID, CaseMasterID, ArrestSurrenderTypeID, ArrestSurrenderDate, ArrestSurrenderStateId, ArrestSurrenderDistrictId, PoliceStationID, IOID, CourtID, AccusedMasterID, IsAccused, IsComplainantAccused) VALUES (108, 221, 1, '2024-05-16', 1, 6, 18, 35, 6, 257, 1, 0);
INSERT INTO inv_arrestsurrenderaccused (ArrestSurrenderID, AccusedMasterID) VALUES (108, 257);
INSERT INTO CaseMaster (CaseMasterID, CrimeNo, CaseNo, CrimeRegisteredDate, PolicePersonID, PoliceStationID, CaseCategoryID, GravityOffenceID, CrimeMajorHeadID, CrimeMinorHeadID, CaseStatusID, CourtID, IncidentFromDate, IncidentToDate, InfoReceivedPSDate, latitude, longitude, BriefFacts) VALUES (222, '100010001202400222', '202400222', '2024-06-08', 1, 1, 1, 3, 1, 2, 3, 1, '2024-06-08 02:00:00', '2024-06-08 05:00:00', '2024-06-08 02:00:00', 12.969464, 77.630137, 'Control room information regarding house breaking night was received from near a bus stop. IO Suresh Kambali opened the investigation and secured preliminary evidence.');
INSERT INTO Inv_OccuranceTime (CaseMasterID, IncidentFromDate, IncidentToDate, latitude, longitude, PlaceOfOccurrence) VALUES (222, '2024-06-08 02:00:00', '2024-06-08 05:00:00', 12.969464, 77.630137, 'Near a bus stop, Indiranagar');
INSERT INTO ComplainantDetails (ComplainantID, CaseMasterID, ComplainantName, AgeYear, OccupationID, ReligionID, CasteID, GenderID) VALUES (222, 222, 'Kavitha Bhat', 66, 1, 4, 5, 1);
INSERT INTO ActSectionAssociation (CaseMasterID, ActID, SectionID, ActOrderID, SectionOrderID) VALUES (222, 'IPC', '379', 1, 1);
INSERT INTO Victim (VictimMasterID, CaseMasterID, VictimName, AgeYear, GenderID, VictimPolice) VALUES (222, 222, 'Asha Kulkarni', 32, 1, '0');
INSERT INTO Accused (AccusedMasterID, CaseMasterID, AccusedName, AgeYear, GenderID, PersonID) VALUES (258, 222, 'Tukaram U. Pashan', 30, 1, 'A1');
INSERT INTO ArrestSurrender (ArrestSurrenderID, CaseMasterID, ArrestSurrenderTypeID, ArrestSurrenderDate, ArrestSurrenderStateId, ArrestSurrenderDistrictId, PoliceStationID, IOID, CourtID, AccusedMasterID, IsAccused, IsComplainantAccused) VALUES (109, 222, 1, '2024-06-21', 1, 1, 1, 1, 1, 258, 1, 0);
INSERT INTO inv_arrestsurrenderaccused (ArrestSurrenderID, AccusedMasterID) VALUES (109, 258);
INSERT INTO ChargesheetDetails (CSID, CaseMasterID, csdate, cstype, PolicePersonID) VALUES (167, 222, '2024-09-06 17:00:00', 'A', 1);
INSERT INTO CaseMaster (CaseMasterID, CrimeNo, CaseNo, CrimeRegisteredDate, PolicePersonID, PoliceStationID, CaseCategoryID, GravityOffenceID, CrimeMajorHeadID, CrimeMinorHeadID, CaseStatusID, CourtID, IncidentFromDate, IncidentToDate, InfoReceivedPSDate, latitude, longitude, BriefFacts) VALUES (223, '100050017202400223', '202400223', '2024-06-19', 33, 17, 1, 2, 1, 1, 1, 5, '2024-06-19 07:00:00', '2024-06-19 08:00:00', '2024-06-19 07:00:00', 15.829613, 74.519209, 'Control room information regarding automobile theft was received from near the inter-city bus stand. IO Naveen Shetty opened the investigation and secured preliminary evidence.');
INSERT INTO Inv_OccuranceTime (CaseMasterID, IncidentFromDate, IncidentToDate, latitude, longitude, PlaceOfOccurrence) VALUES (223, '2024-06-19 07:00:00', '2024-06-19 08:00:00', 15.829613, 74.519209, 'Near the inter-city bus stand, Shahapur');
INSERT INTO ComplainantDetails (ComplainantID, CaseMasterID, ComplainantName, AgeYear, OccupationID, ReligionID, CasteID, GenderID) VALUES (223, 223, 'Suma Fernandes', 36, 5, 5, 3, 1);
INSERT INTO ActSectionAssociation (CaseMasterID, ActID, SectionID, ActOrderID, SectionOrderID) VALUES (223, 'IPC', '379', 1, 1);
INSERT INTO Victim (VictimMasterID, CaseMasterID, VictimName, AgeYear, GenderID, VictimPolice) VALUES (223, 223, 'Sangeetha Rao', 23, 2, '0');
INSERT INTO Accused (AccusedMasterID, CaseMasterID, AccusedName, AgeYear, GenderID, PersonID) VALUES (259, 223, 'Dharma B. Singh', 20, 1, 'A1');
INSERT INTO Accused (AccusedMasterID, CaseMasterID, AccusedName, AgeYear, GenderID, PersonID) VALUES (260, 223, 'Tukaram M. Shetty', 33, 1, 'A2');
INSERT INTO CaseMaster (CaseMasterID, CrimeNo, CaseNo, CrimeRegisteredDate, PolicePersonID, PoliceStationID, CaseCategoryID, GravityOffenceID, CrimeMajorHeadID, CrimeMinorHeadID, CaseStatusID, CourtID, IncidentFromDate, IncidentToDate, InfoReceivedPSDate, latitude, longitude, BriefFacts) VALUES (224, '100030010202400224', '202400224', '2024-06-02', 19, 10, 1, 2, 5, 9, 1, 3, '2024-06-02 18:00:00', '2024-06-02 19:00:00', '2024-06-02 18:00:00', 12.866220, 74.838348, 'Pandeshwar Police Station registered the case after an incident on the ring road service lane. Initial CCTV, witness, and digital-evidence checks were assigned to IO Shankar Rao.');
INSERT INTO Inv_OccuranceTime (CaseMasterID, IncidentFromDate, IncidentToDate, latitude, longitude, PlaceOfOccurrence) VALUES (224, '2024-06-02 18:00:00', '2024-06-02 19:00:00', 12.866220, 74.838348, 'On the ring road service lane, Pandeshwar');
INSERT INTO ComplainantDetails (ComplainantID, CaseMasterID, ComplainantName, AgeYear, OccupationID, ReligionID, CasteID, GenderID) VALUES (224, 224, 'Chetan Poojary', 49, 7, 1, 3, 1);
INSERT INTO ActSectionAssociation (CaseMasterID, ActID, SectionID, ActOrderID, SectionOrderID) VALUES (224, 'NDPS', '20', 1, 1);
INSERT INTO Victim (VictimMasterID, CaseMasterID, VictimName, AgeYear, GenderID, VictimPolice) VALUES (224, 224, 'Kiran Joshi', 41, 2, '0');
INSERT INTO Accused (AccusedMasterID, CaseMasterID, AccusedName, AgeYear, GenderID, PersonID) VALUES (261, 224, 'Lokesh I. Jadhav', 38, 1, 'A1');
INSERT INTO ArrestSurrender (ArrestSurrenderID, CaseMasterID, ArrestSurrenderTypeID, ArrestSurrenderDate, ArrestSurrenderStateId, ArrestSurrenderDistrictId, PoliceStationID, IOID, CourtID, AccusedMasterID, IsAccused, IsComplainantAccused) VALUES (110, 224, 1, '2024-06-10', 1, 3, 10, 19, 3, 261, 1, 0);
INSERT INTO inv_arrestsurrenderaccused (ArrestSurrenderID, AccusedMasterID) VALUES (110, 261);
INSERT INTO CaseMaster (CaseMasterID, CrimeNo, CaseNo, CrimeRegisteredDate, PolicePersonID, PoliceStationID, CaseCategoryID, GravityOffenceID, CrimeMajorHeadID, CrimeMinorHeadID, CaseStatusID, CourtID, IncidentFromDate, IncidentToDate, InfoReceivedPSDate, latitude, longitude, BriefFacts) VALUES (225, '100040014202400225', '202400225', '2024-06-13', 27, 14, 1, 1, 1, 1, 1, 4, '2024-06-13 17:00:00', '2024-06-13 20:00:00', '2024-06-13 17:00:00', 15.451370, 75.013736, 'Complainant reported a suspected automobile theft incident close to a residential layout. The matter was registered at Suburban Police Station Dharwad and assigned to Anitha Pawar.');
INSERT INTO Inv_OccuranceTime (CaseMasterID, IncidentFromDate, IncidentToDate, latitude, longitude, PlaceOfOccurrence) VALUES (225, '2024-06-13 17:00:00', '2024-06-13 20:00:00', 15.451370, 75.013736, 'Close to a residential layout, Suburban Dharwad');
INSERT INTO ComplainantDetails (ComplainantID, CaseMasterID, ComplainantName, AgeYear, OccupationID, ReligionID, CasteID, GenderID) VALUES (225, 225, 'Jagadish Poojary', 71, 2, 4, 4, 1);
INSERT INTO ActSectionAssociation (CaseMasterID, ActID, SectionID, ActOrderID, SectionOrderID) VALUES (225, 'IPC', '379', 1, 1);
INSERT INTO Victim (VictimMasterID, CaseMasterID, VictimName, AgeYear, GenderID, VictimPolice) VALUES (225, 225, 'Rajesh Naik', 25, 1, '0');
INSERT INTO Accused (AccusedMasterID, CaseMasterID, AccusedName, AgeYear, GenderID, PersonID) VALUES (262, 225, 'Salman P. Khan', 21, 1, 'A1');
INSERT INTO CaseMaster (CaseMasterID, CrimeNo, CaseNo, CrimeRegisteredDate, PolicePersonID, PoliceStationID, CaseCategoryID, GravityOffenceID, CrimeMajorHeadID, CrimeMinorHeadID, CaseStatusID, CourtID, IncidentFromDate, IncidentToDate, InfoReceivedPSDate, latitude, longitude, BriefFacts) VALUES (226, '100010001202400226', '202400226', '2024-06-24', 1, 1, 1, 2, 3, 7, 2, 1, '2024-06-24 17:00:00', '2024-06-24 18:00:00', '2024-06-24 17:00:00', 12.982502, 77.632130, 'Indiranagar Police Station registered the case after an incident on a residential cross road. Initial CCTV, witness, and digital-evidence checks were assigned to IO Suresh Kambali.');
INSERT INTO Inv_OccuranceTime (CaseMasterID, IncidentFromDate, IncidentToDate, latitude, longitude, PlaceOfOccurrence) VALUES (226, '2024-06-24 17:00:00', '2024-06-24 18:00:00', 12.982502, 77.632130, 'On a residential cross road, Indiranagar');
INSERT INTO ComplainantDetails (ComplainantID, CaseMasterID, ComplainantName, AgeYear, OccupationID, ReligionID, CasteID, GenderID) VALUES (226, 226, 'Kavitha Naik', 64, 5, 5, 1, 2);
INSERT INTO ActSectionAssociation (CaseMasterID, ActID, SectionID, ActOrderID, SectionOrderID) VALUES (226, 'IT_ACT', '66D', 1, 1);
INSERT INTO Victim (VictimMasterID, CaseMasterID, VictimName, AgeYear, GenderID, VictimPolice) VALUES (226, 226, 'Kiran Kulkarni', 72, 1, '0');
INSERT INTO Accused (AccusedMasterID, CaseMasterID, AccusedName, AgeYear, GenderID, PersonID) VALUES (263, 226, 'Shiva W. Shetty', 34, 1, 'A1');
INSERT INTO ArrestSurrender (ArrestSurrenderID, CaseMasterID, ArrestSurrenderTypeID, ArrestSurrenderDate, ArrestSurrenderStateId, ArrestSurrenderDistrictId, PoliceStationID, IOID, CourtID, AccusedMasterID, IsAccused, IsComplainantAccused) VALUES (111, 226, 1, '2024-07-12', 1, 1, 1, 1, 1, 263, 1, 0);
INSERT INTO inv_arrestsurrenderaccused (ArrestSurrenderID, AccusedMasterID) VALUES (111, 263);
INSERT INTO ChargesheetDetails (CSID, CaseMasterID, csdate, cstype, PolicePersonID) VALUES (168, 226, '2024-09-23 09:00:00', 'A', 1);
INSERT INTO CaseMaster (CaseMasterID, CrimeNo, CaseNo, CrimeRegisteredDate, PolicePersonID, PoliceStationID, CaseCategoryID, GravityOffenceID, CrimeMajorHeadID, CrimeMinorHeadID, CaseStatusID, CourtID, IncidentFromDate, IncidentToDate, InfoReceivedPSDate, latitude, longitude, BriefFacts) VALUES (227, '100030010202400227', '202400227', '2024-06-07', 19, 10, 2, 3, 1, 1, 1, 3, '2024-06-07 20:00:00', '2024-06-07 22:00:00', '2024-06-07 20:00:00', 12.858469, 74.831510, 'Complainant reported a suspected automobile theft incident near the inter-city bus stand. The matter was registered at Pandeshwar Police Station and assigned to Shankar Rao.');
INSERT INTO Inv_OccuranceTime (CaseMasterID, IncidentFromDate, IncidentToDate, latitude, longitude, PlaceOfOccurrence) VALUES (227, '2024-06-07 20:00:00', '2024-06-07 22:00:00', 12.858469, 74.831510, 'Near the inter-city bus stand, Pandeshwar');
INSERT INTO ComplainantDetails (ComplainantID, CaseMasterID, ComplainantName, AgeYear, OccupationID, ReligionID, CasteID, GenderID) VALUES (227, 227, 'Joel Deshpande', 27, 5, 4, 4, 1);
INSERT INTO ActSectionAssociation (CaseMasterID, ActID, SectionID, ActOrderID, SectionOrderID) VALUES (227, 'IPC', '379', 1, 1);
INSERT INTO Victim (VictimMasterID, CaseMasterID, VictimName, AgeYear, GenderID, VictimPolice) VALUES (227, 227, 'Arun Rao', 46, 2, '0');
INSERT INTO Accused (AccusedMasterID, CaseMasterID, AccusedName, AgeYear, GenderID, PersonID) VALUES (264, 227, 'Rafiq D. Naik', 21, 1, 'A1');
INSERT INTO CaseMaster (CaseMasterID, CrimeNo, CaseNo, CrimeRegisteredDate, PolicePersonID, PoliceStationID, CaseCategoryID, GravityOffenceID, CrimeMajorHeadID, CrimeMinorHeadID, CaseStatusID, CourtID, IncidentFromDate, IncidentToDate, InfoReceivedPSDate, latitude, longitude, BriefFacts) VALUES (228, '100060018202400228', '202400228', '2024-06-18', 35, 18, 1, 3, 1, 2, 1, 6, '2024-06-18 03:00:00', '2024-06-18 06:00:00', '2024-06-18 03:00:00', 17.325821, 76.838414, 'Control room information regarding house breaking night was received from close to a residential layout. IO Prakash Kambali opened the investigation and secured preliminary evidence.');
INSERT INTO Inv_OccuranceTime (CaseMasterID, IncidentFromDate, IncidentToDate, latitude, longitude, PlaceOfOccurrence) VALUES (228, '2024-06-18 03:00:00', '2024-06-18 06:00:00', 17.325821, 76.838414, 'Close to a residential layout, Station Bazar');
INSERT INTO ComplainantDetails (ComplainantID, CaseMasterID, ComplainantName, AgeYear, OccupationID, ReligionID, CasteID, GenderID) VALUES (228, 228, 'Suma Murthy', 35, 2, 5, 1, 2);
INSERT INTO ActSectionAssociation (CaseMasterID, ActID, SectionID, ActOrderID, SectionOrderID) VALUES (228, 'IPC', '379', 1, 1);
INSERT INTO Victim (VictimMasterID, CaseMasterID, VictimName, AgeYear, GenderID, VictimPolice) VALUES (228, 228, 'Ganesh Fernandes', 44, 1, '0');
INSERT INTO Accused (AccusedMasterID, CaseMasterID, AccusedName, AgeYear, GenderID, PersonID) VALUES (265, 228, 'Rohit K. Gowda', 42, 1, 'A1');
INSERT INTO CaseMaster (CaseMasterID, CrimeNo, CaseNo, CrimeRegisteredDate, PolicePersonID, PoliceStationID, CaseCategoryID, GravityOffenceID, CrimeMajorHeadID, CrimeMinorHeadID, CaseStatusID, CourtID, IncidentFromDate, IncidentToDate, InfoReceivedPSDate, latitude, longitude, BriefFacts) VALUES (229, '100030009202400229', '202400229', '2024-06-01', 17, 9, 1, 3, 1, 1, 1, 3, '2024-06-01 19:00:00', '2024-06-01 21:00:00', '2024-06-01 19:00:00', 12.890362, 74.850240, 'Complainant reported a suspected automobile theft incident near the inter-city bus stand. The matter was registered at Kadri Police Station and assigned to Basavaraj Patil.');
INSERT INTO Inv_OccuranceTime (CaseMasterID, IncidentFromDate, IncidentToDate, latitude, longitude, PlaceOfOccurrence) VALUES (229, '2024-06-01 19:00:00', '2024-06-01 21:00:00', 12.890362, 74.850240, 'Near the inter-city bus stand, Kadri');
INSERT INTO ComplainantDetails (ComplainantID, CaseMasterID, ComplainantName, AgeYear, OccupationID, ReligionID, CasteID, GenderID) VALUES (229, 229, 'Joel Naik', 63, 6, 5, 5, 1);
INSERT INTO ActSectionAssociation (CaseMasterID, ActID, SectionID, ActOrderID, SectionOrderID) VALUES (229, 'IPC', '379', 1, 1);
INSERT INTO Victim (VictimMasterID, CaseMasterID, VictimName, AgeYear, GenderID, VictimPolice) VALUES (229, 229, 'Divya Poojary', 72, 1, '0');
INSERT INTO Accused (AccusedMasterID, CaseMasterID, AccusedName, AgeYear, GenderID, PersonID) VALUES (266, 229, 'Jagga R. Kumar', 23, 1, 'A1');
INSERT INTO ArrestSurrender (ArrestSurrenderID, CaseMasterID, ArrestSurrenderTypeID, ArrestSurrenderDate, ArrestSurrenderStateId, ArrestSurrenderDistrictId, PoliceStationID, IOID, CourtID, AccusedMasterID, IsAccused, IsComplainantAccused) VALUES (112, 229, 1, '2024-07-01', 1, 3, 9, 17, 3, 266, 1, 0);
INSERT INTO inv_arrestsurrenderaccused (ArrestSurrenderID, AccusedMasterID) VALUES (112, 266);
INSERT INTO CaseMaster (CaseMasterID, CrimeNo, CaseNo, CrimeRegisteredDate, PolicePersonID, PoliceStationID, CaseCategoryID, GravityOffenceID, CrimeMajorHeadID, CrimeMinorHeadID, CaseStatusID, CourtID, IncidentFromDate, IncidentToDate, InfoReceivedPSDate, latitude, longitude, BriefFacts) VALUES (230, '100060018202400230', '202400230', '2024-06-12', 35, 18, 2, 3, 1, 2, 2, 6, '2024-06-12 03:00:00', '2024-06-12 04:00:00', '2024-06-12 03:00:00', 17.323249, 76.832693, 'House Breaking Night reported near the central market within Station Bazar Police Station limits. Prakash Kambali recorded statements and initiated scene verification.');
INSERT INTO Inv_OccuranceTime (CaseMasterID, IncidentFromDate, IncidentToDate, latitude, longitude, PlaceOfOccurrence) VALUES (230, '2024-06-12 03:00:00', '2024-06-12 04:00:00', 17.323249, 76.832693, 'Near the central market, Station Bazar');
INSERT INTO ComplainantDetails (ComplainantID, CaseMasterID, ComplainantName, AgeYear, OccupationID, ReligionID, CasteID, GenderID) VALUES (230, 230, 'Ayesha Murthy', 50, 7, 4, 4, 1);
INSERT INTO ActSectionAssociation (CaseMasterID, ActID, SectionID, ActOrderID, SectionOrderID) VALUES (230, 'IPC', '379', 1, 1);
INSERT INTO Victim (VictimMasterID, CaseMasterID, VictimName, AgeYear, GenderID, VictimPolice) VALUES (230, 230, 'Roshan Murthy', 22, 2, '0');
INSERT INTO Accused (AccusedMasterID, CaseMasterID, AccusedName, AgeYear, GenderID, PersonID) VALUES (267, 230, 'Nagesh Y. Shetty', 23, 1, 'A1');
INSERT INTO ArrestSurrender (ArrestSurrenderID, CaseMasterID, ArrestSurrenderTypeID, ArrestSurrenderDate, ArrestSurrenderStateId, ArrestSurrenderDistrictId, PoliceStationID, IOID, CourtID, AccusedMasterID, IsAccused, IsComplainantAccused) VALUES (113, 230, 1, '2024-07-12', 1, 6, 18, 35, 6, 267, 1, 0);
INSERT INTO inv_arrestsurrenderaccused (ArrestSurrenderID, AccusedMasterID) VALUES (113, 267);
INSERT INTO ChargesheetDetails (CSID, CaseMasterID, csdate, cstype, PolicePersonID) VALUES (169, 230, '2024-08-23 11:00:00', 'A', 35);
INSERT INTO CaseMaster (CaseMasterID, CrimeNo, CaseNo, CrimeRegisteredDate, PolicePersonID, PoliceStationID, CaseCategoryID, GravityOffenceID, CrimeMajorHeadID, CrimeMinorHeadID, CaseStatusID, CourtID, IncidentFromDate, IncidentToDate, InfoReceivedPSDate, latitude, longitude, BriefFacts) VALUES (231, '100020006202400231', '202400231', '2024-06-23', 11, 6, 4, 2, 2, 5, 2, 2, '2024-06-23 20:00:00', '2024-06-23 22:00:00', '2024-06-23 20:00:00', 12.296132, 76.646001, 'Control room information regarding grievous hurt was received from near the inter-city bus stand. IO Anitha Gowda opened the investigation and secured preliminary evidence.');
INSERT INTO Inv_OccuranceTime (CaseMasterID, IncidentFromDate, IncidentToDate, latitude, longitude, PlaceOfOccurrence) VALUES (231, '2024-06-23 20:00:00', '2024-06-23 22:00:00', 12.296132, 76.646001, 'Near the inter-city bus stand, Devaraja');
INSERT INTO ComplainantDetails (ComplainantID, CaseMasterID, ComplainantName, AgeYear, OccupationID, ReligionID, CasteID, GenderID) VALUES (231, 231, 'Latha Joshi', 44, 3, 1, 5, 1);
INSERT INTO ActSectionAssociation (CaseMasterID, ActID, SectionID, ActOrderID, SectionOrderID) VALUES (231, 'IPC', '302', 1, 1);
INSERT INTO Victim (VictimMasterID, CaseMasterID, VictimName, AgeYear, GenderID, VictimPolice) VALUES (231, 231, 'Sangeetha Joshi', 16, 1, '0');
INSERT INTO Accused (AccusedMasterID, CaseMasterID, AccusedName, AgeYear, GenderID, PersonID) VALUES (268, 231, 'Raja F. Poojary', 41, 1, 'A1');
INSERT INTO ArrestSurrender (ArrestSurrenderID, CaseMasterID, ArrestSurrenderTypeID, ArrestSurrenderDate, ArrestSurrenderStateId, ArrestSurrenderDistrictId, PoliceStationID, IOID, CourtID, AccusedMasterID, IsAccused, IsComplainantAccused) VALUES (114, 231, 1, '2024-07-21', 1, 2, 6, 11, 2, 268, 1, 0);
INSERT INTO inv_arrestsurrenderaccused (ArrestSurrenderID, AccusedMasterID) VALUES (114, 268);
INSERT INTO ChargesheetDetails (CSID, CaseMasterID, csdate, cstype, PolicePersonID) VALUES (170, 231, '2024-09-09 17:00:00', 'A', 11);
INSERT INTO CaseMaster (CaseMasterID, CrimeNo, CaseNo, CrimeRegisteredDate, PolicePersonID, PoliceStationID, CaseCategoryID, GravityOffenceID, CrimeMajorHeadID, CrimeMinorHeadID, CaseStatusID, CourtID, IncidentFromDate, IncidentToDate, InfoReceivedPSDate, latitude, longitude, BriefFacts) VALUES (232, '100010001202400232', '202400232', '2024-06-06', 1, 1, 1, 3, 1, 1, 2, 1, '2024-06-06 18:00:00', '2024-06-06 19:00:00', '2024-06-06 18:00:00', 12.977419, 77.651160, 'Control room information regarding automobile theft was received from near a bus stop. IO Suresh Kambali opened the investigation and secured preliminary evidence.');
INSERT INTO Inv_OccuranceTime (CaseMasterID, IncidentFromDate, IncidentToDate, latitude, longitude, PlaceOfOccurrence) VALUES (232, '2024-06-06 18:00:00', '2024-06-06 19:00:00', 12.977419, 77.651160, 'Near a bus stop, Indiranagar');
INSERT INTO ComplainantDetails (ComplainantID, CaseMasterID, ComplainantName, AgeYear, OccupationID, ReligionID, CasteID, GenderID) VALUES (232, 232, 'Nandini Murthy', 62, 5, 5, 2, 2);
INSERT INTO ActSectionAssociation (CaseMasterID, ActID, SectionID, ActOrderID, SectionOrderID) VALUES (232, 'IPC', '379', 1, 1);
INSERT INTO Victim (VictimMasterID, CaseMasterID, VictimName, AgeYear, GenderID, VictimPolice) VALUES (232, 232, 'Bhavya Deshpande', 36, 2, '0');
INSERT INTO Accused (AccusedMasterID, CaseMasterID, AccusedName, AgeYear, GenderID, PersonID) VALUES (269, 232, 'Yogesh M. Salim', 39, 1, 'A1');
INSERT INTO Accused (AccusedMasterID, CaseMasterID, AccusedName, AgeYear, GenderID, PersonID) VALUES (270, 232, 'Shiva X. Patil', 23, 1, 'A2');
INSERT INTO ArrestSurrender (ArrestSurrenderID, CaseMasterID, ArrestSurrenderTypeID, ArrestSurrenderDate, ArrestSurrenderStateId, ArrestSurrenderDistrictId, PoliceStationID, IOID, CourtID, AccusedMasterID, IsAccused, IsComplainantAccused) VALUES (115, 232, 1, '2024-06-08', 1, 1, 1, 1, 1, 269, 1, 0);
INSERT INTO inv_arrestsurrenderaccused (ArrestSurrenderID, AccusedMasterID) VALUES (115, 269);
INSERT INTO inv_arrestsurrenderaccused (ArrestSurrenderID, AccusedMasterID) VALUES (115, 270);
INSERT INTO ChargesheetDetails (CSID, CaseMasterID, csdate, cstype, PolicePersonID) VALUES (171, 232, '2024-07-15 13:00:00', 'A', 1);
INSERT INTO CaseMaster (CaseMasterID, CrimeNo, CaseNo, CrimeRegisteredDate, PolicePersonID, PoliceStationID, CaseCategoryID, GravityOffenceID, CrimeMajorHeadID, CrimeMinorHeadID, CaseStatusID, CourtID, IncidentFromDate, IncidentToDate, InfoReceivedPSDate, latitude, longitude, BriefFacts) VALUES (233, '100030009202400233', '202400233', '2024-06-17', 17, 9, 1, 2, 2, 5, 3, 3, '2024-06-17 18:00:00', '2024-06-17 21:00:00', '2024-06-17 18:00:00', 12.882609, 74.847806, 'Grievous Hurt reported close to a residential layout within Kadri Police Station limits. Basavaraj Patil recorded statements and initiated scene verification.');
INSERT INTO Inv_OccuranceTime (CaseMasterID, IncidentFromDate, IncidentToDate, latitude, longitude, PlaceOfOccurrence) VALUES (233, '2024-06-17 18:00:00', '2024-06-17 21:00:00', 12.882609, 74.847806, 'Close to a residential layout, Kadri');
INSERT INTO ComplainantDetails (ComplainantID, CaseMasterID, ComplainantName, AgeYear, OccupationID, ReligionID, CasteID, GenderID) VALUES (233, 233, 'Radha Bhat', 35, 5, 3, 2, 1);
INSERT INTO ActSectionAssociation (CaseMasterID, ActID, SectionID, ActOrderID, SectionOrderID) VALUES (233, 'IPC', '302', 1, 1);
INSERT INTO Victim (VictimMasterID, CaseMasterID, VictimName, AgeYear, GenderID, VictimPolice) VALUES (233, 233, 'Nikhil Joshi', 39, 1, '0');
INSERT INTO Accused (AccusedMasterID, CaseMasterID, AccusedName, AgeYear, GenderID, PersonID) VALUES (271, 233, 'Tukaram T. Shaikh', 25, 1, 'A1');
INSERT INTO Accused (AccusedMasterID, CaseMasterID, AccusedName, AgeYear, GenderID, PersonID) VALUES (272, 233, 'Pandu E. Shaikh', 28, 1, 'A2');
INSERT INTO ChargesheetDetails (CSID, CaseMasterID, csdate, cstype, PolicePersonID) VALUES (172, 233, '2024-09-14 11:00:00', 'A', 17);
INSERT INTO CaseMaster (CaseMasterID, CrimeNo, CaseNo, CrimeRegisteredDate, PolicePersonID, PoliceStationID, CaseCategoryID, GravityOffenceID, CrimeMajorHeadID, CrimeMinorHeadID, CaseStatusID, CourtID, IncidentFromDate, IncidentToDate, InfoReceivedPSDate, latitude, longitude, BriefFacts) VALUES (234, '100030010202400234', '202400234', '2024-06-28', 19, 10, 3, 3, 1, 1, 1, 3, '2024-06-28 06:00:00', '2024-06-28 08:00:00', '2024-06-28 06:00:00', 12.856937, 74.843955, 'Control room information regarding automobile theft was received from near the inter-city bus stand. IO Shankar Rao opened the investigation and secured preliminary evidence.');
INSERT INTO Inv_OccuranceTime (CaseMasterID, IncidentFromDate, IncidentToDate, latitude, longitude, PlaceOfOccurrence) VALUES (234, '2024-06-28 06:00:00', '2024-06-28 08:00:00', 12.856937, 74.843955, 'Near the inter-city bus stand, Pandeshwar');
INSERT INTO ComplainantDetails (ComplainantID, CaseMasterID, ComplainantName, AgeYear, OccupationID, ReligionID, CasteID, GenderID) VALUES (234, 234, 'Nandini Patil', 53, 5, 1, 1, 2);
INSERT INTO ActSectionAssociation (CaseMasterID, ActID, SectionID, ActOrderID, SectionOrderID) VALUES (234, 'IPC', '379', 1, 1);
INSERT INTO Victim (VictimMasterID, CaseMasterID, VictimName, AgeYear, GenderID, VictimPolice) VALUES (234, 234, 'Nikhil Rao', 57, 2, '0');
INSERT INTO Accused (AccusedMasterID, CaseMasterID, AccusedName, AgeYear, GenderID, PersonID) VALUES (273, 234, 'Salman A. Shetty', 25, 1, 'A1');
INSERT INTO CaseMaster (CaseMasterID, CrimeNo, CaseNo, CrimeRegisteredDate, PolicePersonID, PoliceStationID, CaseCategoryID, GravityOffenceID, CrimeMajorHeadID, CrimeMinorHeadID, CaseStatusID, CourtID, IncidentFromDate, IncidentToDate, InfoReceivedPSDate, latitude, longitude, BriefFacts) VALUES (235, '100010002202400235', '202400235', '2024-06-11', 3, 2, 1, 2, 4, 8, 2, 1, '2024-06-11 10:00:00', '2024-06-11 12:00:00', '2024-06-11 10:00:00', 12.934135, 77.616546, 'Complainant reported a suspected cheating incident beside a metro approach road. The matter was registered at Koramangala Police Station and assigned to Prakash Jadhav.');
INSERT INTO Inv_OccuranceTime (CaseMasterID, IncidentFromDate, IncidentToDate, latitude, longitude, PlaceOfOccurrence) VALUES (235, '2024-06-11 10:00:00', '2024-06-11 12:00:00', 12.934135, 77.616546, 'Beside a metro approach road, Koramangala');
INSERT INTO ComplainantDetails (ComplainantID, CaseMasterID, ComplainantName, AgeYear, OccupationID, ReligionID, CasteID, GenderID) VALUES (235, 235, 'Anand Rao', 22, 6, 3, 3, 1);
INSERT INTO ActSectionAssociation (CaseMasterID, ActID, SectionID, ActOrderID, SectionOrderID) VALUES (235, 'IPC', '420', 1, 1);
INSERT INTO Victim (VictimMasterID, CaseMasterID, VictimName, AgeYear, GenderID, VictimPolice) VALUES (235, 235, 'Kiran Shetty', 22, 1, '0');
INSERT INTO Accused (AccusedMasterID, CaseMasterID, AccusedName, AgeYear, GenderID, PersonID) VALUES (274, 235, 'Jagga H. Verma', 32, 1, 'A1');
INSERT INTO ArrestSurrender (ArrestSurrenderID, CaseMasterID, ArrestSurrenderTypeID, ArrestSurrenderDate, ArrestSurrenderStateId, ArrestSurrenderDistrictId, PoliceStationID, IOID, CourtID, AccusedMasterID, IsAccused, IsComplainantAccused) VALUES (116, 235, 1, '2024-06-27', 1, 1, 2, 3, 1, 274, 1, 0);
INSERT INTO inv_arrestsurrenderaccused (ArrestSurrenderID, AccusedMasterID) VALUES (116, 274);
INSERT INTO ChargesheetDetails (CSID, CaseMasterID, csdate, cstype, PolicePersonID) VALUES (173, 235, '2024-08-06 17:00:00', 'A', 3);
INSERT INTO CaseMaster (CaseMasterID, CrimeNo, CaseNo, CrimeRegisteredDate, PolicePersonID, PoliceStationID, CaseCategoryID, GravityOffenceID, CrimeMajorHeadID, CrimeMinorHeadID, CaseStatusID, CourtID, IncidentFromDate, IncidentToDate, InfoReceivedPSDate, latitude, longitude, BriefFacts) VALUES (236, '100030009202400236', '202400236', '2024-06-22', 17, 9, 1, 3, 3, 7, 2, 3, '2024-06-22 17:00:00', '2024-06-22 20:00:00', '2024-06-22 17:00:00', 12.894881, 74.846156, 'Complainant reported a suspected identity theft incident beside an industrial access road. The matter was registered at Kadri Police Station and assigned to Basavaraj Patil.');
INSERT INTO Inv_OccuranceTime (CaseMasterID, IncidentFromDate, IncidentToDate, latitude, longitude, PlaceOfOccurrence) VALUES (236, '2024-06-22 17:00:00', '2024-06-22 20:00:00', 12.894881, 74.846156, 'Beside an industrial access road, Kadri');
INSERT INTO ComplainantDetails (ComplainantID, CaseMasterID, ComplainantName, AgeYear, OccupationID, ReligionID, CasteID, GenderID) VALUES (236, 236, 'Nandini Hegde', 63, 4, 2, 2, 1);
INSERT INTO ActSectionAssociation (CaseMasterID, ActID, SectionID, ActOrderID, SectionOrderID) VALUES (236, 'IT_ACT', '66D', 1, 1);
INSERT INTO Victim (VictimMasterID, CaseMasterID, VictimName, AgeYear, GenderID, VictimPolice) VALUES (236, 236, 'Vinay Rao', 48, 2, '0');
INSERT INTO Accused (AccusedMasterID, CaseMasterID, AccusedName, AgeYear, GenderID, PersonID) VALUES (275, 236, 'Altaf O. Naik', 41, 1, 'A1');
INSERT INTO ArrestSurrender (ArrestSurrenderID, CaseMasterID, ArrestSurrenderTypeID, ArrestSurrenderDate, ArrestSurrenderStateId, ArrestSurrenderDistrictId, PoliceStationID, IOID, CourtID, AccusedMasterID, IsAccused, IsComplainantAccused) VALUES (117, 236, 1, '2024-07-18', 1, 3, 9, 17, 3, 275, 1, 0);
INSERT INTO inv_arrestsurrenderaccused (ArrestSurrenderID, AccusedMasterID) VALUES (117, 275);
INSERT INTO ChargesheetDetails (CSID, CaseMasterID, csdate, cstype, PolicePersonID) VALUES (174, 236, '2024-08-17 16:00:00', 'A', 17);
INSERT INTO CaseMaster (CaseMasterID, CrimeNo, CaseNo, CrimeRegisteredDate, PolicePersonID, PoliceStationID, CaseCategoryID, GravityOffenceID, CrimeMajorHeadID, CrimeMinorHeadID, CaseStatusID, CourtID, IncidentFromDate, IncidentToDate, InfoReceivedPSDate, latitude, longitude, BriefFacts) VALUES (237, '100050016202400237', '202400237', '2024-06-05', 31, 16, 1, 1, 2, 5, 1, 5, '2024-06-05 08:00:00', '2024-06-05 11:00:00', '2024-06-05 08:00:00', 15.852409, 74.503867, 'Complainant reported a suspected grievous hurt incident close to a residential layout. The matter was registered at Tilakwadi Police Station and assigned to Santosh Pawar.');
INSERT INTO Inv_OccuranceTime (CaseMasterID, IncidentFromDate, IncidentToDate, latitude, longitude, PlaceOfOccurrence) VALUES (237, '2024-06-05 08:00:00', '2024-06-05 11:00:00', 15.852409, 74.503867, 'Close to a residential layout, Tilakwadi');
INSERT INTO ComplainantDetails (ComplainantID, CaseMasterID, ComplainantName, AgeYear, OccupationID, ReligionID, CasteID, GenderID) VALUES (237, 237, 'Radha Joshi', 41, 3, 2, 1, 1);
INSERT INTO ActSectionAssociation (CaseMasterID, ActID, SectionID, ActOrderID, SectionOrderID) VALUES (237, 'IPC', '302', 1, 1);
INSERT INTO Victim (VictimMasterID, CaseMasterID, VictimName, AgeYear, GenderID, VictimPolice) VALUES (237, 237, 'Bhavya Khan', 54, 2, '0');
INSERT INTO Accused (AccusedMasterID, CaseMasterID, AccusedName, AgeYear, GenderID, PersonID) VALUES (276, 237, 'Ajay V. Kumar', 21, 1, 'A1');
INSERT INTO ArrestSurrender (ArrestSurrenderID, CaseMasterID, ArrestSurrenderTypeID, ArrestSurrenderDate, ArrestSurrenderStateId, ArrestSurrenderDistrictId, PoliceStationID, IOID, CourtID, AccusedMasterID, IsAccused, IsComplainantAccused) VALUES (118, 237, 1, '2024-06-17', 1, 5, 16, 31, 5, 276, 1, 0);
INSERT INTO inv_arrestsurrenderaccused (ArrestSurrenderID, AccusedMasterID) VALUES (118, 276);
INSERT INTO CaseMaster (CaseMasterID, CrimeNo, CaseNo, CrimeRegisteredDate, PolicePersonID, PoliceStationID, CaseCategoryID, GravityOffenceID, CrimeMajorHeadID, CrimeMinorHeadID, CaseStatusID, CourtID, IncidentFromDate, IncidentToDate, InfoReceivedPSDate, latitude, longitude, BriefFacts) VALUES (238, '100010002202400238', '202400238', '2024-06-16', 3, 2, 1, 3, 1, 2, 4, 1, '2024-06-16 23:00:00', '2024-06-16 00:00:00', '2024-06-16 23:00:00', 12.934673, 77.624087, 'Control room information regarding house breaking night was received from outside a commercial complex. IO Prakash Jadhav opened the investigation and secured preliminary evidence.');
INSERT INTO Inv_OccuranceTime (CaseMasterID, IncidentFromDate, IncidentToDate, latitude, longitude, PlaceOfOccurrence) VALUES (238, '2024-06-16 23:00:00', '2024-06-16 00:00:00', 12.934673, 77.624087, 'Outside a commercial complex, Koramangala');
INSERT INTO ComplainantDetails (ComplainantID, CaseMasterID, ComplainantName, AgeYear, OccupationID, ReligionID, CasteID, GenderID) VALUES (238, 238, 'Harish Joshi', 32, 2, 1, 4, 1);
INSERT INTO ActSectionAssociation (CaseMasterID, ActID, SectionID, ActOrderID, SectionOrderID) VALUES (238, 'IPC', '379', 1, 1);
INSERT INTO Victim (VictimMasterID, CaseMasterID, VictimName, AgeYear, GenderID, VictimPolice) VALUES (238, 238, 'Asha Khan', 26, 2, '0');
INSERT INTO Accused (AccusedMasterID, CaseMasterID, AccusedName, AgeYear, GenderID, PersonID) VALUES (277, 238, 'Raja C. Pashan', 25, 1, 'A1');
INSERT INTO ChargesheetDetails (CSID, CaseMasterID, csdate, cstype, PolicePersonID) VALUES (175, 238, '2024-07-16 14:00:00', 'A', 3);
INSERT INTO CaseMaster (CaseMasterID, CrimeNo, CaseNo, CrimeRegisteredDate, PolicePersonID, PoliceStationID, CaseCategoryID, GravityOffenceID, CrimeMajorHeadID, CrimeMinorHeadID, CaseStatusID, CourtID, IncidentFromDate, IncidentToDate, InfoReceivedPSDate, latitude, longitude, BriefFacts) VALUES (239, '100010002202400239', '202400239', '2024-06-27', 3, 2, 1, 3, 4, 8, 4, 1, '2024-06-27 11:00:00', '2024-06-27 13:00:00', '2024-06-27 11:00:00', 12.943921, 77.617735, 'Complainant reported a suspected cheating incident beside a metro approach road. The matter was registered at Koramangala Police Station and assigned to Prakash Jadhav.');
INSERT INTO Inv_OccuranceTime (CaseMasterID, IncidentFromDate, IncidentToDate, latitude, longitude, PlaceOfOccurrence) VALUES (239, '2024-06-27 11:00:00', '2024-06-27 13:00:00', 12.943921, 77.617735, 'Beside a metro approach road, Koramangala');
INSERT INTO ComplainantDetails (ComplainantID, CaseMasterID, ComplainantName, AgeYear, OccupationID, ReligionID, CasteID, GenderID) VALUES (239, 239, 'Naveena Murthy', 26, 6, 4, 1, 1);
INSERT INTO ActSectionAssociation (CaseMasterID, ActID, SectionID, ActOrderID, SectionOrderID) VALUES (239, 'IPC', '420', 1, 1);
INSERT INTO Victim (VictimMasterID, CaseMasterID, VictimName, AgeYear, GenderID, VictimPolice) VALUES (239, 239, 'Rajesh Poojary', 38, 2, '0');
INSERT INTO Accused (AccusedMasterID, CaseMasterID, AccusedName, AgeYear, GenderID, PersonID) VALUES (278, 239, 'Rohit J. Pashan', 45, 1, 'A1');
INSERT INTO ChargesheetDetails (CSID, CaseMasterID, csdate, cstype, PolicePersonID) VALUES (176, 239, '2024-09-10 12:00:00', 'A', 3);
INSERT INTO CaseMaster (CaseMasterID, CrimeNo, CaseNo, CrimeRegisteredDate, PolicePersonID, PoliceStationID, CaseCategoryID, GravityOffenceID, CrimeMajorHeadID, CrimeMinorHeadID, CaseStatusID, CourtID, IncidentFromDate, IncidentToDate, InfoReceivedPSDate, latitude, longitude, BriefFacts) VALUES (240, '100040012202400240', '202400240', '2024-06-10', 23, 12, 1, 2, 1, 1, 1, 4, '2024-06-10 10:00:00', '2024-06-10 11:00:00', '2024-06-10 10:00:00', 15.347033, 75.137307, 'Suburban Police Station Hubballi registered the case after an incident close to a residential layout. Initial CCTV, witness, and digital-evidence checks were assigned to IO Manjunath Deshmukh.');
INSERT INTO Inv_OccuranceTime (CaseMasterID, IncidentFromDate, IncidentToDate, latitude, longitude, PlaceOfOccurrence) VALUES (240, '2024-06-10 10:00:00', '2024-06-10 11:00:00', 15.347033, 75.137307, 'Close to a residential layout, Suburban Hubballi');
INSERT INTO ComplainantDetails (ComplainantID, CaseMasterID, ComplainantName, AgeYear, OccupationID, ReligionID, CasteID, GenderID) VALUES (240, 240, 'Jagadish Murthy', 47, 3, 1, 4, 1);
INSERT INTO ActSectionAssociation (CaseMasterID, ActID, SectionID, ActOrderID, SectionOrderID) VALUES (240, 'IPC', '379', 1, 1);
INSERT INTO Victim (VictimMasterID, CaseMasterID, VictimName, AgeYear, GenderID, VictimPolice) VALUES (240, 240, 'Manoj Poojary', 24, 2, '0');
INSERT INTO Accused (AccusedMasterID, CaseMasterID, AccusedName, AgeYear, GenderID, PersonID) VALUES (279, 240, 'Salman Q. Shaikh', 42, 1, 'A1');
INSERT INTO ArrestSurrender (ArrestSurrenderID, CaseMasterID, ArrestSurrenderTypeID, ArrestSurrenderDate, ArrestSurrenderStateId, ArrestSurrenderDistrictId, PoliceStationID, IOID, CourtID, AccusedMasterID, IsAccused, IsComplainantAccused) VALUES (119, 240, 1, '2024-07-09', 1, 4, 12, 23, 4, 279, 1, 0);
INSERT INTO inv_arrestsurrenderaccused (ArrestSurrenderID, AccusedMasterID) VALUES (119, 279);
INSERT INTO CaseMaster (CaseMasterID, CrimeNo, CaseNo, CrimeRegisteredDate, PolicePersonID, PoliceStationID, CaseCategoryID, GravityOffenceID, CrimeMajorHeadID, CrimeMinorHeadID, CaseStatusID, CourtID, IncidentFromDate, IncidentToDate, InfoReceivedPSDate, latitude, longitude, BriefFacts) VALUES (241, '100010001202400241', '202400241', '2024-06-21', 1, 1, 3, 2, 1, 3, 2, 1, '2024-06-21 18:00:00', '2024-06-21 20:00:00', '2024-06-21 18:00:00', 12.985523, 77.649778, 'Indiranagar Police Station registered the case after an incident near a market entrance. Initial CCTV, witness, and digital-evidence checks were assigned to IO Suresh Kambali.');
INSERT INTO Inv_OccuranceTime (CaseMasterID, IncidentFromDate, IncidentToDate, latitude, longitude, PlaceOfOccurrence) VALUES (241, '2024-06-21 18:00:00', '2024-06-21 20:00:00', 12.985523, 77.649778, 'Near a market entrance, Indiranagar');
INSERT INTO ComplainantDetails (ComplainantID, CaseMasterID, ComplainantName, AgeYear, OccupationID, ReligionID, CasteID, GenderID) VALUES (241, 241, 'Eshwar Murthy', 71, 1, 2, 4, 1);
INSERT INTO ActSectionAssociation (CaseMasterID, ActID, SectionID, ActOrderID, SectionOrderID) VALUES (241, 'IPC', '379', 1, 1);
INSERT INTO Victim (VictimMasterID, CaseMasterID, VictimName, AgeYear, GenderID, VictimPolice) VALUES (241, 241, 'Tarun Kulkarni', 16, 1, '0');
INSERT INTO Accused (AccusedMasterID, CaseMasterID, AccusedName, AgeYear, GenderID, PersonID) VALUES (280, 241, 'Imtiaz X. Khan', 23, 1, 'A1');
INSERT INTO ArrestSurrender (ArrestSurrenderID, CaseMasterID, ArrestSurrenderTypeID, ArrestSurrenderDate, ArrestSurrenderStateId, ArrestSurrenderDistrictId, PoliceStationID, IOID, CourtID, AccusedMasterID, IsAccused, IsComplainantAccused) VALUES (120, 241, 1, '2024-07-11', 1, 1, 1, 1, 1, 280, 1, 0);
INSERT INTO inv_arrestsurrenderaccused (ArrestSurrenderID, AccusedMasterID) VALUES (120, 280);
INSERT INTO ChargesheetDetails (CSID, CaseMasterID, csdate, cstype, PolicePersonID) VALUES (177, 241, '2024-07-31 11:00:00', 'A', 1);
INSERT INTO CaseMaster (CaseMasterID, CrimeNo, CaseNo, CrimeRegisteredDate, PolicePersonID, PoliceStationID, CaseCategoryID, GravityOffenceID, CrimeMajorHeadID, CrimeMinorHeadID, CaseStatusID, CourtID, IncidentFromDate, IncidentToDate, InfoReceivedPSDate, latitude, longitude, BriefFacts) VALUES (242, '100010003202400242', '202400242', '2024-06-04', 5, 3, 1, 1, 2, 5, 1, 1, '2024-06-04 06:00:00', '2024-06-04 09:00:00', '2024-06-04 06:00:00', 12.972148, 77.759245, 'Grievous Hurt reported on a residential cross road within Whitefield Police Station limits. Lakshmi Shetty recorded statements and initiated scene verification.');
INSERT INTO Inv_OccuranceTime (CaseMasterID, IncidentFromDate, IncidentToDate, latitude, longitude, PlaceOfOccurrence) VALUES (242, '2024-06-04 06:00:00', '2024-06-04 09:00:00', 12.972148, 77.759245, 'On a residential cross road, Whitefield');
INSERT INTO ComplainantDetails (ComplainantID, CaseMasterID, ComplainantName, AgeYear, OccupationID, ReligionID, CasteID, GenderID) VALUES (242, 242, 'Girish Deshpande', 66, 5, 4, 4, 2);
INSERT INTO ActSectionAssociation (CaseMasterID, ActID, SectionID, ActOrderID, SectionOrderID) VALUES (242, 'IPC', '302', 1, 1);
INSERT INTO Victim (VictimMasterID, CaseMasterID, VictimName, AgeYear, GenderID, VictimPolice) VALUES (242, 242, 'Ganesh Khan', 68, 2, '0');
INSERT INTO Accused (AccusedMasterID, CaseMasterID, AccusedName, AgeYear, GenderID, PersonID) VALUES (281, 242, 'Mantu E. Gowda', 36, 1, 'A1');
INSERT INTO ArrestSurrender (ArrestSurrenderID, CaseMasterID, ArrestSurrenderTypeID, ArrestSurrenderDate, ArrestSurrenderStateId, ArrestSurrenderDistrictId, PoliceStationID, IOID, CourtID, AccusedMasterID, IsAccused, IsComplainantAccused) VALUES (121, 242, 1, '2024-06-12', 1, 1, 3, 5, 1, 281, 1, 0);
INSERT INTO inv_arrestsurrenderaccused (ArrestSurrenderID, AccusedMasterID) VALUES (121, 281);
INSERT INTO CaseMaster (CaseMasterID, CrimeNo, CaseNo, CrimeRegisteredDate, PolicePersonID, PoliceStationID, CaseCategoryID, GravityOffenceID, CrimeMajorHeadID, CrimeMinorHeadID, CaseStatusID, CourtID, IncidentFromDate, IncidentToDate, InfoReceivedPSDate, latitude, longitude, BriefFacts) VALUES (243, '100040013202400243', '202400243', '2024-06-15', 25, 13, 1, 3, 2, 5, 2, 4, '2024-06-15 14:00:00', '2024-06-15 16:00:00', '2024-06-15 14:00:00', 15.368009, 75.111645, 'Grievous Hurt reported beside an industrial access road within Vidyanagar Police Station Hubballi limits. Vijay Rao recorded statements and initiated scene verification.');
INSERT INTO Inv_OccuranceTime (CaseMasterID, IncidentFromDate, IncidentToDate, latitude, longitude, PlaceOfOccurrence) VALUES (243, '2024-06-15 14:00:00', '2024-06-15 16:00:00', 15.368009, 75.111645, 'Beside an industrial access road, Vidyanagar Hubballi');
INSERT INTO ComplainantDetails (ComplainantID, CaseMasterID, ComplainantName, AgeYear, OccupationID, ReligionID, CasteID, GenderID) VALUES (243, 243, 'Anand Deshpande', 49, 7, 1, 5, 2);
INSERT INTO ActSectionAssociation (CaseMasterID, ActID, SectionID, ActOrderID, SectionOrderID) VALUES (243, 'IPC', '302', 1, 1);
INSERT INTO Victim (VictimMasterID, CaseMasterID, VictimName, AgeYear, GenderID, VictimPolice) VALUES (243, 243, 'Manoj Fernandes', 66, 2, '0');
INSERT INTO Accused (AccusedMasterID, CaseMasterID, AccusedName, AgeYear, GenderID, PersonID) VALUES (282, 243, 'Imtiaz L. Verma', 26, 1, 'A1');
INSERT INTO ChargesheetDetails (CSID, CaseMasterID, csdate, cstype, PolicePersonID) VALUES (178, 243, '2024-08-16 16:00:00', 'A', 25);
INSERT INTO CaseMaster (CaseMasterID, CrimeNo, CaseNo, CrimeRegisteredDate, PolicePersonID, PoliceStationID, CaseCategoryID, GravityOffenceID, CrimeMajorHeadID, CrimeMinorHeadID, CaseStatusID, CourtID, IncidentFromDate, IncidentToDate, InfoReceivedPSDate, latitude, longitude, BriefFacts) VALUES (244, '100030009202400244', '202400244', '2024-06-26', 17, 9, 1, 1, 3, 7, 3, 3, '2024-06-26 14:00:00', '2024-06-26 17:00:00', '2024-06-26 14:00:00', 12.884022, 74.858040, 'Control room information regarding identity theft was received from near the inter-city bus stand. IO Basavaraj Patil opened the investigation and secured preliminary evidence.');
INSERT INTO Inv_OccuranceTime (CaseMasterID, IncidentFromDate, IncidentToDate, latitude, longitude, PlaceOfOccurrence) VALUES (244, '2024-06-26 14:00:00', '2024-06-26 17:00:00', 12.884022, 74.858040, 'Near the inter-city bus stand, Kadri');
INSERT INTO ComplainantDetails (ComplainantID, CaseMasterID, ComplainantName, AgeYear, OccupationID, ReligionID, CasteID, GenderID) VALUES (244, 244, 'Shilpa Deshpande', 60, 1, 4, 1, 2);
INSERT INTO ActSectionAssociation (CaseMasterID, ActID, SectionID, ActOrderID, SectionOrderID) VALUES (244, 'IT_ACT', '66D', 1, 1);
INSERT INTO Victim (VictimMasterID, CaseMasterID, VictimName, AgeYear, GenderID, VictimPolice) VALUES (244, 244, 'Fathima Deshpande', 67, 1, '0');
INSERT INTO Accused (AccusedMasterID, CaseMasterID, AccusedName, AgeYear, GenderID, PersonID) VALUES (283, 244, 'Rohit S. Verma', 40, 1, 'A1');
INSERT INTO ArrestSurrender (ArrestSurrenderID, CaseMasterID, ArrestSurrenderTypeID, ArrestSurrenderDate, ArrestSurrenderStateId, ArrestSurrenderDistrictId, PoliceStationID, IOID, CourtID, AccusedMasterID, IsAccused, IsComplainantAccused) VALUES (122, 244, 1, '2024-07-06', 1, 3, 9, 17, 3, 283, 1, 0);
INSERT INTO inv_arrestsurrenderaccused (ArrestSurrenderID, AccusedMasterID) VALUES (122, 283);
INSERT INTO ChargesheetDetails (CSID, CaseMasterID, csdate, cstype, PolicePersonID) VALUES (179, 244, '2024-09-12 16:00:00', 'A', 17);
INSERT INTO CaseMaster (CaseMasterID, CrimeNo, CaseNo, CrimeRegisteredDate, PolicePersonID, PoliceStationID, CaseCategoryID, GravityOffenceID, CrimeMajorHeadID, CrimeMinorHeadID, CaseStatusID, CourtID, IncidentFromDate, IncidentToDate, InfoReceivedPSDate, latitude, longitude, BriefFacts) VALUES (245, '100010004202400245', '202400245', '2024-06-09', 7, 4, 1, 3, 1, 3, 3, 1, '2024-06-09 21:00:00', '2024-06-09 00:00:00', '2024-06-09 21:00:00', 12.934380, 77.597954, 'Chain Snatching reported outside a commercial complex within Jayanagar Police Station limits. Kiran Bhat recorded statements and initiated scene verification.');
INSERT INTO Inv_OccuranceTime (CaseMasterID, IncidentFromDate, IncidentToDate, latitude, longitude, PlaceOfOccurrence) VALUES (245, '2024-06-09 21:00:00', '2024-06-09 00:00:00', 12.934380, 77.597954, 'Outside a commercial complex, Jayanagar');
INSERT INTO ComplainantDetails (ComplainantID, CaseMasterID, ComplainantName, AgeYear, OccupationID, ReligionID, CasteID, GenderID) VALUES (245, 245, 'Chetan Poojary', 20, 6, 3, 2, 2);
INSERT INTO ActSectionAssociation (CaseMasterID, ActID, SectionID, ActOrderID, SectionOrderID) VALUES (245, 'IPC', '379', 1, 1);
INSERT INTO Victim (VictimMasterID, CaseMasterID, VictimName, AgeYear, GenderID, VictimPolice) VALUES (245, 245, 'Tarun Gowda', 45, 1, '0');
INSERT INTO Accused (AccusedMasterID, CaseMasterID, AccusedName, AgeYear, GenderID, PersonID) VALUES (284, 245, 'Ajay Z. Singh', 22, 1, 'A1');
INSERT INTO Accused (AccusedMasterID, CaseMasterID, AccusedName, AgeYear, GenderID, PersonID) VALUES (285, 245, 'Mantu K. Singh', 39, 1, 'A2');
INSERT INTO ArrestSurrender (ArrestSurrenderID, CaseMasterID, ArrestSurrenderTypeID, ArrestSurrenderDate, ArrestSurrenderStateId, ArrestSurrenderDistrictId, PoliceStationID, IOID, CourtID, AccusedMasterID, IsAccused, IsComplainantAccused) VALUES (123, 245, 1, '2024-07-06', 1, 1, 4, 7, 1, 284, 1, 0);
INSERT INTO inv_arrestsurrenderaccused (ArrestSurrenderID, AccusedMasterID) VALUES (123, 284);
INSERT INTO inv_arrestsurrenderaccused (ArrestSurrenderID, AccusedMasterID) VALUES (123, 285);
INSERT INTO ChargesheetDetails (CSID, CaseMasterID, csdate, cstype, PolicePersonID) VALUES (180, 245, '2024-08-28 09:00:00', 'A', 7);
INSERT INTO CaseMaster (CaseMasterID, CrimeNo, CaseNo, CrimeRegisteredDate, PolicePersonID, PoliceStationID, CaseCategoryID, GravityOffenceID, CrimeMajorHeadID, CrimeMinorHeadID, CaseStatusID, CourtID, IncidentFromDate, IncidentToDate, InfoReceivedPSDate, latitude, longitude, BriefFacts) VALUES (246, '100050015202400246', '202400246', '2024-06-20', 29, 15, 1, 3, 3, 6, 2, 5, '2024-06-20 12:00:00', '2024-06-20 14:00:00', '2024-06-20 12:00:00', 15.856048, 74.504157, 'Online Financial Fraud reported close to a residential layout within Camp Police Station Belagavi limits. Prakash Patil recorded statements and initiated scene verification.');
INSERT INTO Inv_OccuranceTime (CaseMasterID, IncidentFromDate, IncidentToDate, latitude, longitude, PlaceOfOccurrence) VALUES (246, '2024-06-20 12:00:00', '2024-06-20 14:00:00', 15.856048, 74.504157, 'Close to a residential layout, Camp Belagavi');
INSERT INTO ComplainantDetails (ComplainantID, CaseMasterID, ComplainantName, AgeYear, OccupationID, ReligionID, CasteID, GenderID) VALUES (246, 246, 'Radha Naik', 37, 1, 4, 4, 1);
INSERT INTO ActSectionAssociation (CaseMasterID, ActID, SectionID, ActOrderID, SectionOrderID) VALUES (246, 'IT_ACT', '66D', 1, 1);
INSERT INTO Victim (VictimMasterID, CaseMasterID, VictimName, AgeYear, GenderID, VictimPolice) VALUES (246, 246, 'Praveen Poojary', 41, 2, '0');
INSERT INTO Accused (AccusedMasterID, CaseMasterID, AccusedName, AgeYear, GenderID, PersonID) VALUES (286, 246, 'Jagga G. Gowda', 21, 1, 'A1');
INSERT INTO ChargesheetDetails (CSID, CaseMasterID, csdate, cstype, PolicePersonID) VALUES (181, 246, '2024-09-03 10:00:00', 'A', 29);
INSERT INTO CaseMaster (CaseMasterID, CrimeNo, CaseNo, CrimeRegisteredDate, PolicePersonID, PoliceStationID, CaseCategoryID, GravityOffenceID, CrimeMajorHeadID, CrimeMinorHeadID, CaseStatusID, CourtID, IncidentFromDate, IncidentToDate, InfoReceivedPSDate, latitude, longitude, BriefFacts) VALUES (247, '100020008202400247', '202400247', '2024-06-03', 15, 8, 1, 3, 1, 1, 4, 2, '2024-06-03 15:00:00', '2024-06-03 18:00:00', '2024-06-03 15:00:00', 12.325271, 76.614291, 'Control room information regarding automobile theft was received from near the inter-city bus stand. IO Sunil Kulkarni opened the investigation and secured preliminary evidence.');
INSERT INTO Inv_OccuranceTime (CaseMasterID, IncidentFromDate, IncidentToDate, latitude, longitude, PlaceOfOccurrence) VALUES (247, '2024-06-03 15:00:00', '2024-06-03 18:00:00', 12.325271, 76.614291, 'Near the inter-city bus stand, Vijayanagar Mysuru');
INSERT INTO ComplainantDetails (ComplainantID, CaseMasterID, ComplainantName, AgeYear, OccupationID, ReligionID, CasteID, GenderID) VALUES (247, 247, 'Deepak Murthy', 32, 4, 5, 5, 2);
INSERT INTO ActSectionAssociation (CaseMasterID, ActID, SectionID, ActOrderID, SectionOrderID) VALUES (247, 'IPC', '379', 1, 1);
INSERT INTO Victim (VictimMasterID, CaseMasterID, VictimName, AgeYear, GenderID, VictimPolice) VALUES (247, 247, 'Vinay Rao', 69, 1, '0');
INSERT INTO Accused (AccusedMasterID, CaseMasterID, AccusedName, AgeYear, GenderID, PersonID) VALUES (287, 247, 'Manjunath N. Shetty', 30, 1, 'A1');
INSERT INTO Accused (AccusedMasterID, CaseMasterID, AccusedName, AgeYear, GenderID, PersonID) VALUES (288, 247, 'Altaf Y. Shetty', 36, 1, 'A2');
INSERT INTO ChargesheetDetails (CSID, CaseMasterID, csdate, cstype, PolicePersonID) VALUES (182, 247, '2024-07-08 17:00:00', 'A', 15);
INSERT INTO CaseMaster (CaseMasterID, CrimeNo, CaseNo, CrimeRegisteredDate, PolicePersonID, PoliceStationID, CaseCategoryID, GravityOffenceID, CrimeMajorHeadID, CrimeMinorHeadID, CaseStatusID, CourtID, IncidentFromDate, IncidentToDate, InfoReceivedPSDate, latitude, longitude, BriefFacts) VALUES (248, '100010002202400248', '202400248', '2024-06-14', 3, 2, 1, 2, 2, 5, 2, 1, '2024-06-14 07:00:00', '2024-06-14 08:00:00', '2024-06-14 07:00:00', 12.942609, 77.625482, 'Complainant reported a suspected grievous hurt incident outside a commercial complex. The matter was registered at Koramangala Police Station and assigned to Prakash Jadhav.');
INSERT INTO Inv_OccuranceTime (CaseMasterID, IncidentFromDate, IncidentToDate, latitude, longitude, PlaceOfOccurrence) VALUES (248, '2024-06-14 07:00:00', '2024-06-14 08:00:00', 12.942609, 77.625482, 'Outside a commercial complex, Koramangala');
INSERT INTO ComplainantDetails (ComplainantID, CaseMasterID, ComplainantName, AgeYear, OccupationID, ReligionID, CasteID, GenderID) VALUES (248, 248, 'Radha Murthy', 20, 2, 3, 5, 1);
INSERT INTO ActSectionAssociation (CaseMasterID, ActID, SectionID, ActOrderID, SectionOrderID) VALUES (248, 'IPC', '302', 1, 1);
INSERT INTO Victim (VictimMasterID, CaseMasterID, VictimName, AgeYear, GenderID, VictimPolice) VALUES (248, 248, 'Ganesh Deshpande', 63, 1, '0');
INSERT INTO Accused (AccusedMasterID, CaseMasterID, AccusedName, AgeYear, GenderID, PersonID) VALUES (289, 248, 'Mantu U. Pashan', 37, 1, 'A1');
INSERT INTO Accused (AccusedMasterID, CaseMasterID, AccusedName, AgeYear, GenderID, PersonID) VALUES (290, 248, 'Yogesh F. Shetty', 26, 1, 'A2');
INSERT INTO ArrestSurrender (ArrestSurrenderID, CaseMasterID, ArrestSurrenderTypeID, ArrestSurrenderDate, ArrestSurrenderStateId, ArrestSurrenderDistrictId, PoliceStationID, IOID, CourtID, AccusedMasterID, IsAccused, IsComplainantAccused) VALUES (124, 248, 1, '2024-07-19', 1, 1, 2, 3, 1, 289, 1, 0);
INSERT INTO inv_arrestsurrenderaccused (ArrestSurrenderID, AccusedMasterID) VALUES (124, 289);
INSERT INTO inv_arrestsurrenderaccused (ArrestSurrenderID, AccusedMasterID) VALUES (124, 290);
INSERT INTO ChargesheetDetails (CSID, CaseMasterID, csdate, cstype, PolicePersonID) VALUES (183, 248, '2024-08-05 09:00:00', 'A', 3);
INSERT INTO CaseMaster (CaseMasterID, CrimeNo, CaseNo, CrimeRegisteredDate, PolicePersonID, PoliceStationID, CaseCategoryID, GravityOffenceID, CrimeMajorHeadID, CrimeMinorHeadID, CaseStatusID, CourtID, IncidentFromDate, IncidentToDate, InfoReceivedPSDate, latitude, longitude, BriefFacts) VALUES (249, '100030011202400249', '202400249', '2024-06-25', 21, 11, 1, 3, 1, 1, 4, 3, '2024-06-25 11:00:00', '2024-06-25 13:00:00', '2024-06-25 11:00:00', 12.879701, 74.834269, 'Complainant reported a suspected automobile theft incident beside an industrial access road. The matter was registered at Urwa Police Station and assigned to Vijay Gowda.');
INSERT INTO Inv_OccuranceTime (CaseMasterID, IncidentFromDate, IncidentToDate, latitude, longitude, PlaceOfOccurrence) VALUES (249, '2024-06-25 11:00:00', '2024-06-25 13:00:00', 12.879701, 74.834269, 'Beside an industrial access road, Urwa');
INSERT INTO ComplainantDetails (ComplainantID, CaseMasterID, ComplainantName, AgeYear, OccupationID, ReligionID, CasteID, GenderID) VALUES (249, 249, 'Jagadish Fernandes', 67, 3, 5, 2, 1);
INSERT INTO ActSectionAssociation (CaseMasterID, ActID, SectionID, ActOrderID, SectionOrderID) VALUES (249, 'IPC', '379', 1, 1);
INSERT INTO Victim (VictimMasterID, CaseMasterID, VictimName, AgeYear, GenderID, VictimPolice) VALUES (249, 249, 'Ganesh Fernandes', 64, 1, '0');
INSERT INTO Accused (AccusedMasterID, CaseMasterID, AccusedName, AgeYear, GenderID, PersonID) VALUES (291, 249, 'Rafiq B. Salim', 24, 1, 'A1');
INSERT INTO ArrestSurrender (ArrestSurrenderID, CaseMasterID, ArrestSurrenderTypeID, ArrestSurrenderDate, ArrestSurrenderStateId, ArrestSurrenderDistrictId, PoliceStationID, IOID, CourtID, AccusedMasterID, IsAccused, IsComplainantAccused) VALUES (125, 249, 1, '2024-07-28', 1, 3, 11, 21, 3, 291, 1, 0);
INSERT INTO inv_arrestsurrenderaccused (ArrestSurrenderID, AccusedMasterID) VALUES (125, 291);
INSERT INTO ChargesheetDetails (CSID, CaseMasterID, csdate, cstype, PolicePersonID) VALUES (184, 249, '2024-09-29 13:00:00', 'A', 21);
INSERT INTO CaseMaster (CaseMasterID, CrimeNo, CaseNo, CrimeRegisteredDate, PolicePersonID, PoliceStationID, CaseCategoryID, GravityOffenceID, CrimeMajorHeadID, CrimeMinorHeadID, CaseStatusID, CourtID, IncidentFromDate, IncidentToDate, InfoReceivedPSDate, latitude, longitude, BriefFacts) VALUES (250, '100010001202400250', '202400250', '2024-06-08', 1, 1, 1, 3, 1, 1, 1, 1, '2024-06-08 12:00:00', '2024-06-08 15:00:00', '2024-06-08 12:00:00', 12.989216, 77.645607, 'Automobile Theft reported near a market entrance within Indiranagar Police Station limits. Suresh Kambali recorded statements and initiated scene verification.');
INSERT INTO Inv_OccuranceTime (CaseMasterID, IncidentFromDate, IncidentToDate, latitude, longitude, PlaceOfOccurrence) VALUES (250, '2024-06-08 12:00:00', '2024-06-08 15:00:00', 12.989216, 77.645607, 'Near a market entrance, Indiranagar');
INSERT INTO ComplainantDetails (ComplainantID, CaseMasterID, ComplainantName, AgeYear, OccupationID, ReligionID, CasteID, GenderID) VALUES (250, 250, 'Suma Murthy', 29, 4, 1, 2, 2);
INSERT INTO ActSectionAssociation (CaseMasterID, ActID, SectionID, ActOrderID, SectionOrderID) VALUES (250, 'IPC', '379', 1, 1);
INSERT INTO Victim (VictimMasterID, CaseMasterID, VictimName, AgeYear, GenderID, VictimPolice) VALUES (250, 250, 'Arun Naik', 61, 1, '0');
INSERT INTO Accused (AccusedMasterID, CaseMasterID, AccusedName, AgeYear, GenderID, PersonID) VALUES (292, 250, 'Nagaraj @ ''Snake'' Nagi', 34, 1, 'A1');
INSERT INTO ArrestSurrender (ArrestSurrenderID, CaseMasterID, ArrestSurrenderTypeID, ArrestSurrenderDate, ArrestSurrenderStateId, ArrestSurrenderDistrictId, PoliceStationID, IOID, CourtID, AccusedMasterID, IsAccused, IsComplainantAccused) VALUES (126, 250, 1, '2024-06-11', 1, 1, 1, 1, 1, 292, 1, 0);
INSERT INTO inv_arrestsurrenderaccused (ArrestSurrenderID, AccusedMasterID) VALUES (126, 292);
INSERT INTO CaseMaster (CaseMasterID, CrimeNo, CaseNo, CrimeRegisteredDate, PolicePersonID, PoliceStationID, CaseCategoryID, GravityOffenceID, CrimeMajorHeadID, CrimeMinorHeadID, CaseStatusID, CourtID, IncidentFromDate, IncidentToDate, InfoReceivedPSDate, latitude, longitude, BriefFacts) VALUES (251, '100050015202400251', '202400251', '2024-06-19', 29, 15, 1, 2, 4, 8, 1, 5, '2024-06-19 12:00:00', '2024-06-19 15:00:00', '2024-06-19 12:00:00', 15.858190, 74.501181, 'Cheating reported beside an industrial access road within Camp Police Station Belagavi limits. Prakash Patil recorded statements and initiated scene verification.');
INSERT INTO Inv_OccuranceTime (CaseMasterID, IncidentFromDate, IncidentToDate, latitude, longitude, PlaceOfOccurrence) VALUES (251, '2024-06-19 12:00:00', '2024-06-19 15:00:00', 15.858190, 74.501181, 'Beside an industrial access road, Camp Belagavi');
INSERT INTO ComplainantDetails (ComplainantID, CaseMasterID, ComplainantName, AgeYear, OccupationID, ReligionID, CasteID, GenderID) VALUES (251, 251, 'Farhan Murthy', 67, 2, 2, 2, 2);
INSERT INTO ActSectionAssociation (CaseMasterID, ActID, SectionID, ActOrderID, SectionOrderID) VALUES (251, 'IPC', '420', 1, 1);
INSERT INTO Victim (VictimMasterID, CaseMasterID, VictimName, AgeYear, GenderID, VictimPolice) VALUES (251, 251, 'Tarun Kulkarni', 27, 1, '0');
INSERT INTO Accused (AccusedMasterID, CaseMasterID, AccusedName, AgeYear, GenderID, PersonID) VALUES (293, 251, 'Vicky P. Verma', 24, 1, 'A1');
INSERT INTO ArrestSurrender (ArrestSurrenderID, CaseMasterID, ArrestSurrenderTypeID, ArrestSurrenderDate, ArrestSurrenderStateId, ArrestSurrenderDistrictId, PoliceStationID, IOID, CourtID, AccusedMasterID, IsAccused, IsComplainantAccused) VALUES (127, 251, 1, '2024-07-21', 1, 5, 15, 29, 5, 293, 1, 0);
INSERT INTO inv_arrestsurrenderaccused (ArrestSurrenderID, AccusedMasterID) VALUES (127, 293);
INSERT INTO CaseMaster (CaseMasterID, CrimeNo, CaseNo, CrimeRegisteredDate, PolicePersonID, PoliceStationID, CaseCategoryID, GravityOffenceID, CrimeMajorHeadID, CrimeMinorHeadID, CaseStatusID, CourtID, IncidentFromDate, IncidentToDate, InfoReceivedPSDate, latitude, longitude, BriefFacts) VALUES (252, '100010002202400252', '202400252', '2024-06-02', 3, 2, 1, 3, 3, 7, 2, 1, '2024-06-02 16:00:00', '2024-06-02 19:00:00', '2024-06-02 16:00:00', 12.933708, 77.633657, 'Koramangala Police Station registered the case after an incident on a residential cross road. Initial CCTV, witness, and digital-evidence checks were assigned to IO Prakash Jadhav.');
INSERT INTO Inv_OccuranceTime (CaseMasterID, IncidentFromDate, IncidentToDate, latitude, longitude, PlaceOfOccurrence) VALUES (252, '2024-06-02 16:00:00', '2024-06-02 19:00:00', 12.933708, 77.633657, 'On a residential cross road, Koramangala');
INSERT INTO ComplainantDetails (ComplainantID, CaseMasterID, ComplainantName, AgeYear, OccupationID, ReligionID, CasteID, GenderID) VALUES (252, 252, 'Latha Khan', 67, 6, 5, 3, 2);
INSERT INTO ActSectionAssociation (CaseMasterID, ActID, SectionID, ActOrderID, SectionOrderID) VALUES (252, 'IT_ACT', '66D', 1, 1);
INSERT INTO Victim (VictimMasterID, CaseMasterID, VictimName, AgeYear, GenderID, VictimPolice) VALUES (252, 252, 'Praveen Poojary', 56, 1, '0');
INSERT INTO Accused (AccusedMasterID, CaseMasterID, AccusedName, AgeYear, GenderID, PersonID) VALUES (294, 252, 'Rohit W. Khan', 24, 1, 'A1');
INSERT INTO Accused (AccusedMasterID, CaseMasterID, AccusedName, AgeYear, GenderID, PersonID) VALUES (295, 252, 'Sameer H. Khan', 42, 1, 'A2');
INSERT INTO ChargesheetDetails (CSID, CaseMasterID, csdate, cstype, PolicePersonID) VALUES (185, 252, '2024-08-06 16:00:00', 'A', 3);
INSERT INTO CaseMaster (CaseMasterID, CrimeNo, CaseNo, CrimeRegisteredDate, PolicePersonID, PoliceStationID, CaseCategoryID, GravityOffenceID, CrimeMajorHeadID, CrimeMinorHeadID, CaseStatusID, CourtID, IncidentFromDate, IncidentToDate, InfoReceivedPSDate, latitude, longitude, BriefFacts) VALUES (253, '100010004202400253', '202400253', '2024-06-13', 7, 4, 1, 3, 3, 7, 5, 1, '2024-06-13 16:00:00', '2024-06-13 17:00:00', '2024-06-13 16:00:00', 12.926683, 77.588322, 'Control room information regarding identity theft was received from outside a commercial complex. IO Kiran Bhat opened the investigation and secured preliminary evidence.');
INSERT INTO Inv_OccuranceTime (CaseMasterID, IncidentFromDate, IncidentToDate, latitude, longitude, PlaceOfOccurrence) VALUES (253, '2024-06-13 16:00:00', '2024-06-13 17:00:00', 12.926683, 77.588322, 'Outside a commercial complex, Jayanagar');
INSERT INTO ComplainantDetails (ComplainantID, CaseMasterID, ComplainantName, AgeYear, OccupationID, ReligionID, CasteID, GenderID) VALUES (253, 253, 'Shilpa Poojary', 51, 5, 1, 1, 1);
INSERT INTO ActSectionAssociation (CaseMasterID, ActID, SectionID, ActOrderID, SectionOrderID) VALUES (253, 'IT_ACT', '66D', 1, 1);
INSERT INTO Victim (VictimMasterID, CaseMasterID, VictimName, AgeYear, GenderID, VictimPolice) VALUES (253, 253, 'Asha Deshpande', 73, 2, '0');
INSERT INTO Accused (AccusedMasterID, CaseMasterID, AccusedName, AgeYear, GenderID, PersonID) VALUES (296, 253, 'Raja D. Shaikh', 27, 1, 'A1');
INSERT INTO ArrestSurrender (ArrestSurrenderID, CaseMasterID, ArrestSurrenderTypeID, ArrestSurrenderDate, ArrestSurrenderStateId, ArrestSurrenderDistrictId, PoliceStationID, IOID, CourtID, AccusedMasterID, IsAccused, IsComplainantAccused) VALUES (128, 253, 1, '2024-06-18', 1, 1, 4, 7, 1, 296, 1, 0);
INSERT INTO inv_arrestsurrenderaccused (ArrestSurrenderID, AccusedMasterID) VALUES (128, 296);
INSERT INTO CaseMaster (CaseMasterID, CrimeNo, CaseNo, CrimeRegisteredDate, PolicePersonID, PoliceStationID, CaseCategoryID, GravityOffenceID, CrimeMajorHeadID, CrimeMinorHeadID, CaseStatusID, CourtID, IncidentFromDate, IncidentToDate, InfoReceivedPSDate, latitude, longitude, BriefFacts) VALUES (254, '100010003202400254', '202400254', '2024-06-24', 5, 3, 1, 2, 3, 7, 2, 1, '2024-06-24 10:00:00', '2024-06-24 11:00:00', '2024-06-24 10:00:00', 12.962818, 77.754135, 'Whitefield Police Station registered the case after an incident near a bus stop. Initial CCTV, witness, and digital-evidence checks were assigned to IO Lakshmi Shetty.');
INSERT INTO Inv_OccuranceTime (CaseMasterID, IncidentFromDate, IncidentToDate, latitude, longitude, PlaceOfOccurrence) VALUES (254, '2024-06-24 10:00:00', '2024-06-24 11:00:00', 12.962818, 77.754135, 'Near a bus stop, Whitefield');
INSERT INTO ComplainantDetails (ComplainantID, CaseMasterID, ComplainantName, AgeYear, OccupationID, ReligionID, CasteID, GenderID) VALUES (254, 254, 'Meena Khan', 72, 3, 5, 2, 1);
INSERT INTO ActSectionAssociation (CaseMasterID, ActID, SectionID, ActOrderID, SectionOrderID) VALUES (254, 'IT_ACT', '66D', 1, 1);
INSERT INTO Victim (VictimMasterID, CaseMasterID, VictimName, AgeYear, GenderID, VictimPolice) VALUES (254, 254, 'Manoj Deshpande', 46, 1, '0');
INSERT INTO Accused (AccusedMasterID, CaseMasterID, AccusedName, AgeYear, GenderID, PersonID) VALUES (297, 254, 'Altaf K. Naik', 35, 1, 'A1');
INSERT INTO ChargesheetDetails (CSID, CaseMasterID, csdate, cstype, PolicePersonID) VALUES (186, 254, '2024-09-03 17:00:00', 'A', 5);
INSERT INTO CaseMaster (CaseMasterID, CrimeNo, CaseNo, CrimeRegisteredDate, PolicePersonID, PoliceStationID, CaseCategoryID, GravityOffenceID, CrimeMajorHeadID, CrimeMinorHeadID, CaseStatusID, CourtID, IncidentFromDate, IncidentToDate, InfoReceivedPSDate, latitude, longitude, BriefFacts) VALUES (255, '100050015202400255', '202400255', '2024-06-07', 29, 15, 1, 3, 5, 9, 1, 5, '2024-06-07 23:00:00', '2024-06-07 01:00:00', '2024-06-07 23:00:00', 15.855973, 74.504777, 'Control room information regarding ganja possession was received from near the inter-city bus stand. IO Prakash Patil opened the investigation and secured preliminary evidence.');
INSERT INTO Inv_OccuranceTime (CaseMasterID, IncidentFromDate, IncidentToDate, latitude, longitude, PlaceOfOccurrence) VALUES (255, '2024-06-07 23:00:00', '2024-06-07 01:00:00', 15.855973, 74.504777, 'Near the inter-city bus stand, Camp Belagavi');
INSERT INTO ComplainantDetails (ComplainantID, CaseMasterID, ComplainantName, AgeYear, OccupationID, ReligionID, CasteID, GenderID) VALUES (255, 255, 'Shilpa Rao', 38, 1, 2, 2, 1);
INSERT INTO ActSectionAssociation (CaseMasterID, ActID, SectionID, ActOrderID, SectionOrderID) VALUES (255, 'NDPS', '20', 1, 1);
INSERT INTO Victim (VictimMasterID, CaseMasterID, VictimName, AgeYear, GenderID, VictimPolice) VALUES (255, 255, 'Tarun Khan', 31, 1, '0');
INSERT INTO Accused (AccusedMasterID, CaseMasterID, AccusedName, AgeYear, GenderID, PersonID) VALUES (298, 255, 'Pandu R. Verma', 40, 1, 'A1');
INSERT INTO CaseMaster (CaseMasterID, CrimeNo, CaseNo, CrimeRegisteredDate, PolicePersonID, PoliceStationID, CaseCategoryID, GravityOffenceID, CrimeMajorHeadID, CrimeMinorHeadID, CaseStatusID, CourtID, IncidentFromDate, IncidentToDate, InfoReceivedPSDate, latitude, longitude, BriefFacts) VALUES (256, '100010001202400256', '202400256', '2024-06-18', 1, 1, 1, 3, 1, 1, 3, 1, '2024-06-18 09:00:00', '2024-06-18 12:00:00', '2024-06-18 09:00:00', 12.988915, 77.629894, 'Automobile Theft reported outside a commercial complex within Indiranagar Police Station limits. Suresh Kambali recorded statements and initiated scene verification.');
INSERT INTO Inv_OccuranceTime (CaseMasterID, IncidentFromDate, IncidentToDate, latitude, longitude, PlaceOfOccurrence) VALUES (256, '2024-06-18 09:00:00', '2024-06-18 12:00:00', 12.988915, 77.629894, 'Outside a commercial complex, Indiranagar');
INSERT INTO ComplainantDetails (ComplainantID, CaseMasterID, ComplainantName, AgeYear, OccupationID, ReligionID, CasteID, GenderID) VALUES (256, 256, 'Nandini Rao', 35, 5, 1, 1, 2);
INSERT INTO ActSectionAssociation (CaseMasterID, ActID, SectionID, ActOrderID, SectionOrderID) VALUES (256, 'IPC', '379', 1, 1);
INSERT INTO Victim (VictimMasterID, CaseMasterID, VictimName, AgeYear, GenderID, VictimPolice) VALUES (256, 256, 'Roshan Rao', 57, 2, '0');
INSERT INTO Accused (AccusedMasterID, CaseMasterID, AccusedName, AgeYear, GenderID, PersonID) VALUES (299, 256, 'Dharma Y. Singh', 38, 1, 'A1');
INSERT INTO ChargesheetDetails (CSID, CaseMasterID, csdate, cstype, PolicePersonID) VALUES (187, 256, '2024-07-29 14:00:00', 'A', 1);
INSERT INTO CaseMaster (CaseMasterID, CrimeNo, CaseNo, CrimeRegisteredDate, PolicePersonID, PoliceStationID, CaseCategoryID, GravityOffenceID, CrimeMajorHeadID, CrimeMinorHeadID, CaseStatusID, CourtID, IncidentFromDate, IncidentToDate, InfoReceivedPSDate, latitude, longitude, BriefFacts) VALUES (257, '100010004202400257', '202400257', '2024-06-01', 7, 4, 1, 3, 5, 9, 2, 1, '2024-06-01 18:00:00', '2024-06-01 20:00:00', '2024-06-01 18:00:00', 12.915950, 77.595746, 'Ganja Possession reported near a bus stop within Jayanagar Police Station limits. Kiran Bhat recorded statements and initiated scene verification.');
INSERT INTO Inv_OccuranceTime (CaseMasterID, IncidentFromDate, IncidentToDate, latitude, longitude, PlaceOfOccurrence) VALUES (257, '2024-06-01 18:00:00', '2024-06-01 20:00:00', 12.915950, 77.595746, 'Near a bus stop, Jayanagar');
INSERT INTO ComplainantDetails (ComplainantID, CaseMasterID, ComplainantName, AgeYear, OccupationID, ReligionID, CasteID, GenderID) VALUES (257, 257, 'Anand Poojary', 47, 5, 5, 1, 1);
INSERT INTO ActSectionAssociation (CaseMasterID, ActID, SectionID, ActOrderID, SectionOrderID) VALUES (257, 'NDPS', '20', 1, 1);
INSERT INTO Victim (VictimMasterID, CaseMasterID, VictimName, AgeYear, GenderID, VictimPolice) VALUES (257, 257, 'Roshan Naik', 61, 2, '0');
INSERT INTO Accused (AccusedMasterID, CaseMasterID, AccusedName, AgeYear, GenderID, PersonID) VALUES (300, 257, 'Rohit F. Kumar', 34, 1, 'A1');
INSERT INTO ChargesheetDetails (CSID, CaseMasterID, csdate, cstype, PolicePersonID) VALUES (188, 257, '2024-08-10 14:00:00', 'A', 7);
INSERT INTO CaseMaster (CaseMasterID, CrimeNo, CaseNo, CrimeRegisteredDate, PolicePersonID, PoliceStationID, CaseCategoryID, GravityOffenceID, CrimeMajorHeadID, CrimeMinorHeadID, CaseStatusID, CourtID, IncidentFromDate, IncidentToDate, InfoReceivedPSDate, latitude, longitude, BriefFacts) VALUES (258, '100060018202400258', '202400258', '2024-06-12', 35, 18, 1, 3, 5, 9, 5, 6, '2024-06-12 12:00:00', '2024-06-12 15:00:00', '2024-06-12 12:00:00', 17.328956, 76.841319, 'Control room information regarding ganja possession was received from near the central market. IO Prakash Kambali opened the investigation and secured preliminary evidence.');
INSERT INTO Inv_OccuranceTime (CaseMasterID, IncidentFromDate, IncidentToDate, latitude, longitude, PlaceOfOccurrence) VALUES (258, '2024-06-12 12:00:00', '2024-06-12 15:00:00', 17.328956, 76.841319, 'Near the central market, Station Bazar');
INSERT INTO ComplainantDetails (ComplainantID, CaseMasterID, ComplainantName, AgeYear, OccupationID, ReligionID, CasteID, GenderID) VALUES (258, 258, 'Radha Poojary', 32, 1, 4, 3, 2);
INSERT INTO ActSectionAssociation (CaseMasterID, ActID, SectionID, ActOrderID, SectionOrderID) VALUES (258, 'NDPS', '20', 1, 1);
INSERT INTO Victim (VictimMasterID, CaseMasterID, VictimName, AgeYear, GenderID, VictimPolice) VALUES (258, 258, 'Praveen Khan', 19, 2, '0');
INSERT INTO Accused (AccusedMasterID, CaseMasterID, AccusedName, AgeYear, GenderID, PersonID) VALUES (301, 258, 'Jagga M. Gowda', 28, 1, 'A1');
INSERT INTO CaseMaster (CaseMasterID, CrimeNo, CaseNo, CrimeRegisteredDate, PolicePersonID, PoliceStationID, CaseCategoryID, GravityOffenceID, CrimeMajorHeadID, CrimeMinorHeadID, CaseStatusID, CourtID, IncidentFromDate, IncidentToDate, InfoReceivedPSDate, latitude, longitude, BriefFacts) VALUES (259, '100060018202400259', '202400259', '2024-06-23', 35, 18, 1, 1, 5, 9, 2, 6, '2024-06-23 13:00:00', '2024-06-23 16:00:00', '2024-06-23 13:00:00', 17.319002, 76.825314, 'Complainant reported a suspected ganja possession incident on the ring road service lane. The matter was registered at Station Bazar Police Station and assigned to Prakash Kambali.');
INSERT INTO Inv_OccuranceTime (CaseMasterID, IncidentFromDate, IncidentToDate, latitude, longitude, PlaceOfOccurrence) VALUES (259, '2024-06-23 13:00:00', '2024-06-23 16:00:00', 17.319002, 76.825314, 'On the ring road service lane, Station Bazar');
INSERT INTO ComplainantDetails (ComplainantID, CaseMasterID, ComplainantName, AgeYear, OccupationID, ReligionID, CasteID, GenderID) VALUES (259, 259, 'Nandini Bhat', 67, 7, 2, 1, 2);
INSERT INTO ActSectionAssociation (CaseMasterID, ActID, SectionID, ActOrderID, SectionOrderID) VALUES (259, 'NDPS', '20', 1, 1);
INSERT INTO Victim (VictimMasterID, CaseMasterID, VictimName, AgeYear, GenderID, VictimPolice) VALUES (259, 259, 'Tarun Murthy', 46, 1, '0');
INSERT INTO Accused (AccusedMasterID, CaseMasterID, AccusedName, AgeYear, GenderID, PersonID) VALUES (302, 259, 'Lokesh T. Reddy', 42, 1, 'A1');
INSERT INTO ArrestSurrender (ArrestSurrenderID, CaseMasterID, ArrestSurrenderTypeID, ArrestSurrenderDate, ArrestSurrenderStateId, ArrestSurrenderDistrictId, PoliceStationID, IOID, CourtID, AccusedMasterID, IsAccused, IsComplainantAccused) VALUES (129, 259, 1, '2024-06-30', 1, 6, 18, 35, 6, 302, 1, 0);
INSERT INTO inv_arrestsurrenderaccused (ArrestSurrenderID, AccusedMasterID) VALUES (129, 302);
INSERT INTO ChargesheetDetails (CSID, CaseMasterID, csdate, cstype, PolicePersonID) VALUES (189, 259, '2024-08-06 15:00:00', 'A', 35);
INSERT INTO CaseMaster (CaseMasterID, CrimeNo, CaseNo, CrimeRegisteredDate, PolicePersonID, PoliceStationID, CaseCategoryID, GravityOffenceID, CrimeMajorHeadID, CrimeMinorHeadID, CaseStatusID, CourtID, IncidentFromDate, IncidentToDate, InfoReceivedPSDate, latitude, longitude, BriefFacts) VALUES (260, '100030009202400260', '202400260', '2024-06-06', 17, 9, 1, 3, 5, 9, 2, 3, '2024-06-06 11:00:00', '2024-06-06 12:00:00', '2024-06-06 11:00:00', 12.876951, 74.845744, 'Kadri Police Station registered the case after an incident on the ring road service lane. Initial CCTV, witness, and digital-evidence checks were assigned to IO Basavaraj Patil.');
INSERT INTO Inv_OccuranceTime (CaseMasterID, IncidentFromDate, IncidentToDate, latitude, longitude, PlaceOfOccurrence) VALUES (260, '2024-06-06 11:00:00', '2024-06-06 12:00:00', 12.876951, 74.845744, 'On the ring road service lane, Kadri');
INSERT INTO ComplainantDetails (ComplainantID, CaseMasterID, ComplainantName, AgeYear, OccupationID, ReligionID, CasteID, GenderID) VALUES (260, 260, 'Kavitha Kulkarni', 67, 7, 5, 1, 1);
INSERT INTO ActSectionAssociation (CaseMasterID, ActID, SectionID, ActOrderID, SectionOrderID) VALUES (260, 'NDPS', '20', 1, 1);
INSERT INTO Victim (VictimMasterID, CaseMasterID, VictimName, AgeYear, GenderID, VictimPolice) VALUES (260, 260, 'Asha Rao', 26, 1, '0');
INSERT INTO Accused (AccusedMasterID, CaseMasterID, AccusedName, AgeYear, GenderID, PersonID) VALUES (303, 260, 'Dharma A. Poojary', 23, 1, 'A1');
INSERT INTO ChargesheetDetails (CSID, CaseMasterID, csdate, cstype, PolicePersonID) VALUES (190, 260, '2024-08-25 11:00:00', 'A', 17);
INSERT INTO CaseMaster (CaseMasterID, CrimeNo, CaseNo, CrimeRegisteredDate, PolicePersonID, PoliceStationID, CaseCategoryID, GravityOffenceID, CrimeMajorHeadID, CrimeMinorHeadID, CaseStatusID, CourtID, IncidentFromDate, IncidentToDate, InfoReceivedPSDate, latitude, longitude, BriefFacts) VALUES (261, '100010003202400261', '202400261', '2024-06-17', 5, 3, 1, 3, 1, 1, 1, 1, '2024-06-17 19:00:00', '2024-06-17 20:00:00', '2024-06-17 19:00:00', 12.972108, 77.751466, 'Whitefield Police Station registered the case after an incident near a bus stop. Initial CCTV, witness, and digital-evidence checks were assigned to IO Lakshmi Shetty.');
INSERT INTO Inv_OccuranceTime (CaseMasterID, IncidentFromDate, IncidentToDate, latitude, longitude, PlaceOfOccurrence) VALUES (261, '2024-06-17 19:00:00', '2024-06-17 20:00:00', 12.972108, 77.751466, 'Near a bus stop, Whitefield');
INSERT INTO ComplainantDetails (ComplainantID, CaseMasterID, ComplainantName, AgeYear, OccupationID, ReligionID, CasteID, GenderID) VALUES (261, 261, 'Jagadish Bhat', 51, 3, 5, 5, 2);
INSERT INTO ActSectionAssociation (CaseMasterID, ActID, SectionID, ActOrderID, SectionOrderID) VALUES (261, 'IPC', '379', 1, 1);
INSERT INTO Victim (VictimMasterID, CaseMasterID, VictimName, AgeYear, GenderID, VictimPolice) VALUES (261, 261, 'Manoj Khan', 68, 1, '0');
INSERT INTO Accused (AccusedMasterID, CaseMasterID, AccusedName, AgeYear, GenderID, PersonID) VALUES (304, 261, 'Dharma H. Verma', 34, 1, 'A1');
INSERT INTO Accused (AccusedMasterID, CaseMasterID, AccusedName, AgeYear, GenderID, PersonID) VALUES (305, 261, 'Raja S. Gowda', 33, 1, 'A2');
INSERT INTO ArrestSurrender (ArrestSurrenderID, CaseMasterID, ArrestSurrenderTypeID, ArrestSurrenderDate, ArrestSurrenderStateId, ArrestSurrenderDistrictId, PoliceStationID, IOID, CourtID, AccusedMasterID, IsAccused, IsComplainantAccused) VALUES (130, 261, 1, '2024-07-20', 1, 1, 3, 5, 1, 304, 1, 0);
INSERT INTO inv_arrestsurrenderaccused (ArrestSurrenderID, AccusedMasterID) VALUES (130, 304);
INSERT INTO inv_arrestsurrenderaccused (ArrestSurrenderID, AccusedMasterID) VALUES (130, 305);
INSERT INTO CaseMaster (CaseMasterID, CrimeNo, CaseNo, CrimeRegisteredDate, PolicePersonID, PoliceStationID, CaseCategoryID, GravityOffenceID, CrimeMajorHeadID, CrimeMinorHeadID, CaseStatusID, CourtID, IncidentFromDate, IncidentToDate, InfoReceivedPSDate, latitude, longitude, BriefFacts) VALUES (262, '100020007202400262', '202400262', '2024-06-28', 13, 7, 1, 2, 3, 7, 1, 2, '2024-06-28 09:00:00', '2024-06-28 12:00:00', '2024-06-28 09:00:00', 12.311986, 76.658404, 'Control room information regarding identity theft was received from beside an industrial access road. IO Suresh Rao opened the investigation and secured preliminary evidence.');
INSERT INTO Inv_OccuranceTime (CaseMasterID, IncidentFromDate, IncidentToDate, latitude, longitude, PlaceOfOccurrence) VALUES (262, '2024-06-28 09:00:00', '2024-06-28 12:00:00', 12.311986, 76.658404, 'Beside an industrial access road, Lashkar');
INSERT INTO ComplainantDetails (ComplainantID, CaseMasterID, ComplainantName, AgeYear, OccupationID, ReligionID, CasteID, GenderID) VALUES (262, 262, 'Girish Rao', 32, 2, 5, 3, 1);
INSERT INTO ActSectionAssociation (CaseMasterID, ActID, SectionID, ActOrderID, SectionOrderID) VALUES (262, 'IT_ACT', '66D', 1, 1);
INSERT INTO Victim (VictimMasterID, CaseMasterID, VictimName, AgeYear, GenderID, VictimPolice) VALUES (262, 262, 'Fathima Fernandes', 34, 1, '0');
INSERT INTO Accused (AccusedMasterID, CaseMasterID, AccusedName, AgeYear, GenderID, PersonID) VALUES (306, 262, 'Rohit O. Salim', 22, 1, 'A1');
INSERT INTO Accused (AccusedMasterID, CaseMasterID, AccusedName, AgeYear, GenderID, PersonID) VALUES (307, 262, 'Manjunath Z. Reddy', 27, 1, 'A2');
INSERT INTO CaseMaster (CaseMasterID, CrimeNo, CaseNo, CrimeRegisteredDate, PolicePersonID, PoliceStationID, CaseCategoryID, GravityOffenceID, CrimeMajorHeadID, CrimeMinorHeadID, CaseStatusID, CourtID, IncidentFromDate, IncidentToDate, InfoReceivedPSDate, latitude, longitude, BriefFacts) VALUES (263, '100060018202400263', '202400263', '2024-06-11', 35, 18, 1, 3, 1, 1, 4, 6, '2024-06-11 08:00:00', '2024-06-11 11:00:00', '2024-06-11 08:00:00', 17.337959, 76.830440, 'Automobile Theft reported near the central market within Station Bazar Police Station limits. Prakash Kambali recorded statements and initiated scene verification.');
INSERT INTO Inv_OccuranceTime (CaseMasterID, IncidentFromDate, IncidentToDate, latitude, longitude, PlaceOfOccurrence) VALUES (263, '2024-06-11 08:00:00', '2024-06-11 11:00:00', 17.337959, 76.830440, 'Near the central market, Station Bazar');
INSERT INTO ComplainantDetails (ComplainantID, CaseMasterID, ComplainantName, AgeYear, OccupationID, ReligionID, CasteID, GenderID) VALUES (263, 263, 'Suma Naik', 68, 5, 4, 1, 2);
INSERT INTO ActSectionAssociation (CaseMasterID, ActID, SectionID, ActOrderID, SectionOrderID) VALUES (263, 'IPC', '379', 1, 1);
INSERT INTO Victim (VictimMasterID, CaseMasterID, VictimName, AgeYear, GenderID, VictimPolice) VALUES (263, 263, 'Arun Fernandes', 51, 2, '0');
INSERT INTO Accused (AccusedMasterID, CaseMasterID, AccusedName, AgeYear, GenderID, PersonID) VALUES (308, 263, 'Tukaram V. Jadhav', 43, 1, 'A1');
INSERT INTO ChargesheetDetails (CSID, CaseMasterID, csdate, cstype, PolicePersonID) VALUES (191, 263, '2024-08-22 15:00:00', 'A', 35);
INSERT INTO CaseMaster (CaseMasterID, CrimeNo, CaseNo, CrimeRegisteredDate, PolicePersonID, PoliceStationID, CaseCategoryID, GravityOffenceID, CrimeMajorHeadID, CrimeMinorHeadID, CaseStatusID, CourtID, IncidentFromDate, IncidentToDate, InfoReceivedPSDate, latitude, longitude, BriefFacts) VALUES (264, '100020008202400264', '202400264', '2024-06-22', 15, 8, 1, 3, 1, 2, 2, 2, '2024-06-22 02:00:00', '2024-06-22 05:00:00', '2024-06-22 02:00:00', 12.340891, 76.626576, 'Control room information regarding house breaking night was received from beside an industrial access road. IO Sunil Kulkarni opened the investigation and secured preliminary evidence.');
INSERT INTO Inv_OccuranceTime (CaseMasterID, IncidentFromDate, IncidentToDate, latitude, longitude, PlaceOfOccurrence) VALUES (264, '2024-06-22 02:00:00', '2024-06-22 05:00:00', 12.340891, 76.626576, 'Beside an industrial access road, Vijayanagar Mysuru');
INSERT INTO ComplainantDetails (ComplainantID, CaseMasterID, ComplainantName, AgeYear, OccupationID, ReligionID, CasteID, GenderID) VALUES (264, 264, 'Anand Poojary', 64, 3, 4, 4, 1);
INSERT INTO ActSectionAssociation (CaseMasterID, ActID, SectionID, ActOrderID, SectionOrderID) VALUES (264, 'IPC', '379', 1, 1);
INSERT INTO Victim (VictimMasterID, CaseMasterID, VictimName, AgeYear, GenderID, VictimPolice) VALUES (264, 264, 'Praveen Murthy', 33, 2, '0');
INSERT INTO Accused (AccusedMasterID, CaseMasterID, AccusedName, AgeYear, GenderID, PersonID) VALUES (309, 264, 'Ajay C. Patil', 31, 1, 'A1');
INSERT INTO ChargesheetDetails (CSID, CaseMasterID, csdate, cstype, PolicePersonID) VALUES (192, 264, '2024-09-26 10:00:00', 'A', 15);
INSERT INTO CaseMaster (CaseMasterID, CrimeNo, CaseNo, CrimeRegisteredDate, PolicePersonID, PoliceStationID, CaseCategoryID, GravityOffenceID, CrimeMajorHeadID, CrimeMinorHeadID, CaseStatusID, CourtID, IncidentFromDate, IncidentToDate, InfoReceivedPSDate, latitude, longitude, BriefFacts) VALUES (265, '100010001202400265', '202400265', '2024-06-05', 1, 1, 1, 1, 2, 4, 1, 1, '2024-06-05 23:00:00', '2024-06-05 00:00:00', '2024-06-05 23:00:00', 12.969173, 77.630675, 'Murder reported beside a metro approach road within Indiranagar Police Station limits. Suresh Kambali recorded statements and initiated scene verification.');
INSERT INTO Inv_OccuranceTime (CaseMasterID, IncidentFromDate, IncidentToDate, latitude, longitude, PlaceOfOccurrence) VALUES (265, '2024-06-05 23:00:00', '2024-06-05 00:00:00', 12.969173, 77.630675, 'Beside a metro approach road, Indiranagar');
INSERT INTO ComplainantDetails (ComplainantID, CaseMasterID, ComplainantName, AgeYear, OccupationID, ReligionID, CasteID, GenderID) VALUES (265, 265, 'Suma Hegde', 72, 3, 3, 3, 2);
INSERT INTO ActSectionAssociation (CaseMasterID, ActID, SectionID, ActOrderID, SectionOrderID) VALUES (265, 'IPC', '302', 1, 1);
INSERT INTO Victim (VictimMasterID, CaseMasterID, VictimName, AgeYear, GenderID, VictimPolice) VALUES (265, 265, 'Bhavya Bhat', 45, 2, '0');
INSERT INTO Accused (AccusedMasterID, CaseMasterID, AccusedName, AgeYear, GenderID, PersonID) VALUES (310, 265, 'Raja J. Poojary', 39, 1, 'A1');
INSERT INTO ArrestSurrender (ArrestSurrenderID, CaseMasterID, ArrestSurrenderTypeID, ArrestSurrenderDate, ArrestSurrenderStateId, ArrestSurrenderDistrictId, PoliceStationID, IOID, CourtID, AccusedMasterID, IsAccused, IsComplainantAccused) VALUES (131, 265, 1, '2024-06-15', 1, 1, 1, 1, 1, 310, 1, 0);
INSERT INTO inv_arrestsurrenderaccused (ArrestSurrenderID, AccusedMasterID) VALUES (131, 310);
INSERT INTO CaseMaster (CaseMasterID, CrimeNo, CaseNo, CrimeRegisteredDate, PolicePersonID, PoliceStationID, CaseCategoryID, GravityOffenceID, CrimeMajorHeadID, CrimeMinorHeadID, CaseStatusID, CourtID, IncidentFromDate, IncidentToDate, InfoReceivedPSDate, latitude, longitude, BriefFacts) VALUES (266, '100030010202400266', '202400266', '2024-06-16', 19, 10, 1, 3, 1, 1, 1, 3, '2024-06-16 10:00:00', '2024-06-16 13:00:00', '2024-06-16 10:00:00', 12.858778, 74.829007, 'Control room information regarding automobile theft was received from near the central market. IO Shankar Rao opened the investigation and secured preliminary evidence.');
INSERT INTO Inv_OccuranceTime (CaseMasterID, IncidentFromDate, IncidentToDate, latitude, longitude, PlaceOfOccurrence) VALUES (266, '2024-06-16 10:00:00', '2024-06-16 13:00:00', 12.858778, 74.829007, 'Near the central market, Pandeshwar');
INSERT INTO ComplainantDetails (ComplainantID, CaseMasterID, ComplainantName, AgeYear, OccupationID, ReligionID, CasteID, GenderID) VALUES (266, 266, 'Harish Deshpande', 25, 7, 1, 4, 1);
INSERT INTO ActSectionAssociation (CaseMasterID, ActID, SectionID, ActOrderID, SectionOrderID) VALUES (266, 'IPC', '379', 1, 1);
INSERT INTO Victim (VictimMasterID, CaseMasterID, VictimName, AgeYear, GenderID, VictimPolice) VALUES (266, 266, 'Bhavya Poojary', 69, 2, '0');
INSERT INTO Accused (AccusedMasterID, CaseMasterID, AccusedName, AgeYear, GenderID, PersonID) VALUES (311, 266, 'Salman Q. Shetty', 25, 1, 'A1');
INSERT INTO CaseMaster (CaseMasterID, CrimeNo, CaseNo, CrimeRegisteredDate, PolicePersonID, PoliceStationID, CaseCategoryID, GravityOffenceID, CrimeMajorHeadID, CrimeMinorHeadID, CaseStatusID, CourtID, IncidentFromDate, IncidentToDate, InfoReceivedPSDate, latitude, longitude, BriefFacts) VALUES (267, '100010001202400267', '202400267', '2024-06-27', 1, 1, 1, 1, 1, 3, 2, 1, '2024-06-27 21:00:00', '2024-06-27 22:00:00', '2024-06-27 21:00:00', 12.973865, 77.647826, 'Chain Snatching reported near a market entrance within Indiranagar Police Station limits. Suresh Kambali recorded statements and initiated scene verification.');
INSERT INTO Inv_OccuranceTime (CaseMasterID, IncidentFromDate, IncidentToDate, latitude, longitude, PlaceOfOccurrence) VALUES (267, '2024-06-27 21:00:00', '2024-06-27 22:00:00', 12.973865, 77.647826, 'Near a market entrance, Indiranagar');
INSERT INTO ComplainantDetails (ComplainantID, CaseMasterID, ComplainantName, AgeYear, OccupationID, ReligionID, CasteID, GenderID) VALUES (267, 267, 'Harish Murthy', 66, 7, 1, 5, 2);
INSERT INTO ActSectionAssociation (CaseMasterID, ActID, SectionID, ActOrderID, SectionOrderID) VALUES (267, 'IPC', '379', 1, 1);
INSERT INTO Victim (VictimMasterID, CaseMasterID, VictimName, AgeYear, GenderID, VictimPolice) VALUES (267, 267, 'Roshan Deshpande', 28, 2, '0');
INSERT INTO Accused (AccusedMasterID, CaseMasterID, AccusedName, AgeYear, GenderID, PersonID) VALUES (312, 267, 'Imtiaz X. Shetty', 29, 1, 'A1');
INSERT INTO ArrestSurrender (ArrestSurrenderID, CaseMasterID, ArrestSurrenderTypeID, ArrestSurrenderDate, ArrestSurrenderStateId, ArrestSurrenderDistrictId, PoliceStationID, IOID, CourtID, AccusedMasterID, IsAccused, IsComplainantAccused) VALUES (132, 267, 1, '2024-07-05', 1, 1, 1, 1, 1, 312, 1, 0);
INSERT INTO inv_arrestsurrenderaccused (ArrestSurrenderID, AccusedMasterID) VALUES (132, 312);
INSERT INTO ChargesheetDetails (CSID, CaseMasterID, csdate, cstype, PolicePersonID) VALUES (193, 267, '2024-07-29 11:00:00', 'A', 1);
INSERT INTO CaseMaster (CaseMasterID, CrimeNo, CaseNo, CrimeRegisteredDate, PolicePersonID, PoliceStationID, CaseCategoryID, GravityOffenceID, CrimeMajorHeadID, CrimeMinorHeadID, CaseStatusID, CourtID, IncidentFromDate, IncidentToDate, InfoReceivedPSDate, latitude, longitude, BriefFacts) VALUES (268, '100050015202400268', '202400268', '2024-06-10', 29, 15, 1, 3, 5, 9, 1, 5, '2024-06-10 21:00:00', '2024-06-10 23:00:00', '2024-06-10 21:00:00', 15.851601, 74.507924, 'Camp Police Station Belagavi registered the case after an incident beside an industrial access road. Initial CCTV, witness, and digital-evidence checks were assigned to IO Prakash Patil.');
INSERT INTO Inv_OccuranceTime (CaseMasterID, IncidentFromDate, IncidentToDate, latitude, longitude, PlaceOfOccurrence) VALUES (268, '2024-06-10 21:00:00', '2024-06-10 23:00:00', 15.851601, 74.507924, 'Beside an industrial access road, Camp Belagavi');
INSERT INTO ComplainantDetails (ComplainantID, CaseMasterID, ComplainantName, AgeYear, OccupationID, ReligionID, CasteID, GenderID) VALUES (268, 268, 'Naveena Patil', 35, 2, 5, 5, 1);
INSERT INTO ActSectionAssociation (CaseMasterID, ActID, SectionID, ActOrderID, SectionOrderID) VALUES (268, 'NDPS', '20', 1, 1);
INSERT INTO Victim (VictimMasterID, CaseMasterID, VictimName, AgeYear, GenderID, VictimPolice) VALUES (268, 268, 'Roshan Bhat', 63, 1, '0');
INSERT INTO Accused (AccusedMasterID, CaseMasterID, AccusedName, AgeYear, GenderID, PersonID) VALUES (313, 268, 'Raja E. Naik', 38, 1, 'A1');
INSERT INTO CaseMaster (CaseMasterID, CrimeNo, CaseNo, CrimeRegisteredDate, PolicePersonID, PoliceStationID, CaseCategoryID, GravityOffenceID, CrimeMajorHeadID, CrimeMinorHeadID, CaseStatusID, CourtID, IncidentFromDate, IncidentToDate, InfoReceivedPSDate, latitude, longitude, BriefFacts) VALUES (269, '100010004202400269', '202400269', '2024-06-21', 7, 4, 1, 3, 4, 8, 1, 1, '2024-06-21 14:00:00', '2024-06-21 16:00:00', '2024-06-21 14:00:00', 12.933997, 77.586031, 'Control room information regarding cheating was received from beside a metro approach road. IO Kiran Bhat opened the investigation and secured preliminary evidence.');
INSERT INTO Inv_OccuranceTime (CaseMasterID, IncidentFromDate, IncidentToDate, latitude, longitude, PlaceOfOccurrence) VALUES (269, '2024-06-21 14:00:00', '2024-06-21 16:00:00', 12.933997, 77.586031, 'Beside a metro approach road, Jayanagar');
INSERT INTO ComplainantDetails (ComplainantID, CaseMasterID, ComplainantName, AgeYear, OccupationID, ReligionID, CasteID, GenderID) VALUES (269, 269, 'Latha Fernandes', 30, 4, 2, 1, 2);
INSERT INTO ActSectionAssociation (CaseMasterID, ActID, SectionID, ActOrderID, SectionOrderID) VALUES (269, 'IPC', '420', 1, 1);
INSERT INTO Victim (VictimMasterID, CaseMasterID, VictimName, AgeYear, GenderID, VictimPolice) VALUES (269, 269, 'Tarun Poojary', 73, 1, '0');
INSERT INTO Accused (AccusedMasterID, CaseMasterID, AccusedName, AgeYear, GenderID, PersonID) VALUES (314, 269, 'Nagesh L. Poojary', 39, 1, 'A1');
INSERT INTO Accused (AccusedMasterID, CaseMasterID, AccusedName, AgeYear, GenderID, PersonID) VALUES (315, 269, 'Pandu W. Gowda', 34, 1, 'A2');
INSERT INTO CaseMaster (CaseMasterID, CrimeNo, CaseNo, CrimeRegisteredDate, PolicePersonID, PoliceStationID, CaseCategoryID, GravityOffenceID, CrimeMajorHeadID, CrimeMinorHeadID, CaseStatusID, CourtID, IncidentFromDate, IncidentToDate, InfoReceivedPSDate, latitude, longitude, BriefFacts) VALUES (270, '100020008202400270', '202400270', '2024-06-04', 15, 8, 2, 2, 2, 5, 1, 2, '2024-06-04 19:00:00', '2024-06-04 21:00:00', '2024-06-04 19:00:00', 12.329224, 76.619737, 'Vijayanagar Police Station Mysuru registered the case after an incident on the ring road service lane. Initial CCTV, witness, and digital-evidence checks were assigned to IO Sunil Kulkarni.');
INSERT INTO Inv_OccuranceTime (CaseMasterID, IncidentFromDate, IncidentToDate, latitude, longitude, PlaceOfOccurrence) VALUES (270, '2024-06-04 19:00:00', '2024-06-04 21:00:00', 12.329224, 76.619737, 'On the ring road service lane, Vijayanagar Mysuru');
INSERT INTO ComplainantDetails (ComplainantID, CaseMasterID, ComplainantName, AgeYear, OccupationID, ReligionID, CasteID, GenderID) VALUES (270, 270, 'Radha Joshi', 48, 1, 1, 5, 1);
INSERT INTO ActSectionAssociation (CaseMasterID, ActID, SectionID, ActOrderID, SectionOrderID) VALUES (270, 'IPC', '302', 1, 1);
INSERT INTO Victim (VictimMasterID, CaseMasterID, VictimName, AgeYear, GenderID, VictimPolice) VALUES (270, 270, 'Sangeetha Fernandes', 24, 1, '0');
INSERT INTO Accused (AccusedMasterID, CaseMasterID, AccusedName, AgeYear, GenderID, PersonID) VALUES (316, 270, 'Imtiaz S. Reddy', 30, 1, 'A1');
INSERT INTO CaseMaster (CaseMasterID, CrimeNo, CaseNo, CrimeRegisteredDate, PolicePersonID, PoliceStationID, CaseCategoryID, GravityOffenceID, CrimeMajorHeadID, CrimeMinorHeadID, CaseStatusID, CourtID, IncidentFromDate, IncidentToDate, InfoReceivedPSDate, latitude, longitude, BriefFacts) VALUES (271, '100010003202400271', '202400271', '2024-06-15', 5, 3, 1, 3, 1, 2, 1, 1, '2024-06-15 03:00:00', '2024-06-15 06:00:00', '2024-06-15 03:00:00', 12.966222, 77.740422, 'House Breaking Night reported on a residential cross road within Whitefield Police Station limits. Lakshmi Shetty recorded statements and initiated scene verification.');
INSERT INTO Inv_OccuranceTime (CaseMasterID, IncidentFromDate, IncidentToDate, latitude, longitude, PlaceOfOccurrence) VALUES (271, '2024-06-15 03:00:00', '2024-06-15 06:00:00', 12.966222, 77.740422, 'On a residential cross road, Whitefield');
INSERT INTO ComplainantDetails (ComplainantID, CaseMasterID, ComplainantName, AgeYear, OccupationID, ReligionID, CasteID, GenderID) VALUES (271, 271, 'Harish Deshpande', 61, 1, 3, 2, 1);
INSERT INTO ActSectionAssociation (CaseMasterID, ActID, SectionID, ActOrderID, SectionOrderID) VALUES (271, 'IPC', '379', 1, 1);
INSERT INTO Victim (VictimMasterID, CaseMasterID, VictimName, AgeYear, GenderID, VictimPolice) VALUES (271, 271, 'Vinay Khan', 47, 2, '0');
INSERT INTO Accused (AccusedMasterID, CaseMasterID, AccusedName, AgeYear, GenderID, PersonID) VALUES (317, 271, 'Salman Z. Verma', 31, 1, 'A1');
INSERT INTO CaseMaster (CaseMasterID, CrimeNo, CaseNo, CrimeRegisteredDate, PolicePersonID, PoliceStationID, CaseCategoryID, GravityOffenceID, CrimeMajorHeadID, CrimeMinorHeadID, CaseStatusID, CourtID, IncidentFromDate, IncidentToDate, InfoReceivedPSDate, latitude, longitude, BriefFacts) VALUES (272, '100010003202400272', '202400272', '2024-06-26', 5, 3, 1, 2, 1, 1, 2, 1, '2024-06-26 20:00:00', '2024-06-26 22:00:00', '2024-06-26 20:00:00', 12.977516, 77.758558, 'Complainant reported a suspected automobile theft incident outside a commercial complex. The matter was registered at Whitefield Police Station and assigned to Lakshmi Shetty.');
INSERT INTO Inv_OccuranceTime (CaseMasterID, IncidentFromDate, IncidentToDate, latitude, longitude, PlaceOfOccurrence) VALUES (272, '2024-06-26 20:00:00', '2024-06-26 22:00:00', 12.977516, 77.758558, 'Outside a commercial complex, Whitefield');
INSERT INTO ComplainantDetails (ComplainantID, CaseMasterID, ComplainantName, AgeYear, OccupationID, ReligionID, CasteID, GenderID) VALUES (272, 272, 'Harish Kulkarni', 71, 2, 4, 1, 1);
INSERT INTO ActSectionAssociation (CaseMasterID, ActID, SectionID, ActOrderID, SectionOrderID) VALUES (272, 'IPC', '379', 1, 1);
INSERT INTO Victim (VictimMasterID, CaseMasterID, VictimName, AgeYear, GenderID, VictimPolice) VALUES (272, 272, 'Tarun Naik', 61, 2, '0');
INSERT INTO Accused (AccusedMasterID, CaseMasterID, AccusedName, AgeYear, GenderID, PersonID) VALUES (318, 272, 'Jagga G. Patil', 20, 1, 'A1');
INSERT INTO ArrestSurrender (ArrestSurrenderID, CaseMasterID, ArrestSurrenderTypeID, ArrestSurrenderDate, ArrestSurrenderStateId, ArrestSurrenderDistrictId, PoliceStationID, IOID, CourtID, AccusedMasterID, IsAccused, IsComplainantAccused) VALUES (133, 272, 1, '2024-07-08', 1, 1, 3, 5, 1, 318, 1, 0);
INSERT INTO inv_arrestsurrenderaccused (ArrestSurrenderID, AccusedMasterID) VALUES (133, 318);
INSERT INTO ChargesheetDetails (CSID, CaseMasterID, csdate, cstype, PolicePersonID) VALUES (194, 272, '2024-09-05 13:00:00', 'A', 5);
INSERT INTO CaseMaster (CaseMasterID, CrimeNo, CaseNo, CrimeRegisteredDate, PolicePersonID, PoliceStationID, CaseCategoryID, GravityOffenceID, CrimeMajorHeadID, CrimeMinorHeadID, CaseStatusID, CourtID, IncidentFromDate, IncidentToDate, InfoReceivedPSDate, latitude, longitude, BriefFacts) VALUES (273, '100010002202400273', '202400273', '2024-06-09', 3, 2, 1, 2, 1, 2, 4, 1, '2024-06-09 02:00:00', '2024-06-09 05:00:00', '2024-06-09 02:00:00', 12.926664, 77.619650, 'House Breaking Night reported on a residential cross road within Koramangala Police Station limits. Prakash Jadhav recorded statements and initiated scene verification.');
INSERT INTO Inv_OccuranceTime (CaseMasterID, IncidentFromDate, IncidentToDate, latitude, longitude, PlaceOfOccurrence) VALUES (273, '2024-06-09 02:00:00', '2024-06-09 05:00:00', 12.926664, 77.619650, 'On a residential cross road, Koramangala');
INSERT INTO ComplainantDetails (ComplainantID, CaseMasterID, ComplainantName, AgeYear, OccupationID, ReligionID, CasteID, GenderID) VALUES (273, 273, 'Farhan Kulkarni', 31, 5, 5, 2, 2);
INSERT INTO ActSectionAssociation (CaseMasterID, ActID, SectionID, ActOrderID, SectionOrderID) VALUES (273, 'IPC', '379', 1, 1);
INSERT INTO Victim (VictimMasterID, CaseMasterID, VictimName, AgeYear, GenderID, VictimPolice) VALUES (273, 273, 'Nikhil Joshi', 67, 2, '0');
INSERT INTO Accused (AccusedMasterID, CaseMasterID, AccusedName, AgeYear, GenderID, PersonID) VALUES (319, 273, 'Altaf N. Gowda', 32, 1, 'A1');
INSERT INTO ChargesheetDetails (CSID, CaseMasterID, csdate, cstype, PolicePersonID) VALUES (195, 273, '2024-08-12 12:00:00', 'A', 3);
INSERT INTO CaseMaster (CaseMasterID, CrimeNo, CaseNo, CrimeRegisteredDate, PolicePersonID, PoliceStationID, CaseCategoryID, GravityOffenceID, CrimeMajorHeadID, CrimeMinorHeadID, CaseStatusID, CourtID, IncidentFromDate, IncidentToDate, InfoReceivedPSDate, latitude, longitude, BriefFacts) VALUES (274, '100010001202400274', '202400274', '2024-06-20', 1, 1, 1, 2, 2, 5, 4, 1, '2024-06-20 11:00:00', '2024-06-20 13:00:00', '2024-06-20 11:00:00', 12.975298, 77.650716, 'Grievous Hurt reported near a bus stop within Indiranagar Police Station limits. Suresh Kambali recorded statements and initiated scene verification.');
INSERT INTO Inv_OccuranceTime (CaseMasterID, IncidentFromDate, IncidentToDate, latitude, longitude, PlaceOfOccurrence) VALUES (274, '2024-06-20 11:00:00', '2024-06-20 13:00:00', 12.975298, 77.650716, 'Near a bus stop, Indiranagar');
INSERT INTO ComplainantDetails (ComplainantID, CaseMasterID, ComplainantName, AgeYear, OccupationID, ReligionID, CasteID, GenderID) VALUES (274, 274, 'Anand Khan', 53, 7, 3, 5, 2);
INSERT INTO ActSectionAssociation (CaseMasterID, ActID, SectionID, ActOrderID, SectionOrderID) VALUES (274, 'IPC', '302', 1, 1);
INSERT INTO Victim (VictimMasterID, CaseMasterID, VictimName, AgeYear, GenderID, VictimPolice) VALUES (274, 274, 'Manoj Hegde', 24, 2, '0');
INSERT INTO Accused (AccusedMasterID, CaseMasterID, AccusedName, AgeYear, GenderID, PersonID) VALUES (320, 274, 'Mantu U. Reddy', 36, 1, 'A1');
INSERT INTO ArrestSurrender (ArrestSurrenderID, CaseMasterID, ArrestSurrenderTypeID, ArrestSurrenderDate, ArrestSurrenderStateId, ArrestSurrenderDistrictId, PoliceStationID, IOID, CourtID, AccusedMasterID, IsAccused, IsComplainantAccused) VALUES (134, 274, 1, '2024-07-04', 1, 1, 1, 1, 1, 320, 1, 0);
INSERT INTO inv_arrestsurrenderaccused (ArrestSurrenderID, AccusedMasterID) VALUES (134, 320);
INSERT INTO ChargesheetDetails (CSID, CaseMasterID, csdate, cstype, PolicePersonID) VALUES (196, 274, '2024-09-20 12:00:00', 'A', 1);
INSERT INTO CaseMaster (CaseMasterID, CrimeNo, CaseNo, CrimeRegisteredDate, PolicePersonID, PoliceStationID, CaseCategoryID, GravityOffenceID, CrimeMajorHeadID, CrimeMinorHeadID, CaseStatusID, CourtID, IncidentFromDate, IncidentToDate, InfoReceivedPSDate, latitude, longitude, BriefFacts) VALUES (275, '100010001202400275', '202400275', '2024-06-03', 1, 1, 1, 3, 1, 1, 1, 1, '2024-06-03 12:00:00', '2024-06-03 15:00:00', '2024-06-03 12:00:00', 12.989125, 77.647875, 'Complainant reported a suspected automobile theft incident near a market entrance. The matter was registered at Indiranagar Police Station and assigned to Suresh Kambali.');
INSERT INTO Inv_OccuranceTime (CaseMasterID, IncidentFromDate, IncidentToDate, latitude, longitude, PlaceOfOccurrence) VALUES (275, '2024-06-03 12:00:00', '2024-06-03 15:00:00', 12.989125, 77.647875, 'Near a market entrance, Indiranagar');
INSERT INTO ComplainantDetails (ComplainantID, CaseMasterID, ComplainantName, AgeYear, OccupationID, ReligionID, CasteID, GenderID) VALUES (275, 275, 'Harish Fernandes', 56, 6, 4, 2, 1);
INSERT INTO ActSectionAssociation (CaseMasterID, ActID, SectionID, ActOrderID, SectionOrderID) VALUES (275, 'IPC', '379', 1, 1);
INSERT INTO Victim (VictimMasterID, CaseMasterID, VictimName, AgeYear, GenderID, VictimPolice) VALUES (275, 275, 'Praveen Patil', 65, 1, '0');
INSERT INTO Accused (AccusedMasterID, CaseMasterID, AccusedName, AgeYear, GenderID, PersonID) VALUES (321, 275, 'Shiva B. Salim', 41, 1, 'A1');
INSERT INTO Accused (AccusedMasterID, CaseMasterID, AccusedName, AgeYear, GenderID, PersonID) VALUES (322, 275, 'Manjunath M. Shaikh', 38, 1, 'A2');
INSERT INTO CaseMaster (CaseMasterID, CrimeNo, CaseNo, CrimeRegisteredDate, PolicePersonID, PoliceStationID, CaseCategoryID, GravityOffenceID, CrimeMajorHeadID, CrimeMinorHeadID, CaseStatusID, CourtID, IncidentFromDate, IncidentToDate, InfoReceivedPSDate, latitude, longitude, BriefFacts) VALUES (276, '100030010202400276', '202400276', '2024-06-14', 19, 10, 1, 3, 4, 8, 4, 3, '2024-06-14 10:00:00', '2024-06-14 13:00:00', '2024-06-14 10:00:00', 12.852913, 74.843842, 'Pandeshwar Police Station registered the case after an incident near the central market. Initial CCTV, witness, and digital-evidence checks were assigned to IO Shankar Rao.');
INSERT INTO Inv_OccuranceTime (CaseMasterID, IncidentFromDate, IncidentToDate, latitude, longitude, PlaceOfOccurrence) VALUES (276, '2024-06-14 10:00:00', '2024-06-14 13:00:00', 12.852913, 74.843842, 'Near the central market, Pandeshwar');
INSERT INTO ComplainantDetails (ComplainantID, CaseMasterID, ComplainantName, AgeYear, OccupationID, ReligionID, CasteID, GenderID) VALUES (276, 276, 'Naveena Gowda', 27, 5, 2, 4, 1);
INSERT INTO ActSectionAssociation (CaseMasterID, ActID, SectionID, ActOrderID, SectionOrderID) VALUES (276, 'IPC', '420', 1, 1);
INSERT INTO Victim (VictimMasterID, CaseMasterID, VictimName, AgeYear, GenderID, VictimPolice) VALUES (276, 276, 'Bhavya Patil', 27, 2, '0');
INSERT INTO Accused (AccusedMasterID, CaseMasterID, AccusedName, AgeYear, GenderID, PersonID) VALUES (323, 276, 'Salman I. Salim', 24, 1, 'A1');
INSERT INTO Accused (AccusedMasterID, CaseMasterID, AccusedName, AgeYear, GenderID, PersonID) VALUES (324, 276, 'Yogesh T. Khan', 43, 1, 'A2');
INSERT INTO ArrestSurrender (ArrestSurrenderID, CaseMasterID, ArrestSurrenderTypeID, ArrestSurrenderDate, ArrestSurrenderStateId, ArrestSurrenderDistrictId, PoliceStationID, IOID, CourtID, AccusedMasterID, IsAccused, IsComplainantAccused) VALUES (135, 276, 1, '2024-07-01', 1, 3, 10, 19, 3, 323, 1, 0);
INSERT INTO inv_arrestsurrenderaccused (ArrestSurrenderID, AccusedMasterID) VALUES (135, 323);
INSERT INTO inv_arrestsurrenderaccused (ArrestSurrenderID, AccusedMasterID) VALUES (135, 324);
INSERT INTO ChargesheetDetails (CSID, CaseMasterID, csdate, cstype, PolicePersonID) VALUES (197, 276, '2024-07-17 14:00:00', 'A', 19);
INSERT INTO CaseMaster (CaseMasterID, CrimeNo, CaseNo, CrimeRegisteredDate, PolicePersonID, PoliceStationID, CaseCategoryID, GravityOffenceID, CrimeMajorHeadID, CrimeMinorHeadID, CaseStatusID, CourtID, IncidentFromDate, IncidentToDate, InfoReceivedPSDate, latitude, longitude, BriefFacts) VALUES (277, '100020006202400277', '202400277', '2024-06-25', 11, 6, 1, 3, 5, 9, 5, 2, '2024-06-25 13:00:00', '2024-06-25 16:00:00', '2024-06-25 13:00:00', 12.300565, 76.654207, 'Control room information regarding ganja possession was received from near the central market. IO Anitha Gowda opened the investigation and secured preliminary evidence.');
INSERT INTO Inv_OccuranceTime (CaseMasterID, IncidentFromDate, IncidentToDate, latitude, longitude, PlaceOfOccurrence) VALUES (277, '2024-06-25 13:00:00', '2024-06-25 16:00:00', 12.300565, 76.654207, 'Near the central market, Devaraja');
INSERT INTO ComplainantDetails (ComplainantID, CaseMasterID, ComplainantName, AgeYear, OccupationID, ReligionID, CasteID, GenderID) VALUES (277, 277, 'Eshwar Hegde', 39, 7, 1, 2, 2);
INSERT INTO ActSectionAssociation (CaseMasterID, ActID, SectionID, ActOrderID, SectionOrderID) VALUES (277, 'NDPS', '20', 1, 1);
INSERT INTO Victim (VictimMasterID, CaseMasterID, VictimName, AgeYear, GenderID, VictimPolice) VALUES (277, 277, 'Kiran Bhat', 50, 2, '0');
INSERT INTO Accused (AccusedMasterID, CaseMasterID, AccusedName, AgeYear, GenderID, PersonID) VALUES (325, 277, 'Imtiaz P. Jadhav', 34, 1, 'A1');
INSERT INTO CaseMaster (CaseMasterID, CrimeNo, CaseNo, CrimeRegisteredDate, PolicePersonID, PoliceStationID, CaseCategoryID, GravityOffenceID, CrimeMajorHeadID, CrimeMinorHeadID, CaseStatusID, CourtID, IncidentFromDate, IncidentToDate, InfoReceivedPSDate, latitude, longitude, BriefFacts) VALUES (278, '100010003202400278', '202400278', '2024-07-15', 5, 3, 1, 3, 1, 1, 3, 1, '2024-07-15 18:00:00', '2024-07-15 21:00:00', '2024-07-15 18:00:00', 12.969160, 77.745195, 'Complainant reported a suspected automobile theft incident on a residential cross road. The matter was registered at Whitefield Police Station and assigned to Lakshmi Shetty.');
INSERT INTO Inv_OccuranceTime (CaseMasterID, IncidentFromDate, IncidentToDate, latitude, longitude, PlaceOfOccurrence) VALUES (278, '2024-07-15 18:00:00', '2024-07-15 21:00:00', 12.969160, 77.745195, 'On a residential cross road, Whitefield');
INSERT INTO ComplainantDetails (ComplainantID, CaseMasterID, ComplainantName, AgeYear, OccupationID, ReligionID, CasteID, GenderID) VALUES (278, 278, 'Pooja Hegde', 50, 3, 2, 3, 1);
INSERT INTO ActSectionAssociation (CaseMasterID, ActID, SectionID, ActOrderID, SectionOrderID) VALUES (278, 'IPC', '379', 1, 1);
INSERT INTO Victim (VictimMasterID, CaseMasterID, VictimName, AgeYear, GenderID, VictimPolice) VALUES (278, 278, 'Tarun Gowda', 48, 2, '0');
INSERT INTO Accused (AccusedMasterID, CaseMasterID, AccusedName, AgeYear, GenderID, PersonID) VALUES (326, 278, 'Nagesh W. Shaikh', 25, 1, 'A1');
INSERT INTO ChargesheetDetails (CSID, CaseMasterID, csdate, cstype, PolicePersonID) VALUES (198, 278, '2024-09-11 15:00:00', 'A', 5);
INSERT INTO CaseMaster (CaseMasterID, CrimeNo, CaseNo, CrimeRegisteredDate, PolicePersonID, PoliceStationID, CaseCategoryID, GravityOffenceID, CrimeMajorHeadID, CrimeMinorHeadID, CaseStatusID, CourtID, IncidentFromDate, IncidentToDate, InfoReceivedPSDate, latitude, longitude, BriefFacts) VALUES (279, '100030009202400279', '202400279', '2024-07-26', 17, 9, 1, 2, 1, 10, 3, 3, '2024-07-26 18:00:00', '2024-07-26 20:00:00', '2024-07-26 18:00:00', 12.895671, 74.846758, 'Complainant reported a suspected highway robbery incident on the ring road service lane. The matter was registered at Kadri Police Station and assigned to Basavaraj Patil.');
INSERT INTO Inv_OccuranceTime (CaseMasterID, IncidentFromDate, IncidentToDate, latitude, longitude, PlaceOfOccurrence) VALUES (279, '2024-07-26 18:00:00', '2024-07-26 20:00:00', 12.895671, 74.846758, 'On the ring road service lane, Kadri');
INSERT INTO ComplainantDetails (ComplainantID, CaseMasterID, ComplainantName, AgeYear, OccupationID, ReligionID, CasteID, GenderID) VALUES (279, 279, 'Farhan Shetty', 34, 2, 1, 4, 1);
INSERT INTO ActSectionAssociation (CaseMasterID, ActID, SectionID, ActOrderID, SectionOrderID) VALUES (279, 'IPC', '379', 1, 1);
INSERT INTO Victim (VictimMasterID, CaseMasterID, VictimName, AgeYear, GenderID, VictimPolice) VALUES (279, 279, 'Roshan Rao', 40, 2, '0');
INSERT INTO Accused (AccusedMasterID, CaseMasterID, AccusedName, AgeYear, GenderID, PersonID) VALUES (327, 279, 'Nagesh D. Shetty', 45, 1, 'A1');
INSERT INTO ChargesheetDetails (CSID, CaseMasterID, csdate, cstype, PolicePersonID) VALUES (199, 279, '2024-10-24 17:00:00', 'A', 17);
INSERT INTO CaseMaster (CaseMasterID, CrimeNo, CaseNo, CrimeRegisteredDate, PolicePersonID, PoliceStationID, CaseCategoryID, GravityOffenceID, CrimeMajorHeadID, CrimeMinorHeadID, CaseStatusID, CourtID, IncidentFromDate, IncidentToDate, InfoReceivedPSDate, latitude, longitude, BriefFacts) VALUES (280, '100060018202400280', '202400280', '2024-07-09', 35, 18, 1, 2, 1, 1, 3, 6, '2024-07-09 19:00:00', '2024-07-09 20:00:00', '2024-07-09 19:00:00', 17.337953, 76.828690, 'Complainant reported a suspected automobile theft incident on the ring road service lane. The matter was registered at Station Bazar Police Station and assigned to Prakash Kambali.');
INSERT INTO Inv_OccuranceTime (CaseMasterID, IncidentFromDate, IncidentToDate, latitude, longitude, PlaceOfOccurrence) VALUES (280, '2024-07-09 19:00:00', '2024-07-09 20:00:00', 17.337953, 76.828690, 'On the ring road service lane, Station Bazar');
INSERT INTO ComplainantDetails (ComplainantID, CaseMasterID, ComplainantName, AgeYear, OccupationID, ReligionID, CasteID, GenderID) VALUES (280, 280, 'Meena Khan', 44, 5, 2, 1, 1);
INSERT INTO ActSectionAssociation (CaseMasterID, ActID, SectionID, ActOrderID, SectionOrderID) VALUES (280, 'IPC', '379', 1, 1);
INSERT INTO Victim (VictimMasterID, CaseMasterID, VictimName, AgeYear, GenderID, VictimPolice) VALUES (280, 280, 'Kiran Hegde', 46, 1, '0');
INSERT INTO Accused (AccusedMasterID, CaseMasterID, AccusedName, AgeYear, GenderID, PersonID) VALUES (328, 280, 'Sameer K. Shetty', 21, 1, 'A1');
INSERT INTO ArrestSurrender (ArrestSurrenderID, CaseMasterID, ArrestSurrenderTypeID, ArrestSurrenderDate, ArrestSurrenderStateId, ArrestSurrenderDistrictId, PoliceStationID, IOID, CourtID, AccusedMasterID, IsAccused, IsComplainantAccused) VALUES (136, 280, 1, '2024-07-26', 1, 6, 18, 35, 6, 328, 1, 0);
INSERT INTO inv_arrestsurrenderaccused (ArrestSurrenderID, AccusedMasterID) VALUES (136, 328);
INSERT INTO ChargesheetDetails (CSID, CaseMasterID, csdate, cstype, PolicePersonID) VALUES (200, 280, '2024-09-03 13:00:00', 'A', 35);
INSERT INTO CaseMaster (CaseMasterID, CrimeNo, CaseNo, CrimeRegisteredDate, PolicePersonID, PoliceStationID, CaseCategoryID, GravityOffenceID, CrimeMajorHeadID, CrimeMinorHeadID, CaseStatusID, CourtID, IncidentFromDate, IncidentToDate, InfoReceivedPSDate, latitude, longitude, BriefFacts) VALUES (281, '100030011202400281', '202400281', '2024-07-20', 21, 11, 1, 3, 1, 2, 4, 3, '2024-07-20 23:00:00', '2024-07-20 00:00:00', '2024-07-20 23:00:00', 12.880847, 74.839224, 'Urwa Police Station registered the case after an incident on the ring road service lane. Initial CCTV, witness, and digital-evidence checks were assigned to IO Vijay Gowda.');
INSERT INTO Inv_OccuranceTime (CaseMasterID, IncidentFromDate, IncidentToDate, latitude, longitude, PlaceOfOccurrence) VALUES (281, '2024-07-20 23:00:00', '2024-07-20 00:00:00', 12.880847, 74.839224, 'On the ring road service lane, Urwa');
INSERT INTO ComplainantDetails (ComplainantID, CaseMasterID, ComplainantName, AgeYear, OccupationID, ReligionID, CasteID, GenderID) VALUES (281, 281, 'Eshwar Rao', 29, 6, 1, 1, 2);
INSERT INTO ActSectionAssociation (CaseMasterID, ActID, SectionID, ActOrderID, SectionOrderID) VALUES (281, 'IPC', '379', 1, 1);
INSERT INTO Victim (VictimMasterID, CaseMasterID, VictimName, AgeYear, GenderID, VictimPolice) VALUES (281, 281, 'Arun Bhat', 37, 1, '0');
INSERT INTO Accused (AccusedMasterID, CaseMasterID, AccusedName, AgeYear, GenderID, PersonID) VALUES (329, 281, 'Salman R. Pashan', 41, 1, 'A1');
INSERT INTO ChargesheetDetails (CSID, CaseMasterID, csdate, cstype, PolicePersonID) VALUES (201, 281, '2024-09-05 10:00:00', 'A', 21);
INSERT INTO CaseMaster (CaseMasterID, CrimeNo, CaseNo, CrimeRegisteredDate, PolicePersonID, PoliceStationID, CaseCategoryID, GravityOffenceID, CrimeMajorHeadID, CrimeMinorHeadID, CaseStatusID, CourtID, IncidentFromDate, IncidentToDate, InfoReceivedPSDate, latitude, longitude, BriefFacts) VALUES (282, '100020007202400282', '202400282', '2024-07-03', 13, 7, 1, 1, 1, 1, 4, 2, '2024-07-03 21:00:00', '2024-07-03 23:00:00', '2024-07-03 21:00:00', 12.316359, 76.656661, 'Automobile Theft reported close to a residential layout within Lashkar Police Station limits. Suresh Rao recorded statements and initiated scene verification.');
INSERT INTO Inv_OccuranceTime (CaseMasterID, IncidentFromDate, IncidentToDate, latitude, longitude, PlaceOfOccurrence) VALUES (282, '2024-07-03 21:00:00', '2024-07-03 23:00:00', 12.316359, 76.656661, 'Close to a residential layout, Lashkar');
INSERT INTO ComplainantDetails (ComplainantID, CaseMasterID, ComplainantName, AgeYear, OccupationID, ReligionID, CasteID, GenderID) VALUES (282, 282, 'Jagadish Kulkarni', 69, 7, 3, 3, 2);
INSERT INTO ActSectionAssociation (CaseMasterID, ActID, SectionID, ActOrderID, SectionOrderID) VALUES (282, 'IPC', '379', 1, 1);
INSERT INTO Victim (VictimMasterID, CaseMasterID, VictimName, AgeYear, GenderID, VictimPolice) VALUES (282, 282, 'Arun Murthy', 74, 2, '0');
INSERT INTO Accused (AccusedMasterID, CaseMasterID, AccusedName, AgeYear, GenderID, PersonID) VALUES (330, 282, 'Rafiq Y. Shaikh', 37, 1, 'A1');
INSERT INTO ArrestSurrender (ArrestSurrenderID, CaseMasterID, ArrestSurrenderTypeID, ArrestSurrenderDate, ArrestSurrenderStateId, ArrestSurrenderDistrictId, PoliceStationID, IOID, CourtID, AccusedMasterID, IsAccused, IsComplainantAccused) VALUES (137, 282, 1, '2024-07-06', 1, 2, 7, 13, 2, 330, 1, 0);
INSERT INTO inv_arrestsurrenderaccused (ArrestSurrenderID, AccusedMasterID) VALUES (137, 330);
INSERT INTO ChargesheetDetails (CSID, CaseMasterID, csdate, cstype, PolicePersonID) VALUES (202, 282, '2024-09-07 12:00:00', 'A', 13);
INSERT INTO CaseMaster (CaseMasterID, CrimeNo, CaseNo, CrimeRegisteredDate, PolicePersonID, PoliceStationID, CaseCategoryID, GravityOffenceID, CrimeMajorHeadID, CrimeMinorHeadID, CaseStatusID, CourtID, IncidentFromDate, IncidentToDate, InfoReceivedPSDate, latitude, longitude, BriefFacts) VALUES (283, '100010003202400283', '202400283', '2024-07-14', 5, 3, 1, 3, 1, 1, 2, 1, '2024-07-14 11:00:00', '2024-07-14 12:00:00', '2024-07-14 11:00:00', 12.966963, 77.758166, 'Automobile Theft reported outside a commercial complex within Whitefield Police Station limits. Lakshmi Shetty recorded statements and initiated scene verification.');
INSERT INTO Inv_OccuranceTime (CaseMasterID, IncidentFromDate, IncidentToDate, latitude, longitude, PlaceOfOccurrence) VALUES (283, '2024-07-14 11:00:00', '2024-07-14 12:00:00', 12.966963, 77.758166, 'Outside a commercial complex, Whitefield');
INSERT INTO ComplainantDetails (ComplainantID, CaseMasterID, ComplainantName, AgeYear, OccupationID, ReligionID, CasteID, GenderID) VALUES (283, 283, 'Latha Khan', 42, 2, 2, 3, 2);
INSERT INTO ActSectionAssociation (CaseMasterID, ActID, SectionID, ActOrderID, SectionOrderID) VALUES (283, 'IPC', '379', 1, 1);
INSERT INTO Victim (VictimMasterID, CaseMasterID, VictimName, AgeYear, GenderID, VictimPolice) VALUES (283, 283, 'Fathima Gowda', 24, 1, '0');
INSERT INTO Accused (AccusedMasterID, CaseMasterID, AccusedName, AgeYear, GenderID, PersonID) VALUES (331, 283, 'Sameer F. Reddy', 33, 1, 'A1');
INSERT INTO ChargesheetDetails (CSID, CaseMasterID, csdate, cstype, PolicePersonID) VALUES (203, 283, '2024-09-21 17:00:00', 'A', 5);
INSERT INTO CaseMaster (CaseMasterID, CrimeNo, CaseNo, CrimeRegisteredDate, PolicePersonID, PoliceStationID, CaseCategoryID, GravityOffenceID, CrimeMajorHeadID, CrimeMinorHeadID, CaseStatusID, CourtID, IncidentFromDate, IncidentToDate, InfoReceivedPSDate, latitude, longitude, BriefFacts) VALUES (284, '100010005202400284', '202400284', '2024-07-25', 9, 5, 1, 3, 4, 8, 1, 1, '2024-07-25 15:00:00', '2024-07-25 16:00:00', '2024-07-25 15:00:00', 12.996314, 77.571515, 'Malleshwaram Police Station registered the case after an incident outside a commercial complex. Initial CCTV, witness, and digital-evidence checks were assigned to IO Ramesh Pawar.');
INSERT INTO Inv_OccuranceTime (CaseMasterID, IncidentFromDate, IncidentToDate, latitude, longitude, PlaceOfOccurrence) VALUES (284, '2024-07-25 15:00:00', '2024-07-25 16:00:00', 12.996314, 77.571515, 'Outside a commercial complex, Malleshwaram');
INSERT INTO ComplainantDetails (ComplainantID, CaseMasterID, ComplainantName, AgeYear, OccupationID, ReligionID, CasteID, GenderID) VALUES (284, 284, 'Joel Rao', 27, 2, 3, 4, 2);
INSERT INTO ActSectionAssociation (CaseMasterID, ActID, SectionID, ActOrderID, SectionOrderID) VALUES (284, 'IPC', '420', 1, 1);
INSERT INTO Victim (VictimMasterID, CaseMasterID, VictimName, AgeYear, GenderID, VictimPolice) VALUES (284, 284, 'Bhavya Kulkarni', 29, 2, '0');
INSERT INTO Accused (AccusedMasterID, CaseMasterID, AccusedName, AgeYear, GenderID, PersonID) VALUES (332, 284, 'Manjunath M. Shaikh', 40, 1, 'A1');
INSERT INTO ArrestSurrender (ArrestSurrenderID, CaseMasterID, ArrestSurrenderTypeID, ArrestSurrenderDate, ArrestSurrenderStateId, ArrestSurrenderDistrictId, PoliceStationID, IOID, CourtID, AccusedMasterID, IsAccused, IsComplainantAccused) VALUES (138, 284, 1, '2024-08-23', 1, 1, 5, 9, 1, 332, 1, 0);
INSERT INTO inv_arrestsurrenderaccused (ArrestSurrenderID, AccusedMasterID) VALUES (138, 332);
INSERT INTO CaseMaster (CaseMasterID, CrimeNo, CaseNo, CrimeRegisteredDate, PolicePersonID, PoliceStationID, CaseCategoryID, GravityOffenceID, CrimeMajorHeadID, CrimeMinorHeadID, CaseStatusID, CourtID, IncidentFromDate, IncidentToDate, InfoReceivedPSDate, latitude, longitude, BriefFacts) VALUES (285, '100010001202400285', '202400285', '2024-07-08', 1, 1, 1, 3, 1, 1, 5, 1, '2024-07-08 14:00:00', '2024-07-08 17:00:00', '2024-07-08 14:00:00', 12.980946, 77.651016, 'Control room information regarding automobile theft was received from beside a metro approach road. IO Suresh Kambali opened the investigation and secured preliminary evidence.');
INSERT INTO Inv_OccuranceTime (CaseMasterID, IncidentFromDate, IncidentToDate, latitude, longitude, PlaceOfOccurrence) VALUES (285, '2024-07-08 14:00:00', '2024-07-08 17:00:00', 12.980946, 77.651016, 'Beside a metro approach road, Indiranagar');
INSERT INTO ComplainantDetails (ComplainantID, CaseMasterID, ComplainantName, AgeYear, OccupationID, ReligionID, CasteID, GenderID) VALUES (285, 285, 'Bharath Fernandes', 32, 2, 1, 4, 2);
INSERT INTO ActSectionAssociation (CaseMasterID, ActID, SectionID, ActOrderID, SectionOrderID) VALUES (285, 'IPC', '379', 1, 1);
INSERT INTO Victim (VictimMasterID, CaseMasterID, VictimName, AgeYear, GenderID, VictimPolice) VALUES (285, 285, 'Fathima Patil', 47, 2, '0');
INSERT INTO Accused (AccusedMasterID, CaseMasterID, AccusedName, AgeYear, GenderID, PersonID) VALUES (333, 285, 'Altaf T. Verma', 40, 1, 'A1');
INSERT INTO ArrestSurrender (ArrestSurrenderID, CaseMasterID, ArrestSurrenderTypeID, ArrestSurrenderDate, ArrestSurrenderStateId, ArrestSurrenderDistrictId, PoliceStationID, IOID, CourtID, AccusedMasterID, IsAccused, IsComplainantAccused) VALUES (139, 285, 1, '2024-08-12', 1, 1, 1, 1, 1, 333, 1, 0);
INSERT INTO inv_arrestsurrenderaccused (ArrestSurrenderID, AccusedMasterID) VALUES (139, 333);
INSERT INTO CaseMaster (CaseMasterID, CrimeNo, CaseNo, CrimeRegisteredDate, PolicePersonID, PoliceStationID, CaseCategoryID, GravityOffenceID, CrimeMajorHeadID, CrimeMinorHeadID, CaseStatusID, CourtID, IncidentFromDate, IncidentToDate, InfoReceivedPSDate, latitude, longitude, BriefFacts) VALUES (286, '100020006202400286', '202400286', '2024-07-19', 11, 6, 1, 2, 1, 1, 5, 2, '2024-07-19 16:00:00', '2024-07-19 17:00:00', '2024-07-19 16:00:00', 12.301215, 76.654570, 'Devaraja Police Station registered the case after an incident near the central market. Initial CCTV, witness, and digital-evidence checks were assigned to IO Anitha Gowda.');
INSERT INTO Inv_OccuranceTime (CaseMasterID, IncidentFromDate, IncidentToDate, latitude, longitude, PlaceOfOccurrence) VALUES (286, '2024-07-19 16:00:00', '2024-07-19 17:00:00', 12.301215, 76.654570, 'Near the central market, Devaraja');
INSERT INTO ComplainantDetails (ComplainantID, CaseMasterID, ComplainantName, AgeYear, OccupationID, ReligionID, CasteID, GenderID) VALUES (286, 286, 'Pooja Khan', 53, 1, 3, 4, 1);
INSERT INTO ActSectionAssociation (CaseMasterID, ActID, SectionID, ActOrderID, SectionOrderID) VALUES (286, 'IPC', '379', 1, 1);
INSERT INTO Victim (VictimMasterID, CaseMasterID, VictimName, AgeYear, GenderID, VictimPolice) VALUES (286, 286, 'Tarun Joshi', 51, 1, '0');
INSERT INTO Accused (AccusedMasterID, CaseMasterID, AccusedName, AgeYear, GenderID, PersonID) VALUES (334, 286, 'Vicky A. Naik', 29, 1, 'A1');
INSERT INTO ArrestSurrender (ArrestSurrenderID, CaseMasterID, ArrestSurrenderTypeID, ArrestSurrenderDate, ArrestSurrenderStateId, ArrestSurrenderDistrictId, PoliceStationID, IOID, CourtID, AccusedMasterID, IsAccused, IsComplainantAccused) VALUES (140, 286, 1, '2024-07-31', 1, 2, 6, 11, 2, 334, 1, 0);
INSERT INTO inv_arrestsurrenderaccused (ArrestSurrenderID, AccusedMasterID) VALUES (140, 334);
INSERT INTO CaseMaster (CaseMasterID, CrimeNo, CaseNo, CrimeRegisteredDate, PolicePersonID, PoliceStationID, CaseCategoryID, GravityOffenceID, CrimeMajorHeadID, CrimeMinorHeadID, CaseStatusID, CourtID, IncidentFromDate, IncidentToDate, InfoReceivedPSDate, latitude, longitude, BriefFacts) VALUES (287, '100030010202400287', '202400287', '2024-07-02', 19, 10, 1, 3, 3, 6, 1, 3, '2024-07-02 14:00:00', '2024-07-02 16:00:00', '2024-07-02 14:00:00', 12.870330, 74.837518, 'Online Financial Fraud reported near the central market within Pandeshwar Police Station limits. Shankar Rao recorded statements and initiated scene verification.');
INSERT INTO Inv_OccuranceTime (CaseMasterID, IncidentFromDate, IncidentToDate, latitude, longitude, PlaceOfOccurrence) VALUES (287, '2024-07-02 14:00:00', '2024-07-02 16:00:00', 12.870330, 74.837518, 'Near the central market, Pandeshwar');
INSERT INTO ComplainantDetails (ComplainantID, CaseMasterID, ComplainantName, AgeYear, OccupationID, ReligionID, CasteID, GenderID) VALUES (287, 287, 'Meena Naik', 55, 7, 2, 2, 2);
INSERT INTO ActSectionAssociation (CaseMasterID, ActID, SectionID, ActOrderID, SectionOrderID) VALUES (287, 'IT_ACT', '66D', 1, 1);
INSERT INTO Victim (VictimMasterID, CaseMasterID, VictimName, AgeYear, GenderID, VictimPolice) VALUES (287, 287, 'Arun Murthy', 49, 2, '0');
INSERT INTO Accused (AccusedMasterID, CaseMasterID, AccusedName, AgeYear, GenderID, PersonID) VALUES (335, 287, 'Raja H. Verma', 27, 1, 'A1');
INSERT INTO Accused (AccusedMasterID, CaseMasterID, AccusedName, AgeYear, GenderID, PersonID) VALUES (336, 287, 'Tukaram S. Poojary', 30, 1, 'A2');
INSERT INTO CaseMaster (CaseMasterID, CrimeNo, CaseNo, CrimeRegisteredDate, PolicePersonID, PoliceStationID, CaseCategoryID, GravityOffenceID, CrimeMajorHeadID, CrimeMinorHeadID, CaseStatusID, CourtID, IncidentFromDate, IncidentToDate, InfoReceivedPSDate, latitude, longitude, BriefFacts) VALUES (288, '100040012202400288', '202400288', '2024-07-13', 23, 12, 1, 2, 5, 9, 2, 4, '2024-07-13 19:00:00', '2024-07-13 20:00:00', '2024-07-13 19:00:00', 15.349623, 75.144979, 'Complainant reported a suspected ganja possession incident beside an industrial access road. The matter was registered at Suburban Police Station Hubballi and assigned to Manjunath Deshmukh.');
INSERT INTO Inv_OccuranceTime (CaseMasterID, IncidentFromDate, IncidentToDate, latitude, longitude, PlaceOfOccurrence) VALUES (288, '2024-07-13 19:00:00', '2024-07-13 20:00:00', 15.349623, 75.144979, 'Beside an industrial access road, Suburban Hubballi');
INSERT INTO ComplainantDetails (ComplainantID, CaseMasterID, ComplainantName, AgeYear, OccupationID, ReligionID, CasteID, GenderID) VALUES (288, 288, 'Eshwar Murthy', 42, 5, 2, 2, 2);
INSERT INTO ActSectionAssociation (CaseMasterID, ActID, SectionID, ActOrderID, SectionOrderID) VALUES (288, 'NDPS', '20', 1, 1);
INSERT INTO Victim (VictimMasterID, CaseMasterID, VictimName, AgeYear, GenderID, VictimPolice) VALUES (288, 288, 'Vinay Bhat', 21, 2, '0');
INSERT INTO Accused (AccusedMasterID, CaseMasterID, AccusedName, AgeYear, GenderID, PersonID) VALUES (337, 288, 'Jagga O. Kumar', 45, 1, 'A1');
INSERT INTO ArrestSurrender (ArrestSurrenderID, CaseMasterID, ArrestSurrenderTypeID, ArrestSurrenderDate, ArrestSurrenderStateId, ArrestSurrenderDistrictId, PoliceStationID, IOID, CourtID, AccusedMasterID, IsAccused, IsComplainantAccused) VALUES (141, 288, 1, '2024-08-10', 1, 4, 12, 23, 4, 337, 1, 0);
INSERT INTO inv_arrestsurrenderaccused (ArrestSurrenderID, AccusedMasterID) VALUES (141, 337);
INSERT INTO ChargesheetDetails (CSID, CaseMasterID, csdate, cstype, PolicePersonID) VALUES (204, 288, '2024-09-19 09:00:00', 'A', 23);
INSERT INTO CaseMaster (CaseMasterID, CrimeNo, CaseNo, CrimeRegisteredDate, PolicePersonID, PoliceStationID, CaseCategoryID, GravityOffenceID, CrimeMajorHeadID, CrimeMinorHeadID, CaseStatusID, CourtID, IncidentFromDate, IncidentToDate, InfoReceivedPSDate, latitude, longitude, BriefFacts) VALUES (289, '100050015202400289', '202400289', '2024-07-24', 29, 15, 1, 3, 1, 1, 4, 5, '2024-07-24 17:00:00', '2024-07-24 19:00:00', '2024-07-24 17:00:00', 15.845504, 74.509955, 'Complainant reported a suspected automobile theft incident near the central market. The matter was registered at Camp Police Station Belagavi and assigned to Prakash Patil.');
INSERT INTO Inv_OccuranceTime (CaseMasterID, IncidentFromDate, IncidentToDate, latitude, longitude, PlaceOfOccurrence) VALUES (289, '2024-07-24 17:00:00', '2024-07-24 19:00:00', 15.845504, 74.509955, 'Near the central market, Camp Belagavi');
INSERT INTO ComplainantDetails (ComplainantID, CaseMasterID, ComplainantName, AgeYear, OccupationID, ReligionID, CasteID, GenderID) VALUES (289, 289, 'Farhan Hegde', 25, 4, 5, 4, 1);
INSERT INTO ActSectionAssociation (CaseMasterID, ActID, SectionID, ActOrderID, SectionOrderID) VALUES (289, 'IPC', '379', 1, 1);
INSERT INTO Victim (VictimMasterID, CaseMasterID, VictimName, AgeYear, GenderID, VictimPolice) VALUES (289, 289, 'Ganesh Murthy', 60, 2, '0');
INSERT INTO Accused (AccusedMasterID, CaseMasterID, AccusedName, AgeYear, GenderID, PersonID) VALUES (338, 289, 'Rohit V. Patil', 36, 1, 'A1');
INSERT INTO Accused (AccusedMasterID, CaseMasterID, AccusedName, AgeYear, GenderID, PersonID) VALUES (339, 289, 'Raja G. Jadhav', 36, 1, 'A2');
INSERT INTO ArrestSurrender (ArrestSurrenderID, CaseMasterID, ArrestSurrenderTypeID, ArrestSurrenderDate, ArrestSurrenderStateId, ArrestSurrenderDistrictId, PoliceStationID, IOID, CourtID, AccusedMasterID, IsAccused, IsComplainantAccused) VALUES (142, 289, 1, '2024-07-25', 1, 5, 15, 29, 5, 338, 1, 0);
INSERT INTO inv_arrestsurrenderaccused (ArrestSurrenderID, AccusedMasterID) VALUES (142, 338);
INSERT INTO inv_arrestsurrenderaccused (ArrestSurrenderID, AccusedMasterID) VALUES (142, 339);
INSERT INTO ChargesheetDetails (CSID, CaseMasterID, csdate, cstype, PolicePersonID) VALUES (205, 289, '2024-09-29 16:00:00', 'A', 29);
INSERT INTO CaseMaster (CaseMasterID, CrimeNo, CaseNo, CrimeRegisteredDate, PolicePersonID, PoliceStationID, CaseCategoryID, GravityOffenceID, CrimeMajorHeadID, CrimeMinorHeadID, CaseStatusID, CourtID, IncidentFromDate, IncidentToDate, InfoReceivedPSDate, latitude, longitude, BriefFacts) VALUES (290, '100010004202400290', '202400290', '2024-07-07', 7, 4, 1, 2, 4, 8, 1, 1, '2024-07-07 11:00:00', '2024-07-07 14:00:00', '2024-07-07 11:00:00', 12.933307, 77.598373, 'Complainant reported a suspected cheating incident outside a commercial complex. The matter was registered at Jayanagar Police Station and assigned to Kiran Bhat.');
INSERT INTO Inv_OccuranceTime (CaseMasterID, IncidentFromDate, IncidentToDate, latitude, longitude, PlaceOfOccurrence) VALUES (290, '2024-07-07 11:00:00', '2024-07-07 14:00:00', 12.933307, 77.598373, 'Outside a commercial complex, Jayanagar');
INSERT INTO ComplainantDetails (ComplainantID, CaseMasterID, ComplainantName, AgeYear, OccupationID, ReligionID, CasteID, GenderID) VALUES (290, 290, 'Ayesha Murthy', 36, 3, 1, 3, 2);
INSERT INTO ActSectionAssociation (CaseMasterID, ActID, SectionID, ActOrderID, SectionOrderID) VALUES (290, 'IPC', '420', 1, 1);
INSERT INTO Victim (VictimMasterID, CaseMasterID, VictimName, AgeYear, GenderID, VictimPolice) VALUES (290, 290, 'Fathima Hegde', 34, 1, '0');
INSERT INTO Accused (AccusedMasterID, CaseMasterID, AccusedName, AgeYear, GenderID, PersonID) VALUES (340, 290, 'Manjunath C. Patil', 38, 1, 'A1');
INSERT INTO ArrestSurrender (ArrestSurrenderID, CaseMasterID, ArrestSurrenderTypeID, ArrestSurrenderDate, ArrestSurrenderStateId, ArrestSurrenderDistrictId, PoliceStationID, IOID, CourtID, AccusedMasterID, IsAccused, IsComplainantAccused) VALUES (143, 290, 1, '2024-07-18', 1, 1, 4, 7, 1, 340, 1, 0);
INSERT INTO inv_arrestsurrenderaccused (ArrestSurrenderID, AccusedMasterID) VALUES (143, 340);
INSERT INTO CaseMaster (CaseMasterID, CrimeNo, CaseNo, CrimeRegisteredDate, PolicePersonID, PoliceStationID, CaseCategoryID, GravityOffenceID, CrimeMajorHeadID, CrimeMinorHeadID, CaseStatusID, CourtID, IncidentFromDate, IncidentToDate, InfoReceivedPSDate, latitude, longitude, BriefFacts) VALUES (291, '100010003202400291', '202400291', '2024-07-18', 5, 3, 4, 2, 1, 2, 5, 1, '2024-07-18 00:00:00', '2024-07-18 02:00:00', '2024-07-18 00:00:00', 12.963525, 77.752860, 'Whitefield Police Station registered the case after an incident on a residential cross road. Initial CCTV, witness, and digital-evidence checks were assigned to IO Lakshmi Shetty.');
INSERT INTO Inv_OccuranceTime (CaseMasterID, IncidentFromDate, IncidentToDate, latitude, longitude, PlaceOfOccurrence) VALUES (291, '2024-07-18 00:00:00', '2024-07-18 02:00:00', 12.963525, 77.752860, 'On a residential cross road, Whitefield');
INSERT INTO ComplainantDetails (ComplainantID, CaseMasterID, ComplainantName, AgeYear, OccupationID, ReligionID, CasteID, GenderID) VALUES (291, 291, 'Naveena Rao', 40, 7, 5, 4, 1);
INSERT INTO ActSectionAssociation (CaseMasterID, ActID, SectionID, ActOrderID, SectionOrderID) VALUES (291, 'IPC', '379', 1, 1);
INSERT INTO Victim (VictimMasterID, CaseMasterID, VictimName, AgeYear, GenderID, VictimPolice) VALUES (291, 291, 'Rajesh Shetty', 23, 1, '0');
INSERT INTO Accused (AccusedMasterID, CaseMasterID, AccusedName, AgeYear, GenderID, PersonID) VALUES (341, 291, 'Mohan J. Salim', 30, 1, 'A1');
INSERT INTO CaseMaster (CaseMasterID, CrimeNo, CaseNo, CrimeRegisteredDate, PolicePersonID, PoliceStationID, CaseCategoryID, GravityOffenceID, CrimeMajorHeadID, CrimeMinorHeadID, CaseStatusID, CourtID, IncidentFromDate, IncidentToDate, InfoReceivedPSDate, latitude, longitude, BriefFacts) VALUES (292, '100010002202400292', '202400292', '2024-07-01', 3, 2, 1, 2, 3, 6, 2, 1, '2024-07-01 11:00:00', '2024-07-01 14:00:00', '2024-07-01 11:00:00', 12.925074, 77.623821, 'Koramangala Police Station registered the case after an incident near a bus stop. Initial CCTV, witness, and digital-evidence checks were assigned to IO Prakash Jadhav.');
INSERT INTO Inv_OccuranceTime (CaseMasterID, IncidentFromDate, IncidentToDate, latitude, longitude, PlaceOfOccurrence) VALUES (292, '2024-07-01 11:00:00', '2024-07-01 14:00:00', 12.925074, 77.623821, 'Near a bus stop, Koramangala');
INSERT INTO ComplainantDetails (ComplainantID, CaseMasterID, ComplainantName, AgeYear, OccupationID, ReligionID, CasteID, GenderID) VALUES (292, 292, 'Meena Khan', 72, 2, 1, 5, 1);
INSERT INTO ActSectionAssociation (CaseMasterID, ActID, SectionID, ActOrderID, SectionOrderID) VALUES (292, 'IT_ACT', '66D', 1, 1);
INSERT INTO Victim (VictimMasterID, CaseMasterID, VictimName, AgeYear, GenderID, VictimPolice) VALUES (292, 292, 'Asha Shetty', 27, 1, '0');
INSERT INTO Accused (AccusedMasterID, CaseMasterID, AccusedName, AgeYear, GenderID, PersonID) VALUES (342, 292, 'Sameer Q. Naik', 39, 1, 'A1');
INSERT INTO ChargesheetDetails (CSID, CaseMasterID, csdate, cstype, PolicePersonID) VALUES (206, 292, '2024-09-17 12:00:00', 'A', 3);
INSERT INTO CaseMaster (CaseMasterID, CrimeNo, CaseNo, CrimeRegisteredDate, PolicePersonID, PoliceStationID, CaseCategoryID, GravityOffenceID, CrimeMajorHeadID, CrimeMinorHeadID, CaseStatusID, CourtID, IncidentFromDate, IncidentToDate, InfoReceivedPSDate, latitude, longitude, BriefFacts) VALUES (293, '100010005202400293', '202400293', '2024-07-12', 9, 5, 1, 2, 3, 6, 1, 1, '2024-07-12 12:00:00', '2024-07-12 14:00:00', '2024-07-12 12:00:00', 12.996207, 77.556864, 'Control room information regarding online financial fraud was received from on a residential cross road. IO Ramesh Pawar opened the investigation and secured preliminary evidence.');
INSERT INTO Inv_OccuranceTime (CaseMasterID, IncidentFromDate, IncidentToDate, latitude, longitude, PlaceOfOccurrence) VALUES (293, '2024-07-12 12:00:00', '2024-07-12 14:00:00', 12.996207, 77.556864, 'On a residential cross road, Malleshwaram');
INSERT INTO ComplainantDetails (ComplainantID, CaseMasterID, ComplainantName, AgeYear, OccupationID, ReligionID, CasteID, GenderID) VALUES (293, 293, 'Ayesha Naik', 37, 1, 3, 5, 1);
INSERT INTO ActSectionAssociation (CaseMasterID, ActID, SectionID, ActOrderID, SectionOrderID) VALUES (293, 'IT_ACT', '66D', 1, 1);
INSERT INTO Victim (VictimMasterID, CaseMasterID, VictimName, AgeYear, GenderID, VictimPolice) VALUES (293, 293, 'Bhavya Poojary', 60, 1, '0');
INSERT INTO Accused (AccusedMasterID, CaseMasterID, AccusedName, AgeYear, GenderID, PersonID) VALUES (343, 293, 'Rohit X. Gowda', 45, 1, 'A1');
INSERT INTO CaseMaster (CaseMasterID, CrimeNo, CaseNo, CrimeRegisteredDate, PolicePersonID, PoliceStationID, CaseCategoryID, GravityOffenceID, CrimeMajorHeadID, CrimeMinorHeadID, CaseStatusID, CourtID, IncidentFromDate, IncidentToDate, InfoReceivedPSDate, latitude, longitude, BriefFacts) VALUES (294, '100030009202400294', '202400294', '2024-07-23', 17, 9, 3, 3, 1, 1, 1, 3, '2024-07-23 22:00:00', '2024-07-23 00:00:00', '2024-07-23 22:00:00', 12.877852, 74.855905, 'Control room information regarding automobile theft was received from near the central market. IO Basavaraj Patil opened the investigation and secured preliminary evidence.');
INSERT INTO Inv_OccuranceTime (CaseMasterID, IncidentFromDate, IncidentToDate, latitude, longitude, PlaceOfOccurrence) VALUES (294, '2024-07-23 22:00:00', '2024-07-23 00:00:00', 12.877852, 74.855905, 'Near the central market, Kadri');
INSERT INTO ComplainantDetails (ComplainantID, CaseMasterID, ComplainantName, AgeYear, OccupationID, ReligionID, CasteID, GenderID) VALUES (294, 294, 'Meena Gowda', 60, 2, 3, 2, 1);
INSERT INTO ActSectionAssociation (CaseMasterID, ActID, SectionID, ActOrderID, SectionOrderID) VALUES (294, 'IPC', '379', 1, 1);
INSERT INTO Victim (VictimMasterID, CaseMasterID, VictimName, AgeYear, GenderID, VictimPolice) VALUES (294, 294, 'Sangeetha Kulkarni', 60, 2, '0');
INSERT INTO Accused (AccusedMasterID, CaseMasterID, AccusedName, AgeYear, GenderID, PersonID) VALUES (344, 294, 'Mantu E. Gowda', 44, 1, 'A1');
INSERT INTO CaseMaster (CaseMasterID, CrimeNo, CaseNo, CrimeRegisteredDate, PolicePersonID, PoliceStationID, CaseCategoryID, GravityOffenceID, CrimeMajorHeadID, CrimeMinorHeadID, CaseStatusID, CourtID, IncidentFromDate, IncidentToDate, InfoReceivedPSDate, latitude, longitude, BriefFacts) VALUES (295, '100010002202400295', '202400295', '2024-07-06', 3, 2, 1, 3, 3, 6, 2, 1, '2024-07-06 15:00:00', '2024-07-06 16:00:00', '2024-07-06 15:00:00', 12.943953, 77.619634, 'Complainant reported a suspected online financial fraud incident near a bus stop. The matter was registered at Koramangala Police Station and assigned to Prakash Jadhav.');
INSERT INTO Inv_OccuranceTime (CaseMasterID, IncidentFromDate, IncidentToDate, latitude, longitude, PlaceOfOccurrence) VALUES (295, '2024-07-06 15:00:00', '2024-07-06 16:00:00', 12.943953, 77.619634, 'Near a bus stop, Koramangala');
INSERT INTO ComplainantDetails (ComplainantID, CaseMasterID, ComplainantName, AgeYear, OccupationID, ReligionID, CasteID, GenderID) VALUES (295, 295, 'Joel Patil', 43, 5, 1, 4, 1);
INSERT INTO ActSectionAssociation (CaseMasterID, ActID, SectionID, ActOrderID, SectionOrderID) VALUES (295, 'IT_ACT', '66D', 1, 1);
INSERT INTO Victim (VictimMasterID, CaseMasterID, VictimName, AgeYear, GenderID, VictimPolice) VALUES (295, 295, 'Kiran Fernandes', 25, 2, '0');
INSERT INTO Accused (AccusedMasterID, CaseMasterID, AccusedName, AgeYear, GenderID, PersonID) VALUES (345, 295, 'Imtiaz L. Singh', 45, 1, 'A1');
INSERT INTO ChargesheetDetails (CSID, CaseMasterID, csdate, cstype, PolicePersonID) VALUES (207, 295, '2024-08-23 17:00:00', 'A', 3);
INSERT INTO CaseMaster (CaseMasterID, CrimeNo, CaseNo, CrimeRegisteredDate, PolicePersonID, PoliceStationID, CaseCategoryID, GravityOffenceID, CrimeMajorHeadID, CrimeMinorHeadID, CaseStatusID, CourtID, IncidentFromDate, IncidentToDate, InfoReceivedPSDate, latitude, longitude, BriefFacts) VALUES (296, '100020008202400296', '202400296', '2024-07-17', 15, 8, 1, 3, 1, 1, 1, 2, '2024-07-17 14:00:00', '2024-07-17 17:00:00', '2024-07-17 14:00:00', 12.333131, 76.622211, 'Vijayanagar Police Station Mysuru registered the case after an incident on the ring road service lane. Initial CCTV, witness, and digital-evidence checks were assigned to IO Sunil Kulkarni.');
INSERT INTO Inv_OccuranceTime (CaseMasterID, IncidentFromDate, IncidentToDate, latitude, longitude, PlaceOfOccurrence) VALUES (296, '2024-07-17 14:00:00', '2024-07-17 17:00:00', 12.333131, 76.622211, 'On the ring road service lane, Vijayanagar Mysuru');
INSERT INTO ComplainantDetails (ComplainantID, CaseMasterID, ComplainantName, AgeYear, OccupationID, ReligionID, CasteID, GenderID) VALUES (296, 296, 'Pooja Kulkarni', 57, 4, 4, 1, 2);
INSERT INTO ActSectionAssociation (CaseMasterID, ActID, SectionID, ActOrderID, SectionOrderID) VALUES (296, 'IPC', '379', 1, 1);
INSERT INTO Victim (VictimMasterID, CaseMasterID, VictimName, AgeYear, GenderID, VictimPolice) VALUES (296, 296, 'Roshan Hegde', 72, 2, '0');
INSERT INTO Accused (AccusedMasterID, CaseMasterID, AccusedName, AgeYear, GenderID, PersonID) VALUES (346, 296, 'Sameer S. Jadhav', 39, 1, 'A1');
INSERT INTO ArrestSurrender (ArrestSurrenderID, CaseMasterID, ArrestSurrenderTypeID, ArrestSurrenderDate, ArrestSurrenderStateId, ArrestSurrenderDistrictId, PoliceStationID, IOID, CourtID, AccusedMasterID, IsAccused, IsComplainantAccused) VALUES (144, 296, 1, '2024-08-12', 1, 2, 8, 15, 2, 346, 1, 0);
INSERT INTO inv_arrestsurrenderaccused (ArrestSurrenderID, AccusedMasterID) VALUES (144, 346);
INSERT INTO CaseMaster (CaseMasterID, CrimeNo, CaseNo, CrimeRegisteredDate, PolicePersonID, PoliceStationID, CaseCategoryID, GravityOffenceID, CrimeMajorHeadID, CrimeMinorHeadID, CaseStatusID, CourtID, IncidentFromDate, IncidentToDate, InfoReceivedPSDate, latitude, longitude, BriefFacts) VALUES (297, '100010002202400297', '202400297', '2024-07-28', 3, 2, 1, 3, 1, 1, 2, 1, '2024-07-28 08:00:00', '2024-07-28 11:00:00', '2024-07-28 08:00:00', 12.937693, 77.627336, 'Koramangala Police Station registered the case after an incident beside a metro approach road. Initial CCTV, witness, and digital-evidence checks were assigned to IO Prakash Jadhav.');
INSERT INTO Inv_OccuranceTime (CaseMasterID, IncidentFromDate, IncidentToDate, latitude, longitude, PlaceOfOccurrence) VALUES (297, '2024-07-28 08:00:00', '2024-07-28 11:00:00', 12.937693, 77.627336, 'Beside a metro approach road, Koramangala');
INSERT INTO ComplainantDetails (ComplainantID, CaseMasterID, ComplainantName, AgeYear, OccupationID, ReligionID, CasteID, GenderID) VALUES (297, 297, 'Jagadish Bhat', 35, 4, 3, 3, 2);
INSERT INTO ActSectionAssociation (CaseMasterID, ActID, SectionID, ActOrderID, SectionOrderID) VALUES (297, 'IPC', '379', 1, 1);
INSERT INTO Victim (VictimMasterID, CaseMasterID, VictimName, AgeYear, GenderID, VictimPolice) VALUES (297, 297, 'Divya Gowda', 43, 2, '0');
INSERT INTO Accused (AccusedMasterID, CaseMasterID, AccusedName, AgeYear, GenderID, PersonID) VALUES (347, 297, 'Vicky Z. Poojary', 44, 1, 'A1');
INSERT INTO ChargesheetDetails (CSID, CaseMasterID, csdate, cstype, PolicePersonID) VALUES (208, 297, '2024-10-29 11:00:00', 'A', 3);
INSERT INTO CaseMaster (CaseMasterID, CrimeNo, CaseNo, CrimeRegisteredDate, PolicePersonID, PoliceStationID, CaseCategoryID, GravityOffenceID, CrimeMajorHeadID, CrimeMinorHeadID, CaseStatusID, CourtID, IncidentFromDate, IncidentToDate, InfoReceivedPSDate, latitude, longitude, BriefFacts) VALUES (298, '100020008202400298', '202400298', '2024-07-11', 15, 8, 1, 2, 1, 3, 4, 2, '2024-07-11 20:00:00', '2024-07-11 22:00:00', '2024-07-11 20:00:00', 12.333692, 76.608649, 'Control room information regarding chain snatching was received from on the ring road service lane. IO Sunil Kulkarni opened the investigation and secured preliminary evidence.');
INSERT INTO Inv_OccuranceTime (CaseMasterID, IncidentFromDate, IncidentToDate, latitude, longitude, PlaceOfOccurrence) VALUES (298, '2024-07-11 20:00:00', '2024-07-11 22:00:00', 12.333692, 76.608649, 'On the ring road service lane, Vijayanagar Mysuru');
INSERT INTO ComplainantDetails (ComplainantID, CaseMasterID, ComplainantName, AgeYear, OccupationID, ReligionID, CasteID, GenderID) VALUES (298, 298, 'Meena Murthy', 72, 1, 2, 1, 1);
INSERT INTO ActSectionAssociation (CaseMasterID, ActID, SectionID, ActOrderID, SectionOrderID) VALUES (298, 'IPC', '379', 1, 1);
INSERT INTO Victim (VictimMasterID, CaseMasterID, VictimName, AgeYear, GenderID, VictimPolice) VALUES (298, 298, 'Ganesh Rao', 57, 2, '0');
INSERT INTO Accused (AccusedMasterID, CaseMasterID, AccusedName, AgeYear, GenderID, PersonID) VALUES (348, 298, 'Rafiq G. Patil', 40, 1, 'A1');
INSERT INTO ArrestSurrender (ArrestSurrenderID, CaseMasterID, ArrestSurrenderTypeID, ArrestSurrenderDate, ArrestSurrenderStateId, ArrestSurrenderDistrictId, PoliceStationID, IOID, CourtID, AccusedMasterID, IsAccused, IsComplainantAccused) VALUES (145, 298, 1, '2024-08-14', 1, 2, 8, 15, 2, 348, 1, 0);
INSERT INTO inv_arrestsurrenderaccused (ArrestSurrenderID, AccusedMasterID) VALUES (145, 348);
INSERT INTO ChargesheetDetails (CSID, CaseMasterID, csdate, cstype, PolicePersonID) VALUES (209, 298, '2024-10-02 11:00:00', 'A', 15);
INSERT INTO CaseMaster (CaseMasterID, CrimeNo, CaseNo, CrimeRegisteredDate, PolicePersonID, PoliceStationID, CaseCategoryID, GravityOffenceID, CrimeMajorHeadID, CrimeMinorHeadID, CaseStatusID, CourtID, IncidentFromDate, IncidentToDate, InfoReceivedPSDate, latitude, longitude, BriefFacts) VALUES (299, '100030010202400299', '202400299', '2024-07-22', 19, 10, 1, 3, 3, 7, 2, 3, '2024-07-22 10:00:00', '2024-07-22 11:00:00', '2024-07-22 10:00:00', 12.854267, 74.836476, 'Pandeshwar Police Station registered the case after an incident beside an industrial access road. Initial CCTV, witness, and digital-evidence checks were assigned to IO Shankar Rao.');
INSERT INTO Inv_OccuranceTime (CaseMasterID, IncidentFromDate, IncidentToDate, latitude, longitude, PlaceOfOccurrence) VALUES (299, '2024-07-22 10:00:00', '2024-07-22 11:00:00', 12.854267, 74.836476, 'Beside an industrial access road, Pandeshwar');
INSERT INTO ComplainantDetails (ComplainantID, CaseMasterID, ComplainantName, AgeYear, OccupationID, ReligionID, CasteID, GenderID) VALUES (299, 299, 'Radha Rao', 32, 6, 2, 2, 2);
INSERT INTO ActSectionAssociation (CaseMasterID, ActID, SectionID, ActOrderID, SectionOrderID) VALUES (299, 'IT_ACT', '66D', 1, 1);
INSERT INTO Victim (VictimMasterID, CaseMasterID, VictimName, AgeYear, GenderID, VictimPolice) VALUES (299, 299, 'Sangeetha Shetty', 32, 2, '0');
INSERT INTO Accused (AccusedMasterID, CaseMasterID, AccusedName, AgeYear, GenderID, PersonID) VALUES (349, 299, 'Jagga N. Shetty', 44, 1, 'A1');
INSERT INTO ArrestSurrender (ArrestSurrenderID, CaseMasterID, ArrestSurrenderTypeID, ArrestSurrenderDate, ArrestSurrenderStateId, ArrestSurrenderDistrictId, PoliceStationID, IOID, CourtID, AccusedMasterID, IsAccused, IsComplainantAccused) VALUES (146, 299, 1, '2024-08-20', 1, 3, 10, 19, 3, 349, 1, 0);
INSERT INTO inv_arrestsurrenderaccused (ArrestSurrenderID, AccusedMasterID) VALUES (146, 349);
INSERT INTO ChargesheetDetails (CSID, CaseMasterID, csdate, cstype, PolicePersonID) VALUES (210, 299, '2024-09-15 15:00:00', 'A', 19);
INSERT INTO CaseMaster (CaseMasterID, CrimeNo, CaseNo, CrimeRegisteredDate, PolicePersonID, PoliceStationID, CaseCategoryID, GravityOffenceID, CrimeMajorHeadID, CrimeMinorHeadID, CaseStatusID, CourtID, IncidentFromDate, IncidentToDate, InfoReceivedPSDate, latitude, longitude, BriefFacts) VALUES (300, '100010001202400300', '202400300', '2024-07-05', 1, 1, 1, 1, 2, 5, 1, 1, '2024-07-05 06:00:00', '2024-07-05 09:00:00', '2024-07-05 06:00:00', 12.988951, 77.643013, 'Control room information regarding grievous hurt was received from near a bus stop. IO Suresh Kambali opened the investigation and secured preliminary evidence.');
INSERT INTO Inv_OccuranceTime (CaseMasterID, IncidentFromDate, IncidentToDate, latitude, longitude, PlaceOfOccurrence) VALUES (300, '2024-07-05 06:00:00', '2024-07-05 09:00:00', 12.988951, 77.643013, 'Near a bus stop, Indiranagar');
INSERT INTO ComplainantDetails (ComplainantID, CaseMasterID, ComplainantName, AgeYear, OccupationID, ReligionID, CasteID, GenderID) VALUES (300, 300, 'Ayesha Shetty', 19, 2, 3, 2, 2);
INSERT INTO ActSectionAssociation (CaseMasterID, ActID, SectionID, ActOrderID, SectionOrderID) VALUES (300, 'IPC', '302', 1, 1);
INSERT INTO Victim (VictimMasterID, CaseMasterID, VictimName, AgeYear, GenderID, VictimPolice) VALUES (300, 300, 'Roshan Khan', 20, 2, '0');
INSERT INTO Accused (AccusedMasterID, CaseMasterID, AccusedName, AgeYear, GenderID, PersonID) VALUES (350, 300, 'Manjunath U. Reddy', 34, 1, 'A1');
INSERT INTO CaseMaster (CaseMasterID, CrimeNo, CaseNo, CrimeRegisteredDate, PolicePersonID, PoliceStationID, CaseCategoryID, GravityOffenceID, CrimeMajorHeadID, CrimeMinorHeadID, CaseStatusID, CourtID, IncidentFromDate, IncidentToDate, InfoReceivedPSDate, latitude, longitude, BriefFacts) VALUES (301, '100020006202400301', '202400301', '2024-07-16', 11, 6, 1, 2, 1, 1, 1, 2, '2024-07-16 23:00:00', '2024-07-16 00:00:00', '2024-07-16 23:00:00', 12.303971, 76.646041, 'Complainant reported a suspected automobile theft incident on the ring road service lane. The matter was registered at Devaraja Police Station and assigned to Anitha Gowda.');
INSERT INTO Inv_OccuranceTime (CaseMasterID, IncidentFromDate, IncidentToDate, latitude, longitude, PlaceOfOccurrence) VALUES (301, '2024-07-16 23:00:00', '2024-07-16 00:00:00', 12.303971, 76.646041, 'On the ring road service lane, Devaraja');
INSERT INTO ComplainantDetails (ComplainantID, CaseMasterID, ComplainantName, AgeYear, OccupationID, ReligionID, CasteID, GenderID) VALUES (301, 301, 'Bharath Naik', 48, 5, 3, 1, 2);
INSERT INTO ActSectionAssociation (CaseMasterID, ActID, SectionID, ActOrderID, SectionOrderID) VALUES (301, 'IPC', '379', 1, 1);
INSERT INTO Victim (VictimMasterID, CaseMasterID, VictimName, AgeYear, GenderID, VictimPolice) VALUES (301, 301, 'Chaitra Fernandes', 49, 1, '0');
INSERT INTO Accused (AccusedMasterID, CaseMasterID, AccusedName, AgeYear, GenderID, PersonID) VALUES (351, 301, 'Jagga B. Shetty', 27, 1, 'A1');
INSERT INTO ArrestSurrender (ArrestSurrenderID, CaseMasterID, ArrestSurrenderTypeID, ArrestSurrenderDate, ArrestSurrenderStateId, ArrestSurrenderDistrictId, PoliceStationID, IOID, CourtID, AccusedMasterID, IsAccused, IsComplainantAccused) VALUES (147, 301, 1, '2024-07-20', 1, 2, 6, 11, 2, 351, 1, 0);
INSERT INTO inv_arrestsurrenderaccused (ArrestSurrenderID, AccusedMasterID) VALUES (147, 351);
INSERT INTO CaseMaster (CaseMasterID, CrimeNo, CaseNo, CrimeRegisteredDate, PolicePersonID, PoliceStationID, CaseCategoryID, GravityOffenceID, CrimeMajorHeadID, CrimeMinorHeadID, CaseStatusID, CourtID, IncidentFromDate, IncidentToDate, InfoReceivedPSDate, latitude, longitude, BriefFacts) VALUES (302, '100010002202400302', '202400302', '2024-07-27', 3, 2, 1, 1, 1, 10, 2, 1, '2024-07-27 20:00:00', '2024-07-27 23:00:00', '2024-07-27 20:00:00', 12.942104, 77.630160, 'Koramangala Police Station registered the case after an incident on a residential cross road. Initial CCTV, witness, and digital-evidence checks were assigned to IO Prakash Jadhav.');
INSERT INTO Inv_OccuranceTime (CaseMasterID, IncidentFromDate, IncidentToDate, latitude, longitude, PlaceOfOccurrence) VALUES (302, '2024-07-27 20:00:00', '2024-07-27 23:00:00', 12.942104, 77.630160, 'On a residential cross road, Koramangala');
INSERT INTO ComplainantDetails (ComplainantID, CaseMasterID, ComplainantName, AgeYear, OccupationID, ReligionID, CasteID, GenderID) VALUES (302, 302, 'Shilpa Patil', 60, 1, 4, 3, 1);
INSERT INTO ActSectionAssociation (CaseMasterID, ActID, SectionID, ActOrderID, SectionOrderID) VALUES (302, 'IPC', '379', 1, 1);
INSERT INTO Victim (VictimMasterID, CaseMasterID, VictimName, AgeYear, GenderID, VictimPolice) VALUES (302, 302, 'Sangeetha Rao', 30, 2, '0');
INSERT INTO Accused (AccusedMasterID, CaseMasterID, AccusedName, AgeYear, GenderID, PersonID) VALUES (352, 302, 'Vicky I. Jadhav', 40, 1, 'A1');
INSERT INTO ArrestSurrender (ArrestSurrenderID, CaseMasterID, ArrestSurrenderTypeID, ArrestSurrenderDate, ArrestSurrenderStateId, ArrestSurrenderDistrictId, PoliceStationID, IOID, CourtID, AccusedMasterID, IsAccused, IsComplainantAccused) VALUES (148, 302, 1, '2024-08-01', 1, 1, 2, 3, 1, 352, 1, 0);
INSERT INTO inv_arrestsurrenderaccused (ArrestSurrenderID, AccusedMasterID) VALUES (148, 352);
INSERT INTO ChargesheetDetails (CSID, CaseMasterID, csdate, cstype, PolicePersonID) VALUES (211, 302, '2024-09-28 16:00:00', 'A', 3);
INSERT INTO CaseMaster (CaseMasterID, CrimeNo, CaseNo, CrimeRegisteredDate, PolicePersonID, PoliceStationID, CaseCategoryID, GravityOffenceID, CrimeMajorHeadID, CrimeMinorHeadID, CaseStatusID, CourtID, IncidentFromDate, IncidentToDate, InfoReceivedPSDate, latitude, longitude, BriefFacts) VALUES (303, '100010001202400303', '202400303', '2024-07-10', 1, 1, 1, 3, 4, 8, 2, 1, '2024-07-10 11:00:00', '2024-07-10 12:00:00', '2024-07-10 11:00:00', 12.979830, 77.641548, 'Control room information regarding cheating was received from near a bus stop. IO Suresh Kambali opened the investigation and secured preliminary evidence.');
INSERT INTO Inv_OccuranceTime (CaseMasterID, IncidentFromDate, IncidentToDate, latitude, longitude, PlaceOfOccurrence) VALUES (303, '2024-07-10 11:00:00', '2024-07-10 12:00:00', 12.979830, 77.641548, 'Near a bus stop, Indiranagar');
INSERT INTO ComplainantDetails (ComplainantID, CaseMasterID, ComplainantName, AgeYear, OccupationID, ReligionID, CasteID, GenderID) VALUES (303, 303, 'Meena Patil', 49, 1, 1, 4, 2);
INSERT INTO ActSectionAssociation (CaseMasterID, ActID, SectionID, ActOrderID, SectionOrderID) VALUES (303, 'IPC', '420', 1, 1);
INSERT INTO Victim (VictimMasterID, CaseMasterID, VictimName, AgeYear, GenderID, VictimPolice) VALUES (303, 303, 'Chaitra Murthy', 64, 1, '0');
INSERT INTO Accused (AccusedMasterID, CaseMasterID, AccusedName, AgeYear, GenderID, PersonID) VALUES (353, 303, 'Raja P. Pashan', 30, 1, 'A1');
INSERT INTO Accused (AccusedMasterID, CaseMasterID, AccusedName, AgeYear, GenderID, PersonID) VALUES (354, 303, 'Imtiaz A. Verma', 20, 1, 'A2');
INSERT INTO ArrestSurrender (ArrestSurrenderID, CaseMasterID, ArrestSurrenderTypeID, ArrestSurrenderDate, ArrestSurrenderStateId, ArrestSurrenderDistrictId, PoliceStationID, IOID, CourtID, AccusedMasterID, IsAccused, IsComplainantAccused) VALUES (149, 303, 1, '2024-08-03', 1, 1, 1, 1, 1, 353, 1, 0);
INSERT INTO inv_arrestsurrenderaccused (ArrestSurrenderID, AccusedMasterID) VALUES (149, 353);
INSERT INTO inv_arrestsurrenderaccused (ArrestSurrenderID, AccusedMasterID) VALUES (149, 354);
INSERT INTO ChargesheetDetails (CSID, CaseMasterID, csdate, cstype, PolicePersonID) VALUES (212, 303, '2024-08-14 14:00:00', 'A', 1);
INSERT INTO CaseMaster (CaseMasterID, CrimeNo, CaseNo, CrimeRegisteredDate, PolicePersonID, PoliceStationID, CaseCategoryID, GravityOffenceID, CrimeMajorHeadID, CrimeMinorHeadID, CaseStatusID, CourtID, IncidentFromDate, IncidentToDate, InfoReceivedPSDate, latitude, longitude, BriefFacts) VALUES (304, '100060018202400304', '202400304', '2024-07-21', 35, 18, 1, 3, 1, 1, 3, 6, '2024-07-21 14:00:00', '2024-07-21 16:00:00', '2024-07-21 14:00:00', 17.339180, 76.844927, 'Complainant reported a suspected automobile theft incident near the inter-city bus stand. The matter was registered at Station Bazar Police Station and assigned to Prakash Kambali.');
INSERT INTO Inv_OccuranceTime (CaseMasterID, IncidentFromDate, IncidentToDate, latitude, longitude, PlaceOfOccurrence) VALUES (304, '2024-07-21 14:00:00', '2024-07-21 16:00:00', 17.339180, 76.844927, 'Near the inter-city bus stand, Station Bazar');
INSERT INTO ComplainantDetails (ComplainantID, CaseMasterID, ComplainantName, AgeYear, OccupationID, ReligionID, CasteID, GenderID) VALUES (304, 304, 'Girish Naik', 56, 3, 1, 1, 2);
INSERT INTO ActSectionAssociation (CaseMasterID, ActID, SectionID, ActOrderID, SectionOrderID) VALUES (304, 'IPC', '379', 1, 1);
INSERT INTO Victim (VictimMasterID, CaseMasterID, VictimName, AgeYear, GenderID, VictimPolice) VALUES (304, 304, 'Roshan Poojary', 37, 2, '0');
INSERT INTO Accused (AccusedMasterID, CaseMasterID, AccusedName, AgeYear, GenderID, PersonID) VALUES (355, 304, 'Salman W. Pashan', 29, 1, 'A1');
INSERT INTO ChargesheetDetails (CSID, CaseMasterID, csdate, cstype, PolicePersonID) VALUES (213, 304, '2024-10-21 10:00:00', 'A', 35);
INSERT INTO CaseMaster (CaseMasterID, CrimeNo, CaseNo, CrimeRegisteredDate, PolicePersonID, PoliceStationID, CaseCategoryID, GravityOffenceID, CrimeMajorHeadID, CrimeMinorHeadID, CaseStatusID, CourtID, IncidentFromDate, IncidentToDate, InfoReceivedPSDate, latitude, longitude, BriefFacts) VALUES (305, '100060018202400305', '202400305', '2024-07-04', 35, 18, 1, 1, 3, 6, 1, 6, '2024-07-04 17:00:00', '2024-07-04 19:00:00', '2024-07-04 17:00:00', 17.325073, 76.828442, 'Complainant reported a suspected online financial fraud incident beside an industrial access road. The matter was registered at Station Bazar Police Station and assigned to Prakash Kambali.');
INSERT INTO Inv_OccuranceTime (CaseMasterID, IncidentFromDate, IncidentToDate, latitude, longitude, PlaceOfOccurrence) VALUES (305, '2024-07-04 17:00:00', '2024-07-04 19:00:00', 17.325073, 76.828442, 'Beside an industrial access road, Station Bazar');
INSERT INTO ComplainantDetails (ComplainantID, CaseMasterID, ComplainantName, AgeYear, OccupationID, ReligionID, CasteID, GenderID) VALUES (305, 305, 'Pooja Gowda', 20, 7, 5, 5, 1);
INSERT INTO ActSectionAssociation (CaseMasterID, ActID, SectionID, ActOrderID, SectionOrderID) VALUES (305, 'IT_ACT', '66D', 1, 1);
INSERT INTO Victim (VictimMasterID, CaseMasterID, VictimName, AgeYear, GenderID, VictimPolice) VALUES (305, 305, 'Tarun Gowda', 32, 2, '0');
INSERT INTO Accused (AccusedMasterID, CaseMasterID, AccusedName, AgeYear, GenderID, PersonID) VALUES (356, 305, 'Sameer D. Patil', 23, 1, 'A1');
INSERT INTO ArrestSurrender (ArrestSurrenderID, CaseMasterID, ArrestSurrenderTypeID, ArrestSurrenderDate, ArrestSurrenderStateId, ArrestSurrenderDistrictId, PoliceStationID, IOID, CourtID, AccusedMasterID, IsAccused, IsComplainantAccused) VALUES (150, 305, 1, '2024-07-10', 1, 6, 18, 35, 6, 356, 1, 0);
INSERT INTO inv_arrestsurrenderaccused (ArrestSurrenderID, AccusedMasterID) VALUES (150, 356);
INSERT INTO CaseMaster (CaseMasterID, CrimeNo, CaseNo, CrimeRegisteredDate, PolicePersonID, PoliceStationID, CaseCategoryID, GravityOffenceID, CrimeMajorHeadID, CrimeMinorHeadID, CaseStatusID, CourtID, IncidentFromDate, IncidentToDate, InfoReceivedPSDate, latitude, longitude, BriefFacts) VALUES (306, '100010003202400306', '202400306', '2024-07-15', 5, 3, 2, 2, 1, 10, 2, 1, '2024-07-15 21:00:00', '2024-07-15 22:00:00', '2024-07-15 21:00:00', 12.966107, 77.759473, 'Highway Robbery reported near a market entrance within Whitefield Police Station limits. Lakshmi Shetty recorded statements and initiated scene verification.');
INSERT INTO Inv_OccuranceTime (CaseMasterID, IncidentFromDate, IncidentToDate, latitude, longitude, PlaceOfOccurrence) VALUES (306, '2024-07-15 21:00:00', '2024-07-15 22:00:00', 12.966107, 77.759473, 'Near a market entrance, Whitefield');
INSERT INTO ComplainantDetails (ComplainantID, CaseMasterID, ComplainantName, AgeYear, OccupationID, ReligionID, CasteID, GenderID) VALUES (306, 306, 'Eshwar Hegde', 33, 3, 2, 3, 2);
INSERT INTO ActSectionAssociation (CaseMasterID, ActID, SectionID, ActOrderID, SectionOrderID) VALUES (306, 'IPC', '379', 1, 1);
INSERT INTO Victim (VictimMasterID, CaseMasterID, VictimName, AgeYear, GenderID, VictimPolice) VALUES (306, 306, 'Praveen Poojary', 49, 2, '0');
INSERT INTO Accused (AccusedMasterID, CaseMasterID, AccusedName, AgeYear, GenderID, PersonID) VALUES (357, 306, 'Tukaram K. Shaikh', 39, 1, 'A1');
INSERT INTO ChargesheetDetails (CSID, CaseMasterID, csdate, cstype, PolicePersonID) VALUES (214, 306, '2024-08-14 16:00:00', 'A', 5);
INSERT INTO CaseMaster (CaseMasterID, CrimeNo, CaseNo, CrimeRegisteredDate, PolicePersonID, PoliceStationID, CaseCategoryID, GravityOffenceID, CrimeMajorHeadID, CrimeMinorHeadID, CaseStatusID, CourtID, IncidentFromDate, IncidentToDate, InfoReceivedPSDate, latitude, longitude, BriefFacts) VALUES (307, '100060018202400307', '202400307', '2024-07-26', 35, 18, 2, 2, 5, 9, 2, 6, '2024-07-26 22:00:00', '2024-07-26 00:00:00', '2024-07-26 22:00:00', 17.321398, 76.830764, 'Control room information regarding ganja possession was received from near the inter-city bus stand. IO Prakash Kambali opened the investigation and secured preliminary evidence.');
INSERT INTO Inv_OccuranceTime (CaseMasterID, IncidentFromDate, IncidentToDate, latitude, longitude, PlaceOfOccurrence) VALUES (307, '2024-07-26 22:00:00', '2024-07-26 00:00:00', 17.321398, 76.830764, 'Near the inter-city bus stand, Station Bazar');
INSERT INTO ComplainantDetails (ComplainantID, CaseMasterID, ComplainantName, AgeYear, OccupationID, ReligionID, CasteID, GenderID) VALUES (307, 307, 'Harish Bhat', 20, 7, 2, 2, 1);
INSERT INTO ActSectionAssociation (CaseMasterID, ActID, SectionID, ActOrderID, SectionOrderID) VALUES (307, 'NDPS', '20', 1, 1);
INSERT INTO Victim (VictimMasterID, CaseMasterID, VictimName, AgeYear, GenderID, VictimPolice) VALUES (307, 307, 'Arun Shetty', 43, 1, '0');
INSERT INTO Accused (AccusedMasterID, CaseMasterID, AccusedName, AgeYear, GenderID, PersonID) VALUES (358, 307, 'Mohan R. Salim', 24, 1, 'A1');
INSERT INTO ChargesheetDetails (CSID, CaseMasterID, csdate, cstype, PolicePersonID) VALUES (215, 307, '2024-09-11 15:00:00', 'A', 35);
INSERT INTO CaseMaster (CaseMasterID, CrimeNo, CaseNo, CrimeRegisteredDate, PolicePersonID, PoliceStationID, CaseCategoryID, GravityOffenceID, CrimeMajorHeadID, CrimeMinorHeadID, CaseStatusID, CourtID, IncidentFromDate, IncidentToDate, InfoReceivedPSDate, latitude, longitude, BriefFacts) VALUES (308, '100010001202400308', '202400308', '2024-07-09', 1, 1, 3, 3, 1, 1, 2, 1, '2024-07-09 08:00:00', '2024-07-09 09:00:00', '2024-07-09 08:00:00', 12.970431, 77.643568, 'Control room information regarding automobile theft was received from near a market entrance. IO Suresh Kambali opened the investigation and secured preliminary evidence.');
INSERT INTO Inv_OccuranceTime (CaseMasterID, IncidentFromDate, IncidentToDate, latitude, longitude, PlaceOfOccurrence) VALUES (308, '2024-07-09 08:00:00', '2024-07-09 09:00:00', 12.970431, 77.643568, 'Near a market entrance, Indiranagar');
INSERT INTO ComplainantDetails (ComplainantID, CaseMasterID, ComplainantName, AgeYear, OccupationID, ReligionID, CasteID, GenderID) VALUES (308, 308, 'Kavitha Bhat', 48, 5, 3, 5, 1);
INSERT INTO ActSectionAssociation (CaseMasterID, ActID, SectionID, ActOrderID, SectionOrderID) VALUES (308, 'IPC', '379', 1, 1);
INSERT INTO Victim (VictimMasterID, CaseMasterID, VictimName, AgeYear, GenderID, VictimPolice) VALUES (308, 308, 'Chaitra Deshpande', 50, 1, '0');
INSERT INTO Accused (AccusedMasterID, CaseMasterID, AccusedName, AgeYear, GenderID, PersonID) VALUES (359, 308, 'Altaf Y. Jadhav', 20, 1, 'A1');
INSERT INTO Accused (AccusedMasterID, CaseMasterID, AccusedName, AgeYear, GenderID, PersonID) VALUES (360, 308, 'Rohit J. Khan', 33, 1, 'A2');
INSERT INTO ChargesheetDetails (CSID, CaseMasterID, csdate, cstype, PolicePersonID) VALUES (216, 308, '2024-09-09 14:00:00', 'A', 1);
INSERT INTO CaseMaster (CaseMasterID, CrimeNo, CaseNo, CrimeRegisteredDate, PolicePersonID, PoliceStationID, CaseCategoryID, GravityOffenceID, CrimeMajorHeadID, CrimeMinorHeadID, CaseStatusID, CourtID, IncidentFromDate, IncidentToDate, InfoReceivedPSDate, latitude, longitude, BriefFacts) VALUES (309, '100010002202400309', '202400309', '2024-07-20', 3, 2, 1, 2, 1, 1, 1, 1, '2024-07-20 14:00:00', '2024-07-20 16:00:00', '2024-07-20 14:00:00', 12.943577, 77.622375, 'Control room information regarding automobile theft was received from on a residential cross road. IO Prakash Jadhav opened the investigation and secured preliminary evidence.');
INSERT INTO Inv_OccuranceTime (CaseMasterID, IncidentFromDate, IncidentToDate, latitude, longitude, PlaceOfOccurrence) VALUES (309, '2024-07-20 14:00:00', '2024-07-20 16:00:00', 12.943577, 77.622375, 'On a residential cross road, Koramangala');
INSERT INTO ComplainantDetails (ComplainantID, CaseMasterID, ComplainantName, AgeYear, OccupationID, ReligionID, CasteID, GenderID) VALUES (309, 309, 'Anand Patil', 40, 7, 1, 1, 2);
INSERT INTO ActSectionAssociation (CaseMasterID, ActID, SectionID, ActOrderID, SectionOrderID) VALUES (309, 'IPC', '379', 1, 1);
INSERT INTO Victim (VictimMasterID, CaseMasterID, VictimName, AgeYear, GenderID, VictimPolice) VALUES (309, 309, 'Arun Murthy', 37, 2, '0');
INSERT INTO Accused (AccusedMasterID, CaseMasterID, AccusedName, AgeYear, GenderID, PersonID) VALUES (361, 309, 'Rohit F. Gowda', 34, 1, 'A1');
INSERT INTO ArrestSurrender (ArrestSurrenderID, CaseMasterID, ArrestSurrenderTypeID, ArrestSurrenderDate, ArrestSurrenderStateId, ArrestSurrenderDistrictId, PoliceStationID, IOID, CourtID, AccusedMasterID, IsAccused, IsComplainantAccused) VALUES (151, 309, 1, '2024-08-24', 1, 1, 2, 3, 1, 361, 1, 0);
INSERT INTO inv_arrestsurrenderaccused (ArrestSurrenderID, AccusedMasterID) VALUES (151, 361);
INSERT INTO CaseMaster (CaseMasterID, CrimeNo, CaseNo, CrimeRegisteredDate, PolicePersonID, PoliceStationID, CaseCategoryID, GravityOffenceID, CrimeMajorHeadID, CrimeMinorHeadID, CaseStatusID, CourtID, IncidentFromDate, IncidentToDate, InfoReceivedPSDate, latitude, longitude, BriefFacts) VALUES (310, '100010003202400310', '202400310', '2024-07-03', 5, 3, 1, 1, 3, 6, 3, 1, '2024-07-03 14:00:00', '2024-07-03 15:00:00', '2024-07-03 14:00:00', 12.969802, 77.746192, 'Whitefield Police Station registered the case after an incident near a bus stop. Initial CCTV, witness, and digital-evidence checks were assigned to IO Lakshmi Shetty.');
INSERT INTO Inv_OccuranceTime (CaseMasterID, IncidentFromDate, IncidentToDate, latitude, longitude, PlaceOfOccurrence) VALUES (310, '2024-07-03 14:00:00', '2024-07-03 15:00:00', 12.969802, 77.746192, 'Near a bus stop, Whitefield');
INSERT INTO ComplainantDetails (ComplainantID, CaseMasterID, ComplainantName, AgeYear, OccupationID, ReligionID, CasteID, GenderID) VALUES (310, 310, 'Jagadish Naik', 55, 7, 1, 2, 2);
INSERT INTO ActSectionAssociation (CaseMasterID, ActID, SectionID, ActOrderID, SectionOrderID) VALUES (310, 'IT_ACT', '66D', 1, 1);
INSERT INTO Victim (VictimMasterID, CaseMasterID, VictimName, AgeYear, GenderID, VictimPolice) VALUES (310, 310, 'Rajesh Fernandes', 49, 2, '0');
INSERT INTO Accused (AccusedMasterID, CaseMasterID, AccusedName, AgeYear, GenderID, PersonID) VALUES (362, 310, 'Mohan M. Reddy', 29, 1, 'A1');
INSERT INTO ArrestSurrender (ArrestSurrenderID, CaseMasterID, ArrestSurrenderTypeID, ArrestSurrenderDate, ArrestSurrenderStateId, ArrestSurrenderDistrictId, PoliceStationID, IOID, CourtID, AccusedMasterID, IsAccused, IsComplainantAccused) VALUES (152, 310, 1, '2024-07-10', 1, 1, 3, 5, 1, 362, 1, 0);
INSERT INTO inv_arrestsurrenderaccused (ArrestSurrenderID, AccusedMasterID) VALUES (152, 362);
INSERT INTO ChargesheetDetails (CSID, CaseMasterID, csdate, cstype, PolicePersonID) VALUES (217, 310, '2024-08-12 09:00:00', 'A', 5);
INSERT INTO CaseMaster (CaseMasterID, CrimeNo, CaseNo, CrimeRegisteredDate, PolicePersonID, PoliceStationID, CaseCategoryID, GravityOffenceID, CrimeMajorHeadID, CrimeMinorHeadID, CaseStatusID, CourtID, IncidentFromDate, IncidentToDate, InfoReceivedPSDate, latitude, longitude, BriefFacts) VALUES (311, '100040012202400311', '202400311', '2024-07-14', 23, 12, 1, 3, 3, 7, 1, 4, '2024-07-14 14:00:00', '2024-07-14 16:00:00', '2024-07-14 14:00:00', 15.356381, 75.146942, 'Control room information regarding identity theft was received from on the ring road service lane. IO Manjunath Deshmukh opened the investigation and secured preliminary evidence.');
INSERT INTO Inv_OccuranceTime (CaseMasterID, IncidentFromDate, IncidentToDate, latitude, longitude, PlaceOfOccurrence) VALUES (311, '2024-07-14 14:00:00', '2024-07-14 16:00:00', 15.356381, 75.146942, 'On the ring road service lane, Suburban Hubballi');
INSERT INTO ComplainantDetails (ComplainantID, CaseMasterID, ComplainantName, AgeYear, OccupationID, ReligionID, CasteID, GenderID) VALUES (311, 311, 'Farhan Joshi', 29, 3, 5, 3, 1);
INSERT INTO ActSectionAssociation (CaseMasterID, ActID, SectionID, ActOrderID, SectionOrderID) VALUES (311, 'IT_ACT', '66D', 1, 1);
INSERT INTO Victim (VictimMasterID, CaseMasterID, VictimName, AgeYear, GenderID, VictimPolice) VALUES (311, 311, 'Fathima Bhat', 17, 1, '0');
INSERT INTO Accused (AccusedMasterID, CaseMasterID, AccusedName, AgeYear, GenderID, PersonID) VALUES (363, 311, 'Jagga T. Patil', 36, 1, 'A1');
INSERT INTO ChargesheetDetails (CSID, CaseMasterID, csdate, cstype, PolicePersonID) VALUES (218, 311, '2024-10-09 12:00:00', 'A', 23);
INSERT INTO CaseMaster (CaseMasterID, CrimeNo, CaseNo, CrimeRegisteredDate, PolicePersonID, PoliceStationID, CaseCategoryID, GravityOffenceID, CrimeMajorHeadID, CrimeMinorHeadID, CaseStatusID, CourtID, IncidentFromDate, IncidentToDate, InfoReceivedPSDate, latitude, longitude, BriefFacts) VALUES (312, '100010002202400312', '202400312', '2024-07-25', 3, 2, 1, 3, 5, 9, 5, 1, '2024-07-25 17:00:00', '2024-07-25 20:00:00', '2024-07-25 17:00:00', 12.926593, 77.613941, 'Control room information regarding ganja possession was received from near a bus stop. IO Prakash Jadhav opened the investigation and secured preliminary evidence.');
INSERT INTO Inv_OccuranceTime (CaseMasterID, IncidentFromDate, IncidentToDate, latitude, longitude, PlaceOfOccurrence) VALUES (312, '2024-07-25 17:00:00', '2024-07-25 20:00:00', 12.926593, 77.613941, 'Near a bus stop, Koramangala');
INSERT INTO ComplainantDetails (ComplainantID, CaseMasterID, ComplainantName, AgeYear, OccupationID, ReligionID, CasteID, GenderID) VALUES (312, 312, 'Girish Naik', 33, 7, 4, 2, 2);
INSERT INTO ActSectionAssociation (CaseMasterID, ActID, SectionID, ActOrderID, SectionOrderID) VALUES (312, 'NDPS', '20', 1, 1);
INSERT INTO Victim (VictimMasterID, CaseMasterID, VictimName, AgeYear, GenderID, VictimPolice) VALUES (312, 312, 'Nikhil Kulkarni', 72, 2, '0');
INSERT INTO Accused (AccusedMasterID, CaseMasterID, AccusedName, AgeYear, GenderID, PersonID) VALUES (364, 312, 'Nagesh A. Patil', 31, 1, 'A1');
INSERT INTO ArrestSurrender (ArrestSurrenderID, CaseMasterID, ArrestSurrenderTypeID, ArrestSurrenderDate, ArrestSurrenderStateId, ArrestSurrenderDistrictId, PoliceStationID, IOID, CourtID, AccusedMasterID, IsAccused, IsComplainantAccused) VALUES (153, 312, 1, '2024-08-06', 1, 1, 2, 3, 1, 364, 1, 0);
INSERT INTO inv_arrestsurrenderaccused (ArrestSurrenderID, AccusedMasterID) VALUES (153, 364);
INSERT INTO CaseMaster (CaseMasterID, CrimeNo, CaseNo, CrimeRegisteredDate, PolicePersonID, PoliceStationID, CaseCategoryID, GravityOffenceID, CrimeMajorHeadID, CrimeMinorHeadID, CaseStatusID, CourtID, IncidentFromDate, IncidentToDate, InfoReceivedPSDate, latitude, longitude, BriefFacts) VALUES (313, '100050016202400313', '202400313', '2024-07-08', 31, 16, 1, 3, 1, 1, 3, 5, '2024-07-08 23:00:00', '2024-07-08 01:00:00', '2024-07-08 23:00:00', 15.843586, 74.502095, 'Automobile Theft reported on the ring road service lane within Tilakwadi Police Station limits. Santosh Pawar recorded statements and initiated scene verification.');
INSERT INTO Inv_OccuranceTime (CaseMasterID, IncidentFromDate, IncidentToDate, latitude, longitude, PlaceOfOccurrence) VALUES (313, '2024-07-08 23:00:00', '2024-07-08 01:00:00', 15.843586, 74.502095, 'On the ring road service lane, Tilakwadi');
INSERT INTO ComplainantDetails (ComplainantID, CaseMasterID, ComplainantName, AgeYear, OccupationID, ReligionID, CasteID, GenderID) VALUES (313, 313, 'Farhan Poojary', 30, 5, 3, 3, 2);
INSERT INTO ActSectionAssociation (CaseMasterID, ActID, SectionID, ActOrderID, SectionOrderID) VALUES (313, 'IPC', '379', 1, 1);
INSERT INTO Victim (VictimMasterID, CaseMasterID, VictimName, AgeYear, GenderID, VictimPolice) VALUES (313, 313, 'Asha Shetty', 73, 1, '0');
INSERT INTO Accused (AccusedMasterID, CaseMasterID, AccusedName, AgeYear, GenderID, PersonID) VALUES (365, 313, 'Imtiaz H. Gowda', 31, 1, 'A1');
INSERT INTO ArrestSurrender (ArrestSurrenderID, CaseMasterID, ArrestSurrenderTypeID, ArrestSurrenderDate, ArrestSurrenderStateId, ArrestSurrenderDistrictId, PoliceStationID, IOID, CourtID, AccusedMasterID, IsAccused, IsComplainantAccused) VALUES (154, 313, 1, '2024-07-31', 1, 5, 16, 31, 5, 365, 1, 0);
INSERT INTO inv_arrestsurrenderaccused (ArrestSurrenderID, AccusedMasterID) VALUES (154, 365);
INSERT INTO ChargesheetDetails (CSID, CaseMasterID, csdate, cstype, PolicePersonID) VALUES (219, 313, '2024-08-24 11:00:00', 'A', 31);
INSERT INTO CaseMaster (CaseMasterID, CrimeNo, CaseNo, CrimeRegisteredDate, PolicePersonID, PoliceStationID, CaseCategoryID, GravityOffenceID, CrimeMajorHeadID, CrimeMinorHeadID, CaseStatusID, CourtID, IncidentFromDate, IncidentToDate, InfoReceivedPSDate, latitude, longitude, BriefFacts) VALUES (314, '100010003202400314', '202400314', '2024-07-19', 5, 3, 1, 3, 1, 1, 4, 1, '2024-07-19 10:00:00', '2024-07-19 13:00:00', '2024-07-19 10:00:00', 12.966958, 77.755239, 'Whitefield Police Station registered the case after an incident beside a metro approach road. Initial CCTV, witness, and digital-evidence checks were assigned to IO Lakshmi Shetty.');
INSERT INTO Inv_OccuranceTime (CaseMasterID, IncidentFromDate, IncidentToDate, latitude, longitude, PlaceOfOccurrence) VALUES (314, '2024-07-19 10:00:00', '2024-07-19 13:00:00', 12.966958, 77.755239, 'Beside a metro approach road, Whitefield');
INSERT INTO ComplainantDetails (ComplainantID, CaseMasterID, ComplainantName, AgeYear, OccupationID, ReligionID, CasteID, GenderID) VALUES (314, 314, 'Shilpa Khan', 42, 4, 4, 5, 1);
INSERT INTO ActSectionAssociation (CaseMasterID, ActID, SectionID, ActOrderID, SectionOrderID) VALUES (314, 'IPC', '379', 1, 1);
INSERT INTO Victim (VictimMasterID, CaseMasterID, VictimName, AgeYear, GenderID, VictimPolice) VALUES (314, 314, 'Kiran Kulkarni', 39, 2, '0');
INSERT INTO Accused (AccusedMasterID, CaseMasterID, AccusedName, AgeYear, GenderID, PersonID) VALUES (366, 314, 'Ajay O. Pashan', 28, 1, 'A1');
INSERT INTO ArrestSurrender (ArrestSurrenderID, CaseMasterID, ArrestSurrenderTypeID, ArrestSurrenderDate, ArrestSurrenderStateId, ArrestSurrenderDistrictId, PoliceStationID, IOID, CourtID, AccusedMasterID, IsAccused, IsComplainantAccused) VALUES (155, 314, 1, '2024-08-21', 1, 1, 3, 5, 1, 366, 1, 0);
INSERT INTO inv_arrestsurrenderaccused (ArrestSurrenderID, AccusedMasterID) VALUES (155, 366);
INSERT INTO ChargesheetDetails (CSID, CaseMasterID, csdate, cstype, PolicePersonID) VALUES (220, 314, '2024-09-14 12:00:00', 'A', 5);
INSERT INTO CaseMaster (CaseMasterID, CrimeNo, CaseNo, CrimeRegisteredDate, PolicePersonID, PoliceStationID, CaseCategoryID, GravityOffenceID, CrimeMajorHeadID, CrimeMinorHeadID, CaseStatusID, CourtID, IncidentFromDate, IncidentToDate, InfoReceivedPSDate, latitude, longitude, BriefFacts) VALUES (315, '100040012202400315', '202400315', '2024-07-02', 23, 12, 1, 3, 1, 3, 1, 4, '2024-07-02 21:00:00', '2024-07-02 00:00:00', '2024-07-02 21:00:00', 15.344563, 75.134229, 'Suburban Police Station Hubballi registered the case after an incident near the inter-city bus stand. Initial CCTV, witness, and digital-evidence checks were assigned to IO Manjunath Deshmukh.');
INSERT INTO Inv_OccuranceTime (CaseMasterID, IncidentFromDate, IncidentToDate, latitude, longitude, PlaceOfOccurrence) VALUES (315, '2024-07-02 21:00:00', '2024-07-02 00:00:00', 15.344563, 75.134229, 'Near the inter-city bus stand, Suburban Hubballi');
INSERT INTO ComplainantDetails (ComplainantID, CaseMasterID, ComplainantName, AgeYear, OccupationID, ReligionID, CasteID, GenderID) VALUES (315, 315, 'Kavitha Poojary', 40, 7, 2, 5, 2);
INSERT INTO ActSectionAssociation (CaseMasterID, ActID, SectionID, ActOrderID, SectionOrderID) VALUES (315, 'IPC', '379', 1, 1);
INSERT INTO Victim (VictimMasterID, CaseMasterID, VictimName, AgeYear, GenderID, VictimPolice) VALUES (315, 315, 'Asha Bhat', 30, 1, '0');
INSERT INTO Accused (AccusedMasterID, CaseMasterID, AccusedName, AgeYear, GenderID, PersonID) VALUES (367, 315, 'Salman V. Reddy', 21, 1, 'A1');
INSERT INTO CaseMaster (CaseMasterID, CrimeNo, CaseNo, CrimeRegisteredDate, PolicePersonID, PoliceStationID, CaseCategoryID, GravityOffenceID, CrimeMajorHeadID, CrimeMinorHeadID, CaseStatusID, CourtID, IncidentFromDate, IncidentToDate, InfoReceivedPSDate, latitude, longitude, BriefFacts) VALUES (316, '100040012202400316', '202400316', '2024-07-13', 23, 12, 1, 2, 1, 1, 2, 4, '2024-07-13 20:00:00', '2024-07-13 21:00:00', '2024-07-13 20:00:00', 15.342117, 75.151351, 'Automobile Theft reported on the ring road service lane within Suburban Police Station Hubballi limits. Manjunath Deshmukh recorded statements and initiated scene verification.');
INSERT INTO Inv_OccuranceTime (CaseMasterID, IncidentFromDate, IncidentToDate, latitude, longitude, PlaceOfOccurrence) VALUES (316, '2024-07-13 20:00:00', '2024-07-13 21:00:00', 15.342117, 75.151351, 'On the ring road service lane, Suburban Hubballi');
INSERT INTO ComplainantDetails (ComplainantID, CaseMasterID, ComplainantName, AgeYear, OccupationID, ReligionID, CasteID, GenderID) VALUES (316, 316, 'Meena Murthy', 58, 3, 3, 1, 1);
INSERT INTO ActSectionAssociation (CaseMasterID, ActID, SectionID, ActOrderID, SectionOrderID) VALUES (316, 'IPC', '379', 1, 1);
INSERT INTO Victim (VictimMasterID, CaseMasterID, VictimName, AgeYear, GenderID, VictimPolice) VALUES (316, 316, 'Bhavya Rao', 52, 2, '0');
INSERT INTO Accused (AccusedMasterID, CaseMasterID, AccusedName, AgeYear, GenderID, PersonID) VALUES (368, 316, 'Rafiq C. Gowda', 42, 1, 'A1');
INSERT INTO Accused (AccusedMasterID, CaseMasterID, AccusedName, AgeYear, GenderID, PersonID) VALUES (369, 316, 'Shiva N. Shetty', 27, 1, 'A2');
INSERT INTO ChargesheetDetails (CSID, CaseMasterID, csdate, cstype, PolicePersonID) VALUES (221, 316, '2024-10-08 13:00:00', 'A', 23);
INSERT INTO CaseMaster (CaseMasterID, CrimeNo, CaseNo, CrimeRegisteredDate, PolicePersonID, PoliceStationID, CaseCategoryID, GravityOffenceID, CrimeMajorHeadID, CrimeMinorHeadID, CaseStatusID, CourtID, IncidentFromDate, IncidentToDate, InfoReceivedPSDate, latitude, longitude, BriefFacts) VALUES (317, '100010001202400317', '202400317', '2024-07-24', 1, 1, 1, 3, 1, 3, 3, 1, '2024-07-24 19:00:00', '2024-07-24 20:00:00', '2024-07-24 19:00:00', 12.983690, 77.639619, 'Chain Snatching reported beside a metro approach road within Indiranagar Police Station limits. Suresh Kambali recorded statements and initiated scene verification.');
INSERT INTO Inv_OccuranceTime (CaseMasterID, IncidentFromDate, IncidentToDate, latitude, longitude, PlaceOfOccurrence) VALUES (317, '2024-07-24 19:00:00', '2024-07-24 20:00:00', 12.983690, 77.639619, 'Beside a metro approach road, Indiranagar');
INSERT INTO ComplainantDetails (ComplainantID, CaseMasterID, ComplainantName, AgeYear, OccupationID, ReligionID, CasteID, GenderID) VALUES (317, 317, 'Girish Patil', 53, 1, 5, 4, 2);
INSERT INTO ActSectionAssociation (CaseMasterID, ActID, SectionID, ActOrderID, SectionOrderID) VALUES (317, 'IPC', '379', 1, 1);
INSERT INTO Victim (VictimMasterID, CaseMasterID, VictimName, AgeYear, GenderID, VictimPolice) VALUES (317, 317, 'Ganesh Kulkarni', 17, 1, '0');
INSERT INTO Accused (AccusedMasterID, CaseMasterID, AccusedName, AgeYear, GenderID, PersonID) VALUES (370, 317, 'Ajay J. Singh', 24, 1, 'A1');
INSERT INTO ArrestSurrender (ArrestSurrenderID, CaseMasterID, ArrestSurrenderTypeID, ArrestSurrenderDate, ArrestSurrenderStateId, ArrestSurrenderDistrictId, PoliceStationID, IOID, CourtID, AccusedMasterID, IsAccused, IsComplainantAccused) VALUES (156, 317, 1, '2024-07-24', 1, 1, 1, 1, 1, 370, 1, 0);
INSERT INTO inv_arrestsurrenderaccused (ArrestSurrenderID, AccusedMasterID) VALUES (156, 370);
INSERT INTO ChargesheetDetails (CSID, CaseMasterID, csdate, cstype, PolicePersonID) VALUES (222, 317, '2024-09-15 13:00:00', 'A', 1);
INSERT INTO CaseMaster (CaseMasterID, CrimeNo, CaseNo, CrimeRegisteredDate, PolicePersonID, PoliceStationID, CaseCategoryID, GravityOffenceID, CrimeMajorHeadID, CrimeMinorHeadID, CaseStatusID, CourtID, IncidentFromDate, IncidentToDate, InfoReceivedPSDate, latitude, longitude, BriefFacts) VALUES (318, '100010004202400318', '202400318', '2024-07-07', 7, 4, 1, 3, 1, 2, 1, 1, '2024-07-07 01:00:00', '2024-07-07 02:00:00', '2024-07-07 01:00:00', 12.916614, 77.600614, 'Control room information regarding house breaking night was received from beside a metro approach road. IO Kiran Bhat opened the investigation and secured preliminary evidence.');
INSERT INTO Inv_OccuranceTime (CaseMasterID, IncidentFromDate, IncidentToDate, latitude, longitude, PlaceOfOccurrence) VALUES (318, '2024-07-07 01:00:00', '2024-07-07 02:00:00', 12.916614, 77.600614, 'Beside a metro approach road, Jayanagar');
INSERT INTO ComplainantDetails (ComplainantID, CaseMasterID, ComplainantName, AgeYear, OccupationID, ReligionID, CasteID, GenderID) VALUES (318, 318, 'Eshwar Shetty', 67, 3, 2, 4, 1);
INSERT INTO ActSectionAssociation (CaseMasterID, ActID, SectionID, ActOrderID, SectionOrderID) VALUES (318, 'IPC', '379', 1, 1);
INSERT INTO Victim (VictimMasterID, CaseMasterID, VictimName, AgeYear, GenderID, VictimPolice) VALUES (318, 318, 'Manoj Rao', 48, 2, '0');
INSERT INTO Accused (AccusedMasterID, CaseMasterID, AccusedName, AgeYear, GenderID, PersonID) VALUES (371, 318, 'Pandu Q. Naik', 30, 1, 'A1');
INSERT INTO Accused (AccusedMasterID, CaseMasterID, AccusedName, AgeYear, GenderID, PersonID) VALUES (372, 318, 'Yogesh B. Pashan', 32, 1, 'A2');
INSERT INTO CaseMaster (CaseMasterID, CrimeNo, CaseNo, CrimeRegisteredDate, PolicePersonID, PoliceStationID, CaseCategoryID, GravityOffenceID, CrimeMajorHeadID, CrimeMinorHeadID, CaseStatusID, CourtID, IncidentFromDate, IncidentToDate, InfoReceivedPSDate, latitude, longitude, BriefFacts) VALUES (319, '100030009202400319', '202400319', '2024-07-18', 17, 9, 1, 3, 5, 9, 3, 3, '2024-07-18 21:00:00', '2024-07-18 23:00:00', '2024-07-18 21:00:00', 12.881043, 74.857334, 'Kadri Police Station registered the case after an incident near the central market. Initial CCTV, witness, and digital-evidence checks were assigned to IO Basavaraj Patil.');
INSERT INTO Inv_OccuranceTime (CaseMasterID, IncidentFromDate, IncidentToDate, latitude, longitude, PlaceOfOccurrence) VALUES (319, '2024-07-18 21:00:00', '2024-07-18 23:00:00', 12.881043, 74.857334, 'Near the central market, Kadri');
INSERT INTO ComplainantDetails (ComplainantID, CaseMasterID, ComplainantName, AgeYear, OccupationID, ReligionID, CasteID, GenderID) VALUES (319, 319, 'Meena Deshpande', 24, 2, 3, 3, 1);
INSERT INTO ActSectionAssociation (CaseMasterID, ActID, SectionID, ActOrderID, SectionOrderID) VALUES (319, 'NDPS', '20', 1, 1);
INSERT INTO Victim (VictimMasterID, CaseMasterID, VictimName, AgeYear, GenderID, VictimPolice) VALUES (319, 319, 'Divya Patil', 33, 1, '0');
INSERT INTO Accused (AccusedMasterID, CaseMasterID, AccusedName, AgeYear, GenderID, PersonID) VALUES (373, 319, 'Raja X. Khan', 45, 1, 'A1');
INSERT INTO ChargesheetDetails (CSID, CaseMasterID, csdate, cstype, PolicePersonID) VALUES (223, 319, '2024-08-27 14:00:00', 'A', 17);
INSERT INTO CaseMaster (CaseMasterID, CrimeNo, CaseNo, CrimeRegisteredDate, PolicePersonID, PoliceStationID, CaseCategoryID, GravityOffenceID, CrimeMajorHeadID, CrimeMinorHeadID, CaseStatusID, CourtID, IncidentFromDate, IncidentToDate, InfoReceivedPSDate, latitude, longitude, BriefFacts) VALUES (320, '100040012202400320', '202400320', '2024-07-01', 23, 12, 1, 3, 1, 2, 1, 4, '2024-07-01 23:00:00', '2024-07-01 00:00:00', '2024-07-01 23:00:00', 15.360085, 75.136015, 'Control room information regarding house breaking night was received from on the ring road service lane. IO Manjunath Deshmukh opened the investigation and secured preliminary evidence.');
INSERT INTO Inv_OccuranceTime (CaseMasterID, IncidentFromDate, IncidentToDate, latitude, longitude, PlaceOfOccurrence) VALUES (320, '2024-07-01 23:00:00', '2024-07-01 00:00:00', 15.360085, 75.136015, 'On the ring road service lane, Suburban Hubballi');
INSERT INTO ComplainantDetails (ComplainantID, CaseMasterID, ComplainantName, AgeYear, OccupationID, ReligionID, CasteID, GenderID) VALUES (320, 320, 'Eshwar Deshpande', 56, 7, 2, 3, 1);
INSERT INTO ActSectionAssociation (CaseMasterID, ActID, SectionID, ActOrderID, SectionOrderID) VALUES (320, 'IPC', '379', 1, 1);
INSERT INTO Victim (VictimMasterID, CaseMasterID, VictimName, AgeYear, GenderID, VictimPolice) VALUES (320, 320, 'Asha Bhat', 26, 1, '0');
INSERT INTO Accused (AccusedMasterID, CaseMasterID, AccusedName, AgeYear, GenderID, PersonID) VALUES (374, 320, 'Pandu E. Pashan', 35, 1, 'A1');
INSERT INTO ArrestSurrender (ArrestSurrenderID, CaseMasterID, ArrestSurrenderTypeID, ArrestSurrenderDate, ArrestSurrenderStateId, ArrestSurrenderDistrictId, PoliceStationID, IOID, CourtID, AccusedMasterID, IsAccused, IsComplainantAccused) VALUES (157, 320, 1, '2024-07-06', 1, 4, 12, 23, 4, 374, 1, 0);
INSERT INTO inv_arrestsurrenderaccused (ArrestSurrenderID, AccusedMasterID) VALUES (157, 374);
INSERT INTO CaseMaster (CaseMasterID, CrimeNo, CaseNo, CrimeRegisteredDate, PolicePersonID, PoliceStationID, CaseCategoryID, GravityOffenceID, CrimeMajorHeadID, CrimeMinorHeadID, CaseStatusID, CourtID, IncidentFromDate, IncidentToDate, InfoReceivedPSDate, latitude, longitude, BriefFacts) VALUES (321, '100020007202400321', '202400321', '2024-07-12', 13, 7, 1, 3, 1, 3, 2, 2, '2024-07-12 21:00:00', '2024-07-12 22:00:00', '2024-07-12 21:00:00', 12.304644, 76.653548, 'Complainant reported a suspected chain snatching incident near the central market. The matter was registered at Lashkar Police Station and assigned to Suresh Rao.');
INSERT INTO Inv_OccuranceTime (CaseMasterID, IncidentFromDate, IncidentToDate, latitude, longitude, PlaceOfOccurrence) VALUES (321, '2024-07-12 21:00:00', '2024-07-12 22:00:00', 12.304644, 76.653548, 'Near the central market, Lashkar');
INSERT INTO ComplainantDetails (ComplainantID, CaseMasterID, ComplainantName, AgeYear, OccupationID, ReligionID, CasteID, GenderID) VALUES (321, 321, 'Eshwar Rao', 59, 5, 2, 2, 2);
INSERT INTO ActSectionAssociation (CaseMasterID, ActID, SectionID, ActOrderID, SectionOrderID) VALUES (321, 'IPC', '379', 1, 1);
INSERT INTO Victim (VictimMasterID, CaseMasterID, VictimName, AgeYear, GenderID, VictimPolice) VALUES (321, 321, 'Asha Hegde', 20, 1, '0');
INSERT INTO Accused (AccusedMasterID, CaseMasterID, AccusedName, AgeYear, GenderID, PersonID) VALUES (375, 321, 'Manjunath L. Poojary', 31, 1, 'A1');
INSERT INTO ChargesheetDetails (CSID, CaseMasterID, csdate, cstype, PolicePersonID) VALUES (224, 321, '2024-09-04 15:00:00', 'A', 13);
INSERT INTO CaseMaster (CaseMasterID, CrimeNo, CaseNo, CrimeRegisteredDate, PolicePersonID, PoliceStationID, CaseCategoryID, GravityOffenceID, CrimeMajorHeadID, CrimeMinorHeadID, CaseStatusID, CourtID, IncidentFromDate, IncidentToDate, InfoReceivedPSDate, latitude, longitude, BriefFacts) VALUES (322, '100010003202400322', '202400322', '2024-07-23', 5, 3, 1, 3, 3, 7, 2, 1, '2024-07-23 17:00:00', '2024-07-23 19:00:00', '2024-07-23 17:00:00', 12.971688, 77.756582, 'Identity Theft reported near a market entrance within Whitefield Police Station limits. Lakshmi Shetty recorded statements and initiated scene verification.');
INSERT INTO Inv_OccuranceTime (CaseMasterID, IncidentFromDate, IncidentToDate, latitude, longitude, PlaceOfOccurrence) VALUES (322, '2024-07-23 17:00:00', '2024-07-23 19:00:00', 12.971688, 77.756582, 'Near a market entrance, Whitefield');
INSERT INTO ComplainantDetails (ComplainantID, CaseMasterID, ComplainantName, AgeYear, OccupationID, ReligionID, CasteID, GenderID) VALUES (322, 322, 'Chetan Fernandes', 60, 2, 2, 5, 2);
INSERT INTO ActSectionAssociation (CaseMasterID, ActID, SectionID, ActOrderID, SectionOrderID) VALUES (322, 'IT_ACT', '66D', 1, 1);
INSERT INTO Victim (VictimMasterID, CaseMasterID, VictimName, AgeYear, GenderID, VictimPolice) VALUES (322, 322, 'Bhavya Rao', 39, 1, '0');
INSERT INTO Accused (AccusedMasterID, CaseMasterID, AccusedName, AgeYear, GenderID, PersonID) VALUES (376, 322, 'Sameer S. Patil', 30, 1, 'A1');
INSERT INTO Accused (AccusedMasterID, CaseMasterID, AccusedName, AgeYear, GenderID, PersonID) VALUES (377, 322, 'Yogesh D. Jadhav', 27, 1, 'A2');
INSERT INTO ChargesheetDetails (CSID, CaseMasterID, csdate, cstype, PolicePersonID) VALUES (225, 322, '2024-10-04 11:00:00', 'A', 5);
INSERT INTO CaseMaster (CaseMasterID, CrimeNo, CaseNo, CrimeRegisteredDate, PolicePersonID, PoliceStationID, CaseCategoryID, GravityOffenceID, CrimeMajorHeadID, CrimeMinorHeadID, CaseStatusID, CourtID, IncidentFromDate, IncidentToDate, InfoReceivedPSDate, latitude, longitude, BriefFacts) VALUES (323, '100020006202400323', '202400323', '2024-07-06', 11, 6, 1, 3, 1, 3, 3, 2, '2024-07-06 22:00:00', '2024-07-06 23:00:00', '2024-07-06 22:00:00', 12.310806, 76.656804, 'Complainant reported a suspected chain snatching incident beside an industrial access road. The matter was registered at Devaraja Police Station and assigned to Anitha Gowda.');
INSERT INTO Inv_OccuranceTime (CaseMasterID, IncidentFromDate, IncidentToDate, latitude, longitude, PlaceOfOccurrence) VALUES (323, '2024-07-06 22:00:00', '2024-07-06 23:00:00', 12.310806, 76.656804, 'Beside an industrial access road, Devaraja');
INSERT INTO ComplainantDetails (ComplainantID, CaseMasterID, ComplainantName, AgeYear, OccupationID, ReligionID, CasteID, GenderID) VALUES (323, 323, 'Anand Poojary', 27, 2, 2, 5, 1);
INSERT INTO ActSectionAssociation (CaseMasterID, ActID, SectionID, ActOrderID, SectionOrderID) VALUES (323, 'IPC', '379', 1, 1);
INSERT INTO Victim (VictimMasterID, CaseMasterID, VictimName, AgeYear, GenderID, VictimPolice) VALUES (323, 323, 'Divya Gowda', 55, 1, '0');
INSERT INTO Accused (AccusedMasterID, CaseMasterID, AccusedName, AgeYear, GenderID, PersonID) VALUES (378, 323, 'Pandu Z. Reddy', 32, 1, 'A1');
INSERT INTO ArrestSurrender (ArrestSurrenderID, CaseMasterID, ArrestSurrenderTypeID, ArrestSurrenderDate, ArrestSurrenderStateId, ArrestSurrenderDistrictId, PoliceStationID, IOID, CourtID, AccusedMasterID, IsAccused, IsComplainantAccused) VALUES (158, 323, 1, '2024-08-02', 1, 2, 6, 11, 2, 378, 1, 0);
INSERT INTO inv_arrestsurrenderaccused (ArrestSurrenderID, AccusedMasterID) VALUES (158, 378);
INSERT INTO ChargesheetDetails (CSID, CaseMasterID, csdate, cstype, PolicePersonID) VALUES (226, 323, '2024-08-24 15:00:00', 'A', 11);
INSERT INTO CaseMaster (CaseMasterID, CrimeNo, CaseNo, CrimeRegisteredDate, PolicePersonID, PoliceStationID, CaseCategoryID, GravityOffenceID, CrimeMajorHeadID, CrimeMinorHeadID, CaseStatusID, CourtID, IncidentFromDate, IncidentToDate, InfoReceivedPSDate, latitude, longitude, BriefFacts) VALUES (324, '100010001202400324', '202400324', '2024-07-17', 1, 1, 1, 3, 5, 9, 5, 1, '2024-07-17 17:00:00', '2024-07-17 20:00:00', '2024-07-17 17:00:00', 12.974231, 77.632284, 'Indiranagar Police Station registered the case after an incident near a bus stop. Initial CCTV, witness, and digital-evidence checks were assigned to IO Suresh Kambali.');
INSERT INTO Inv_OccuranceTime (CaseMasterID, IncidentFromDate, IncidentToDate, latitude, longitude, PlaceOfOccurrence) VALUES (324, '2024-07-17 17:00:00', '2024-07-17 20:00:00', 12.974231, 77.632284, 'Near a bus stop, Indiranagar');
INSERT INTO ComplainantDetails (ComplainantID, CaseMasterID, ComplainantName, AgeYear, OccupationID, ReligionID, CasteID, GenderID) VALUES (324, 324, 'Farhan Poojary', 47, 2, 1, 5, 1);
INSERT INTO ActSectionAssociation (CaseMasterID, ActID, SectionID, ActOrderID, SectionOrderID) VALUES (324, 'NDPS', '20', 1, 1);
INSERT INTO Victim (VictimMasterID, CaseMasterID, VictimName, AgeYear, GenderID, VictimPolice) VALUES (324, 324, 'Manoj Naik', 38, 1, '0');
INSERT INTO Accused (AccusedMasterID, CaseMasterID, AccusedName, AgeYear, GenderID, PersonID) VALUES (379, 324, 'Yogesh G. Poojary', 34, 1, 'A1');
INSERT INTO CaseMaster (CaseMasterID, CrimeNo, CaseNo, CrimeRegisteredDate, PolicePersonID, PoliceStationID, CaseCategoryID, GravityOffenceID, CrimeMajorHeadID, CrimeMinorHeadID, CaseStatusID, CourtID, IncidentFromDate, IncidentToDate, InfoReceivedPSDate, latitude, longitude, BriefFacts) VALUES (325, '100020006202400325', '202400325', '2024-07-28', 11, 6, 1, 3, 5, 9, 1, 2, '2024-07-28 23:00:00', '2024-07-28 01:00:00', '2024-07-28 23:00:00', 12.312198, 76.648011, 'Ganja Possession reported near the inter-city bus stand within Devaraja Police Station limits. Anitha Gowda recorded statements and initiated scene verification.');
INSERT INTO Inv_OccuranceTime (CaseMasterID, IncidentFromDate, IncidentToDate, latitude, longitude, PlaceOfOccurrence) VALUES (325, '2024-07-28 23:00:00', '2024-07-28 01:00:00', 12.312198, 76.648011, 'Near the inter-city bus stand, Devaraja');
INSERT INTO ComplainantDetails (ComplainantID, CaseMasterID, ComplainantName, AgeYear, OccupationID, ReligionID, CasteID, GenderID) VALUES (325, 325, 'Farhan Fernandes', 70, 6, 5, 3, 1);
INSERT INTO ActSectionAssociation (CaseMasterID, ActID, SectionID, ActOrderID, SectionOrderID) VALUES (325, 'NDPS', '20', 1, 1);
INSERT INTO Victim (VictimMasterID, CaseMasterID, VictimName, AgeYear, GenderID, VictimPolice) VALUES (325, 325, 'Rajesh Poojary', 73, 1, '0');
INSERT INTO Accused (AccusedMasterID, CaseMasterID, AccusedName, AgeYear, GenderID, PersonID) VALUES (380, 325, 'Rafiq N. Shetty', 36, 1, 'A1');
INSERT INTO CaseMaster (CaseMasterID, CrimeNo, CaseNo, CrimeRegisteredDate, PolicePersonID, PoliceStationID, CaseCategoryID, GravityOffenceID, CrimeMajorHeadID, CrimeMinorHeadID, CaseStatusID, CourtID, IncidentFromDate, IncidentToDate, InfoReceivedPSDate, latitude, longitude, BriefFacts) VALUES (326, '100040013202400326', '202400326', '2024-07-11', 25, 13, 1, 2, 3, 7, 2, 4, '2024-07-11 10:00:00', '2024-07-11 13:00:00', '2024-07-11 10:00:00', 15.356452, 75.113680, 'Identity Theft reported on the ring road service lane within Vidyanagar Police Station Hubballi limits. Vijay Rao recorded statements and initiated scene verification.');
INSERT INTO Inv_OccuranceTime (CaseMasterID, IncidentFromDate, IncidentToDate, latitude, longitude, PlaceOfOccurrence) VALUES (326, '2024-07-11 10:00:00', '2024-07-11 13:00:00', 15.356452, 75.113680, 'On the ring road service lane, Vidyanagar Hubballi');
INSERT INTO ComplainantDetails (ComplainantID, CaseMasterID, ComplainantName, AgeYear, OccupationID, ReligionID, CasteID, GenderID) VALUES (326, 326, 'Farhan Joshi', 69, 4, 2, 1, 2);
INSERT INTO ActSectionAssociation (CaseMasterID, ActID, SectionID, ActOrderID, SectionOrderID) VALUES (326, 'IT_ACT', '66D', 1, 1);
INSERT INTO Victim (VictimMasterID, CaseMasterID, VictimName, AgeYear, GenderID, VictimPolice) VALUES (326, 326, 'Asha Bhat', 69, 2, '0');
INSERT INTO Accused (AccusedMasterID, CaseMasterID, AccusedName, AgeYear, GenderID, PersonID) VALUES (381, 326, 'Altaf U. Kumar', 34, 1, 'A1');
INSERT INTO ArrestSurrender (ArrestSurrenderID, CaseMasterID, ArrestSurrenderTypeID, ArrestSurrenderDate, ArrestSurrenderStateId, ArrestSurrenderDistrictId, PoliceStationID, IOID, CourtID, AccusedMasterID, IsAccused, IsComplainantAccused) VALUES (159, 326, 1, '2024-07-18', 1, 4, 13, 25, 4, 381, 1, 0);
INSERT INTO inv_arrestsurrenderaccused (ArrestSurrenderID, AccusedMasterID) VALUES (159, 381);
INSERT INTO ChargesheetDetails (CSID, CaseMasterID, csdate, cstype, PolicePersonID) VALUES (227, 326, '2024-09-22 14:00:00', 'A', 25);
INSERT INTO CaseMaster (CaseMasterID, CrimeNo, CaseNo, CrimeRegisteredDate, PolicePersonID, PoliceStationID, CaseCategoryID, GravityOffenceID, CrimeMajorHeadID, CrimeMinorHeadID, CaseStatusID, CourtID, IncidentFromDate, IncidentToDate, InfoReceivedPSDate, latitude, longitude, BriefFacts) VALUES (327, '100030009202400327', '202400327', '2024-07-22', 17, 9, 1, 3, 1, 2, 1, 3, '2024-07-22 23:00:00', '2024-07-22 01:00:00', '2024-07-22 23:00:00', 12.887465, 74.856831, 'Control room information regarding house breaking night was received from near the inter-city bus stand. IO Basavaraj Patil opened the investigation and secured preliminary evidence.');
INSERT INTO Inv_OccuranceTime (CaseMasterID, IncidentFromDate, IncidentToDate, latitude, longitude, PlaceOfOccurrence) VALUES (327, '2024-07-22 23:00:00', '2024-07-22 01:00:00', 12.887465, 74.856831, 'Near the inter-city bus stand, Kadri');
INSERT INTO ComplainantDetails (ComplainantID, CaseMasterID, ComplainantName, AgeYear, OccupationID, ReligionID, CasteID, GenderID) VALUES (327, 327, 'Eshwar Deshpande', 70, 3, 3, 2, 2);
INSERT INTO ActSectionAssociation (CaseMasterID, ActID, SectionID, ActOrderID, SectionOrderID) VALUES (327, 'IPC', '379', 1, 1);
INSERT INTO Victim (VictimMasterID, CaseMasterID, VictimName, AgeYear, GenderID, VictimPolice) VALUES (327, 327, 'Praveen Gowda', 62, 2, '0');
INSERT INTO Accused (AccusedMasterID, CaseMasterID, AccusedName, AgeYear, GenderID, PersonID) VALUES (382, 327, 'Shiva B. Verma', 32, 1, 'A1');
INSERT INTO ChargesheetDetails (CSID, CaseMasterID, csdate, cstype, PolicePersonID) VALUES (228, 327, '2024-09-27 14:00:00', 'A', 17);
INSERT INTO CaseMaster (CaseMasterID, CrimeNo, CaseNo, CrimeRegisteredDate, PolicePersonID, PoliceStationID, CaseCategoryID, GravityOffenceID, CrimeMajorHeadID, CrimeMinorHeadID, CaseStatusID, CourtID, IncidentFromDate, IncidentToDate, InfoReceivedPSDate, latitude, longitude, BriefFacts) VALUES (328, '100060018202400328', '202400328', '2024-07-05', 35, 18, 1, 2, 1, 2, 1, 6, '2024-07-05 23:00:00', '2024-07-05 02:00:00', '2024-07-05 23:00:00', 17.338177, 76.831868, 'Station Bazar Police Station registered the case after an incident near the inter-city bus stand. Initial CCTV, witness, and digital-evidence checks were assigned to IO Prakash Kambali.');
INSERT INTO Inv_OccuranceTime (CaseMasterID, IncidentFromDate, IncidentToDate, latitude, longitude, PlaceOfOccurrence) VALUES (328, '2024-07-05 23:00:00', '2024-07-05 02:00:00', 17.338177, 76.831868, 'Near the inter-city bus stand, Station Bazar');
INSERT INTO ComplainantDetails (ComplainantID, CaseMasterID, ComplainantName, AgeYear, OccupationID, ReligionID, CasteID, GenderID) VALUES (328, 328, 'Radha Murthy', 22, 3, 2, 5, 1);
INSERT INTO ActSectionAssociation (CaseMasterID, ActID, SectionID, ActOrderID, SectionOrderID) VALUES (328, 'IPC', '379', 1, 1);
INSERT INTO Victim (VictimMasterID, CaseMasterID, VictimName, AgeYear, GenderID, VictimPolice) VALUES (328, 328, 'Rajesh Kulkarni', 44, 1, '0');
INSERT INTO Accused (AccusedMasterID, CaseMasterID, AccusedName, AgeYear, GenderID, PersonID) VALUES (383, 328, 'Tukaram I. Poojary', 30, 1, 'A1');
INSERT INTO Accused (AccusedMasterID, CaseMasterID, AccusedName, AgeYear, GenderID, PersonID) VALUES (384, 328, 'Rafiq T. Shaikh', 22, 1, 'A2');
INSERT INTO ArrestSurrender (ArrestSurrenderID, CaseMasterID, ArrestSurrenderTypeID, ArrestSurrenderDate, ArrestSurrenderStateId, ArrestSurrenderDistrictId, PoliceStationID, IOID, CourtID, AccusedMasterID, IsAccused, IsComplainantAccused) VALUES (160, 328, 1, '2024-08-04', 1, 6, 18, 35, 6, 383, 1, 0);
INSERT INTO inv_arrestsurrenderaccused (ArrestSurrenderID, AccusedMasterID) VALUES (160, 383);
INSERT INTO inv_arrestsurrenderaccused (ArrestSurrenderID, AccusedMasterID) VALUES (160, 384);
INSERT INTO CaseMaster (CaseMasterID, CrimeNo, CaseNo, CrimeRegisteredDate, PolicePersonID, PoliceStationID, CaseCategoryID, GravityOffenceID, CrimeMajorHeadID, CrimeMinorHeadID, CaseStatusID, CourtID, IncidentFromDate, IncidentToDate, InfoReceivedPSDate, latitude, longitude, BriefFacts) VALUES (329, '100040014202400329', '202400329', '2024-07-16', 27, 14, 1, 1, 2, 5, 3, 4, '2024-07-16 21:00:00', '2024-07-16 00:00:00', '2024-07-16 21:00:00', 15.448157, 75.007093, 'Suburban Police Station Dharwad registered the case after an incident beside an industrial access road. Initial CCTV, witness, and digital-evidence checks were assigned to IO Anitha Pawar.');
INSERT INTO Inv_OccuranceTime (CaseMasterID, IncidentFromDate, IncidentToDate, latitude, longitude, PlaceOfOccurrence) VALUES (329, '2024-07-16 21:00:00', '2024-07-16 00:00:00', 15.448157, 75.007093, 'Beside an industrial access road, Suburban Dharwad');
INSERT INTO ComplainantDetails (ComplainantID, CaseMasterID, ComplainantName, AgeYear, OccupationID, ReligionID, CasteID, GenderID) VALUES (329, 329, 'Ayesha Bhat', 37, 6, 5, 3, 1);
INSERT INTO ActSectionAssociation (CaseMasterID, ActID, SectionID, ActOrderID, SectionOrderID) VALUES (329, 'IPC', '302', 1, 1);
INSERT INTO Victim (VictimMasterID, CaseMasterID, VictimName, AgeYear, GenderID, VictimPolice) VALUES (329, 329, 'Tarun Patil', 29, 1, '0');
INSERT INTO Accused (AccusedMasterID, CaseMasterID, AccusedName, AgeYear, GenderID, PersonID) VALUES (385, 329, 'Mohan P. Gowda', 33, 1, 'A1');
INSERT INTO ArrestSurrender (ArrestSurrenderID, CaseMasterID, ArrestSurrenderTypeID, ArrestSurrenderDate, ArrestSurrenderStateId, ArrestSurrenderDistrictId, PoliceStationID, IOID, CourtID, AccusedMasterID, IsAccused, IsComplainantAccused) VALUES (161, 329, 1, '2024-07-27', 1, 4, 14, 27, 4, 385, 1, 0);
INSERT INTO inv_arrestsurrenderaccused (ArrestSurrenderID, AccusedMasterID) VALUES (161, 385);
INSERT INTO ChargesheetDetails (CSID, CaseMasterID, csdate, cstype, PolicePersonID) VALUES (229, 329, '2024-09-28 12:00:00', 'A', 27);
INSERT INTO CaseMaster (CaseMasterID, CrimeNo, CaseNo, CrimeRegisteredDate, PolicePersonID, PoliceStationID, CaseCategoryID, GravityOffenceID, CrimeMajorHeadID, CrimeMinorHeadID, CaseStatusID, CourtID, IncidentFromDate, IncidentToDate, InfoReceivedPSDate, latitude, longitude, BriefFacts) VALUES (330, '100010001202400330', '202400330', '2024-07-27', 1, 1, 3, 3, 1, 1, 1, 1, '2024-07-27 13:00:00', '2024-07-27 14:00:00', '2024-07-27 13:00:00', 12.970422, 77.642148, 'Control room information regarding automobile theft was received from outside a commercial complex. IO Suresh Kambali opened the investigation and secured preliminary evidence.');
INSERT INTO Inv_OccuranceTime (CaseMasterID, IncidentFromDate, IncidentToDate, latitude, longitude, PlaceOfOccurrence) VALUES (330, '2024-07-27 13:00:00', '2024-07-27 14:00:00', 12.970422, 77.642148, 'Outside a commercial complex, Indiranagar');
INSERT INTO ComplainantDetails (ComplainantID, CaseMasterID, ComplainantName, AgeYear, OccupationID, ReligionID, CasteID, GenderID) VALUES (330, 330, 'Ayesha Fernandes', 59, 6, 5, 3, 1);
INSERT INTO ActSectionAssociation (CaseMasterID, ActID, SectionID, ActOrderID, SectionOrderID) VALUES (330, 'IPC', '379', 1, 1);
INSERT INTO Victim (VictimMasterID, CaseMasterID, VictimName, AgeYear, GenderID, VictimPolice) VALUES (330, 330, 'Roshan Poojary', 44, 1, '0');
INSERT INTO Accused (AccusedMasterID, CaseMasterID, AccusedName, AgeYear, GenderID, PersonID) VALUES (386, 330, 'Sameer W. Singh', 42, 1, 'A1');
INSERT INTO CaseMaster (CaseMasterID, CrimeNo, CaseNo, CrimeRegisteredDate, PolicePersonID, PoliceStationID, CaseCategoryID, GravityOffenceID, CrimeMajorHeadID, CrimeMinorHeadID, CaseStatusID, CourtID, IncidentFromDate, IncidentToDate, InfoReceivedPSDate, latitude, longitude, BriefFacts) VALUES (331, '100030010202400331', '202400331', '2024-07-10', 19, 10, 3, 3, 3, 6, 3, 3, '2024-07-10 16:00:00', '2024-07-10 18:00:00', '2024-07-10 16:00:00', 12.859064, 74.829846, 'Online Financial Fraud reported on the ring road service lane within Pandeshwar Police Station limits. Shankar Rao recorded statements and initiated scene verification.');
INSERT INTO Inv_OccuranceTime (CaseMasterID, IncidentFromDate, IncidentToDate, latitude, longitude, PlaceOfOccurrence) VALUES (331, '2024-07-10 16:00:00', '2024-07-10 18:00:00', 12.859064, 74.829846, 'On the ring road service lane, Pandeshwar');
INSERT INTO ComplainantDetails (ComplainantID, CaseMasterID, ComplainantName, AgeYear, OccupationID, ReligionID, CasteID, GenderID) VALUES (331, 331, 'Suma Shetty', 42, 5, 4, 3, 1);
INSERT INTO ActSectionAssociation (CaseMasterID, ActID, SectionID, ActOrderID, SectionOrderID) VALUES (331, 'IT_ACT', '66D', 1, 1);
INSERT INTO Victim (VictimMasterID, CaseMasterID, VictimName, AgeYear, GenderID, VictimPolice) VALUES (331, 331, 'Ganesh Shetty', 49, 1, '0');
INSERT INTO Accused (AccusedMasterID, CaseMasterID, AccusedName, AgeYear, GenderID, PersonID) VALUES (387, 331, 'Rafiq D. Salim', 29, 1, 'A1');
INSERT INTO ArrestSurrender (ArrestSurrenderID, CaseMasterID, ArrestSurrenderTypeID, ArrestSurrenderDate, ArrestSurrenderStateId, ArrestSurrenderDistrictId, PoliceStationID, IOID, CourtID, AccusedMasterID, IsAccused, IsComplainantAccused) VALUES (162, 331, 1, '2024-08-11', 1, 3, 10, 19, 3, 387, 1, 0);
INSERT INTO inv_arrestsurrenderaccused (ArrestSurrenderID, AccusedMasterID) VALUES (162, 387);
INSERT INTO ChargesheetDetails (CSID, CaseMasterID, csdate, cstype, PolicePersonID) VALUES (230, 331, '2024-10-06 14:00:00', 'A', 19);
INSERT INTO CaseMaster (CaseMasterID, CrimeNo, CaseNo, CrimeRegisteredDate, PolicePersonID, PoliceStationID, CaseCategoryID, GravityOffenceID, CrimeMajorHeadID, CrimeMinorHeadID, CaseStatusID, CourtID, IncidentFromDate, IncidentToDate, InfoReceivedPSDate, latitude, longitude, BriefFacts) VALUES (332, '100040012202400332', '202400332', '2024-07-21', 23, 12, 1, 3, 1, 2, 4, 4, '2024-07-21 02:00:00', '2024-07-21 03:00:00', '2024-07-21 02:00:00', 15.346601, 75.147074, 'Complainant reported a suspected house breaking night incident on the ring road service lane. The matter was registered at Suburban Police Station Hubballi and assigned to Manjunath Deshmukh.');
INSERT INTO Inv_OccuranceTime (CaseMasterID, IncidentFromDate, IncidentToDate, latitude, longitude, PlaceOfOccurrence) VALUES (332, '2024-07-21 02:00:00', '2024-07-21 03:00:00', 15.346601, 75.147074, 'On the ring road service lane, Suburban Hubballi');
INSERT INTO ComplainantDetails (ComplainantID, CaseMasterID, ComplainantName, AgeYear, OccupationID, ReligionID, CasteID, GenderID) VALUES (332, 332, 'Kavitha Gowda', 70, 5, 1, 2, 2);
INSERT INTO ActSectionAssociation (CaseMasterID, ActID, SectionID, ActOrderID, SectionOrderID) VALUES (332, 'IPC', '379', 1, 1);
INSERT INTO Victim (VictimMasterID, CaseMasterID, VictimName, AgeYear, GenderID, VictimPolice) VALUES (332, 332, 'Vinay Hegde', 56, 2, '0');
INSERT INTO Accused (AccusedMasterID, CaseMasterID, AccusedName, AgeYear, GenderID, PersonID) VALUES (388, 332, 'Tukaram K. Naik', 41, 1, 'A1');
INSERT INTO ArrestSurrender (ArrestSurrenderID, CaseMasterID, ArrestSurrenderTypeID, ArrestSurrenderDate, ArrestSurrenderStateId, ArrestSurrenderDistrictId, PoliceStationID, IOID, CourtID, AccusedMasterID, IsAccused, IsComplainantAccused) VALUES (163, 332, 1, '2024-08-14', 1, 4, 12, 23, 4, 388, 1, 0);
INSERT INTO inv_arrestsurrenderaccused (ArrestSurrenderID, AccusedMasterID) VALUES (163, 388);
INSERT INTO ChargesheetDetails (CSID, CaseMasterID, csdate, cstype, PolicePersonID) VALUES (231, 332, '2024-09-11 14:00:00', 'A', 23);
INSERT INTO CaseMaster (CaseMasterID, CrimeNo, CaseNo, CrimeRegisteredDate, PolicePersonID, PoliceStationID, CaseCategoryID, GravityOffenceID, CrimeMajorHeadID, CrimeMinorHeadID, CaseStatusID, CourtID, IncidentFromDate, IncidentToDate, InfoReceivedPSDate, latitude, longitude, BriefFacts) VALUES (333, '100020006202400333', '202400333', '2024-07-04', 11, 6, 1, 3, 1, 1, 2, 2, '2024-07-04 15:00:00', '2024-07-04 18:00:00', '2024-07-04 15:00:00', 12.316019, 76.656805, 'Devaraja Police Station registered the case after an incident near the central market. Initial CCTV, witness, and digital-evidence checks were assigned to IO Anitha Gowda.');
INSERT INTO Inv_OccuranceTime (CaseMasterID, IncidentFromDate, IncidentToDate, latitude, longitude, PlaceOfOccurrence) VALUES (333, '2024-07-04 15:00:00', '2024-07-04 18:00:00', 12.316019, 76.656805, 'Near the central market, Devaraja');
INSERT INTO ComplainantDetails (ComplainantID, CaseMasterID, ComplainantName, AgeYear, OccupationID, ReligionID, CasteID, GenderID) VALUES (333, 333, 'Nandini Patil', 24, 2, 5, 1, 1);
INSERT INTO ActSectionAssociation (CaseMasterID, ActID, SectionID, ActOrderID, SectionOrderID) VALUES (333, 'IPC', '379', 1, 1);
INSERT INTO Victim (VictimMasterID, CaseMasterID, VictimName, AgeYear, GenderID, VictimPolice) VALUES (333, 333, 'Praveen Poojary', 33, 1, '0');
INSERT INTO Accused (AccusedMasterID, CaseMasterID, AccusedName, AgeYear, GenderID, PersonID) VALUES (389, 333, 'Sameer R. Naik', 30, 1, 'A1');
INSERT INTO ChargesheetDetails (CSID, CaseMasterID, csdate, cstype, PolicePersonID) VALUES (232, 333, '2024-08-15 10:00:00', 'A', 11);
INSERT INTO CaseMaster (CaseMasterID, CrimeNo, CaseNo, CrimeRegisteredDate, PolicePersonID, PoliceStationID, CaseCategoryID, GravityOffenceID, CrimeMajorHeadID, CrimeMinorHeadID, CaseStatusID, CourtID, IncidentFromDate, IncidentToDate, InfoReceivedPSDate, latitude, longitude, BriefFacts) VALUES (334, '100040012202400334', '202400334', '2024-07-15', 23, 12, 1, 2, 2, 5, 3, 4, '2024-07-15 17:00:00', '2024-07-15 18:00:00', '2024-07-15 17:00:00', 15.344785, 75.136999, 'Suburban Police Station Hubballi registered the case after an incident near the central market. Initial CCTV, witness, and digital-evidence checks were assigned to IO Manjunath Deshmukh.');
INSERT INTO Inv_OccuranceTime (CaseMasterID, IncidentFromDate, IncidentToDate, latitude, longitude, PlaceOfOccurrence) VALUES (334, '2024-07-15 17:00:00', '2024-07-15 18:00:00', 15.344785, 75.136999, 'Near the central market, Suburban Hubballi');
INSERT INTO ComplainantDetails (ComplainantID, CaseMasterID, ComplainantName, AgeYear, OccupationID, ReligionID, CasteID, GenderID) VALUES (334, 334, 'Joel Gowda', 19, 3, 1, 2, 2);
INSERT INTO ActSectionAssociation (CaseMasterID, ActID, SectionID, ActOrderID, SectionOrderID) VALUES (334, 'IPC', '302', 1, 1);
INSERT INTO Victim (VictimMasterID, CaseMasterID, VictimName, AgeYear, GenderID, VictimPolice) VALUES (334, 334, 'Arun Kulkarni', 53, 1, '0');
INSERT INTO Accused (AccusedMasterID, CaseMasterID, AccusedName, AgeYear, GenderID, PersonID) VALUES (390, 334, 'Mohan Y. Naik', 31, 1, 'A1');
INSERT INTO ChargesheetDetails (CSID, CaseMasterID, csdate, cstype, PolicePersonID) VALUES (233, 334, '2024-08-20 12:00:00', 'A', 23);
INSERT INTO CaseMaster (CaseMasterID, CrimeNo, CaseNo, CrimeRegisteredDate, PolicePersonID, PoliceStationID, CaseCategoryID, GravityOffenceID, CrimeMajorHeadID, CrimeMinorHeadID, CaseStatusID, CourtID, IncidentFromDate, IncidentToDate, InfoReceivedPSDate, latitude, longitude, BriefFacts) VALUES (335, '100010003202400335', '202400335', '2024-07-26', 5, 3, 1, 2, 1, 1, 1, 1, '2024-07-26 21:00:00', '2024-07-26 22:00:00', '2024-07-26 21:00:00', 12.972060, 77.741129, 'Complainant reported a suspected automobile theft incident on a residential cross road. The matter was registered at Whitefield Police Station and assigned to Lakshmi Shetty.');
INSERT INTO Inv_OccuranceTime (CaseMasterID, IncidentFromDate, IncidentToDate, latitude, longitude, PlaceOfOccurrence) VALUES (335, '2024-07-26 21:00:00', '2024-07-26 22:00:00', 12.972060, 77.741129, 'On a residential cross road, Whitefield');
INSERT INTO ComplainantDetails (ComplainantID, CaseMasterID, ComplainantName, AgeYear, OccupationID, ReligionID, CasteID, GenderID) VALUES (335, 335, 'Chetan Fernandes', 70, 2, 4, 4, 1);
INSERT INTO ActSectionAssociation (CaseMasterID, ActID, SectionID, ActOrderID, SectionOrderID) VALUES (335, 'IPC', '379', 1, 1);
INSERT INTO Victim (VictimMasterID, CaseMasterID, VictimName, AgeYear, GenderID, VictimPolice) VALUES (335, 335, 'Ganesh Deshpande', 33, 2, '0');
INSERT INTO Accused (AccusedMasterID, CaseMasterID, AccusedName, AgeYear, GenderID, PersonID) VALUES (391, 335, 'Salman F. Khan', 23, 1, 'A1');
INSERT INTO ArrestSurrender (ArrestSurrenderID, CaseMasterID, ArrestSurrenderTypeID, ArrestSurrenderDate, ArrestSurrenderStateId, ArrestSurrenderDistrictId, PoliceStationID, IOID, CourtID, AccusedMasterID, IsAccused, IsComplainantAccused) VALUES (164, 335, 1, '2024-08-18', 1, 1, 3, 5, 1, 391, 1, 0);
INSERT INTO inv_arrestsurrenderaccused (ArrestSurrenderID, AccusedMasterID) VALUES (164, 391);
INSERT INTO CaseMaster (CaseMasterID, CrimeNo, CaseNo, CrimeRegisteredDate, PolicePersonID, PoliceStationID, CaseCategoryID, GravityOffenceID, CrimeMajorHeadID, CrimeMinorHeadID, CaseStatusID, CourtID, IncidentFromDate, IncidentToDate, InfoReceivedPSDate, latitude, longitude, BriefFacts) VALUES (336, '100040013202400336', '202400336', '2024-07-09', 25, 13, 1, 3, 3, 6, 3, 4, '2024-07-09 11:00:00', '2024-07-09 14:00:00', '2024-07-09 11:00:00', 15.368378, 75.111184, 'Complainant reported a suspected online financial fraud incident close to a residential layout. The matter was registered at Vidyanagar Police Station Hubballi and assigned to Vijay Rao.');
INSERT INTO Inv_OccuranceTime (CaseMasterID, IncidentFromDate, IncidentToDate, latitude, longitude, PlaceOfOccurrence) VALUES (336, '2024-07-09 11:00:00', '2024-07-09 14:00:00', 15.368378, 75.111184, 'Close to a residential layout, Vidyanagar Hubballi');
INSERT INTO ComplainantDetails (ComplainantID, CaseMasterID, ComplainantName, AgeYear, OccupationID, ReligionID, CasteID, GenderID) VALUES (336, 336, 'Jagadish Naik', 31, 7, 2, 1, 1);
INSERT INTO ActSectionAssociation (CaseMasterID, ActID, SectionID, ActOrderID, SectionOrderID) VALUES (336, 'IT_ACT', '66D', 1, 1);
INSERT INTO Victim (VictimMasterID, CaseMasterID, VictimName, AgeYear, GenderID, VictimPolice) VALUES (336, 336, 'Chaitra Khan', 33, 2, '0');
INSERT INTO Accused (AccusedMasterID, CaseMasterID, AccusedName, AgeYear, GenderID, PersonID) VALUES (392, 336, 'Yogesh M. Jadhav', 34, 1, 'A1');
INSERT INTO ChargesheetDetails (CSID, CaseMasterID, csdate, cstype, PolicePersonID) VALUES (234, 336, '2024-09-19 12:00:00', 'A', 25);
INSERT INTO CaseMaster (CaseMasterID, CrimeNo, CaseNo, CrimeRegisteredDate, PolicePersonID, PoliceStationID, CaseCategoryID, GravityOffenceID, CrimeMajorHeadID, CrimeMinorHeadID, CaseStatusID, CourtID, IncidentFromDate, IncidentToDate, InfoReceivedPSDate, latitude, longitude, BriefFacts) VALUES (337, '100010001202400337', '202400337', '2024-07-20', 1, 1, 1, 2, 3, 6, 4, 1, '2024-07-20 10:00:00', '2024-07-20 12:00:00', '2024-07-20 10:00:00', 12.984846, 77.633260, 'Complainant reported a suspected online financial fraud incident near a bus stop. The matter was registered at Indiranagar Police Station and assigned to Suresh Kambali.');
INSERT INTO Inv_OccuranceTime (CaseMasterID, IncidentFromDate, IncidentToDate, latitude, longitude, PlaceOfOccurrence) VALUES (337, '2024-07-20 10:00:00', '2024-07-20 12:00:00', 12.984846, 77.633260, 'Near a bus stop, Indiranagar');
INSERT INTO ComplainantDetails (ComplainantID, CaseMasterID, ComplainantName, AgeYear, OccupationID, ReligionID, CasteID, GenderID) VALUES (337, 337, 'Jagadish Shetty', 70, 1, 4, 4, 1);
INSERT INTO ActSectionAssociation (CaseMasterID, ActID, SectionID, ActOrderID, SectionOrderID) VALUES (337, 'IT_ACT', '66D', 1, 1);
INSERT INTO Victim (VictimMasterID, CaseMasterID, VictimName, AgeYear, GenderID, VictimPolice) VALUES (337, 337, 'Bhavya Deshpande', 71, 1, '0');
INSERT INTO Accused (AccusedMasterID, CaseMasterID, AccusedName, AgeYear, GenderID, PersonID) VALUES (393, 337, 'Raja T. Shetty', 27, 1, 'A1');
INSERT INTO Accused (AccusedMasterID, CaseMasterID, AccusedName, AgeYear, GenderID, PersonID) VALUES (394, 337, 'Mantu E. Patil', 44, 1, 'A2');
INSERT INTO ArrestSurrender (ArrestSurrenderID, CaseMasterID, ArrestSurrenderTypeID, ArrestSurrenderDate, ArrestSurrenderStateId, ArrestSurrenderDistrictId, PoliceStationID, IOID, CourtID, AccusedMasterID, IsAccused, IsComplainantAccused) VALUES (165, 337, 1, '2024-08-11', 1, 1, 1, 1, 1, 393, 1, 0);
INSERT INTO inv_arrestsurrenderaccused (ArrestSurrenderID, AccusedMasterID) VALUES (165, 393);
INSERT INTO inv_arrestsurrenderaccused (ArrestSurrenderID, AccusedMasterID) VALUES (165, 394);
INSERT INTO ChargesheetDetails (CSID, CaseMasterID, csdate, cstype, PolicePersonID) VALUES (235, 337, '2024-09-03 10:00:00', 'A', 1);
INSERT INTO CaseMaster (CaseMasterID, CrimeNo, CaseNo, CrimeRegisteredDate, PolicePersonID, PoliceStationID, CaseCategoryID, GravityOffenceID, CrimeMajorHeadID, CrimeMinorHeadID, CaseStatusID, CourtID, IncidentFromDate, IncidentToDate, InfoReceivedPSDate, latitude, longitude, BriefFacts) VALUES (338, '100060018202400338', '202400338', '2024-07-03', 35, 18, 1, 3, 3, 6, 2, 6, '2024-07-03 14:00:00', '2024-07-03 16:00:00', '2024-07-03 14:00:00', 17.331584, 76.841165, 'Online Financial Fraud reported near the inter-city bus stand within Station Bazar Police Station limits. Prakash Kambali recorded statements and initiated scene verification.');
INSERT INTO Inv_OccuranceTime (CaseMasterID, IncidentFromDate, IncidentToDate, latitude, longitude, PlaceOfOccurrence) VALUES (338, '2024-07-03 14:00:00', '2024-07-03 16:00:00', 17.331584, 76.841165, 'Near the inter-city bus stand, Station Bazar');
INSERT INTO ComplainantDetails (ComplainantID, CaseMasterID, ComplainantName, AgeYear, OccupationID, ReligionID, CasteID, GenderID) VALUES (338, 338, 'Naveena Shetty', 71, 6, 4, 4, 1);
INSERT INTO ActSectionAssociation (CaseMasterID, ActID, SectionID, ActOrderID, SectionOrderID) VALUES (338, 'IT_ACT', '66D', 1, 1);
INSERT INTO Victim (VictimMasterID, CaseMasterID, VictimName, AgeYear, GenderID, VictimPolice) VALUES (338, 338, 'Roshan Kulkarni', 63, 1, '0');
INSERT INTO Accused (AccusedMasterID, CaseMasterID, AccusedName, AgeYear, GenderID, PersonID) VALUES (395, 338, 'Rohit A. Jadhav', 41, 1, 'A1');
INSERT INTO ArrestSurrender (ArrestSurrenderID, CaseMasterID, ArrestSurrenderTypeID, ArrestSurrenderDate, ArrestSurrenderStateId, ArrestSurrenderDistrictId, PoliceStationID, IOID, CourtID, AccusedMasterID, IsAccused, IsComplainantAccused) VALUES (166, 338, 1, '2024-07-21', 1, 6, 18, 35, 6, 395, 1, 0);
INSERT INTO inv_arrestsurrenderaccused (ArrestSurrenderID, AccusedMasterID) VALUES (166, 395);
INSERT INTO ChargesheetDetails (CSID, CaseMasterID, csdate, cstype, PolicePersonID) VALUES (236, 338, '2024-08-12 09:00:00', 'A', 35);
INSERT INTO CaseMaster (CaseMasterID, CrimeNo, CaseNo, CrimeRegisteredDate, PolicePersonID, PoliceStationID, CaseCategoryID, GravityOffenceID, CrimeMajorHeadID, CrimeMinorHeadID, CaseStatusID, CourtID, IncidentFromDate, IncidentToDate, InfoReceivedPSDate, latitude, longitude, BriefFacts) VALUES (339, '100010003202400339', '202400339', '2024-07-14', 5, 3, 1, 2, 1, 3, 2, 1, '2024-07-14 19:00:00', '2024-07-14 22:00:00', '2024-07-14 19:00:00', 12.964697, 77.759500, 'Whitefield Police Station registered the case after an incident on a residential cross road. Initial CCTV, witness, and digital-evidence checks were assigned to IO Lakshmi Shetty.');
INSERT INTO Inv_OccuranceTime (CaseMasterID, IncidentFromDate, IncidentToDate, latitude, longitude, PlaceOfOccurrence) VALUES (339, '2024-07-14 19:00:00', '2024-07-14 22:00:00', 12.964697, 77.759500, 'On a residential cross road, Whitefield');
INSERT INTO ComplainantDetails (ComplainantID, CaseMasterID, ComplainantName, AgeYear, OccupationID, ReligionID, CasteID, GenderID) VALUES (339, 339, 'Eshwar Patil', 55, 3, 5, 4, 2);
INSERT INTO ActSectionAssociation (CaseMasterID, ActID, SectionID, ActOrderID, SectionOrderID) VALUES (339, 'IPC', '379', 1, 1);
INSERT INTO Victim (VictimMasterID, CaseMasterID, VictimName, AgeYear, GenderID, VictimPolice) VALUES (339, 339, 'Rajesh Shetty', 19, 1, '0');
INSERT INTO Accused (AccusedMasterID, CaseMasterID, AccusedName, AgeYear, GenderID, PersonID) VALUES (396, 339, 'Rafiq H. Naik', 21, 1, 'A1');
INSERT INTO ChargesheetDetails (CSID, CaseMasterID, csdate, cstype, PolicePersonID) VALUES (237, 339, '2024-09-12 12:00:00', 'A', 5);
INSERT INTO CaseMaster (CaseMasterID, CrimeNo, CaseNo, CrimeRegisteredDate, PolicePersonID, PoliceStationID, CaseCategoryID, GravityOffenceID, CrimeMajorHeadID, CrimeMinorHeadID, CaseStatusID, CourtID, IncidentFromDate, IncidentToDate, InfoReceivedPSDate, latitude, longitude, BriefFacts) VALUES (340, '100010001202400340', '202400340', '2024-08-22', 1, 1, 1, 2, 1, 1, 1, 1, '2024-08-22 10:00:00', '2024-08-22 11:00:00', '2024-08-22 10:00:00', 12.972252, 77.640511, 'Control room information regarding automobile theft was received from outside a commercial complex. IO Suresh Kambali opened the investigation and secured preliminary evidence.');
INSERT INTO Inv_OccuranceTime (CaseMasterID, IncidentFromDate, IncidentToDate, latitude, longitude, PlaceOfOccurrence) VALUES (340, '2024-08-22 10:00:00', '2024-08-22 11:00:00', 12.972252, 77.640511, 'Outside a commercial complex, Indiranagar');
INSERT INTO ComplainantDetails (ComplainantID, CaseMasterID, ComplainantName, AgeYear, OccupationID, ReligionID, CasteID, GenderID) VALUES (340, 340, 'Meena Murthy', 28, 7, 4, 1, 1);
INSERT INTO ActSectionAssociation (CaseMasterID, ActID, SectionID, ActOrderID, SectionOrderID) VALUES (340, 'IPC', '379', 1, 1);
INSERT INTO Victim (VictimMasterID, CaseMasterID, VictimName, AgeYear, GenderID, VictimPolice) VALUES (340, 340, 'Arun Khan', 45, 1, '0');
INSERT INTO Accused (AccusedMasterID, CaseMasterID, AccusedName, AgeYear, GenderID, PersonID) VALUES (397, 340, 'Syed ''Jaguar'' Imran', 29, 1, 'A1');
INSERT INTO Accused (AccusedMasterID, CaseMasterID, AccusedName, AgeYear, GenderID, PersonID) VALUES (398, 340, 'Kiran ''Bullet'' Gowda', 29, 1, 'A2');
INSERT INTO Accused (AccusedMasterID, CaseMasterID, AccusedName, AgeYear, GenderID, PersonID) VALUES (399, 340, 'Pradeep ''Chotta'' Kumar', 29, 1, 'A3');
INSERT INTO ArrestSurrender (ArrestSurrenderID, CaseMasterID, ArrestSurrenderTypeID, ArrestSurrenderDate, ArrestSurrenderStateId, ArrestSurrenderDistrictId, PoliceStationID, IOID, CourtID, AccusedMasterID, IsAccused, IsComplainantAccused) VALUES (167, 340, 1, '2024-09-16', 1, 1, 1, 1, 1, 397, 1, 0);
INSERT INTO inv_arrestsurrenderaccused (ArrestSurrenderID, AccusedMasterID) VALUES (167, 397);
INSERT INTO inv_arrestsurrenderaccused (ArrestSurrenderID, AccusedMasterID) VALUES (167, 398);
INSERT INTO inv_arrestsurrenderaccused (ArrestSurrenderID, AccusedMasterID) VALUES (167, 399);
INSERT INTO ChargesheetDetails (CSID, CaseMasterID, csdate, cstype, PolicePersonID) VALUES (238, 340, '2024-10-08 09:00:00', 'A', 1);
INSERT INTO CaseMaster (CaseMasterID, CrimeNo, CaseNo, CrimeRegisteredDate, PolicePersonID, PoliceStationID, CaseCategoryID, GravityOffenceID, CrimeMajorHeadID, CrimeMinorHeadID, CaseStatusID, CourtID, IncidentFromDate, IncidentToDate, InfoReceivedPSDate, latitude, longitude, BriefFacts) VALUES (341, '100040012202400341', '202400341', '2024-08-05', 23, 12, 1, 3, 1, 1, 2, 4, '2024-08-05 17:00:00', '2024-08-05 18:00:00', '2024-08-05 17:00:00', 15.355056, 75.130601, 'Suburban Police Station Hubballi registered the case after an incident close to a residential layout. Initial CCTV, witness, and digital-evidence checks were assigned to IO Manjunath Deshmukh.');
INSERT INTO Inv_OccuranceTime (CaseMasterID, IncidentFromDate, IncidentToDate, latitude, longitude, PlaceOfOccurrence) VALUES (341, '2024-08-05 17:00:00', '2024-08-05 18:00:00', 15.355056, 75.130601, 'Close to a residential layout, Suburban Hubballi');
INSERT INTO ComplainantDetails (ComplainantID, CaseMasterID, ComplainantName, AgeYear, OccupationID, ReligionID, CasteID, GenderID) VALUES (341, 341, 'Farhan Naik', 44, 3, 5, 2, 1);
INSERT INTO ActSectionAssociation (CaseMasterID, ActID, SectionID, ActOrderID, SectionOrderID) VALUES (341, 'IPC', '379', 1, 1);
INSERT INTO Victim (VictimMasterID, CaseMasterID, VictimName, AgeYear, GenderID, VictimPolice) VALUES (341, 341, 'Praveen Kulkarni', 21, 1, '0');
INSERT INTO Accused (AccusedMasterID, CaseMasterID, AccusedName, AgeYear, GenderID, PersonID) VALUES (400, 341, 'Imtiaz V. Patil', 41, 1, 'A1');
INSERT INTO Accused (AccusedMasterID, CaseMasterID, AccusedName, AgeYear, GenderID, PersonID) VALUES (401, 341, 'Lokesh G. Shetty', 31, 1, 'A2');
INSERT INTO ChargesheetDetails (CSID, CaseMasterID, csdate, cstype, PolicePersonID) VALUES (239, 341, '2024-09-29 12:00:00', 'A', 23);
INSERT INTO CaseMaster (CaseMasterID, CrimeNo, CaseNo, CrimeRegisteredDate, PolicePersonID, PoliceStationID, CaseCategoryID, GravityOffenceID, CrimeMajorHeadID, CrimeMinorHeadID, CaseStatusID, CourtID, IncidentFromDate, IncidentToDate, InfoReceivedPSDate, latitude, longitude, BriefFacts) VALUES (342, '100050015202400342', '202400342', '2024-08-16', 29, 15, 1, 2, 3, 7, 3, 5, '2024-08-16 12:00:00', '2024-08-16 13:00:00', '2024-08-16 12:00:00', 15.848067, 74.503720, 'Complainant reported a suspected identity theft incident beside an industrial access road. The matter was registered at Camp Police Station Belagavi and assigned to Prakash Patil.');
INSERT INTO Inv_OccuranceTime (CaseMasterID, IncidentFromDate, IncidentToDate, latitude, longitude, PlaceOfOccurrence) VALUES (342, '2024-08-16 12:00:00', '2024-08-16 13:00:00', 15.848067, 74.503720, 'Beside an industrial access road, Camp Belagavi');
INSERT INTO ComplainantDetails (ComplainantID, CaseMasterID, ComplainantName, AgeYear, OccupationID, ReligionID, CasteID, GenderID) VALUES (342, 342, 'Farhan Fernandes', 52, 3, 3, 3, 1);
INSERT INTO ActSectionAssociation (CaseMasterID, ActID, SectionID, ActOrderID, SectionOrderID) VALUES (342, 'IT_ACT', '66D', 1, 1);
INSERT INTO Victim (VictimMasterID, CaseMasterID, VictimName, AgeYear, GenderID, VictimPolice) VALUES (342, 342, 'Asha Shetty', 25, 2, '0');
INSERT INTO Accused (AccusedMasterID, CaseMasterID, AccusedName, AgeYear, GenderID, PersonID) VALUES (402, 342, 'Rohit C. Gowda', 39, 1, 'A1');
INSERT INTO Accused (AccusedMasterID, CaseMasterID, AccusedName, AgeYear, GenderID, PersonID) VALUES (403, 342, 'Yogesh N. Shaikh', 37, 1, 'A2');
INSERT INTO ChargesheetDetails (CSID, CaseMasterID, csdate, cstype, PolicePersonID) VALUES (240, 342, '2024-10-25 17:00:00', 'A', 29);
INSERT INTO CaseMaster (CaseMasterID, CrimeNo, CaseNo, CrimeRegisteredDate, PolicePersonID, PoliceStationID, CaseCategoryID, GravityOffenceID, CrimeMajorHeadID, CrimeMinorHeadID, CaseStatusID, CourtID, IncidentFromDate, IncidentToDate, InfoReceivedPSDate, latitude, longitude, BriefFacts) VALUES (343, '100040013202400343', '202400343', '2024-08-27', 25, 13, 1, 1, 2, 4, 3, 4, '2024-08-27 20:00:00', '2024-08-27 23:00:00', '2024-08-27 20:00:00', 15.362956, 75.118411, 'Murder reported close to a residential layout within Vidyanagar Police Station Hubballi limits. Vijay Rao recorded statements and initiated scene verification.');
INSERT INTO Inv_OccuranceTime (CaseMasterID, IncidentFromDate, IncidentToDate, latitude, longitude, PlaceOfOccurrence) VALUES (343, '2024-08-27 20:00:00', '2024-08-27 23:00:00', 15.362956, 75.118411, 'Close to a residential layout, Vidyanagar Hubballi');
INSERT INTO ComplainantDetails (ComplainantID, CaseMasterID, ComplainantName, AgeYear, OccupationID, ReligionID, CasteID, GenderID) VALUES (343, 343, 'Deepak Kulkarni', 69, 6, 4, 1, 1);
INSERT INTO ActSectionAssociation (CaseMasterID, ActID, SectionID, ActOrderID, SectionOrderID) VALUES (343, 'IPC', '302', 1, 1);
INSERT INTO Victim (VictimMasterID, CaseMasterID, VictimName, AgeYear, GenderID, VictimPolice) VALUES (343, 343, 'Sangeetha Hegde', 24, 2, '0');
INSERT INTO Accused (AccusedMasterID, CaseMasterID, AccusedName, AgeYear, GenderID, PersonID) VALUES (404, 343, 'Yogesh J. Salim', 28, 1, 'A1');
INSERT INTO ArrestSurrender (ArrestSurrenderID, CaseMasterID, ArrestSurrenderTypeID, ArrestSurrenderDate, ArrestSurrenderStateId, ArrestSurrenderDistrictId, PoliceStationID, IOID, CourtID, AccusedMasterID, IsAccused, IsComplainantAccused) VALUES (168, 343, 1, '2024-09-01', 1, 4, 13, 25, 4, 404, 1, 0);
INSERT INTO inv_arrestsurrenderaccused (ArrestSurrenderID, AccusedMasterID) VALUES (168, 404);
INSERT INTO ChargesheetDetails (CSID, CaseMasterID, csdate, cstype, PolicePersonID) VALUES (241, 343, '2024-09-29 10:00:00', 'A', 25);
INSERT INTO CaseMaster (CaseMasterID, CrimeNo, CaseNo, CrimeRegisteredDate, PolicePersonID, PoliceStationID, CaseCategoryID, GravityOffenceID, CrimeMajorHeadID, CrimeMinorHeadID, CaseStatusID, CourtID, IncidentFromDate, IncidentToDate, InfoReceivedPSDate, latitude, longitude, BriefFacts) VALUES (344, '100040013202400344', '202400344', '2024-08-10', 25, 13, 3, 3, 3, 7, 2, 4, '2024-08-10 12:00:00', '2024-08-10 13:00:00', '2024-08-10 12:00:00', 15.362283, 75.125182, 'Control room information regarding identity theft was received from beside an industrial access road. IO Vijay Rao opened the investigation and secured preliminary evidence.');
INSERT INTO Inv_OccuranceTime (CaseMasterID, IncidentFromDate, IncidentToDate, latitude, longitude, PlaceOfOccurrence) VALUES (344, '2024-08-10 12:00:00', '2024-08-10 13:00:00', 15.362283, 75.125182, 'Beside an industrial access road, Vidyanagar Hubballi');
INSERT INTO ComplainantDetails (ComplainantID, CaseMasterID, ComplainantName, AgeYear, OccupationID, ReligionID, CasteID, GenderID) VALUES (344, 344, 'Pooja Fernandes', 40, 7, 2, 3, 2);
INSERT INTO ActSectionAssociation (CaseMasterID, ActID, SectionID, ActOrderID, SectionOrderID) VALUES (344, 'IT_ACT', '66D', 1, 1);
INSERT INTO Victim (VictimMasterID, CaseMasterID, VictimName, AgeYear, GenderID, VictimPolice) VALUES (344, 344, 'Vinay Murthy', 66, 2, '0');
INSERT INTO Accused (AccusedMasterID, CaseMasterID, AccusedName, AgeYear, GenderID, PersonID) VALUES (405, 344, 'Shiva Q. Shaikh', 33, 1, 'A1');
INSERT INTO Accused (AccusedMasterID, CaseMasterID, AccusedName, AgeYear, GenderID, PersonID) VALUES (406, 344, 'Lokesh B. Shaikh', 20, 1, 'A2');
INSERT INTO ChargesheetDetails (CSID, CaseMasterID, csdate, cstype, PolicePersonID) VALUES (242, 344, '2024-10-14 16:00:00', 'A', 25);
INSERT INTO CaseMaster (CaseMasterID, CrimeNo, CaseNo, CrimeRegisteredDate, PolicePersonID, PoliceStationID, CaseCategoryID, GravityOffenceID, CrimeMajorHeadID, CrimeMinorHeadID, CaseStatusID, CourtID, IncidentFromDate, IncidentToDate, InfoReceivedPSDate, latitude, longitude, BriefFacts) VALUES (345, '100040012202400345', '202400345', '2024-08-21', 23, 12, 2, 1, 3, 6, 1, 4, '2024-08-21 15:00:00', '2024-08-21 16:00:00', '2024-08-21 15:00:00', 15.355747, 75.134020, 'Control room information regarding online financial fraud was received from on the ring road service lane. IO Manjunath Deshmukh opened the investigation and secured preliminary evidence.');
INSERT INTO Inv_OccuranceTime (CaseMasterID, IncidentFromDate, IncidentToDate, latitude, longitude, PlaceOfOccurrence) VALUES (345, '2024-08-21 15:00:00', '2024-08-21 16:00:00', 15.355747, 75.134020, 'On the ring road service lane, Suburban Hubballi');
INSERT INTO ComplainantDetails (ComplainantID, CaseMasterID, ComplainantName, AgeYear, OccupationID, ReligionID, CasteID, GenderID) VALUES (345, 345, 'Eshwar Rao', 27, 6, 1, 4, 1);
INSERT INTO ActSectionAssociation (CaseMasterID, ActID, SectionID, ActOrderID, SectionOrderID) VALUES (345, 'IT_ACT', '66D', 1, 1);
INSERT INTO Victim (VictimMasterID, CaseMasterID, VictimName, AgeYear, GenderID, VictimPolice) VALUES (345, 345, 'Praveen Fernandes', 46, 1, '0');
INSERT INTO Accused (AccusedMasterID, CaseMasterID, AccusedName, AgeYear, GenderID, PersonID) VALUES (407, 345, 'Mohan X. Jadhav', 20, 1, 'A1');
INSERT INTO ArrestSurrender (ArrestSurrenderID, CaseMasterID, ArrestSurrenderTypeID, ArrestSurrenderDate, ArrestSurrenderStateId, ArrestSurrenderDistrictId, PoliceStationID, IOID, CourtID, AccusedMasterID, IsAccused, IsComplainantAccused) VALUES (169, 345, 1, '2024-08-29', 1, 4, 12, 23, 4, 407, 1, 0);
INSERT INTO inv_arrestsurrenderaccused (ArrestSurrenderID, AccusedMasterID) VALUES (169, 407);
INSERT INTO CaseMaster (CaseMasterID, CrimeNo, CaseNo, CrimeRegisteredDate, PolicePersonID, PoliceStationID, CaseCategoryID, GravityOffenceID, CrimeMajorHeadID, CrimeMinorHeadID, CaseStatusID, CourtID, IncidentFromDate, IncidentToDate, InfoReceivedPSDate, latitude, longitude, BriefFacts) VALUES (346, '100040013202400346', '202400346', '2024-08-04', 25, 13, 1, 3, 1, 2, 2, 4, '2024-08-04 01:00:00', '2024-08-04 02:00:00', '2024-08-04 01:00:00', 15.356213, 75.120269, 'Control room information regarding house breaking night was received from beside an industrial access road. IO Vijay Rao opened the investigation and secured preliminary evidence.');
INSERT INTO Inv_OccuranceTime (CaseMasterID, IncidentFromDate, IncidentToDate, latitude, longitude, PlaceOfOccurrence) VALUES (346, '2024-08-04 01:00:00', '2024-08-04 02:00:00', 15.356213, 75.120269, 'Beside an industrial access road, Vidyanagar Hubballi');
INSERT INTO ComplainantDetails (ComplainantID, CaseMasterID, ComplainantName, AgeYear, OccupationID, ReligionID, CasteID, GenderID) VALUES (346, 346, 'Radha Kulkarni', 52, 7, 4, 1, 1);
INSERT INTO ActSectionAssociation (CaseMasterID, ActID, SectionID, ActOrderID, SectionOrderID) VALUES (346, 'IPC', '379', 1, 1);
INSERT INTO Victim (VictimMasterID, CaseMasterID, VictimName, AgeYear, GenderID, VictimPolice) VALUES (346, 346, 'Arun Hegde', 18, 2, '0');
INSERT INTO Accused (AccusedMasterID, CaseMasterID, AccusedName, AgeYear, GenderID, PersonID) VALUES (408, 346, 'Imtiaz E. Gowda', 40, 1, 'A1');
INSERT INTO Accused (AccusedMasterID, CaseMasterID, AccusedName, AgeYear, GenderID, PersonID) VALUES (409, 346, 'Mantu P. Patil', 26, 1, 'A2');
INSERT INTO ChargesheetDetails (CSID, CaseMasterID, csdate, cstype, PolicePersonID) VALUES (243, 346, '2024-11-04 13:00:00', 'A', 25);
INSERT INTO CaseMaster (CaseMasterID, CrimeNo, CaseNo, CrimeRegisteredDate, PolicePersonID, PoliceStationID, CaseCategoryID, GravityOffenceID, CrimeMajorHeadID, CrimeMinorHeadID, CaseStatusID, CourtID, IncidentFromDate, IncidentToDate, InfoReceivedPSDate, latitude, longitude, BriefFacts) VALUES (347, '100010002202400347', '202400347', '2024-08-15', 3, 2, 1, 3, 1, 2, 2, 1, '2024-08-15 03:00:00', '2024-08-15 04:00:00', '2024-08-15 03:00:00', 12.936685, 77.634953, 'House Breaking Night reported beside a metro approach road within Koramangala Police Station limits. Prakash Jadhav recorded statements and initiated scene verification.');
INSERT INTO Inv_OccuranceTime (CaseMasterID, IncidentFromDate, IncidentToDate, latitude, longitude, PlaceOfOccurrence) VALUES (347, '2024-08-15 03:00:00', '2024-08-15 04:00:00', 12.936685, 77.634953, 'Beside a metro approach road, Koramangala');
INSERT INTO ComplainantDetails (ComplainantID, CaseMasterID, ComplainantName, AgeYear, OccupationID, ReligionID, CasteID, GenderID) VALUES (347, 347, 'Ayesha Murthy', 55, 4, 2, 1, 2);
INSERT INTO ActSectionAssociation (CaseMasterID, ActID, SectionID, ActOrderID, SectionOrderID) VALUES (347, 'IPC', '379', 1, 1);
INSERT INTO Victim (VictimMasterID, CaseMasterID, VictimName, AgeYear, GenderID, VictimPolice) VALUES (347, 347, 'Kiran Joshi', 18, 2, '0');
INSERT INTO Accused (AccusedMasterID, CaseMasterID, AccusedName, AgeYear, GenderID, PersonID) VALUES (410, 347, 'Imtiaz L. Verma', 31, 1, 'A1');
INSERT INTO ChargesheetDetails (CSID, CaseMasterID, csdate, cstype, PolicePersonID) VALUES (244, 347, '2024-09-22 13:00:00', 'A', 3);
INSERT INTO CaseMaster (CaseMasterID, CrimeNo, CaseNo, CrimeRegisteredDate, PolicePersonID, PoliceStationID, CaseCategoryID, GravityOffenceID, CrimeMajorHeadID, CrimeMinorHeadID, CaseStatusID, CourtID, IncidentFromDate, IncidentToDate, InfoReceivedPSDate, latitude, longitude, BriefFacts) VALUES (348, '100050015202400348', '202400348', '2024-08-26', 29, 15, 1, 3, 2, 4, 2, 5, '2024-08-26 14:00:00', '2024-08-26 17:00:00', '2024-08-26 14:00:00', 15.852224, 74.502875, 'Camp Police Station Belagavi registered the case after an incident near the inter-city bus stand. Initial CCTV, witness, and digital-evidence checks were assigned to IO Prakash Patil.');
INSERT INTO Inv_OccuranceTime (CaseMasterID, IncidentFromDate, IncidentToDate, latitude, longitude, PlaceOfOccurrence) VALUES (348, '2024-08-26 14:00:00', '2024-08-26 17:00:00', 15.852224, 74.502875, 'Near the inter-city bus stand, Camp Belagavi');
INSERT INTO ComplainantDetails (ComplainantID, CaseMasterID, ComplainantName, AgeYear, OccupationID, ReligionID, CasteID, GenderID) VALUES (348, 348, 'Radha Bhat', 35, 6, 1, 1, 2);
INSERT INTO ActSectionAssociation (CaseMasterID, ActID, SectionID, ActOrderID, SectionOrderID) VALUES (348, 'IPC', '302', 1, 1);
INSERT INTO Victim (VictimMasterID, CaseMasterID, VictimName, AgeYear, GenderID, VictimPolice) VALUES (348, 348, 'Chaitra Gowda', 22, 1, '0');
INSERT INTO Accused (AccusedMasterID, CaseMasterID, AccusedName, AgeYear, GenderID, PersonID) VALUES (411, 348, 'Ajay S. Verma', 20, 1, 'A1');
INSERT INTO ArrestSurrender (ArrestSurrenderID, CaseMasterID, ArrestSurrenderTypeID, ArrestSurrenderDate, ArrestSurrenderStateId, ArrestSurrenderDistrictId, PoliceStationID, IOID, CourtID, AccusedMasterID, IsAccused, IsComplainantAccused) VALUES (170, 348, 1, '2024-09-04', 1, 5, 15, 29, 5, 411, 1, 0);
INSERT INTO inv_arrestsurrenderaccused (ArrestSurrenderID, AccusedMasterID) VALUES (170, 411);
INSERT INTO ChargesheetDetails (CSID, CaseMasterID, csdate, cstype, PolicePersonID) VALUES (245, 348, '2024-11-15 16:00:00', 'A', 29);
INSERT INTO CaseMaster (CaseMasterID, CrimeNo, CaseNo, CrimeRegisteredDate, PolicePersonID, PoliceStationID, CaseCategoryID, GravityOffenceID, CrimeMajorHeadID, CrimeMinorHeadID, CaseStatusID, CourtID, IncidentFromDate, IncidentToDate, InfoReceivedPSDate, latitude, longitude, BriefFacts) VALUES (349, '100010004202400349', '202400349', '2024-08-09', 7, 4, 3, 1, 2, 4, 3, 1, '2024-08-09 08:00:00', '2024-08-09 10:00:00', '2024-08-09 08:00:00', 12.923932, 77.592459, 'Control room information regarding murder was received from beside a metro approach road. IO Kiran Bhat opened the investigation and secured preliminary evidence.');
INSERT INTO Inv_OccuranceTime (CaseMasterID, IncidentFromDate, IncidentToDate, latitude, longitude, PlaceOfOccurrence) VALUES (349, '2024-08-09 08:00:00', '2024-08-09 10:00:00', 12.923932, 77.592459, 'Beside a metro approach road, Jayanagar');
INSERT INTO ComplainantDetails (ComplainantID, CaseMasterID, ComplainantName, AgeYear, OccupationID, ReligionID, CasteID, GenderID) VALUES (349, 349, 'Chetan Kulkarni', 27, 1, 2, 4, 1);
INSERT INTO ActSectionAssociation (CaseMasterID, ActID, SectionID, ActOrderID, SectionOrderID) VALUES (349, 'IPC', '302', 1, 1);
INSERT INTO Victim (VictimMasterID, CaseMasterID, VictimName, AgeYear, GenderID, VictimPolice) VALUES (349, 349, 'Nikhil Murthy', 18, 2, '0');
INSERT INTO Accused (AccusedMasterID, CaseMasterID, AccusedName, AgeYear, GenderID, PersonID) VALUES (412, 349, 'Pandu Z. Shetty', 32, 1, 'A1');
INSERT INTO Accused (AccusedMasterID, CaseMasterID, AccusedName, AgeYear, GenderID, PersonID) VALUES (413, 349, 'Tukaram K. Khan', 21, 1, 'A2');
INSERT INTO ArrestSurrender (ArrestSurrenderID, CaseMasterID, ArrestSurrenderTypeID, ArrestSurrenderDate, ArrestSurrenderStateId, ArrestSurrenderDistrictId, PoliceStationID, IOID, CourtID, AccusedMasterID, IsAccused, IsComplainantAccused) VALUES (171, 349, 1, '2024-08-16', 1, 1, 4, 7, 1, 412, 1, 0);
INSERT INTO inv_arrestsurrenderaccused (ArrestSurrenderID, AccusedMasterID) VALUES (171, 412);
INSERT INTO inv_arrestsurrenderaccused (ArrestSurrenderID, AccusedMasterID) VALUES (171, 413);
INSERT INTO ChargesheetDetails (CSID, CaseMasterID, csdate, cstype, PolicePersonID) VALUES (246, 349, '2024-10-15 12:00:00', 'A', 7);
INSERT INTO CaseMaster (CaseMasterID, CrimeNo, CaseNo, CrimeRegisteredDate, PolicePersonID, PoliceStationID, CaseCategoryID, GravityOffenceID, CrimeMajorHeadID, CrimeMinorHeadID, CaseStatusID, CourtID, IncidentFromDate, IncidentToDate, InfoReceivedPSDate, latitude, longitude, BriefFacts) VALUES (350, '100060018202400350', '202400350', '2024-08-20', 35, 18, 1, 3, 3, 6, 3, 6, '2024-08-20 11:00:00', '2024-08-20 12:00:00', '2024-08-20 11:00:00', 17.339819, 76.824630, 'Online Financial Fraud reported on the ring road service lane within Station Bazar Police Station limits. Prakash Kambali recorded statements and initiated scene verification.');
INSERT INTO Inv_OccuranceTime (CaseMasterID, IncidentFromDate, IncidentToDate, latitude, longitude, PlaceOfOccurrence) VALUES (350, '2024-08-20 11:00:00', '2024-08-20 12:00:00', 17.339819, 76.824630, 'On the ring road service lane, Station Bazar');
INSERT INTO ComplainantDetails (ComplainantID, CaseMasterID, ComplainantName, AgeYear, OccupationID, ReligionID, CasteID, GenderID) VALUES (350, 350, 'Kavitha Deshpande', 42, 6, 3, 3, 1);
INSERT INTO ActSectionAssociation (CaseMasterID, ActID, SectionID, ActOrderID, SectionOrderID) VALUES (350, 'IT_ACT', '66D', 1, 1);
INSERT INTO Victim (VictimMasterID, CaseMasterID, VictimName, AgeYear, GenderID, VictimPolice) VALUES (350, 350, 'Divya Hegde', 74, 1, '0');
INSERT INTO Accused (AccusedMasterID, CaseMasterID, AccusedName, AgeYear, GenderID, PersonID) VALUES (414, 350, 'Raja G. Shaikh', 21, 1, 'A1');
INSERT INTO ChargesheetDetails (CSID, CaseMasterID, csdate, cstype, PolicePersonID) VALUES (247, 350, '2024-11-12 15:00:00', 'A', 35);
INSERT INTO CaseMaster (CaseMasterID, CrimeNo, CaseNo, CrimeRegisteredDate, PolicePersonID, PoliceStationID, CaseCategoryID, GravityOffenceID, CrimeMajorHeadID, CrimeMinorHeadID, CaseStatusID, CourtID, IncidentFromDate, IncidentToDate, InfoReceivedPSDate, latitude, longitude, BriefFacts) VALUES (351, '100020008202400351', '202400351', '2024-08-03', 15, 8, 1, 1, 1, 3, 2, 2, '2024-08-03 22:00:00', '2024-08-03 23:00:00', '2024-08-03 22:00:00', 12.344762, 76.626608, 'Vijayanagar Police Station Mysuru registered the case after an incident near the inter-city bus stand. Initial CCTV, witness, and digital-evidence checks were assigned to IO Sunil Kulkarni.');
INSERT INTO Inv_OccuranceTime (CaseMasterID, IncidentFromDate, IncidentToDate, latitude, longitude, PlaceOfOccurrence) VALUES (351, '2024-08-03 22:00:00', '2024-08-03 23:00:00', 12.344762, 76.626608, 'Near the inter-city bus stand, Vijayanagar Mysuru');
INSERT INTO ComplainantDetails (ComplainantID, CaseMasterID, ComplainantName, AgeYear, OccupationID, ReligionID, CasteID, GenderID) VALUES (351, 351, 'Shilpa Murthy', 65, 1, 4, 3, 1);
INSERT INTO ActSectionAssociation (CaseMasterID, ActID, SectionID, ActOrderID, SectionOrderID) VALUES (351, 'IPC', '379', 1, 1);
INSERT INTO Victim (VictimMasterID, CaseMasterID, VictimName, AgeYear, GenderID, VictimPolice) VALUES (351, 351, 'Kiran Patil', 46, 1, '0');
INSERT INTO Accused (AccusedMasterID, CaseMasterID, AccusedName, AgeYear, GenderID, PersonID) VALUES (415, 351, 'Rohit N. Shetty', 35, 1, 'A1');
INSERT INTO ArrestSurrender (ArrestSurrenderID, CaseMasterID, ArrestSurrenderTypeID, ArrestSurrenderDate, ArrestSurrenderStateId, ArrestSurrenderDistrictId, PoliceStationID, IOID, CourtID, AccusedMasterID, IsAccused, IsComplainantAccused) VALUES (172, 351, 1, '2024-08-13', 1, 2, 8, 15, 2, 415, 1, 0);
INSERT INTO inv_arrestsurrenderaccused (ArrestSurrenderID, AccusedMasterID) VALUES (172, 415);
INSERT INTO ChargesheetDetails (CSID, CaseMasterID, csdate, cstype, PolicePersonID) VALUES (248, 351, '2024-09-06 11:00:00', 'A', 15);
INSERT INTO CaseMaster (CaseMasterID, CrimeNo, CaseNo, CrimeRegisteredDate, PolicePersonID, PoliceStationID, CaseCategoryID, GravityOffenceID, CrimeMajorHeadID, CrimeMinorHeadID, CaseStatusID, CourtID, IncidentFromDate, IncidentToDate, InfoReceivedPSDate, latitude, longitude, BriefFacts) VALUES (352, '100010001202400352', '202400352', '2024-08-14', 1, 1, 1, 2, 5, 9, 1, 1, '2024-08-14 19:00:00', '2024-08-14 22:00:00', '2024-08-14 19:00:00', 12.979173, 77.639146, 'Ganja Possession reported outside a commercial complex within Indiranagar Police Station limits. Suresh Kambali recorded statements and initiated scene verification.');
INSERT INTO Inv_OccuranceTime (CaseMasterID, IncidentFromDate, IncidentToDate, latitude, longitude, PlaceOfOccurrence) VALUES (352, '2024-08-14 19:00:00', '2024-08-14 22:00:00', 12.979173, 77.639146, 'Outside a commercial complex, Indiranagar');
INSERT INTO ComplainantDetails (ComplainantID, CaseMasterID, ComplainantName, AgeYear, OccupationID, ReligionID, CasteID, GenderID) VALUES (352, 352, 'Kavitha Murthy', 52, 1, 4, 5, 2);
INSERT INTO ActSectionAssociation (CaseMasterID, ActID, SectionID, ActOrderID, SectionOrderID) VALUES (352, 'NDPS', '20', 1, 1);
INSERT INTO Victim (VictimMasterID, CaseMasterID, VictimName, AgeYear, GenderID, VictimPolice) VALUES (352, 352, 'Roshan Joshi', 29, 2, '0');
INSERT INTO Accused (AccusedMasterID, CaseMasterID, AccusedName, AgeYear, GenderID, PersonID) VALUES (416, 352, 'Tukaram U. Patil', 43, 1, 'A1');
INSERT INTO CaseMaster (CaseMasterID, CrimeNo, CaseNo, CrimeRegisteredDate, PolicePersonID, PoliceStationID, CaseCategoryID, GravityOffenceID, CrimeMajorHeadID, CrimeMinorHeadID, CaseStatusID, CourtID, IncidentFromDate, IncidentToDate, InfoReceivedPSDate, latitude, longitude, BriefFacts) VALUES (353, '100010002202400353', '202400353', '2024-08-25', 3, 2, 1, 3, 3, 7, 1, 1, '2024-08-25 16:00:00', '2024-08-25 19:00:00', '2024-08-25 16:00:00', 12.929750, 77.625314, 'Control room information regarding identity theft was received from near a bus stop. IO Prakash Jadhav opened the investigation and secured preliminary evidence.');
INSERT INTO Inv_OccuranceTime (CaseMasterID, IncidentFromDate, IncidentToDate, latitude, longitude, PlaceOfOccurrence) VALUES (353, '2024-08-25 16:00:00', '2024-08-25 19:00:00', 12.929750, 77.625314, 'Near a bus stop, Koramangala');
INSERT INTO ComplainantDetails (ComplainantID, CaseMasterID, ComplainantName, AgeYear, OccupationID, ReligionID, CasteID, GenderID) VALUES (353, 353, 'Anand Bhat', 26, 7, 1, 1, 1);
INSERT INTO ActSectionAssociation (CaseMasterID, ActID, SectionID, ActOrderID, SectionOrderID) VALUES (353, 'IT_ACT', '66D', 1, 1);
INSERT INTO Victim (VictimMasterID, CaseMasterID, VictimName, AgeYear, GenderID, VictimPolice) VALUES (353, 353, 'Vinay Hegde', 56, 1, '0');
INSERT INTO Accused (AccusedMasterID, CaseMasterID, AccusedName, AgeYear, GenderID, PersonID) VALUES (417, 353, 'Shiva B. Shaikh', 45, 1, 'A1');
INSERT INTO Accused (AccusedMasterID, CaseMasterID, AccusedName, AgeYear, GenderID, PersonID) VALUES (418, 353, 'Yogesh M. Pashan', 36, 1, 'A2');
INSERT INTO ArrestSurrender (ArrestSurrenderID, CaseMasterID, ArrestSurrenderTypeID, ArrestSurrenderDate, ArrestSurrenderStateId, ArrestSurrenderDistrictId, PoliceStationID, IOID, CourtID, AccusedMasterID, IsAccused, IsComplainantAccused) VALUES (173, 353, 1, '2024-08-27', 1, 1, 2, 3, 1, 417, 1, 0);
INSERT INTO inv_arrestsurrenderaccused (ArrestSurrenderID, AccusedMasterID) VALUES (173, 417);
INSERT INTO inv_arrestsurrenderaccused (ArrestSurrenderID, AccusedMasterID) VALUES (173, 418);
INSERT INTO CaseMaster (CaseMasterID, CrimeNo, CaseNo, CrimeRegisteredDate, PolicePersonID, PoliceStationID, CaseCategoryID, GravityOffenceID, CrimeMajorHeadID, CrimeMinorHeadID, CaseStatusID, CourtID, IncidentFromDate, IncidentToDate, InfoReceivedPSDate, latitude, longitude, BriefFacts) VALUES (354, '100060018202400354', '202400354', '2024-08-08', 35, 18, 1, 3, 1, 2, 2, 6, '2024-08-08 22:00:00', '2024-08-08 23:00:00', '2024-08-08 22:00:00', 17.324696, 76.832501, 'House Breaking Night reported near the inter-city bus stand within Station Bazar Police Station limits. Prakash Kambali recorded statements and initiated scene verification.');
INSERT INTO Inv_OccuranceTime (CaseMasterID, IncidentFromDate, IncidentToDate, latitude, longitude, PlaceOfOccurrence) VALUES (354, '2024-08-08 22:00:00', '2024-08-08 23:00:00', 17.324696, 76.832501, 'Near the inter-city bus stand, Station Bazar');
INSERT INTO ComplainantDetails (ComplainantID, CaseMasterID, ComplainantName, AgeYear, OccupationID, ReligionID, CasteID, GenderID) VALUES (354, 354, 'Ayesha Patil', 58, 3, 5, 3, 2);
INSERT INTO ActSectionAssociation (CaseMasterID, ActID, SectionID, ActOrderID, SectionOrderID) VALUES (354, 'IPC', '379', 1, 1);
INSERT INTO Victim (VictimMasterID, CaseMasterID, VictimName, AgeYear, GenderID, VictimPolice) VALUES (354, 354, 'Roshan Gowda', 74, 2, '0');
INSERT INTO Accused (AccusedMasterID, CaseMasterID, AccusedName, AgeYear, GenderID, PersonID) VALUES (419, 354, 'Vicky I. Shaikh', 38, 1, 'A1');
INSERT INTO Accused (AccusedMasterID, CaseMasterID, AccusedName, AgeYear, GenderID, PersonID) VALUES (420, 354, 'Yogesh T. Salim', 26, 1, 'A2');
INSERT INTO ChargesheetDetails (CSID, CaseMasterID, csdate, cstype, PolicePersonID) VALUES (249, 354, '2024-11-06 13:00:00', 'A', 35);
INSERT INTO CaseMaster (CaseMasterID, CrimeNo, CaseNo, CrimeRegisteredDate, PolicePersonID, PoliceStationID, CaseCategoryID, GravityOffenceID, CrimeMajorHeadID, CrimeMinorHeadID, CaseStatusID, CourtID, IncidentFromDate, IncidentToDate, InfoReceivedPSDate, latitude, longitude, BriefFacts) VALUES (355, '100060018202400355', '202400355', '2024-08-19', 35, 18, 1, 2, 1, 1, 2, 6, '2024-08-19 21:00:00', '2024-08-19 22:00:00', '2024-08-19 21:00:00', 17.324369, 76.823268, 'Automobile Theft reported on the ring road service lane within Station Bazar Police Station limits. Prakash Kambali recorded statements and initiated scene verification.');
INSERT INTO Inv_OccuranceTime (CaseMasterID, IncidentFromDate, IncidentToDate, latitude, longitude, PlaceOfOccurrence) VALUES (355, '2024-08-19 21:00:00', '2024-08-19 22:00:00', 17.324369, 76.823268, 'On the ring road service lane, Station Bazar');
INSERT INTO ComplainantDetails (ComplainantID, CaseMasterID, ComplainantName, AgeYear, OccupationID, ReligionID, CasteID, GenderID) VALUES (355, 355, 'Shilpa Joshi', 22, 7, 4, 4, 1);
INSERT INTO ActSectionAssociation (CaseMasterID, ActID, SectionID, ActOrderID, SectionOrderID) VALUES (355, 'IPC', '379', 1, 1);
INSERT INTO Victim (VictimMasterID, CaseMasterID, VictimName, AgeYear, GenderID, VictimPolice) VALUES (355, 355, 'Sangeetha Fernandes', 19, 1, '0');
INSERT INTO Accused (AccusedMasterID, CaseMasterID, AccusedName, AgeYear, GenderID, PersonID) VALUES (421, 355, 'Tukaram P. Pashan', 23, 1, 'A1');
INSERT INTO ArrestSurrender (ArrestSurrenderID, CaseMasterID, ArrestSurrenderTypeID, ArrestSurrenderDate, ArrestSurrenderStateId, ArrestSurrenderDistrictId, PoliceStationID, IOID, CourtID, AccusedMasterID, IsAccused, IsComplainantAccused) VALUES (174, 355, 1, '2024-09-03', 1, 6, 18, 35, 6, 421, 1, 0);
INSERT INTO inv_arrestsurrenderaccused (ArrestSurrenderID, AccusedMasterID) VALUES (174, 421);
INSERT INTO ChargesheetDetails (CSID, CaseMasterID, csdate, cstype, PolicePersonID) VALUES (250, 355, '2024-09-24 14:00:00', 'A', 35);
INSERT INTO CaseMaster (CaseMasterID, CrimeNo, CaseNo, CrimeRegisteredDate, PolicePersonID, PoliceStationID, CaseCategoryID, GravityOffenceID, CrimeMajorHeadID, CrimeMinorHeadID, CaseStatusID, CourtID, IncidentFromDate, IncidentToDate, InfoReceivedPSDate, latitude, longitude, BriefFacts) VALUES (356, '100020006202400356', '202400356', '2024-08-02', 11, 6, 1, 3, 4, 8, 1, 2, '2024-08-02 16:00:00', '2024-08-02 18:00:00', '2024-08-02 16:00:00', 12.305062, 76.654032, 'Control room information regarding cheating was received from on the ring road service lane. IO Anitha Gowda opened the investigation and secured preliminary evidence.');
INSERT INTO Inv_OccuranceTime (CaseMasterID, IncidentFromDate, IncidentToDate, latitude, longitude, PlaceOfOccurrence) VALUES (356, '2024-08-02 16:00:00', '2024-08-02 18:00:00', 12.305062, 76.654032, 'On the ring road service lane, Devaraja');
INSERT INTO ComplainantDetails (ComplainantID, CaseMasterID, ComplainantName, AgeYear, OccupationID, ReligionID, CasteID, GenderID) VALUES (356, 356, 'Latha Deshpande', 40, 4, 4, 1, 1);
INSERT INTO ActSectionAssociation (CaseMasterID, ActID, SectionID, ActOrderID, SectionOrderID) VALUES (356, 'IPC', '420', 1, 1);
INSERT INTO Victim (VictimMasterID, CaseMasterID, VictimName, AgeYear, GenderID, VictimPolice) VALUES (356, 356, 'Asha Kulkarni', 32, 2, '0');
INSERT INTO Accused (AccusedMasterID, CaseMasterID, AccusedName, AgeYear, GenderID, PersonID) VALUES (422, 356, 'Manjunath W. Shetty', 33, 1, 'A1');
INSERT INTO ChargesheetDetails (CSID, CaseMasterID, csdate, cstype, PolicePersonID) VALUES (251, 356, '2024-09-07 10:00:00', 'A', 11);
INSERT INTO CaseMaster (CaseMasterID, CrimeNo, CaseNo, CrimeRegisteredDate, PolicePersonID, PoliceStationID, CaseCategoryID, GravityOffenceID, CrimeMajorHeadID, CrimeMinorHeadID, CaseStatusID, CourtID, IncidentFromDate, IncidentToDate, InfoReceivedPSDate, latitude, longitude, BriefFacts) VALUES (357, '100010001202400357', '202400357', '2024-08-13', 1, 1, 1, 3, 3, 6, 1, 1, '2024-08-13 15:00:00', '2024-08-13 18:00:00', '2024-08-13 15:00:00', 12.989159, 77.641665, 'Complainant reported a suspected online financial fraud incident outside a commercial complex. The matter was registered at Indiranagar Police Station and assigned to Suresh Kambali.');
INSERT INTO Inv_OccuranceTime (CaseMasterID, IncidentFromDate, IncidentToDate, latitude, longitude, PlaceOfOccurrence) VALUES (357, '2024-08-13 15:00:00', '2024-08-13 18:00:00', 12.989159, 77.641665, 'Outside a commercial complex, Indiranagar');
INSERT INTO ComplainantDetails (ComplainantID, CaseMasterID, ComplainantName, AgeYear, OccupationID, ReligionID, CasteID, GenderID) VALUES (357, 357, 'Pooja Hegde', 38, 6, 1, 3, 2);
INSERT INTO ActSectionAssociation (CaseMasterID, ActID, SectionID, ActOrderID, SectionOrderID) VALUES (357, 'IT_ACT', '66D', 1, 1);
INSERT INTO Victim (VictimMasterID, CaseMasterID, VictimName, AgeYear, GenderID, VictimPolice) VALUES (357, 357, 'Nikhil Kulkarni', 64, 1, '0');
INSERT INTO Accused (AccusedMasterID, CaseMasterID, AccusedName, AgeYear, GenderID, PersonID) VALUES (423, 357, 'Ajay D. Pashan', 35, 1, 'A1');
INSERT INTO ArrestSurrender (ArrestSurrenderID, CaseMasterID, ArrestSurrenderTypeID, ArrestSurrenderDate, ArrestSurrenderStateId, ArrestSurrenderDistrictId, PoliceStationID, IOID, CourtID, AccusedMasterID, IsAccused, IsComplainantAccused) VALUES (175, 357, 1, '2024-09-11', 1, 1, 1, 1, 1, 423, 1, 0);
INSERT INTO inv_arrestsurrenderaccused (ArrestSurrenderID, AccusedMasterID) VALUES (175, 423);
INSERT INTO CaseMaster (CaseMasterID, CrimeNo, CaseNo, CrimeRegisteredDate, PolicePersonID, PoliceStationID, CaseCategoryID, GravityOffenceID, CrimeMajorHeadID, CrimeMinorHeadID, CaseStatusID, CourtID, IncidentFromDate, IncidentToDate, InfoReceivedPSDate, latitude, longitude, BriefFacts) VALUES (358, '100010002202400358', '202400358', '2024-08-24', 3, 2, 1, 3, 1, 1, 2, 1, '2024-08-24 20:00:00', '2024-08-24 23:00:00', '2024-08-24 20:00:00', 12.942758, 77.620446, 'Complainant reported a suspected automobile theft incident beside a metro approach road. The matter was registered at Koramangala Police Station and assigned to Prakash Jadhav.');
INSERT INTO Inv_OccuranceTime (CaseMasterID, IncidentFromDate, IncidentToDate, latitude, longitude, PlaceOfOccurrence) VALUES (358, '2024-08-24 20:00:00', '2024-08-24 23:00:00', 12.942758, 77.620446, 'Beside a metro approach road, Koramangala');
INSERT INTO ComplainantDetails (ComplainantID, CaseMasterID, ComplainantName, AgeYear, OccupationID, ReligionID, CasteID, GenderID) VALUES (358, 358, 'Ayesha Murthy', 68, 3, 3, 3, 2);
INSERT INTO ActSectionAssociation (CaseMasterID, ActID, SectionID, ActOrderID, SectionOrderID) VALUES (358, 'IPC', '379', 1, 1);
INSERT INTO Victim (VictimMasterID, CaseMasterID, VictimName, AgeYear, GenderID, VictimPolice) VALUES (358, 358, 'Fathima Bhat', 60, 1, '0');
INSERT INTO Accused (AccusedMasterID, CaseMasterID, AccusedName, AgeYear, GenderID, PersonID) VALUES (424, 358, 'Dharma K. Shetty', 28, 1, 'A1');
INSERT INTO ChargesheetDetails (CSID, CaseMasterID, csdate, cstype, PolicePersonID) VALUES (252, 358, '2024-11-17 16:00:00', 'A', 3);
INSERT INTO CaseMaster (CaseMasterID, CrimeNo, CaseNo, CrimeRegisteredDate, PolicePersonID, PoliceStationID, CaseCategoryID, GravityOffenceID, CrimeMajorHeadID, CrimeMinorHeadID, CaseStatusID, CourtID, IncidentFromDate, IncidentToDate, InfoReceivedPSDate, latitude, longitude, BriefFacts) VALUES (359, '100030011202400359', '202400359', '2024-08-07', 21, 11, 1, 2, 1, 1, 4, 3, '2024-08-07 06:00:00', '2024-08-07 07:00:00', '2024-08-07 06:00:00', 12.887912, 74.826206, 'Automobile Theft reported beside an industrial access road within Urwa Police Station limits. Vijay Gowda recorded statements and initiated scene verification.');
INSERT INTO Inv_OccuranceTime (CaseMasterID, IncidentFromDate, IncidentToDate, latitude, longitude, PlaceOfOccurrence) VALUES (359, '2024-08-07 06:00:00', '2024-08-07 07:00:00', 12.887912, 74.826206, 'Beside an industrial access road, Urwa');
INSERT INTO ComplainantDetails (ComplainantID, CaseMasterID, ComplainantName, AgeYear, OccupationID, ReligionID, CasteID, GenderID) VALUES (359, 359, 'Chetan Joshi', 33, 2, 3, 5, 1);
INSERT INTO ActSectionAssociation (CaseMasterID, ActID, SectionID, ActOrderID, SectionOrderID) VALUES (359, 'IPC', '379', 1, 1);
INSERT INTO Victim (VictimMasterID, CaseMasterID, VictimName, AgeYear, GenderID, VictimPolice) VALUES (359, 359, 'Kiran Poojary', 32, 2, '0');
INSERT INTO Accused (AccusedMasterID, CaseMasterID, AccusedName, AgeYear, GenderID, PersonID) VALUES (425, 359, 'Imtiaz R. Shaikh', 39, 1, 'A1');
INSERT INTO ArrestSurrender (ArrestSurrenderID, CaseMasterID, ArrestSurrenderTypeID, ArrestSurrenderDate, ArrestSurrenderStateId, ArrestSurrenderDistrictId, PoliceStationID, IOID, CourtID, AccusedMasterID, IsAccused, IsComplainantAccused) VALUES (176, 359, 1, '2024-09-07', 1, 3, 11, 21, 3, 425, 1, 0);
INSERT INTO inv_arrestsurrenderaccused (ArrestSurrenderID, AccusedMasterID) VALUES (176, 425);
INSERT INTO ChargesheetDetails (CSID, CaseMasterID, csdate, cstype, PolicePersonID) VALUES (253, 359, '2024-10-20 13:00:00', 'A', 21);
INSERT INTO CaseMaster (CaseMasterID, CrimeNo, CaseNo, CrimeRegisteredDate, PolicePersonID, PoliceStationID, CaseCategoryID, GravityOffenceID, CrimeMajorHeadID, CrimeMinorHeadID, CaseStatusID, CourtID, IncidentFromDate, IncidentToDate, InfoReceivedPSDate, latitude, longitude, BriefFacts) VALUES (360, '100010002202400360', '202400360', '2024-08-18', 3, 2, 1, 3, 1, 3, 2, 1, '2024-08-18 19:00:00', '2024-08-18 20:00:00', '2024-08-18 19:00:00', 12.933811, 77.618145, 'Complainant reported a suspected chain snatching incident near a bus stop. The matter was registered at Koramangala Police Station and assigned to Prakash Jadhav.');
INSERT INTO Inv_OccuranceTime (CaseMasterID, IncidentFromDate, IncidentToDate, latitude, longitude, PlaceOfOccurrence) VALUES (360, '2024-08-18 19:00:00', '2024-08-18 20:00:00', 12.933811, 77.618145, 'Near a bus stop, Koramangala');
INSERT INTO ComplainantDetails (ComplainantID, CaseMasterID, ComplainantName, AgeYear, OccupationID, ReligionID, CasteID, GenderID) VALUES (360, 360, 'Radha Gowda', 57, 7, 1, 4, 2);
INSERT INTO ActSectionAssociation (CaseMasterID, ActID, SectionID, ActOrderID, SectionOrderID) VALUES (360, 'IPC', '379', 1, 1);
INSERT INTO Victim (VictimMasterID, CaseMasterID, VictimName, AgeYear, GenderID, VictimPolice) VALUES (360, 360, 'Divya Murthy', 41, 2, '0');
INSERT INTO Accused (AccusedMasterID, CaseMasterID, AccusedName, AgeYear, GenderID, PersonID) VALUES (426, 360, 'Nagesh Y. Khan', 22, 1, 'A1');
INSERT INTO ChargesheetDetails (CSID, CaseMasterID, csdate, cstype, PolicePersonID) VALUES (254, 360, '2024-11-22 17:00:00', 'A', 3);
INSERT INTO CaseMaster (CaseMasterID, CrimeNo, CaseNo, CrimeRegisteredDate, PolicePersonID, PoliceStationID, CaseCategoryID, GravityOffenceID, CrimeMajorHeadID, CrimeMinorHeadID, CaseStatusID, CourtID, IncidentFromDate, IncidentToDate, InfoReceivedPSDate, latitude, longitude, BriefFacts) VALUES (361, '100060018202400361', '202400361', '2024-08-01', 35, 18, 1, 1, 2, 4, 3, 6, '2024-08-01 12:00:00', '2024-08-01 15:00:00', '2024-08-01 12:00:00', 17.327108, 76.829154, 'Murder reported near the central market within Station Bazar Police Station limits. Prakash Kambali recorded statements and initiated scene verification.');
INSERT INTO Inv_OccuranceTime (CaseMasterID, IncidentFromDate, IncidentToDate, latitude, longitude, PlaceOfOccurrence) VALUES (361, '2024-08-01 12:00:00', '2024-08-01 15:00:00', 17.327108, 76.829154, 'Near the central market, Station Bazar');
INSERT INTO ComplainantDetails (ComplainantID, CaseMasterID, ComplainantName, AgeYear, OccupationID, ReligionID, CasteID, GenderID) VALUES (361, 361, 'Harish Rao', 40, 4, 2, 3, 1);
INSERT INTO ActSectionAssociation (CaseMasterID, ActID, SectionID, ActOrderID, SectionOrderID) VALUES (361, 'IPC', '302', 1, 1);
INSERT INTO Victim (VictimMasterID, CaseMasterID, VictimName, AgeYear, GenderID, VictimPolice) VALUES (361, 361, 'Fathima Naik', 72, 1, '0');
INSERT INTO Accused (AccusedMasterID, CaseMasterID, AccusedName, AgeYear, GenderID, PersonID) VALUES (427, 361, 'Salman F. Salim', 43, 1, 'A1');
INSERT INTO ChargesheetDetails (CSID, CaseMasterID, csdate, cstype, PolicePersonID) VALUES (255, 361, '2024-10-17 13:00:00', 'A', 35);
INSERT INTO CaseMaster (CaseMasterID, CrimeNo, CaseNo, CrimeRegisteredDate, PolicePersonID, PoliceStationID, CaseCategoryID, GravityOffenceID, CrimeMajorHeadID, CrimeMinorHeadID, CaseStatusID, CourtID, IncidentFromDate, IncidentToDate, InfoReceivedPSDate, latitude, longitude, BriefFacts) VALUES (362, '100030011202400362', '202400362', '2024-08-12', 21, 11, 1, 3, 1, 1, 5, 3, '2024-08-12 17:00:00', '2024-08-12 18:00:00', '2024-08-12 17:00:00', 12.886872, 74.834475, 'Automobile Theft reported near the inter-city bus stand within Urwa Police Station limits. Vijay Gowda recorded statements and initiated scene verification.');
INSERT INTO Inv_OccuranceTime (CaseMasterID, IncidentFromDate, IncidentToDate, latitude, longitude, PlaceOfOccurrence) VALUES (362, '2024-08-12 17:00:00', '2024-08-12 18:00:00', 12.886872, 74.834475, 'Near the inter-city bus stand, Urwa');
INSERT INTO ComplainantDetails (ComplainantID, CaseMasterID, ComplainantName, AgeYear, OccupationID, ReligionID, CasteID, GenderID) VALUES (362, 362, 'Joel Poojary', 53, 6, 3, 5, 1);
INSERT INTO ActSectionAssociation (CaseMasterID, ActID, SectionID, ActOrderID, SectionOrderID) VALUES (362, 'IPC', '379', 1, 1);
INSERT INTO Victim (VictimMasterID, CaseMasterID, VictimName, AgeYear, GenderID, VictimPolice) VALUES (362, 362, 'Fathima Deshpande', 40, 1, '0');
INSERT INTO Accused (AccusedMasterID, CaseMasterID, AccusedName, AgeYear, GenderID, PersonID) VALUES (428, 362, 'Salman M. Poojary', 37, 1, 'A1');
INSERT INTO Accused (AccusedMasterID, CaseMasterID, AccusedName, AgeYear, GenderID, PersonID) VALUES (429, 362, 'Manjunath X. Kumar', 45, 1, 'A2');
INSERT INTO ArrestSurrender (ArrestSurrenderID, CaseMasterID, ArrestSurrenderTypeID, ArrestSurrenderDate, ArrestSurrenderStateId, ArrestSurrenderDistrictId, PoliceStationID, IOID, CourtID, AccusedMasterID, IsAccused, IsComplainantAccused) VALUES (177, 362, 1, '2024-08-31', 1, 3, 11, 21, 3, 428, 1, 0);
INSERT INTO inv_arrestsurrenderaccused (ArrestSurrenderID, AccusedMasterID) VALUES (177, 428);
INSERT INTO inv_arrestsurrenderaccused (ArrestSurrenderID, AccusedMasterID) VALUES (177, 429);
INSERT INTO CaseMaster (CaseMasterID, CrimeNo, CaseNo, CrimeRegisteredDate, PolicePersonID, PoliceStationID, CaseCategoryID, GravityOffenceID, CrimeMajorHeadID, CrimeMinorHeadID, CaseStatusID, CourtID, IncidentFromDate, IncidentToDate, InfoReceivedPSDate, latitude, longitude, BriefFacts) VALUES (363, '100010003202400363', '202400363', '2024-08-23', 5, 3, 1, 1, 1, 10, 1, 1, '2024-08-23 19:00:00', '2024-08-23 21:00:00', '2024-08-23 19:00:00', 12.963303, 77.749996, 'Complainant reported a suspected highway robbery incident on a residential cross road. The matter was registered at Whitefield Police Station and assigned to Lakshmi Shetty.');
INSERT INTO Inv_OccuranceTime (CaseMasterID, IncidentFromDate, IncidentToDate, latitude, longitude, PlaceOfOccurrence) VALUES (363, '2024-08-23 19:00:00', '2024-08-23 21:00:00', 12.963303, 77.749996, 'On a residential cross road, Whitefield');
INSERT INTO ComplainantDetails (ComplainantID, CaseMasterID, ComplainantName, AgeYear, OccupationID, ReligionID, CasteID, GenderID) VALUES (363, 363, 'Chetan Rao', 46, 3, 5, 5, 1);
INSERT INTO ActSectionAssociation (CaseMasterID, ActID, SectionID, ActOrderID, SectionOrderID) VALUES (363, 'IPC', '379', 1, 1);
INSERT INTO Victim (VictimMasterID, CaseMasterID, VictimName, AgeYear, GenderID, VictimPolice) VALUES (363, 363, 'Roshan Deshpande', 33, 1, '0');
INSERT INTO Accused (AccusedMasterID, CaseMasterID, AccusedName, AgeYear, GenderID, PersonID) VALUES (430, 363, 'Jagga T. Verma', 37, 1, 'A1');
INSERT INTO ArrestSurrender (ArrestSurrenderID, CaseMasterID, ArrestSurrenderTypeID, ArrestSurrenderDate, ArrestSurrenderStateId, ArrestSurrenderDistrictId, PoliceStationID, IOID, CourtID, AccusedMasterID, IsAccused, IsComplainantAccused) VALUES (178, 363, 1, '2024-08-25', 1, 1, 3, 5, 1, 430, 1, 0);
INSERT INTO inv_arrestsurrenderaccused (ArrestSurrenderID, AccusedMasterID) VALUES (178, 430);
INSERT INTO CaseMaster (CaseMasterID, CrimeNo, CaseNo, CrimeRegisteredDate, PolicePersonID, PoliceStationID, CaseCategoryID, GravityOffenceID, CrimeMajorHeadID, CrimeMinorHeadID, CaseStatusID, CourtID, IncidentFromDate, IncidentToDate, InfoReceivedPSDate, latitude, longitude, BriefFacts) VALUES (364, '100060018202400364', '202400364', '2024-08-06', 35, 18, 1, 2, 2, 5, 1, 6, '2024-08-06 07:00:00', '2024-08-06 08:00:00', '2024-08-06 07:00:00', 17.338583, 76.836493, 'Grievous Hurt reported near the central market within Station Bazar Police Station limits. Prakash Kambali recorded statements and initiated scene verification.');
INSERT INTO Inv_OccuranceTime (CaseMasterID, IncidentFromDate, IncidentToDate, latitude, longitude, PlaceOfOccurrence) VALUES (364, '2024-08-06 07:00:00', '2024-08-06 08:00:00', 17.338583, 76.836493, 'Near the central market, Station Bazar');
INSERT INTO ComplainantDetails (ComplainantID, CaseMasterID, ComplainantName, AgeYear, OccupationID, ReligionID, CasteID, GenderID) VALUES (364, 364, 'Eshwar Shetty', 25, 5, 3, 4, 1);
INSERT INTO ActSectionAssociation (CaseMasterID, ActID, SectionID, ActOrderID, SectionOrderID) VALUES (364, 'IPC', '302', 1, 1);
INSERT INTO Victim (VictimMasterID, CaseMasterID, VictimName, AgeYear, GenderID, VictimPolice) VALUES (364, 364, 'Chaitra Fernandes', 66, 1, '0');
INSERT INTO Accused (AccusedMasterID, CaseMasterID, AccusedName, AgeYear, GenderID, PersonID) VALUES (431, 364, 'Dharma A. Patil', 22, 1, 'A1');
INSERT INTO CaseMaster (CaseMasterID, CrimeNo, CaseNo, CrimeRegisteredDate, PolicePersonID, PoliceStationID, CaseCategoryID, GravityOffenceID, CrimeMajorHeadID, CrimeMinorHeadID, CaseStatusID, CourtID, IncidentFromDate, IncidentToDate, InfoReceivedPSDate, latitude, longitude, BriefFacts) VALUES (365, '100030010202400365', '202400365', '2024-08-17', 19, 10, 1, 3, 1, 10, 1, 3, '2024-08-17 22:00:00', '2024-08-17 23:00:00', '2024-08-17 22:00:00', 12.868978, 74.848522, 'Pandeshwar Police Station registered the case after an incident on the ring road service lane. Initial CCTV, witness, and digital-evidence checks were assigned to IO Shankar Rao.');
INSERT INTO Inv_OccuranceTime (CaseMasterID, IncidentFromDate, IncidentToDate, latitude, longitude, PlaceOfOccurrence) VALUES (365, '2024-08-17 22:00:00', '2024-08-17 23:00:00', 12.868978, 74.848522, 'On the ring road service lane, Pandeshwar');
INSERT INTO ComplainantDetails (ComplainantID, CaseMasterID, ComplainantName, AgeYear, OccupationID, ReligionID, CasteID, GenderID) VALUES (365, 365, 'Shilpa Kulkarni', 46, 7, 3, 2, 2);
INSERT INTO ActSectionAssociation (CaseMasterID, ActID, SectionID, ActOrderID, SectionOrderID) VALUES (365, 'IPC', '379', 1, 1);
INSERT INTO Victim (VictimMasterID, CaseMasterID, VictimName, AgeYear, GenderID, VictimPolice) VALUES (365, 365, 'Arun Bhat', 71, 2, '0');
INSERT INTO Accused (AccusedMasterID, CaseMasterID, AccusedName, AgeYear, GenderID, PersonID) VALUES (432, 365, 'Mohan H. Salim', 34, 1, 'A1');
INSERT INTO CaseMaster (CaseMasterID, CrimeNo, CaseNo, CrimeRegisteredDate, PolicePersonID, PoliceStationID, CaseCategoryID, GravityOffenceID, CrimeMajorHeadID, CrimeMinorHeadID, CaseStatusID, CourtID, IncidentFromDate, IncidentToDate, InfoReceivedPSDate, latitude, longitude, BriefFacts) VALUES (366, '100060018202400366', '202400366', '2024-08-28', 35, 18, 1, 3, 1, 2, 4, 6, '2024-08-28 03:00:00', '2024-08-28 06:00:00', '2024-08-28 03:00:00', 17.318292, 76.834694, 'Complainant reported a suspected house breaking night incident on the ring road service lane. The matter was registered at Station Bazar Police Station and assigned to Prakash Kambali.');
INSERT INTO Inv_OccuranceTime (CaseMasterID, IncidentFromDate, IncidentToDate, latitude, longitude, PlaceOfOccurrence) VALUES (366, '2024-08-28 03:00:00', '2024-08-28 06:00:00', 17.318292, 76.834694, 'On the ring road service lane, Station Bazar');
INSERT INTO ComplainantDetails (ComplainantID, CaseMasterID, ComplainantName, AgeYear, OccupationID, ReligionID, CasteID, GenderID) VALUES (366, 366, 'Nandini Patil', 72, 5, 5, 3, 2);
INSERT INTO ActSectionAssociation (CaseMasterID, ActID, SectionID, ActOrderID, SectionOrderID) VALUES (366, 'IPC', '379', 1, 1);
INSERT INTO Victim (VictimMasterID, CaseMasterID, VictimName, AgeYear, GenderID, VictimPolice) VALUES (366, 366, 'Roshan Joshi', 55, 2, '0');
INSERT INTO Accused (AccusedMasterID, CaseMasterID, AccusedName, AgeYear, GenderID, PersonID) VALUES (433, 366, 'Mantu O. Khan', 32, 1, 'A1');
INSERT INTO ChargesheetDetails (CSID, CaseMasterID, csdate, cstype, PolicePersonID) VALUES (256, 366, '2024-10-27 11:00:00', 'A', 35);
INSERT INTO CaseMaster (CaseMasterID, CrimeNo, CaseNo, CrimeRegisteredDate, PolicePersonID, PoliceStationID, CaseCategoryID, GravityOffenceID, CrimeMajorHeadID, CrimeMinorHeadID, CaseStatusID, CourtID, IncidentFromDate, IncidentToDate, InfoReceivedPSDate, latitude, longitude, BriefFacts) VALUES (367, '100040013202400367', '202400367', '2024-08-11', 25, 13, 1, 2, 2, 5, 2, 4, '2024-08-11 06:00:00', '2024-08-11 09:00:00', '2024-08-11 06:00:00', 15.360932, 75.131166, 'Complainant reported a suspected grievous hurt incident near the inter-city bus stand. The matter was registered at Vidyanagar Police Station Hubballi and assigned to Vijay Rao.');
INSERT INTO Inv_OccuranceTime (CaseMasterID, IncidentFromDate, IncidentToDate, latitude, longitude, PlaceOfOccurrence) VALUES (367, '2024-08-11 06:00:00', '2024-08-11 09:00:00', 15.360932, 75.131166, 'Near the inter-city bus stand, Vidyanagar Hubballi');
INSERT INTO ComplainantDetails (ComplainantID, CaseMasterID, ComplainantName, AgeYear, OccupationID, ReligionID, CasteID, GenderID) VALUES (367, 367, 'Jagadish Fernandes', 60, 3, 4, 5, 1);
INSERT INTO ActSectionAssociation (CaseMasterID, ActID, SectionID, ActOrderID, SectionOrderID) VALUES (367, 'IPC', '302', 1, 1);
INSERT INTO Victim (VictimMasterID, CaseMasterID, VictimName, AgeYear, GenderID, VictimPolice) VALUES (367, 367, 'Bhavya Murthy', 24, 1, '0');
INSERT INTO Accused (AccusedMasterID, CaseMasterID, AccusedName, AgeYear, GenderID, PersonID) VALUES (434, 367, 'Rafiq V. Kumar', 36, 1, 'A1');
INSERT INTO ChargesheetDetails (CSID, CaseMasterID, csdate, cstype, PolicePersonID) VALUES (257, 367, '2024-09-27 10:00:00', 'A', 25);
INSERT INTO CaseMaster (CaseMasterID, CrimeNo, CaseNo, CrimeRegisteredDate, PolicePersonID, PoliceStationID, CaseCategoryID, GravityOffenceID, CrimeMajorHeadID, CrimeMinorHeadID, CaseStatusID, CourtID, IncidentFromDate, IncidentToDate, InfoReceivedPSDate, latitude, longitude, BriefFacts) VALUES (368, '100040012202400368', '202400368', '2024-08-22', 23, 12, 1, 3, 1, 1, 1, 4, '2024-08-22 22:00:00', '2024-08-22 23:00:00', '2024-08-22 22:00:00', 15.358115, 75.132917, 'Automobile Theft reported near the inter-city bus stand within Suburban Police Station Hubballi limits. Manjunath Deshmukh recorded statements and initiated scene verification.');
INSERT INTO Inv_OccuranceTime (CaseMasterID, IncidentFromDate, IncidentToDate, latitude, longitude, PlaceOfOccurrence) VALUES (368, '2024-08-22 22:00:00', '2024-08-22 23:00:00', 15.358115, 75.132917, 'Near the inter-city bus stand, Suburban Hubballi');
INSERT INTO ComplainantDetails (ComplainantID, CaseMasterID, ComplainantName, AgeYear, OccupationID, ReligionID, CasteID, GenderID) VALUES (368, 368, 'Bharath Khan', 47, 3, 5, 5, 2);
INSERT INTO ActSectionAssociation (CaseMasterID, ActID, SectionID, ActOrderID, SectionOrderID) VALUES (368, 'IPC', '379', 1, 1);
INSERT INTO Victim (VictimMasterID, CaseMasterID, VictimName, AgeYear, GenderID, VictimPolice) VALUES (368, 368, 'Ganesh Patil', 57, 1, '0');
INSERT INTO Accused (AccusedMasterID, CaseMasterID, AccusedName, AgeYear, GenderID, PersonID) VALUES (435, 368, 'Manjunath C. Verma', 21, 1, 'A1');
INSERT INTO CaseMaster (CaseMasterID, CrimeNo, CaseNo, CrimeRegisteredDate, PolicePersonID, PoliceStationID, CaseCategoryID, GravityOffenceID, CrimeMajorHeadID, CrimeMinorHeadID, CaseStatusID, CourtID, IncidentFromDate, IncidentToDate, InfoReceivedPSDate, latitude, longitude, BriefFacts) VALUES (369, '100010003202400369', '202400369', '2024-08-05', 5, 3, 1, 2, 3, 6, 3, 1, '2024-08-05 09:00:00', '2024-08-05 10:00:00', '2024-08-05 09:00:00', 12.977110, 77.747286, 'Control room information regarding online financial fraud was received from near a bus stop. IO Lakshmi Shetty opened the investigation and secured preliminary evidence.');
INSERT INTO Inv_OccuranceTime (CaseMasterID, IncidentFromDate, IncidentToDate, latitude, longitude, PlaceOfOccurrence) VALUES (369, '2024-08-05 09:00:00', '2024-08-05 10:00:00', 12.977110, 77.747286, 'Near a bus stop, Whitefield');
INSERT INTO ComplainantDetails (ComplainantID, CaseMasterID, ComplainantName, AgeYear, OccupationID, ReligionID, CasteID, GenderID) VALUES (369, 369, 'Eshwar Joshi', 39, 4, 1, 4, 1);
INSERT INTO ActSectionAssociation (CaseMasterID, ActID, SectionID, ActOrderID, SectionOrderID) VALUES (369, 'IT_ACT', '66D', 1, 1);
INSERT INTO Victim (VictimMasterID, CaseMasterID, VictimName, AgeYear, GenderID, VictimPolice) VALUES (369, 369, 'Chaitra Khan', 64, 1, '0');
INSERT INTO Accused (AccusedMasterID, CaseMasterID, AccusedName, AgeYear, GenderID, PersonID) VALUES (436, 369, 'Ajay J. Verma', 30, 1, 'A1');
INSERT INTO Accused (AccusedMasterID, CaseMasterID, AccusedName, AgeYear, GenderID, PersonID) VALUES (437, 369, 'Salman U. Verma', 45, 1, 'A2');
INSERT INTO ArrestSurrender (ArrestSurrenderID, CaseMasterID, ArrestSurrenderTypeID, ArrestSurrenderDate, ArrestSurrenderStateId, ArrestSurrenderDistrictId, PoliceStationID, IOID, CourtID, AccusedMasterID, IsAccused, IsComplainantAccused) VALUES (179, 369, 1, '2024-08-08', 1, 1, 3, 5, 1, 436, 1, 0);
INSERT INTO inv_arrestsurrenderaccused (ArrestSurrenderID, AccusedMasterID) VALUES (179, 436);
INSERT INTO inv_arrestsurrenderaccused (ArrestSurrenderID, AccusedMasterID) VALUES (179, 437);
INSERT INTO ChargesheetDetails (CSID, CaseMasterID, csdate, cstype, PolicePersonID) VALUES (258, 369, '2024-10-26 14:00:00', 'A', 5);
INSERT INTO CaseMaster (CaseMasterID, CrimeNo, CaseNo, CrimeRegisteredDate, PolicePersonID, PoliceStationID, CaseCategoryID, GravityOffenceID, CrimeMajorHeadID, CrimeMinorHeadID, CaseStatusID, CourtID, IncidentFromDate, IncidentToDate, InfoReceivedPSDate, latitude, longitude, BriefFacts) VALUES (370, '100040013202400370', '202400370', '2024-08-16', 25, 13, 1, 3, 4, 8, 1, 4, '2024-08-16 11:00:00', '2024-08-16 14:00:00', '2024-08-16 11:00:00', 15.353316, 75.119566, 'Control room information regarding cheating was received from near the inter-city bus stand. IO Vijay Rao opened the investigation and secured preliminary evidence.');
INSERT INTO Inv_OccuranceTime (CaseMasterID, IncidentFromDate, IncidentToDate, latitude, longitude, PlaceOfOccurrence) VALUES (370, '2024-08-16 11:00:00', '2024-08-16 14:00:00', 15.353316, 75.119566, 'Near the inter-city bus stand, Vidyanagar Hubballi');
INSERT INTO ComplainantDetails (ComplainantID, CaseMasterID, ComplainantName, AgeYear, OccupationID, ReligionID, CasteID, GenderID) VALUES (370, 370, 'Chetan Patil', 50, 3, 3, 3, 1);
INSERT INTO ActSectionAssociation (CaseMasterID, ActID, SectionID, ActOrderID, SectionOrderID) VALUES (370, 'IPC', '420', 1, 1);
INSERT INTO Victim (VictimMasterID, CaseMasterID, VictimName, AgeYear, GenderID, VictimPolice) VALUES (370, 370, 'Divya Patil', 74, 2, '0');
INSERT INTO Accused (AccusedMasterID, CaseMasterID, AccusedName, AgeYear, GenderID, PersonID) VALUES (438, 370, 'Mohan Q. Shaikh', 33, 1, 'A1');
INSERT INTO ArrestSurrender (ArrestSurrenderID, CaseMasterID, ArrestSurrenderTypeID, ArrestSurrenderDate, ArrestSurrenderStateId, ArrestSurrenderDistrictId, PoliceStationID, IOID, CourtID, AccusedMasterID, IsAccused, IsComplainantAccused) VALUES (180, 370, 1, '2024-09-02', 1, 4, 13, 25, 4, 438, 1, 0);
INSERT INTO inv_arrestsurrenderaccused (ArrestSurrenderID, AccusedMasterID) VALUES (180, 438);
INSERT INTO CaseMaster (CaseMasterID, CrimeNo, CaseNo, CrimeRegisteredDate, PolicePersonID, PoliceStationID, CaseCategoryID, GravityOffenceID, CrimeMajorHeadID, CrimeMinorHeadID, CaseStatusID, CourtID, IncidentFromDate, IncidentToDate, InfoReceivedPSDate, latitude, longitude, BriefFacts) VALUES (371, '100030009202400371', '202400371', '2024-08-27', 17, 9, 1, 2, 2, 5, 1, 3, '2024-08-27 21:00:00', '2024-08-27 00:00:00', '2024-08-27 21:00:00', 12.884013, 74.848830, 'Control room information regarding grievous hurt was received from near the inter-city bus stand. IO Basavaraj Patil opened the investigation and secured preliminary evidence.');
INSERT INTO Inv_OccuranceTime (CaseMasterID, IncidentFromDate, IncidentToDate, latitude, longitude, PlaceOfOccurrence) VALUES (371, '2024-08-27 21:00:00', '2024-08-27 00:00:00', 12.884013, 74.848830, 'Near the inter-city bus stand, Kadri');
INSERT INTO ComplainantDetails (ComplainantID, CaseMasterID, ComplainantName, AgeYear, OccupationID, ReligionID, CasteID, GenderID) VALUES (371, 371, 'Anand Rao', 45, 1, 5, 5, 1);
INSERT INTO ActSectionAssociation (CaseMasterID, ActID, SectionID, ActOrderID, SectionOrderID) VALUES (371, 'IPC', '302', 1, 1);
INSERT INTO Victim (VictimMasterID, CaseMasterID, VictimName, AgeYear, GenderID, VictimPolice) VALUES (371, 371, 'Nikhil Poojary', 53, 1, '0');
INSERT INTO Accused (AccusedMasterID, CaseMasterID, AccusedName, AgeYear, GenderID, PersonID) VALUES (439, 371, 'Ajay X. Gowda', 39, 1, 'A1');
INSERT INTO Accused (AccusedMasterID, CaseMasterID, AccusedName, AgeYear, GenderID, PersonID) VALUES (440, 371, 'Vicky I. Patil', 38, 1, 'A2');
INSERT INTO ArrestSurrender (ArrestSurrenderID, CaseMasterID, ArrestSurrenderTypeID, ArrestSurrenderDate, ArrestSurrenderStateId, ArrestSurrenderDistrictId, PoliceStationID, IOID, CourtID, AccusedMasterID, IsAccused, IsComplainantAccused) VALUES (181, 371, 1, '2024-09-26', 1, 3, 9, 17, 3, 439, 1, 0);
INSERT INTO inv_arrestsurrenderaccused (ArrestSurrenderID, AccusedMasterID) VALUES (181, 439);
INSERT INTO inv_arrestsurrenderaccused (ArrestSurrenderID, AccusedMasterID) VALUES (181, 440);
INSERT INTO CaseMaster (CaseMasterID, CrimeNo, CaseNo, CrimeRegisteredDate, PolicePersonID, PoliceStationID, CaseCategoryID, GravityOffenceID, CrimeMajorHeadID, CrimeMinorHeadID, CaseStatusID, CourtID, IncidentFromDate, IncidentToDate, InfoReceivedPSDate, latitude, longitude, BriefFacts) VALUES (372, '100020006202400372', '202400372', '2024-08-10', 11, 6, 1, 3, 4, 8, 3, 2, '2024-08-10 11:00:00', '2024-08-10 14:00:00', '2024-08-10 11:00:00', 12.316017, 76.654322, 'Complainant reported a suspected cheating incident beside an industrial access road. The matter was registered at Devaraja Police Station and assigned to Anitha Gowda.');
INSERT INTO Inv_OccuranceTime (CaseMasterID, IncidentFromDate, IncidentToDate, latitude, longitude, PlaceOfOccurrence) VALUES (372, '2024-08-10 11:00:00', '2024-08-10 14:00:00', 12.316017, 76.654322, 'Beside an industrial access road, Devaraja');
INSERT INTO ComplainantDetails (ComplainantID, CaseMasterID, ComplainantName, AgeYear, OccupationID, ReligionID, CasteID, GenderID) VALUES (372, 372, 'Nandini Kulkarni', 66, 3, 2, 3, 2);
INSERT INTO ActSectionAssociation (CaseMasterID, ActID, SectionID, ActOrderID, SectionOrderID) VALUES (372, 'IPC', '420', 1, 1);
INSERT INTO Victim (VictimMasterID, CaseMasterID, VictimName, AgeYear, GenderID, VictimPolice) VALUES (372, 372, 'Kiran Khan', 69, 1, '0');
INSERT INTO Accused (AccusedMasterID, CaseMasterID, AccusedName, AgeYear, GenderID, PersonID) VALUES (441, 372, 'Lokesh E. Verma', 36, 1, 'A1');
INSERT INTO Accused (AccusedMasterID, CaseMasterID, AccusedName, AgeYear, GenderID, PersonID) VALUES (442, 372, 'Raja P. Patil', 44, 1, 'A2');
INSERT INTO ChargesheetDetails (CSID, CaseMasterID, csdate, cstype, PolicePersonID) VALUES (259, 372, '2024-09-21 10:00:00', 'A', 11);
INSERT INTO CaseMaster (CaseMasterID, CrimeNo, CaseNo, CrimeRegisteredDate, PolicePersonID, PoliceStationID, CaseCategoryID, GravityOffenceID, CrimeMajorHeadID, CrimeMinorHeadID, CaseStatusID, CourtID, IncidentFromDate, IncidentToDate, InfoReceivedPSDate, latitude, longitude, BriefFacts) VALUES (373, '100010002202400373', '202400373', '2024-08-21', 3, 2, 1, 2, 2, 5, 1, 1, '2024-08-21 15:00:00', '2024-08-21 16:00:00', '2024-08-21 15:00:00', 12.933187, 77.634254, 'Koramangala Police Station registered the case after an incident near a market entrance. Initial CCTV, witness, and digital-evidence checks were assigned to IO Prakash Jadhav.');
INSERT INTO Inv_OccuranceTime (CaseMasterID, IncidentFromDate, IncidentToDate, latitude, longitude, PlaceOfOccurrence) VALUES (373, '2024-08-21 15:00:00', '2024-08-21 16:00:00', 12.933187, 77.634254, 'Near a market entrance, Koramangala');
INSERT INTO ComplainantDetails (ComplainantID, CaseMasterID, ComplainantName, AgeYear, OccupationID, ReligionID, CasteID, GenderID) VALUES (373, 373, 'Chetan Murthy', 48, 4, 1, 5, 1);
INSERT INTO ActSectionAssociation (CaseMasterID, ActID, SectionID, ActOrderID, SectionOrderID) VALUES (373, 'IPC', '302', 1, 1);
INSERT INTO Victim (VictimMasterID, CaseMasterID, VictimName, AgeYear, GenderID, VictimPolice) VALUES (373, 373, 'Manoj Rao', 56, 2, '0');
INSERT INTO Accused (AccusedMasterID, CaseMasterID, AccusedName, AgeYear, GenderID, PersonID) VALUES (443, 373, 'Raja L. Salim', 36, 1, 'A1');
INSERT INTO CaseMaster (CaseMasterID, CrimeNo, CaseNo, CrimeRegisteredDate, PolicePersonID, PoliceStationID, CaseCategoryID, GravityOffenceID, CrimeMajorHeadID, CrimeMinorHeadID, CaseStatusID, CourtID, IncidentFromDate, IncidentToDate, InfoReceivedPSDate, latitude, longitude, BriefFacts) VALUES (374, '100020007202400374', '202400374', '2024-08-04', 13, 7, 1, 2, 1, 3, 2, 2, '2024-08-04 22:00:00', '2024-08-04 01:00:00', '2024-08-04 22:00:00', 12.321318, 76.652493, 'Lashkar Police Station registered the case after an incident beside an industrial access road. Initial CCTV, witness, and digital-evidence checks were assigned to IO Suresh Rao.');
INSERT INTO Inv_OccuranceTime (CaseMasterID, IncidentFromDate, IncidentToDate, latitude, longitude, PlaceOfOccurrence) VALUES (374, '2024-08-04 22:00:00', '2024-08-04 01:00:00', 12.321318, 76.652493, 'Beside an industrial access road, Lashkar');
INSERT INTO ComplainantDetails (ComplainantID, CaseMasterID, ComplainantName, AgeYear, OccupationID, ReligionID, CasteID, GenderID) VALUES (374, 374, 'Jagadish Khan', 31, 4, 1, 3, 2);
INSERT INTO ActSectionAssociation (CaseMasterID, ActID, SectionID, ActOrderID, SectionOrderID) VALUES (374, 'IPC', '379', 1, 1);
INSERT INTO Victim (VictimMasterID, CaseMasterID, VictimName, AgeYear, GenderID, VictimPolice) VALUES (374, 374, 'Ganesh Gowda', 60, 2, '0');
INSERT INTO Accused (AccusedMasterID, CaseMasterID, AccusedName, AgeYear, GenderID, PersonID) VALUES (444, 374, 'Shiva S. Shaikh', 30, 1, 'A1');
INSERT INTO ArrestSurrender (ArrestSurrenderID, CaseMasterID, ArrestSurrenderTypeID, ArrestSurrenderDate, ArrestSurrenderStateId, ArrestSurrenderDistrictId, PoliceStationID, IOID, CourtID, AccusedMasterID, IsAccused, IsComplainantAccused) VALUES (182, 374, 1, '2024-08-09', 1, 2, 7, 13, 2, 444, 1, 0);
INSERT INTO inv_arrestsurrenderaccused (ArrestSurrenderID, AccusedMasterID) VALUES (182, 444);
INSERT INTO ChargesheetDetails (CSID, CaseMasterID, csdate, cstype, PolicePersonID) VALUES (260, 374, '2024-10-24 16:00:00', 'A', 13);
INSERT INTO CaseMaster (CaseMasterID, CrimeNo, CaseNo, CrimeRegisteredDate, PolicePersonID, PoliceStationID, CaseCategoryID, GravityOffenceID, CrimeMajorHeadID, CrimeMinorHeadID, CaseStatusID, CourtID, IncidentFromDate, IncidentToDate, InfoReceivedPSDate, latitude, longitude, BriefFacts) VALUES (375, '100050016202400375', '202400375', '2024-08-15', 31, 16, 1, 2, 5, 9, 5, 5, '2024-08-15 18:00:00', '2024-08-15 19:00:00', '2024-08-15 18:00:00', 15.837558, 74.511737, 'Complainant reported a suspected ganja possession incident near the inter-city bus stand. The matter was registered at Tilakwadi Police Station and assigned to Santosh Pawar.');
INSERT INTO Inv_OccuranceTime (CaseMasterID, IncidentFromDate, IncidentToDate, latitude, longitude, PlaceOfOccurrence) VALUES (375, '2024-08-15 18:00:00', '2024-08-15 19:00:00', 15.837558, 74.511737, 'Near the inter-city bus stand, Tilakwadi');
INSERT INTO ComplainantDetails (ComplainantID, CaseMasterID, ComplainantName, AgeYear, OccupationID, ReligionID, CasteID, GenderID) VALUES (375, 375, 'Shilpa Gowda', 62, 4, 4, 4, 1);
INSERT INTO ActSectionAssociation (CaseMasterID, ActID, SectionID, ActOrderID, SectionOrderID) VALUES (375, 'NDPS', '20', 1, 1);
INSERT INTO Victim (VictimMasterID, CaseMasterID, VictimName, AgeYear, GenderID, VictimPolice) VALUES (375, 375, 'Divya Bhat', 27, 1, '0');
INSERT INTO Accused (AccusedMasterID, CaseMasterID, AccusedName, AgeYear, GenderID, PersonID) VALUES (445, 375, 'Raja Z. Pashan', 33, 1, 'A1');
INSERT INTO ArrestSurrender (ArrestSurrenderID, CaseMasterID, ArrestSurrenderTypeID, ArrestSurrenderDate, ArrestSurrenderStateId, ArrestSurrenderDistrictId, PoliceStationID, IOID, CourtID, AccusedMasterID, IsAccused, IsComplainantAccused) VALUES (183, 375, 1, '2024-09-10', 1, 5, 16, 31, 5, 445, 1, 0);
INSERT INTO inv_arrestsurrenderaccused (ArrestSurrenderID, AccusedMasterID) VALUES (183, 445);
INSERT INTO CaseMaster (CaseMasterID, CrimeNo, CaseNo, CrimeRegisteredDate, PolicePersonID, PoliceStationID, CaseCategoryID, GravityOffenceID, CrimeMajorHeadID, CrimeMinorHeadID, CaseStatusID, CourtID, IncidentFromDate, IncidentToDate, InfoReceivedPSDate, latitude, longitude, BriefFacts) VALUES (376, '100010001202400376', '202400376', '2024-08-26', 1, 1, 1, 2, 1, 1, 2, 1, '2024-08-26 09:00:00', '2024-08-26 10:00:00', '2024-08-26 09:00:00', 12.969310, 77.650556, 'Control room information regarding automobile theft was received from near a market entrance. IO Suresh Kambali opened the investigation and secured preliminary evidence.');
INSERT INTO Inv_OccuranceTime (CaseMasterID, IncidentFromDate, IncidentToDate, latitude, longitude, PlaceOfOccurrence) VALUES (376, '2024-08-26 09:00:00', '2024-08-26 10:00:00', 12.969310, 77.650556, 'Near a market entrance, Indiranagar');
INSERT INTO ComplainantDetails (ComplainantID, CaseMasterID, ComplainantName, AgeYear, OccupationID, ReligionID, CasteID, GenderID) VALUES (376, 376, 'Girish Khan', 29, 4, 3, 3, 2);
INSERT INTO ActSectionAssociation (CaseMasterID, ActID, SectionID, ActOrderID, SectionOrderID) VALUES (376, 'IPC', '379', 1, 1);
INSERT INTO Victim (VictimMasterID, CaseMasterID, VictimName, AgeYear, GenderID, VictimPolice) VALUES (376, 376, 'Bhavya Shetty', 72, 1, '0');
INSERT INTO Accused (AccusedMasterID, CaseMasterID, AccusedName, AgeYear, GenderID, PersonID) VALUES (446, 376, 'Tukaram G. Pashan', 31, 1, 'A1');
INSERT INTO ChargesheetDetails (CSID, CaseMasterID, csdate, cstype, PolicePersonID) VALUES (261, 376, '2024-10-15 09:00:00', 'A', 1);
INSERT INTO CaseMaster (CaseMasterID, CrimeNo, CaseNo, CrimeRegisteredDate, PolicePersonID, PoliceStationID, CaseCategoryID, GravityOffenceID, CrimeMajorHeadID, CrimeMinorHeadID, CaseStatusID, CourtID, IncidentFromDate, IncidentToDate, InfoReceivedPSDate, latitude, longitude, BriefFacts) VALUES (377, '100030010202400377', '202400377', '2024-08-09', 19, 10, 1, 3, 1, 2, 2, 3, '2024-08-09 23:00:00', '2024-08-09 02:00:00', '2024-08-09 23:00:00', 12.864426, 74.840627, 'Control room information regarding house breaking night was received from on the ring road service lane. IO Shankar Rao opened the investigation and secured preliminary evidence.');
INSERT INTO Inv_OccuranceTime (CaseMasterID, IncidentFromDate, IncidentToDate, latitude, longitude, PlaceOfOccurrence) VALUES (377, '2024-08-09 23:00:00', '2024-08-09 02:00:00', 12.864426, 74.840627, 'On the ring road service lane, Pandeshwar');
INSERT INTO ComplainantDetails (ComplainantID, CaseMasterID, ComplainantName, AgeYear, OccupationID, ReligionID, CasteID, GenderID) VALUES (377, 377, 'Shilpa Poojary', 41, 7, 4, 2, 1);
INSERT INTO ActSectionAssociation (CaseMasterID, ActID, SectionID, ActOrderID, SectionOrderID) VALUES (377, 'IPC', '379', 1, 1);
INSERT INTO Victim (VictimMasterID, CaseMasterID, VictimName, AgeYear, GenderID, VictimPolice) VALUES (377, 377, 'Fathima Joshi', 63, 1, '0');
INSERT INTO Accused (AccusedMasterID, CaseMasterID, AccusedName, AgeYear, GenderID, PersonID) VALUES (447, 377, 'Pandu N. Salim', 31, 1, 'A1');
INSERT INTO ChargesheetDetails (CSID, CaseMasterID, csdate, cstype, PolicePersonID) VALUES (262, 377, '2024-09-12 12:00:00', 'A', 19);
INSERT INTO CaseMaster (CaseMasterID, CrimeNo, CaseNo, CrimeRegisteredDate, PolicePersonID, PoliceStationID, CaseCategoryID, GravityOffenceID, CrimeMajorHeadID, CrimeMinorHeadID, CaseStatusID, CourtID, IncidentFromDate, IncidentToDate, InfoReceivedPSDate, latitude, longitude, BriefFacts) VALUES (378, '100010003202400378', '202400378', '2024-08-20', 5, 3, 1, 3, 1, 3, 3, 1, '2024-08-20 22:00:00', '2024-08-20 00:00:00', '2024-08-20 22:00:00', 12.968139, 77.753450, 'Chain Snatching reported on a residential cross road within Whitefield Police Station limits. Lakshmi Shetty recorded statements and initiated scene verification.');
INSERT INTO Inv_OccuranceTime (CaseMasterID, IncidentFromDate, IncidentToDate, latitude, longitude, PlaceOfOccurrence) VALUES (378, '2024-08-20 22:00:00', '2024-08-20 00:00:00', 12.968139, 77.753450, 'On a residential cross road, Whitefield');
INSERT INTO ComplainantDetails (ComplainantID, CaseMasterID, ComplainantName, AgeYear, OccupationID, ReligionID, CasteID, GenderID) VALUES (378, 378, 'Kavitha Naik', 36, 6, 5, 1, 2);
INSERT INTO ActSectionAssociation (CaseMasterID, ActID, SectionID, ActOrderID, SectionOrderID) VALUES (378, 'IPC', '379', 1, 1);
INSERT INTO Victim (VictimMasterID, CaseMasterID, VictimName, AgeYear, GenderID, VictimPolice) VALUES (378, 378, 'Ganesh Khan', 45, 2, '0');
INSERT INTO Accused (AccusedMasterID, CaseMasterID, AccusedName, AgeYear, GenderID, PersonID) VALUES (448, 378, 'Yogesh U. Reddy', 25, 1, 'A1');
INSERT INTO ChargesheetDetails (CSID, CaseMasterID, csdate, cstype, PolicePersonID) VALUES (263, 378, '2024-10-21 17:00:00', 'A', 5);
INSERT INTO CaseMaster (CaseMasterID, CrimeNo, CaseNo, CrimeRegisteredDate, PolicePersonID, PoliceStationID, CaseCategoryID, GravityOffenceID, CrimeMajorHeadID, CrimeMinorHeadID, CaseStatusID, CourtID, IncidentFromDate, IncidentToDate, InfoReceivedPSDate, latitude, longitude, BriefFacts) VALUES (379, '100020006202400379', '202400379', '2024-08-03', 11, 6, 1, 3, 1, 2, 1, 2, '2024-08-03 23:00:00', '2024-08-03 01:00:00', '2024-08-03 23:00:00', 12.296581, 76.647720, 'Control room information regarding house breaking night was received from beside an industrial access road. IO Anitha Gowda opened the investigation and secured preliminary evidence.');
INSERT INTO Inv_OccuranceTime (CaseMasterID, IncidentFromDate, IncidentToDate, latitude, longitude, PlaceOfOccurrence) VALUES (379, '2024-08-03 23:00:00', '2024-08-03 01:00:00', 12.296581, 76.647720, 'Beside an industrial access road, Devaraja');
INSERT INTO ComplainantDetails (ComplainantID, CaseMasterID, ComplainantName, AgeYear, OccupationID, ReligionID, CasteID, GenderID) VALUES (379, 379, 'Kavitha Joshi', 33, 7, 1, 3, 1);
INSERT INTO ActSectionAssociation (CaseMasterID, ActID, SectionID, ActOrderID, SectionOrderID) VALUES (379, 'IPC', '379', 1, 1);
INSERT INTO Victim (VictimMasterID, CaseMasterID, VictimName, AgeYear, GenderID, VictimPolice) VALUES (379, 379, 'Manoj Rao', 35, 1, '0');
INSERT INTO Accused (AccusedMasterID, CaseMasterID, AccusedName, AgeYear, GenderID, PersonID) VALUES (449, 379, 'Rohit B. Shaikh', 41, 1, 'A1');
INSERT INTO CaseMaster (CaseMasterID, CrimeNo, CaseNo, CrimeRegisteredDate, PolicePersonID, PoliceStationID, CaseCategoryID, GravityOffenceID, CrimeMajorHeadID, CrimeMinorHeadID, CaseStatusID, CourtID, IncidentFromDate, IncidentToDate, InfoReceivedPSDate, latitude, longitude, BriefFacts) VALUES (380, '100010002202400380', '202400380', '2024-08-14', 3, 2, 1, 2, 1, 2, 1, 1, '2024-08-14 01:00:00', '2024-08-14 04:00:00', '2024-08-14 01:00:00', 12.936227, 77.631846, 'House Breaking Night reported on a residential cross road within Koramangala Police Station limits. Prakash Jadhav recorded statements and initiated scene verification.');
INSERT INTO Inv_OccuranceTime (CaseMasterID, IncidentFromDate, IncidentToDate, latitude, longitude, PlaceOfOccurrence) VALUES (380, '2024-08-14 01:00:00', '2024-08-14 04:00:00', 12.936227, 77.631846, 'On a residential cross road, Koramangala');
INSERT INTO ComplainantDetails (ComplainantID, CaseMasterID, ComplainantName, AgeYear, OccupationID, ReligionID, CasteID, GenderID) VALUES (380, 380, 'Pooja Deshpande', 71, 6, 4, 3, 2);
INSERT INTO ActSectionAssociation (CaseMasterID, ActID, SectionID, ActOrderID, SectionOrderID) VALUES (380, 'IPC', '379', 1, 1);
INSERT INTO Victim (VictimMasterID, CaseMasterID, VictimName, AgeYear, GenderID, VictimPolice) VALUES (380, 380, 'Rajesh Hegde', 71, 1, '0');
INSERT INTO Accused (AccusedMasterID, CaseMasterID, AccusedName, AgeYear, GenderID, PersonID) VALUES (450, 380, 'Yogesh I. Patil', 42, 1, 'A1');
INSERT INTO ArrestSurrender (ArrestSurrenderID, CaseMasterID, ArrestSurrenderTypeID, ArrestSurrenderDate, ArrestSurrenderStateId, ArrestSurrenderDistrictId, PoliceStationID, IOID, CourtID, AccusedMasterID, IsAccused, IsComplainantAccused) VALUES (184, 380, 1, '2024-08-30', 1, 1, 2, 3, 1, 450, 1, 0);
INSERT INTO inv_arrestsurrenderaccused (ArrestSurrenderID, AccusedMasterID) VALUES (184, 450);
INSERT INTO CaseMaster (CaseMasterID, CrimeNo, CaseNo, CrimeRegisteredDate, PolicePersonID, PoliceStationID, CaseCategoryID, GravityOffenceID, CrimeMajorHeadID, CrimeMinorHeadID, CaseStatusID, CourtID, IncidentFromDate, IncidentToDate, InfoReceivedPSDate, latitude, longitude, BriefFacts) VALUES (381, '100010001202400381', '202400381', '2024-08-25', 1, 1, 2, 3, 5, 9, 4, 1, '2024-08-25 16:00:00', '2024-08-25 17:00:00', '2024-08-25 16:00:00', 12.982665, 77.639392, 'Ganja Possession reported near a market entrance within Indiranagar Police Station limits. Suresh Kambali recorded statements and initiated scene verification.');
INSERT INTO Inv_OccuranceTime (CaseMasterID, IncidentFromDate, IncidentToDate, latitude, longitude, PlaceOfOccurrence) VALUES (381, '2024-08-25 16:00:00', '2024-08-25 17:00:00', 12.982665, 77.639392, 'Near a market entrance, Indiranagar');
INSERT INTO ComplainantDetails (ComplainantID, CaseMasterID, ComplainantName, AgeYear, OccupationID, ReligionID, CasteID, GenderID) VALUES (381, 381, 'Deepak Murthy', 72, 7, 3, 1, 2);
INSERT INTO ActSectionAssociation (CaseMasterID, ActID, SectionID, ActOrderID, SectionOrderID) VALUES (381, 'NDPS', '20', 1, 1);
INSERT INTO Victim (VictimMasterID, CaseMasterID, VictimName, AgeYear, GenderID, VictimPolice) VALUES (381, 381, 'Ganesh Fernandes', 72, 2, '0');
INSERT INTO Accused (AccusedMasterID, CaseMasterID, AccusedName, AgeYear, GenderID, PersonID) VALUES (451, 381, 'Vicky P. Shetty', 42, 1, 'A1');
INSERT INTO ChargesheetDetails (CSID, CaseMasterID, csdate, cstype, PolicePersonID) VALUES (264, 381, '2024-10-31 15:00:00', 'A', 1);
INSERT INTO CaseMaster (CaseMasterID, CrimeNo, CaseNo, CrimeRegisteredDate, PolicePersonID, PoliceStationID, CaseCategoryID, GravityOffenceID, CrimeMajorHeadID, CrimeMinorHeadID, CaseStatusID, CourtID, IncidentFromDate, IncidentToDate, InfoReceivedPSDate, latitude, longitude, BriefFacts) VALUES (382, '100050016202400382', '202400382', '2024-08-08', 31, 16, 1, 2, 2, 5, 1, 5, '2024-08-08 21:00:00', '2024-08-08 00:00:00', '2024-08-08 21:00:00', 15.849026, 74.504559, 'Control room information regarding grievous hurt was received from near the inter-city bus stand. IO Santosh Pawar opened the investigation and secured preliminary evidence.');
INSERT INTO Inv_OccuranceTime (CaseMasterID, IncidentFromDate, IncidentToDate, latitude, longitude, PlaceOfOccurrence) VALUES (382, '2024-08-08 21:00:00', '2024-08-08 00:00:00', 15.849026, 74.504559, 'Near the inter-city bus stand, Tilakwadi');
INSERT INTO ComplainantDetails (ComplainantID, CaseMasterID, ComplainantName, AgeYear, OccupationID, ReligionID, CasteID, GenderID) VALUES (382, 382, 'Chetan Shetty', 69, 1, 4, 4, 1);
INSERT INTO ActSectionAssociation (CaseMasterID, ActID, SectionID, ActOrderID, SectionOrderID) VALUES (382, 'IPC', '302', 1, 1);
INSERT INTO Victim (VictimMasterID, CaseMasterID, VictimName, AgeYear, GenderID, VictimPolice) VALUES (382, 382, 'Roshan Gowda', 56, 2, '0');
INSERT INTO Accused (AccusedMasterID, CaseMasterID, AccusedName, AgeYear, GenderID, PersonID) VALUES (452, 382, 'Tukaram W. Verma', 26, 1, 'A1');
INSERT INTO CaseMaster (CaseMasterID, CrimeNo, CaseNo, CrimeRegisteredDate, PolicePersonID, PoliceStationID, CaseCategoryID, GravityOffenceID, CrimeMajorHeadID, CrimeMinorHeadID, CaseStatusID, CourtID, IncidentFromDate, IncidentToDate, InfoReceivedPSDate, latitude, longitude, BriefFacts) VALUES (383, '100020006202400383', '202400383', '2024-08-19', 11, 6, 1, 3, 1, 1, 2, 2, '2024-08-19 17:00:00', '2024-08-19 18:00:00', '2024-08-19 17:00:00', 12.309296, 76.647921, 'Control room information regarding automobile theft was received from near the inter-city bus stand. IO Anitha Gowda opened the investigation and secured preliminary evidence.');
INSERT INTO Inv_OccuranceTime (CaseMasterID, IncidentFromDate, IncidentToDate, latitude, longitude, PlaceOfOccurrence) VALUES (383, '2024-08-19 17:00:00', '2024-08-19 18:00:00', 12.309296, 76.647921, 'Near the inter-city bus stand, Devaraja');
INSERT INTO ComplainantDetails (ComplainantID, CaseMasterID, ComplainantName, AgeYear, OccupationID, ReligionID, CasteID, GenderID) VALUES (383, 383, 'Farhan Gowda', 23, 1, 4, 1, 2);
INSERT INTO ActSectionAssociation (CaseMasterID, ActID, SectionID, ActOrderID, SectionOrderID) VALUES (383, 'IPC', '379', 1, 1);
INSERT INTO Victim (VictimMasterID, CaseMasterID, VictimName, AgeYear, GenderID, VictimPolice) VALUES (383, 383, 'Vinay Deshpande', 44, 2, '0');
INSERT INTO Accused (AccusedMasterID, CaseMasterID, AccusedName, AgeYear, GenderID, PersonID) VALUES (453, 383, 'Imtiaz D. Singh', 34, 1, 'A1');
INSERT INTO ArrestSurrender (ArrestSurrenderID, CaseMasterID, ArrestSurrenderTypeID, ArrestSurrenderDate, ArrestSurrenderStateId, ArrestSurrenderDistrictId, PoliceStationID, IOID, CourtID, AccusedMasterID, IsAccused, IsComplainantAccused) VALUES (185, 383, 1, '2024-09-06', 1, 2, 6, 11, 2, 453, 1, 0);
INSERT INTO inv_arrestsurrenderaccused (ArrestSurrenderID, AccusedMasterID) VALUES (185, 453);
INSERT INTO ChargesheetDetails (CSID, CaseMasterID, csdate, cstype, PolicePersonID) VALUES (265, 383, '2024-11-12 10:00:00', 'A', 11);
INSERT INTO CaseMaster (CaseMasterID, CrimeNo, CaseNo, CrimeRegisteredDate, PolicePersonID, PoliceStationID, CaseCategoryID, GravityOffenceID, CrimeMajorHeadID, CrimeMinorHeadID, CaseStatusID, CourtID, IncidentFromDate, IncidentToDate, InfoReceivedPSDate, latitude, longitude, BriefFacts) VALUES (384, '100010003202400384', '202400384', '2024-08-02', 5, 3, 1, 3, 5, 9, 1, 1, '2024-08-02 19:00:00', '2024-08-02 21:00:00', '2024-08-02 19:00:00', 12.972303, 77.760617, 'Whitefield Police Station registered the case after an incident outside a commercial complex. Initial CCTV, witness, and digital-evidence checks were assigned to IO Lakshmi Shetty.');
INSERT INTO Inv_OccuranceTime (CaseMasterID, IncidentFromDate, IncidentToDate, latitude, longitude, PlaceOfOccurrence) VALUES (384, '2024-08-02 19:00:00', '2024-08-02 21:00:00', 12.972303, 77.760617, 'Outside a commercial complex, Whitefield');
INSERT INTO ComplainantDetails (ComplainantID, CaseMasterID, ComplainantName, AgeYear, OccupationID, ReligionID, CasteID, GenderID) VALUES (384, 384, 'Eshwar Poojary', 66, 5, 3, 2, 1);
INSERT INTO ActSectionAssociation (CaseMasterID, ActID, SectionID, ActOrderID, SectionOrderID) VALUES (384, 'NDPS', '20', 1, 1);
INSERT INTO Victim (VictimMasterID, CaseMasterID, VictimName, AgeYear, GenderID, VictimPolice) VALUES (384, 384, 'Kiran Patil', 27, 2, '0');
INSERT INTO Accused (AccusedMasterID, CaseMasterID, AccusedName, AgeYear, GenderID, PersonID) VALUES (454, 384, 'Yogesh K. Jadhav', 40, 1, 'A1');
INSERT INTO CaseMaster (CaseMasterID, CrimeNo, CaseNo, CrimeRegisteredDate, PolicePersonID, PoliceStationID, CaseCategoryID, GravityOffenceID, CrimeMajorHeadID, CrimeMinorHeadID, CaseStatusID, CourtID, IncidentFromDate, IncidentToDate, InfoReceivedPSDate, latitude, longitude, BriefFacts) VALUES (385, '100010005202400385', '202400385', '2024-08-13', 9, 5, 1, 2, 2, 5, 4, 1, '2024-08-13 21:00:00', '2024-08-13 22:00:00', '2024-08-13 21:00:00', 13.006282, 77.569621, 'Control room information regarding grievous hurt was received from near a bus stop. IO Ramesh Pawar opened the investigation and secured preliminary evidence.');
INSERT INTO Inv_OccuranceTime (CaseMasterID, IncidentFromDate, IncidentToDate, latitude, longitude, PlaceOfOccurrence) VALUES (385, '2024-08-13 21:00:00', '2024-08-13 22:00:00', 13.006282, 77.569621, 'Near a bus stop, Malleshwaram');
INSERT INTO ComplainantDetails (ComplainantID, CaseMasterID, ComplainantName, AgeYear, OccupationID, ReligionID, CasteID, GenderID) VALUES (385, 385, 'Naveena Fernandes', 34, 5, 2, 5, 1);
INSERT INTO ActSectionAssociation (CaseMasterID, ActID, SectionID, ActOrderID, SectionOrderID) VALUES (385, 'IPC', '302', 1, 1);
INSERT INTO Victim (VictimMasterID, CaseMasterID, VictimName, AgeYear, GenderID, VictimPolice) VALUES (385, 385, 'Chaitra Rao', 41, 1, '0');
INSERT INTO Accused (AccusedMasterID, CaseMasterID, AccusedName, AgeYear, GenderID, PersonID) VALUES (455, 385, 'Vicky R. Jadhav', 27, 1, 'A1');
INSERT INTO ChargesheetDetails (CSID, CaseMasterID, csdate, cstype, PolicePersonID) VALUES (266, 385, '2024-10-12 15:00:00', 'A', 9);
INSERT INTO CaseMaster (CaseMasterID, CrimeNo, CaseNo, CrimeRegisteredDate, PolicePersonID, PoliceStationID, CaseCategoryID, GravityOffenceID, CrimeMajorHeadID, CrimeMinorHeadID, CaseStatusID, CourtID, IncidentFromDate, IncidentToDate, InfoReceivedPSDate, latitude, longitude, BriefFacts) VALUES (386, '100030009202400386', '202400386', '2024-08-24', 17, 9, 1, 2, 2, 5, 1, 3, '2024-08-24 21:00:00', '2024-08-24 23:00:00', '2024-08-24 21:00:00', 12.897088, 74.859602, 'Grievous Hurt reported close to a residential layout within Kadri Police Station limits. Basavaraj Patil recorded statements and initiated scene verification.');
INSERT INTO Inv_OccuranceTime (CaseMasterID, IncidentFromDate, IncidentToDate, latitude, longitude, PlaceOfOccurrence) VALUES (386, '2024-08-24 21:00:00', '2024-08-24 23:00:00', 12.897088, 74.859602, 'Close to a residential layout, Kadri');
INSERT INTO ComplainantDetails (ComplainantID, CaseMasterID, ComplainantName, AgeYear, OccupationID, ReligionID, CasteID, GenderID) VALUES (386, 386, 'Deepak Fernandes', 30, 7, 2, 1, 2);
INSERT INTO ActSectionAssociation (CaseMasterID, ActID, SectionID, ActOrderID, SectionOrderID) VALUES (386, 'IPC', '302', 1, 1);
INSERT INTO Victim (VictimMasterID, CaseMasterID, VictimName, AgeYear, GenderID, VictimPolice) VALUES (386, 386, 'Sangeetha Kulkarni', 55, 1, '0');
INSERT INTO Accused (AccusedMasterID, CaseMasterID, AccusedName, AgeYear, GenderID, PersonID) VALUES (456, 386, 'Sameer Y. Verma', 40, 1, 'A1');
INSERT INTO ArrestSurrender (ArrestSurrenderID, CaseMasterID, ArrestSurrenderTypeID, ArrestSurrenderDate, ArrestSurrenderStateId, ArrestSurrenderDistrictId, PoliceStationID, IOID, CourtID, AccusedMasterID, IsAccused, IsComplainantAccused) VALUES (186, 386, 1, '2024-09-09', 1, 3, 9, 17, 3, 456, 1, 0);
INSERT INTO inv_arrestsurrenderaccused (ArrestSurrenderID, AccusedMasterID) VALUES (186, 456);
INSERT INTO CaseMaster (CaseMasterID, CrimeNo, CaseNo, CrimeRegisteredDate, PolicePersonID, PoliceStationID, CaseCategoryID, GravityOffenceID, CrimeMajorHeadID, CrimeMinorHeadID, CaseStatusID, CourtID, IncidentFromDate, IncidentToDate, InfoReceivedPSDate, latitude, longitude, BriefFacts) VALUES (387, '100020007202400387', '202400387', '2024-08-07', 13, 7, 1, 2, 2, 5, 4, 2, '2024-08-07 20:00:00', '2024-08-07 22:00:00', '2024-08-07 20:00:00', 12.306126, 76.664064, 'Complainant reported a suspected grievous hurt incident on the ring road service lane. The matter was registered at Lashkar Police Station and assigned to Suresh Rao.');
INSERT INTO Inv_OccuranceTime (CaseMasterID, IncidentFromDate, IncidentToDate, latitude, longitude, PlaceOfOccurrence) VALUES (387, '2024-08-07 20:00:00', '2024-08-07 22:00:00', 12.306126, 76.664064, 'On the ring road service lane, Lashkar');
INSERT INTO ComplainantDetails (ComplainantID, CaseMasterID, ComplainantName, AgeYear, OccupationID, ReligionID, CasteID, GenderID) VALUES (387, 387, 'Naveena Bhat', 23, 1, 1, 1, 1);
INSERT INTO ActSectionAssociation (CaseMasterID, ActID, SectionID, ActOrderID, SectionOrderID) VALUES (387, 'IPC', '302', 1, 1);
INSERT INTO Victim (VictimMasterID, CaseMasterID, VictimName, AgeYear, GenderID, VictimPolice) VALUES (387, 387, 'Manoj Poojary', 50, 2, '0');
INSERT INTO Accused (AccusedMasterID, CaseMasterID, AccusedName, AgeYear, GenderID, PersonID) VALUES (457, 387, 'Shiva F. Gowda', 31, 1, 'A1');
INSERT INTO ChargesheetDetails (CSID, CaseMasterID, csdate, cstype, PolicePersonID) VALUES (267, 387, '2024-10-11 15:00:00', 'A', 13);
INSERT INTO CaseMaster (CaseMasterID, CrimeNo, CaseNo, CrimeRegisteredDate, PolicePersonID, PoliceStationID, CaseCategoryID, GravityOffenceID, CrimeMajorHeadID, CrimeMinorHeadID, CaseStatusID, CourtID, IncidentFromDate, IncidentToDate, InfoReceivedPSDate, latitude, longitude, BriefFacts) VALUES (388, '100010002202400388', '202400388', '2024-08-18', 3, 2, 1, 3, 1, 1, 1, 1, '2024-08-18 12:00:00', '2024-08-18 15:00:00', '2024-08-18 12:00:00', 12.935361, 77.615210, 'Automobile Theft reported outside a commercial complex within Koramangala Police Station limits. Prakash Jadhav recorded statements and initiated scene verification.');
INSERT INTO Inv_OccuranceTime (CaseMasterID, IncidentFromDate, IncidentToDate, latitude, longitude, PlaceOfOccurrence) VALUES (388, '2024-08-18 12:00:00', '2024-08-18 15:00:00', 12.935361, 77.615210, 'Outside a commercial complex, Koramangala');
INSERT INTO ComplainantDetails (ComplainantID, CaseMasterID, ComplainantName, AgeYear, OccupationID, ReligionID, CasteID, GenderID) VALUES (388, 388, 'Bharath Poojary', 60, 5, 4, 1, 1);
INSERT INTO ActSectionAssociation (CaseMasterID, ActID, SectionID, ActOrderID, SectionOrderID) VALUES (388, 'IPC', '379', 1, 1);
INSERT INTO Victim (VictimMasterID, CaseMasterID, VictimName, AgeYear, GenderID, VictimPolice) VALUES (388, 388, 'Divya Hegde', 16, 2, '0');
INSERT INTO Accused (AccusedMasterID, CaseMasterID, AccusedName, AgeYear, GenderID, PersonID) VALUES (458, 388, 'Ajay M. Shaikh', 41, 1, 'A1');
INSERT INTO CaseMaster (CaseMasterID, CrimeNo, CaseNo, CrimeRegisteredDate, PolicePersonID, PoliceStationID, CaseCategoryID, GravityOffenceID, CrimeMajorHeadID, CrimeMinorHeadID, CaseStatusID, CourtID, IncidentFromDate, IncidentToDate, InfoReceivedPSDate, latitude, longitude, BriefFacts) VALUES (389, '100020006202400389', '202400389', '2024-08-01', 11, 6, 1, 1, 1, 1, 3, 2, '2024-08-01 13:00:00', '2024-08-01 14:00:00', '2024-08-01 13:00:00', 12.307998, 76.649140, 'Complainant reported a suspected automobile theft incident close to a residential layout. The matter was registered at Devaraja Police Station and assigned to Anitha Gowda.');
INSERT INTO Inv_OccuranceTime (CaseMasterID, IncidentFromDate, IncidentToDate, latitude, longitude, PlaceOfOccurrence) VALUES (389, '2024-08-01 13:00:00', '2024-08-01 14:00:00', 12.307998, 76.649140, 'Close to a residential layout, Devaraja');
INSERT INTO ComplainantDetails (ComplainantID, CaseMasterID, ComplainantName, AgeYear, OccupationID, ReligionID, CasteID, GenderID) VALUES (389, 389, 'Girish Shetty', 72, 3, 5, 5, 1);
INSERT INTO ActSectionAssociation (CaseMasterID, ActID, SectionID, ActOrderID, SectionOrderID) VALUES (389, 'IPC', '379', 1, 1);
INSERT INTO Victim (VictimMasterID, CaseMasterID, VictimName, AgeYear, GenderID, VictimPolice) VALUES (389, 389, 'Divya Murthy', 50, 1, '0');
INSERT INTO Accused (AccusedMasterID, CaseMasterID, AccusedName, AgeYear, GenderID, PersonID) VALUES (459, 389, 'Vicky T. Reddy', 29, 1, 'A1');
INSERT INTO ChargesheetDetails (CSID, CaseMasterID, csdate, cstype, PolicePersonID) VALUES (268, 389, '2024-09-11 15:00:00', 'A', 11);
INSERT INTO CaseMaster (CaseMasterID, CrimeNo, CaseNo, CrimeRegisteredDate, PolicePersonID, PoliceStationID, CaseCategoryID, GravityOffenceID, CrimeMajorHeadID, CrimeMinorHeadID, CaseStatusID, CourtID, IncidentFromDate, IncidentToDate, InfoReceivedPSDate, latitude, longitude, BriefFacts) VALUES (390, '100010005202400390', '202400390', '2024-08-12', 9, 5, 1, 3, 1, 2, 1, 1, '2024-08-12 22:00:00', '2024-08-12 23:00:00', '2024-08-12 22:00:00', 13.002056, 77.567691, 'House Breaking Night reported near a market entrance within Malleshwaram Police Station limits. Ramesh Pawar recorded statements and initiated scene verification.');
INSERT INTO Inv_OccuranceTime (CaseMasterID, IncidentFromDate, IncidentToDate, latitude, longitude, PlaceOfOccurrence) VALUES (390, '2024-08-12 22:00:00', '2024-08-12 23:00:00', 13.002056, 77.567691, 'Near a market entrance, Malleshwaram');
INSERT INTO ComplainantDetails (ComplainantID, CaseMasterID, ComplainantName, AgeYear, OccupationID, ReligionID, CasteID, GenderID) VALUES (390, 390, 'Farhan Deshpande', 43, 2, 5, 2, 2);
INSERT INTO ActSectionAssociation (CaseMasterID, ActID, SectionID, ActOrderID, SectionOrderID) VALUES (390, 'IPC', '379', 1, 1);
INSERT INTO Victim (VictimMasterID, CaseMasterID, VictimName, AgeYear, GenderID, VictimPolice) VALUES (390, 390, 'Vinay Joshi', 53, 1, '0');
INSERT INTO Accused (AccusedMasterID, CaseMasterID, AccusedName, AgeYear, GenderID, PersonID) VALUES (460, 390, 'Rafiq A. Salim', 35, 1, 'A1');
INSERT INTO ArrestSurrender (ArrestSurrenderID, CaseMasterID, ArrestSurrenderTypeID, ArrestSurrenderDate, ArrestSurrenderStateId, ArrestSurrenderDistrictId, PoliceStationID, IOID, CourtID, AccusedMasterID, IsAccused, IsComplainantAccused) VALUES (187, 390, 1, '2024-08-17', 1, 1, 5, 9, 1, 460, 1, 0);
INSERT INTO inv_arrestsurrenderaccused (ArrestSurrenderID, AccusedMasterID) VALUES (187, 460);
INSERT INTO CaseMaster (CaseMasterID, CrimeNo, CaseNo, CrimeRegisteredDate, PolicePersonID, PoliceStationID, CaseCategoryID, GravityOffenceID, CrimeMajorHeadID, CrimeMinorHeadID, CaseStatusID, CourtID, IncidentFromDate, IncidentToDate, InfoReceivedPSDate, latitude, longitude, BriefFacts) VALUES (391, '100030009202400391', '202400391', '2024-08-23', 17, 9, 1, 2, 1, 1, 1, 3, '2024-08-23 15:00:00', '2024-08-23 18:00:00', '2024-08-23 15:00:00', 12.881151, 74.853352, 'Control room information regarding automobile theft was received from near the central market. IO Basavaraj Patil opened the investigation and secured preliminary evidence.');
INSERT INTO Inv_OccuranceTime (CaseMasterID, IncidentFromDate, IncidentToDate, latitude, longitude, PlaceOfOccurrence) VALUES (391, '2024-08-23 15:00:00', '2024-08-23 18:00:00', 12.881151, 74.853352, 'Near the central market, Kadri');
INSERT INTO ComplainantDetails (ComplainantID, CaseMasterID, ComplainantName, AgeYear, OccupationID, ReligionID, CasteID, GenderID) VALUES (391, 391, 'Anand Deshpande', 66, 7, 2, 4, 2);
INSERT INTO ActSectionAssociation (CaseMasterID, ActID, SectionID, ActOrderID, SectionOrderID) VALUES (391, 'IPC', '379', 1, 1);
INSERT INTO Victim (VictimMasterID, CaseMasterID, VictimName, AgeYear, GenderID, VictimPolice) VALUES (391, 391, 'Rajesh Naik', 70, 2, '0');
INSERT INTO Accused (AccusedMasterID, CaseMasterID, AccusedName, AgeYear, GenderID, PersonID) VALUES (461, 391, 'Rohit H. Pashan', 36, 1, 'A1');
INSERT INTO ArrestSurrender (ArrestSurrenderID, CaseMasterID, ArrestSurrenderTypeID, ArrestSurrenderDate, ArrestSurrenderStateId, ArrestSurrenderDistrictId, PoliceStationID, IOID, CourtID, AccusedMasterID, IsAccused, IsComplainantAccused) VALUES (188, 391, 1, '2024-08-24', 1, 3, 9, 17, 3, 461, 1, 0);
INSERT INTO inv_arrestsurrenderaccused (ArrestSurrenderID, AccusedMasterID) VALUES (188, 461);
INSERT INTO CaseMaster (CaseMasterID, CrimeNo, CaseNo, CrimeRegisteredDate, PolicePersonID, PoliceStationID, CaseCategoryID, GravityOffenceID, CrimeMajorHeadID, CrimeMinorHeadID, CaseStatusID, CourtID, IncidentFromDate, IncidentToDate, InfoReceivedPSDate, latitude, longitude, BriefFacts) VALUES (392, '100020008202400392', '202400392', '2024-08-06', 15, 8, 1, 2, 1, 1, 2, 2, '2024-08-06 23:00:00', '2024-08-06 02:00:00', '2024-08-06 23:00:00', 12.326366, 76.618755, 'Vijayanagar Police Station Mysuru registered the case after an incident beside an industrial access road. Initial CCTV, witness, and digital-evidence checks were assigned to IO Sunil Kulkarni.');
INSERT INTO Inv_OccuranceTime (CaseMasterID, IncidentFromDate, IncidentToDate, latitude, longitude, PlaceOfOccurrence) VALUES (392, '2024-08-06 23:00:00', '2024-08-06 02:00:00', 12.326366, 76.618755, 'Beside an industrial access road, Vijayanagar Mysuru');
INSERT INTO ComplainantDetails (ComplainantID, CaseMasterID, ComplainantName, AgeYear, OccupationID, ReligionID, CasteID, GenderID) VALUES (392, 392, 'Radha Khan', 60, 4, 2, 5, 1);
INSERT INTO ActSectionAssociation (CaseMasterID, ActID, SectionID, ActOrderID, SectionOrderID) VALUES (392, 'IPC', '379', 1, 1);
INSERT INTO Victim (VictimMasterID, CaseMasterID, VictimName, AgeYear, GenderID, VictimPolice) VALUES (392, 392, 'Roshan Fernandes', 39, 1, '0');
INSERT INTO Accused (AccusedMasterID, CaseMasterID, AccusedName, AgeYear, GenderID, PersonID) VALUES (462, 392, 'Lokesh O. Gowda', 45, 1, 'A1');
INSERT INTO ChargesheetDetails (CSID, CaseMasterID, csdate, cstype, PolicePersonID) VALUES (269, 392, '2024-09-07 09:00:00', 'A', 15);
INSERT INTO CaseMaster (CaseMasterID, CrimeNo, CaseNo, CrimeRegisteredDate, PolicePersonID, PoliceStationID, CaseCategoryID, GravityOffenceID, CrimeMajorHeadID, CrimeMinorHeadID, CaseStatusID, CourtID, IncidentFromDate, IncidentToDate, InfoReceivedPSDate, latitude, longitude, BriefFacts) VALUES (393, '100040013202400393', '202400393', '2024-08-17', 25, 13, 1, 3, 5, 9, 2, 4, '2024-08-17 08:00:00', '2024-08-17 11:00:00', '2024-08-17 08:00:00', 15.367101, 75.112152, 'Control room information regarding ganja possession was received from near the central market. IO Vijay Rao opened the investigation and secured preliminary evidence.');
INSERT INTO Inv_OccuranceTime (CaseMasterID, IncidentFromDate, IncidentToDate, latitude, longitude, PlaceOfOccurrence) VALUES (393, '2024-08-17 08:00:00', '2024-08-17 11:00:00', 15.367101, 75.112152, 'Near the central market, Vidyanagar Hubballi');
INSERT INTO ComplainantDetails (ComplainantID, CaseMasterID, ComplainantName, AgeYear, OccupationID, ReligionID, CasteID, GenderID) VALUES (393, 393, 'Pooja Murthy', 52, 3, 5, 4, 1);
INSERT INTO ActSectionAssociation (CaseMasterID, ActID, SectionID, ActOrderID, SectionOrderID) VALUES (393, 'NDPS', '20', 1, 1);
INSERT INTO Victim (VictimMasterID, CaseMasterID, VictimName, AgeYear, GenderID, VictimPolice) VALUES (393, 393, 'Chaitra Joshi', 56, 1, '0');
INSERT INTO Accused (AccusedMasterID, CaseMasterID, AccusedName, AgeYear, GenderID, PersonID) VALUES (463, 393, 'Sameer V. Singh', 43, 1, 'A1');
INSERT INTO ChargesheetDetails (CSID, CaseMasterID, csdate, cstype, PolicePersonID) VALUES (270, 393, '2024-11-09 11:00:00', 'A', 25);
INSERT INTO CaseMaster (CaseMasterID, CrimeNo, CaseNo, CrimeRegisteredDate, PolicePersonID, PoliceStationID, CaseCategoryID, GravityOffenceID, CrimeMajorHeadID, CrimeMinorHeadID, CaseStatusID, CourtID, IncidentFromDate, IncidentToDate, InfoReceivedPSDate, latitude, longitude, BriefFacts) VALUES (394, '100010003202400394', '202400394', '2024-08-28', 5, 3, 1, 2, 1, 1, 2, 1, '2024-08-28 13:00:00', '2024-08-28 14:00:00', '2024-08-28 13:00:00', 12.965483, 77.746159, 'Control room information regarding automobile theft was received from on a residential cross road. IO Lakshmi Shetty opened the investigation and secured preliminary evidence.');
INSERT INTO Inv_OccuranceTime (CaseMasterID, IncidentFromDate, IncidentToDate, latitude, longitude, PlaceOfOccurrence) VALUES (394, '2024-08-28 13:00:00', '2024-08-28 14:00:00', 12.965483, 77.746159, 'On a residential cross road, Whitefield');
INSERT INTO ComplainantDetails (ComplainantID, CaseMasterID, ComplainantName, AgeYear, OccupationID, ReligionID, CasteID, GenderID) VALUES (394, 394, 'Suma Fernandes', 58, 2, 4, 4, 1);
INSERT INTO ActSectionAssociation (CaseMasterID, ActID, SectionID, ActOrderID, SectionOrderID) VALUES (394, 'IPC', '379', 1, 1);
INSERT INTO Victim (VictimMasterID, CaseMasterID, VictimName, AgeYear, GenderID, VictimPolice) VALUES (394, 394, 'Divya Naik', 56, 2, '0');
INSERT INTO Accused (AccusedMasterID, CaseMasterID, AccusedName, AgeYear, GenderID, PersonID) VALUES (464, 394, 'Imtiaz C. Singh', 29, 1, 'A1');
INSERT INTO ArrestSurrender (ArrestSurrenderID, CaseMasterID, ArrestSurrenderTypeID, ArrestSurrenderDate, ArrestSurrenderStateId, ArrestSurrenderDistrictId, PoliceStationID, IOID, CourtID, AccusedMasterID, IsAccused, IsComplainantAccused) VALUES (189, 394, 1, '2024-09-14', 1, 1, 3, 5, 1, 464, 1, 0);
INSERT INTO inv_arrestsurrenderaccused (ArrestSurrenderID, AccusedMasterID) VALUES (189, 464);
INSERT INTO ChargesheetDetails (CSID, CaseMasterID, csdate, cstype, PolicePersonID) VALUES (271, 394, '2024-10-06 10:00:00', 'A', 5);
INSERT INTO CaseMaster (CaseMasterID, CrimeNo, CaseNo, CrimeRegisteredDate, PolicePersonID, PoliceStationID, CaseCategoryID, GravityOffenceID, CrimeMajorHeadID, CrimeMinorHeadID, CaseStatusID, CourtID, IncidentFromDate, IncidentToDate, InfoReceivedPSDate, latitude, longitude, BriefFacts) VALUES (395, '100030011202400395', '202400395', '2024-08-11', 21, 11, 1, 2, 1, 1, 1, 3, '2024-08-11 20:00:00', '2024-08-11 21:00:00', '2024-08-11 20:00:00', 12.892016, 74.832553, 'Control room information regarding automobile theft was received from beside an industrial access road. IO Vijay Gowda opened the investigation and secured preliminary evidence.');
INSERT INTO Inv_OccuranceTime (CaseMasterID, IncidentFromDate, IncidentToDate, latitude, longitude, PlaceOfOccurrence) VALUES (395, '2024-08-11 20:00:00', '2024-08-11 21:00:00', 12.892016, 74.832553, 'Beside an industrial access road, Urwa');
INSERT INTO ComplainantDetails (ComplainantID, CaseMasterID, ComplainantName, AgeYear, OccupationID, ReligionID, CasteID, GenderID) VALUES (395, 395, 'Anand Rao', 35, 5, 5, 2, 1);
INSERT INTO ActSectionAssociation (CaseMasterID, ActID, SectionID, ActOrderID, SectionOrderID) VALUES (395, 'IPC', '379', 1, 1);
INSERT INTO Victim (VictimMasterID, CaseMasterID, VictimName, AgeYear, GenderID, VictimPolice) VALUES (395, 395, 'Vinay Joshi', 64, 2, '0');
INSERT INTO Accused (AccusedMasterID, CaseMasterID, AccusedName, AgeYear, GenderID, PersonID) VALUES (465, 395, 'Dharma J. Pashan', 39, 1, 'A1');
INSERT INTO ArrestSurrender (ArrestSurrenderID, CaseMasterID, ArrestSurrenderTypeID, ArrestSurrenderDate, ArrestSurrenderStateId, ArrestSurrenderDistrictId, PoliceStationID, IOID, CourtID, AccusedMasterID, IsAccused, IsComplainantAccused) VALUES (190, 395, 1, '2024-08-29', 1, 3, 11, 21, 3, 465, 1, 0);
INSERT INTO inv_arrestsurrenderaccused (ArrestSurrenderID, AccusedMasterID) VALUES (190, 465);
INSERT INTO CaseMaster (CaseMasterID, CrimeNo, CaseNo, CrimeRegisteredDate, PolicePersonID, PoliceStationID, CaseCategoryID, GravityOffenceID, CrimeMajorHeadID, CrimeMinorHeadID, CaseStatusID, CourtID, IncidentFromDate, IncidentToDate, InfoReceivedPSDate, latitude, longitude, BriefFacts) VALUES (396, '100010003202400396', '202400396', '2024-08-22', 5, 3, 2, 3, 1, 3, 3, 1, '2024-08-22 19:00:00', '2024-08-22 21:00:00', '2024-08-22 19:00:00', 12.971429, 77.739221, 'Whitefield Police Station registered the case after an incident near a market entrance. Initial CCTV, witness, and digital-evidence checks were assigned to IO Lakshmi Shetty.');
INSERT INTO Inv_OccuranceTime (CaseMasterID, IncidentFromDate, IncidentToDate, latitude, longitude, PlaceOfOccurrence) VALUES (396, '2024-08-22 19:00:00', '2024-08-22 21:00:00', 12.971429, 77.739221, 'Near a market entrance, Whitefield');
INSERT INTO ComplainantDetails (ComplainantID, CaseMasterID, ComplainantName, AgeYear, OccupationID, ReligionID, CasteID, GenderID) VALUES (396, 396, 'Pooja Kulkarni', 35, 4, 3, 4, 2);
INSERT INTO ActSectionAssociation (CaseMasterID, ActID, SectionID, ActOrderID, SectionOrderID) VALUES (396, 'IPC', '379', 1, 1);
INSERT INTO Victim (VictimMasterID, CaseMasterID, VictimName, AgeYear, GenderID, VictimPolice) VALUES (396, 396, 'Vinay Hegde', 19, 2, '0');
INSERT INTO Accused (AccusedMasterID, CaseMasterID, AccusedName, AgeYear, GenderID, PersonID) VALUES (466, 396, 'Rohit Q. Shaikh', 28, 1, 'A1');
INSERT INTO ArrestSurrender (ArrestSurrenderID, CaseMasterID, ArrestSurrenderTypeID, ArrestSurrenderDate, ArrestSurrenderStateId, ArrestSurrenderDistrictId, PoliceStationID, IOID, CourtID, AccusedMasterID, IsAccused, IsComplainantAccused) VALUES (191, 396, 1, '2024-09-16', 1, 1, 3, 5, 1, 466, 1, 0);
INSERT INTO inv_arrestsurrenderaccused (ArrestSurrenderID, AccusedMasterID) VALUES (191, 466);
INSERT INTO ChargesheetDetails (CSID, CaseMasterID, csdate, cstype, PolicePersonID) VALUES (272, 396, '2024-10-20 13:00:00', 'A', 5);
INSERT INTO CaseMaster (CaseMasterID, CrimeNo, CaseNo, CrimeRegisteredDate, PolicePersonID, PoliceStationID, CaseCategoryID, GravityOffenceID, CrimeMajorHeadID, CrimeMinorHeadID, CaseStatusID, CourtID, IncidentFromDate, IncidentToDate, InfoReceivedPSDate, latitude, longitude, BriefFacts) VALUES (397, '100060018202400397', '202400397', '2024-08-05', 35, 18, 1, 3, 3, 6, 3, 6, '2024-08-05 12:00:00', '2024-08-05 15:00:00', '2024-08-05 12:00:00', 17.320759, 76.825520, 'Online Financial Fraud reported near the central market within Station Bazar Police Station limits. Prakash Kambali recorded statements and initiated scene verification.');
INSERT INTO Inv_OccuranceTime (CaseMasterID, IncidentFromDate, IncidentToDate, latitude, longitude, PlaceOfOccurrence) VALUES (397, '2024-08-05 12:00:00', '2024-08-05 15:00:00', 17.320759, 76.825520, 'Near the central market, Station Bazar');
INSERT INTO ComplainantDetails (ComplainantID, CaseMasterID, ComplainantName, AgeYear, OccupationID, ReligionID, CasteID, GenderID) VALUES (397, 397, 'Anand Naik', 68, 1, 5, 2, 2);
INSERT INTO ActSectionAssociation (CaseMasterID, ActID, SectionID, ActOrderID, SectionOrderID) VALUES (397, 'IT_ACT', '66D', 1, 1);
INSERT INTO Victim (VictimMasterID, CaseMasterID, VictimName, AgeYear, GenderID, VictimPolice) VALUES (397, 397, 'Sangeetha Hegde', 16, 2, '0');
INSERT INTO Accused (AccusedMasterID, CaseMasterID, AccusedName, AgeYear, GenderID, PersonID) VALUES (467, 397, 'Rafiq X. Shaikh', 23, 1, 'A1');
INSERT INTO ArrestSurrender (ArrestSurrenderID, CaseMasterID, ArrestSurrenderTypeID, ArrestSurrenderDate, ArrestSurrenderStateId, ArrestSurrenderDistrictId, PoliceStationID, IOID, CourtID, AccusedMasterID, IsAccused, IsComplainantAccused) VALUES (192, 397, 1, '2024-09-06', 1, 6, 18, 35, 6, 467, 1, 0);
INSERT INTO inv_arrestsurrenderaccused (ArrestSurrenderID, AccusedMasterID) VALUES (192, 467);
INSERT INTO ChargesheetDetails (CSID, CaseMasterID, csdate, cstype, PolicePersonID) VALUES (273, 397, '2024-11-07 15:00:00', 'A', 35);
INSERT INTO CaseMaster (CaseMasterID, CrimeNo, CaseNo, CrimeRegisteredDate, PolicePersonID, PoliceStationID, CaseCategoryID, GravityOffenceID, CrimeMajorHeadID, CrimeMinorHeadID, CaseStatusID, CourtID, IncidentFromDate, IncidentToDate, InfoReceivedPSDate, latitude, longitude, BriefFacts) VALUES (398, '100030010202400398', '202400398', '2024-08-16', 19, 10, 1, 2, 1, 2, 3, 3, '2024-08-16 00:00:00', '2024-08-16 03:00:00', '2024-08-16 00:00:00', 12.855760, 74.832256, 'Control room information regarding house breaking night was received from close to a residential layout. IO Shankar Rao opened the investigation and secured preliminary evidence.');
INSERT INTO Inv_OccuranceTime (CaseMasterID, IncidentFromDate, IncidentToDate, latitude, longitude, PlaceOfOccurrence) VALUES (398, '2024-08-16 00:00:00', '2024-08-16 03:00:00', 12.855760, 74.832256, 'Close to a residential layout, Pandeshwar');
INSERT INTO ComplainantDetails (ComplainantID, CaseMasterID, ComplainantName, AgeYear, OccupationID, ReligionID, CasteID, GenderID) VALUES (398, 398, 'Deepak Fernandes', 24, 7, 2, 3, 2);
INSERT INTO ActSectionAssociation (CaseMasterID, ActID, SectionID, ActOrderID, SectionOrderID) VALUES (398, 'IPC', '379', 1, 1);
INSERT INTO Victim (VictimMasterID, CaseMasterID, VictimName, AgeYear, GenderID, VictimPolice) VALUES (398, 398, 'Fathima Kulkarni', 34, 2, '0');
INSERT INTO Accused (AccusedMasterID, CaseMasterID, AccusedName, AgeYear, GenderID, PersonID) VALUES (468, 398, 'Vicky E. Pashan', 34, 1, 'A1');
INSERT INTO ArrestSurrender (ArrestSurrenderID, CaseMasterID, ArrestSurrenderTypeID, ArrestSurrenderDate, ArrestSurrenderStateId, ArrestSurrenderDistrictId, PoliceStationID, IOID, CourtID, AccusedMasterID, IsAccused, IsComplainantAccused) VALUES (193, 398, 1, '2024-09-01', 1, 3, 10, 19, 3, 468, 1, 0);
INSERT INTO inv_arrestsurrenderaccused (ArrestSurrenderID, AccusedMasterID) VALUES (193, 468);
INSERT INTO ChargesheetDetails (CSID, CaseMasterID, csdate, cstype, PolicePersonID) VALUES (274, 398, '2024-10-16 14:00:00', 'A', 19);
INSERT INTO CaseMaster (CaseMasterID, CrimeNo, CaseNo, CrimeRegisteredDate, PolicePersonID, PoliceStationID, CaseCategoryID, GravityOffenceID, CrimeMajorHeadID, CrimeMinorHeadID, CaseStatusID, CourtID, IncidentFromDate, IncidentToDate, InfoReceivedPSDate, latitude, longitude, BriefFacts) VALUES (399, '100010002202400399', '202400399', '2024-09-01', 3, 2, 1, 3, 5, 9, 1, 1, '2024-09-01 17:00:00', '2024-09-01 20:00:00', '2024-09-01 17:00:00', 12.927468, 77.615390, 'Control room information regarding ganja possession was received from on a residential cross road. IO Prakash Jadhav opened the investigation and secured preliminary evidence.');
INSERT INTO Inv_OccuranceTime (CaseMasterID, IncidentFromDate, IncidentToDate, latitude, longitude, PlaceOfOccurrence) VALUES (399, '2024-09-01 17:00:00', '2024-09-01 20:00:00', 12.927468, 77.615390, 'On a residential cross road, Koramangala');
INSERT INTO ComplainantDetails (ComplainantID, CaseMasterID, ComplainantName, AgeYear, OccupationID, ReligionID, CasteID, GenderID) VALUES (399, 399, 'Anand Gowda', 35, 5, 3, 1, 1);
INSERT INTO ActSectionAssociation (CaseMasterID, ActID, SectionID, ActOrderID, SectionOrderID) VALUES (399, 'NDPS', '20', 1, 1);
INSERT INTO Victim (VictimMasterID, CaseMasterID, VictimName, AgeYear, GenderID, VictimPolice) VALUES (399, 399, 'Arun Joshi', 52, 1, '0');
INSERT INTO Accused (AccusedMasterID, CaseMasterID, AccusedName, AgeYear, GenderID, PersonID) VALUES (469, 399, 'Rafiq L. Shaikh', 44, 1, 'A1');
INSERT INTO CaseMaster (CaseMasterID, CrimeNo, CaseNo, CrimeRegisteredDate, PolicePersonID, PoliceStationID, CaseCategoryID, GravityOffenceID, CrimeMajorHeadID, CrimeMinorHeadID, CaseStatusID, CourtID, IncidentFromDate, IncidentToDate, InfoReceivedPSDate, latitude, longitude, BriefFacts) VALUES (400, '100010004202400400', '202400400', '2024-09-12', 7, 4, 1, 2, 5, 9, 1, 1, '2024-09-12 16:00:00', '2024-09-12 18:00:00', '2024-09-12 16:00:00', 12.922983, 77.586130, 'Ganja Possession reported beside a metro approach road within Jayanagar Police Station limits. Kiran Bhat recorded statements and initiated scene verification.');
INSERT INTO Inv_OccuranceTime (CaseMasterID, IncidentFromDate, IncidentToDate, latitude, longitude, PlaceOfOccurrence) VALUES (400, '2024-09-12 16:00:00', '2024-09-12 18:00:00', 12.922983, 77.586130, 'Beside a metro approach road, Jayanagar');
INSERT INTO ComplainantDetails (ComplainantID, CaseMasterID, ComplainantName, AgeYear, OccupationID, ReligionID, CasteID, GenderID) VALUES (400, 400, 'Meena Poojary', 62, 4, 5, 1, 1);
INSERT INTO ActSectionAssociation (CaseMasterID, ActID, SectionID, ActOrderID, SectionOrderID) VALUES (400, 'NDPS', '20', 1, 1);
INSERT INTO Victim (VictimMasterID, CaseMasterID, VictimName, AgeYear, GenderID, VictimPolice) VALUES (400, 400, 'Bhavya Gowda', 31, 2, '0');
INSERT INTO Accused (AccusedMasterID, CaseMasterID, AccusedName, AgeYear, GenderID, PersonID) VALUES (470, 400, 'Ajay S. Khan', 34, 1, 'A1');
INSERT INTO ChargesheetDetails (CSID, CaseMasterID, csdate, cstype, PolicePersonID) VALUES (275, 400, '2024-11-03 15:00:00', 'A', 7);
INSERT INTO CaseMaster (CaseMasterID, CrimeNo, CaseNo, CrimeRegisteredDate, PolicePersonID, PoliceStationID, CaseCategoryID, GravityOffenceID, CrimeMajorHeadID, CrimeMinorHeadID, CaseStatusID, CourtID, IncidentFromDate, IncidentToDate, InfoReceivedPSDate, latitude, longitude, BriefFacts) VALUES (401, '100020007202400401', '202400401', '2024-09-23', 13, 7, 1, 2, 1, 1, 3, 2, '2024-09-23 20:00:00', '2024-09-23 22:00:00', '2024-09-23 20:00:00', 12.306200, 76.654288, 'Complainant reported a suspected automobile theft incident on the ring road service lane. The matter was registered at Lashkar Police Station and assigned to Suresh Rao.');
INSERT INTO Inv_OccuranceTime (CaseMasterID, IncidentFromDate, IncidentToDate, latitude, longitude, PlaceOfOccurrence) VALUES (401, '2024-09-23 20:00:00', '2024-09-23 22:00:00', 12.306200, 76.654288, 'On the ring road service lane, Lashkar');
INSERT INTO ComplainantDetails (ComplainantID, CaseMasterID, ComplainantName, AgeYear, OccupationID, ReligionID, CasteID, GenderID) VALUES (401, 401, 'Deepak Poojary', 37, 4, 3, 2, 2);
INSERT INTO ActSectionAssociation (CaseMasterID, ActID, SectionID, ActOrderID, SectionOrderID) VALUES (401, 'IPC', '379', 1, 1);
INSERT INTO Victim (VictimMasterID, CaseMasterID, VictimName, AgeYear, GenderID, VictimPolice) VALUES (401, 401, 'Praveen Kulkarni', 64, 2, '0');
INSERT INTO Accused (AccusedMasterID, CaseMasterID, AccusedName, AgeYear, GenderID, PersonID) VALUES (471, 401, 'Manjunath Z. Jadhav', 23, 1, 'A1');
INSERT INTO ArrestSurrender (ArrestSurrenderID, CaseMasterID, ArrestSurrenderTypeID, ArrestSurrenderDate, ArrestSurrenderStateId, ArrestSurrenderDistrictId, PoliceStationID, IOID, CourtID, AccusedMasterID, IsAccused, IsComplainantAccused) VALUES (194, 401, 1, '2024-10-02', 1, 2, 7, 13, 2, 471, 1, 0);
INSERT INTO inv_arrestsurrenderaccused (ArrestSurrenderID, AccusedMasterID) VALUES (194, 471);
INSERT INTO ChargesheetDetails (CSID, CaseMasterID, csdate, cstype, PolicePersonID) VALUES (276, 401, '2024-11-15 11:00:00', 'A', 13);
INSERT INTO CaseMaster (CaseMasterID, CrimeNo, CaseNo, CrimeRegisteredDate, PolicePersonID, PoliceStationID, CaseCategoryID, GravityOffenceID, CrimeMajorHeadID, CrimeMinorHeadID, CaseStatusID, CourtID, IncidentFromDate, IncidentToDate, InfoReceivedPSDate, latitude, longitude, BriefFacts) VALUES (402, '100060018202400402', '202400402', '2024-09-06', 35, 18, 1, 3, 4, 8, 2, 6, '2024-09-06 12:00:00', '2024-09-06 14:00:00', '2024-09-06 12:00:00', 17.321181, 76.843461, 'Complainant reported a suspected cheating incident on the ring road service lane. The matter was registered at Station Bazar Police Station and assigned to Prakash Kambali.');
INSERT INTO Inv_OccuranceTime (CaseMasterID, IncidentFromDate, IncidentToDate, latitude, longitude, PlaceOfOccurrence) VALUES (402, '2024-09-06 12:00:00', '2024-09-06 14:00:00', 17.321181, 76.843461, 'On the ring road service lane, Station Bazar');
INSERT INTO ComplainantDetails (ComplainantID, CaseMasterID, ComplainantName, AgeYear, OccupationID, ReligionID, CasteID, GenderID) VALUES (402, 402, 'Farhan Rao', 24, 5, 1, 1, 2);
INSERT INTO ActSectionAssociation (CaseMasterID, ActID, SectionID, ActOrderID, SectionOrderID) VALUES (402, 'IPC', '420', 1, 1);
INSERT INTO Victim (VictimMasterID, CaseMasterID, VictimName, AgeYear, GenderID, VictimPolice) VALUES (402, 402, 'Vinay Fernandes', 24, 2, '0');
INSERT INTO Accused (AccusedMasterID, CaseMasterID, AccusedName, AgeYear, GenderID, PersonID) VALUES (472, 402, 'Mohan G. Salim', 40, 1, 'A1');
INSERT INTO Accused (AccusedMasterID, CaseMasterID, AccusedName, AgeYear, GenderID, PersonID) VALUES (473, 402, 'Raja R. Pashan', 37, 1, 'A2');
INSERT INTO ArrestSurrender (ArrestSurrenderID, CaseMasterID, ArrestSurrenderTypeID, ArrestSurrenderDate, ArrestSurrenderStateId, ArrestSurrenderDistrictId, PoliceStationID, IOID, CourtID, AccusedMasterID, IsAccused, IsComplainantAccused) VALUES (195, 402, 1, '2024-09-26', 1, 6, 18, 35, 6, 472, 1, 0);
INSERT INTO inv_arrestsurrenderaccused (ArrestSurrenderID, AccusedMasterID) VALUES (195, 472);
INSERT INTO inv_arrestsurrenderaccused (ArrestSurrenderID, AccusedMasterID) VALUES (195, 473);
INSERT INTO ChargesheetDetails (CSID, CaseMasterID, csdate, cstype, PolicePersonID) VALUES (277, 402, '2024-10-17 16:00:00', 'A', 35);
INSERT INTO CaseMaster (CaseMasterID, CrimeNo, CaseNo, CrimeRegisteredDate, PolicePersonID, PoliceStationID, CaseCategoryID, GravityOffenceID, CrimeMajorHeadID, CrimeMinorHeadID, CaseStatusID, CourtID, IncidentFromDate, IncidentToDate, InfoReceivedPSDate, latitude, longitude, BriefFacts) VALUES (403, '100060018202400403', '202400403', '2024-09-17', 35, 18, 1, 3, 2, 5, 5, 6, '2024-09-17 06:00:00', '2024-09-17 09:00:00', '2024-09-17 06:00:00', 17.333782, 76.833532, 'Complainant reported a suspected grievous hurt incident close to a residential layout. The matter was registered at Station Bazar Police Station and assigned to Prakash Kambali.');
INSERT INTO Inv_OccuranceTime (CaseMasterID, IncidentFromDate, IncidentToDate, latitude, longitude, PlaceOfOccurrence) VALUES (403, '2024-09-17 06:00:00', '2024-09-17 09:00:00', 17.333782, 76.833532, 'Close to a residential layout, Station Bazar');
INSERT INTO ComplainantDetails (ComplainantID, CaseMasterID, ComplainantName, AgeYear, OccupationID, ReligionID, CasteID, GenderID) VALUES (403, 403, 'Naveena Patil', 44, 4, 5, 5, 2);
INSERT INTO ActSectionAssociation (CaseMasterID, ActID, SectionID, ActOrderID, SectionOrderID) VALUES (403, 'IPC', '302', 1, 1);
INSERT INTO Victim (VictimMasterID, CaseMasterID, VictimName, AgeYear, GenderID, VictimPolice) VALUES (403, 403, 'Bhavya Naik', 46, 2, '0');
INSERT INTO Accused (AccusedMasterID, CaseMasterID, AccusedName, AgeYear, GenderID, PersonID) VALUES (474, 403, 'Jagga N. Jadhav', 23, 1, 'A1');
INSERT INTO ArrestSurrender (ArrestSurrenderID, CaseMasterID, ArrestSurrenderTypeID, ArrestSurrenderDate, ArrestSurrenderStateId, ArrestSurrenderDistrictId, PoliceStationID, IOID, CourtID, AccusedMasterID, IsAccused, IsComplainantAccused) VALUES (196, 403, 1, '2024-10-16', 1, 6, 18, 35, 6, 474, 1, 0);
INSERT INTO inv_arrestsurrenderaccused (ArrestSurrenderID, AccusedMasterID) VALUES (196, 474);
INSERT INTO CaseMaster (CaseMasterID, CrimeNo, CaseNo, CrimeRegisteredDate, PolicePersonID, PoliceStationID, CaseCategoryID, GravityOffenceID, CrimeMajorHeadID, CrimeMinorHeadID, CaseStatusID, CourtID, IncidentFromDate, IncidentToDate, InfoReceivedPSDate, latitude, longitude, BriefFacts) VALUES (404, '100030010202400404', '202400404', '2024-09-28', 19, 10, 1, 1, 1, 10, 2, 3, '2024-09-28 18:00:00', '2024-09-28 21:00:00', '2024-09-28 18:00:00', 12.855157, 74.849132, 'Control room information regarding highway robbery was received from close to a residential layout. IO Shankar Rao opened the investigation and secured preliminary evidence.');
INSERT INTO Inv_OccuranceTime (CaseMasterID, IncidentFromDate, IncidentToDate, latitude, longitude, PlaceOfOccurrence) VALUES (404, '2024-09-28 18:00:00', '2024-09-28 21:00:00', 12.855157, 74.849132, 'Close to a residential layout, Pandeshwar');
INSERT INTO ComplainantDetails (ComplainantID, CaseMasterID, ComplainantName, AgeYear, OccupationID, ReligionID, CasteID, GenderID) VALUES (404, 404, 'Naveena Naik', 71, 5, 4, 5, 1);
INSERT INTO ActSectionAssociation (CaseMasterID, ActID, SectionID, ActOrderID, SectionOrderID) VALUES (404, 'IPC', '379', 1, 1);
INSERT INTO Victim (VictimMasterID, CaseMasterID, VictimName, AgeYear, GenderID, VictimPolice) VALUES (404, 404, 'Roshan Gowda', 49, 2, '0');
INSERT INTO Accused (AccusedMasterID, CaseMasterID, AccusedName, AgeYear, GenderID, PersonID) VALUES (475, 404, 'Jagga U. Shetty', 37, 1, 'A1');
INSERT INTO ArrestSurrender (ArrestSurrenderID, CaseMasterID, ArrestSurrenderTypeID, ArrestSurrenderDate, ArrestSurrenderStateId, ArrestSurrenderDistrictId, PoliceStationID, IOID, CourtID, AccusedMasterID, IsAccused, IsComplainantAccused) VALUES (197, 404, 1, '2024-10-01', 1, 3, 10, 19, 3, 475, 1, 0);
INSERT INTO inv_arrestsurrenderaccused (ArrestSurrenderID, AccusedMasterID) VALUES (197, 475);
INSERT INTO ChargesheetDetails (CSID, CaseMasterID, csdate, cstype, PolicePersonID) VALUES (278, 404, '2024-11-10 10:00:00', 'A', 19);
INSERT INTO CaseMaster (CaseMasterID, CrimeNo, CaseNo, CrimeRegisteredDate, PolicePersonID, PoliceStationID, CaseCategoryID, GravityOffenceID, CrimeMajorHeadID, CrimeMinorHeadID, CaseStatusID, CourtID, IncidentFromDate, IncidentToDate, InfoReceivedPSDate, latitude, longitude, BriefFacts) VALUES (405, '100010004202400405', '202400405', '2024-09-11', 7, 4, 1, 2, 1, 10, 1, 1, '2024-09-11 20:00:00', '2024-09-11 23:00:00', '2024-09-11 20:00:00', 12.924952, 77.598029, 'Control room information regarding highway robbery was received from near a bus stop. IO Kiran Bhat opened the investigation and secured preliminary evidence.');
INSERT INTO Inv_OccuranceTime (CaseMasterID, IncidentFromDate, IncidentToDate, latitude, longitude, PlaceOfOccurrence) VALUES (405, '2024-09-11 20:00:00', '2024-09-11 23:00:00', 12.924952, 77.598029, 'Near a bus stop, Jayanagar');
INSERT INTO ComplainantDetails (ComplainantID, CaseMasterID, ComplainantName, AgeYear, OccupationID, ReligionID, CasteID, GenderID) VALUES (405, 405, 'Jagadish Patil', 39, 1, 4, 5, 2);
INSERT INTO ActSectionAssociation (CaseMasterID, ActID, SectionID, ActOrderID, SectionOrderID) VALUES (405, 'IPC', '379', 1, 1);
INSERT INTO Victim (VictimMasterID, CaseMasterID, VictimName, AgeYear, GenderID, VictimPolice) VALUES (405, 405, 'Praveen Murthy', 55, 2, '0');
INSERT INTO Accused (AccusedMasterID, CaseMasterID, AccusedName, AgeYear, GenderID, PersonID) VALUES (476, 405, 'Mantu B. Shetty', 22, 1, 'A1');
INSERT INTO ArrestSurrender (ArrestSurrenderID, CaseMasterID, ArrestSurrenderTypeID, ArrestSurrenderDate, ArrestSurrenderStateId, ArrestSurrenderDistrictId, PoliceStationID, IOID, CourtID, AccusedMasterID, IsAccused, IsComplainantAccused) VALUES (198, 405, 1, '2024-09-22', 1, 1, 4, 7, 1, 476, 1, 0);
INSERT INTO inv_arrestsurrenderaccused (ArrestSurrenderID, AccusedMasterID) VALUES (198, 476);
INSERT INTO CaseMaster (CaseMasterID, CrimeNo, CaseNo, CrimeRegisteredDate, PolicePersonID, PoliceStationID, CaseCategoryID, GravityOffenceID, CrimeMajorHeadID, CrimeMinorHeadID, CaseStatusID, CourtID, IncidentFromDate, IncidentToDate, InfoReceivedPSDate, latitude, longitude, BriefFacts) VALUES (406, '100040012202400406', '202400406', '2024-09-22', 23, 12, 1, 1, 2, 4, 1, 4, '2024-09-22 16:00:00', '2024-09-22 19:00:00', '2024-09-22 16:00:00', 15.353799, 75.136508, 'Complainant reported a suspected murder incident on the ring road service lane. The matter was registered at Suburban Police Station Hubballi and assigned to Manjunath Deshmukh.');
INSERT INTO Inv_OccuranceTime (CaseMasterID, IncidentFromDate, IncidentToDate, latitude, longitude, PlaceOfOccurrence) VALUES (406, '2024-09-22 16:00:00', '2024-09-22 19:00:00', 15.353799, 75.136508, 'On the ring road service lane, Suburban Hubballi');
INSERT INTO ComplainantDetails (ComplainantID, CaseMasterID, ComplainantName, AgeYear, OccupationID, ReligionID, CasteID, GenderID) VALUES (406, 406, 'Anand Patil', 27, 3, 3, 3, 2);
INSERT INTO ActSectionAssociation (CaseMasterID, ActID, SectionID, ActOrderID, SectionOrderID) VALUES (406, 'IPC', '302', 1, 1);
INSERT INTO Victim (VictimMasterID, CaseMasterID, VictimName, AgeYear, GenderID, VictimPolice) VALUES (406, 406, 'Kiran Shetty', 28, 1, '0');
INSERT INTO Accused (AccusedMasterID, CaseMasterID, AccusedName, AgeYear, GenderID, PersonID) VALUES (477, 406, 'Shiva I. Singh', 23, 1, 'A1');
INSERT INTO ArrestSurrender (ArrestSurrenderID, CaseMasterID, ArrestSurrenderTypeID, ArrestSurrenderDate, ArrestSurrenderStateId, ArrestSurrenderDistrictId, PoliceStationID, IOID, CourtID, AccusedMasterID, IsAccused, IsComplainantAccused) VALUES (199, 406, 1, '2024-09-22', 1, 4, 12, 23, 4, 477, 1, 0);
INSERT INTO inv_arrestsurrenderaccused (ArrestSurrenderID, AccusedMasterID) VALUES (199, 477);
INSERT INTO CaseMaster (CaseMasterID, CrimeNo, CaseNo, CrimeRegisteredDate, PolicePersonID, PoliceStationID, CaseCategoryID, GravityOffenceID, CrimeMajorHeadID, CrimeMinorHeadID, CaseStatusID, CourtID, IncidentFromDate, IncidentToDate, InfoReceivedPSDate, latitude, longitude, BriefFacts) VALUES (407, '100020008202400407', '202400407', '2024-09-05', 15, 8, 1, 3, 1, 1, 1, 2, '2024-09-05 06:00:00', '2024-09-05 07:00:00', '2024-09-05 06:00:00', 12.327966, 76.622773, 'Vijayanagar Police Station Mysuru registered the case after an incident close to a residential layout. Initial CCTV, witness, and digital-evidence checks were assigned to IO Sunil Kulkarni.');
INSERT INTO Inv_OccuranceTime (CaseMasterID, IncidentFromDate, IncidentToDate, latitude, longitude, PlaceOfOccurrence) VALUES (407, '2024-09-05 06:00:00', '2024-09-05 07:00:00', 12.327966, 76.622773, 'Close to a residential layout, Vijayanagar Mysuru');
INSERT INTO ComplainantDetails (ComplainantID, CaseMasterID, ComplainantName, AgeYear, OccupationID, ReligionID, CasteID, GenderID) VALUES (407, 407, 'Kavitha Rao', 44, 3, 4, 1, 1);
INSERT INTO ActSectionAssociation (CaseMasterID, ActID, SectionID, ActOrderID, SectionOrderID) VALUES (407, 'IPC', '379', 1, 1);
INSERT INTO Victim (VictimMasterID, CaseMasterID, VictimName, AgeYear, GenderID, VictimPolice) VALUES (407, 407, 'Tarun Naik', 67, 1, '0');
INSERT INTO Accused (AccusedMasterID, CaseMasterID, AccusedName, AgeYear, GenderID, PersonID) VALUES (478, 407, 'Nagesh P. Poojary', 37, 1, 'A1');
INSERT INTO CaseMaster (CaseMasterID, CrimeNo, CaseNo, CrimeRegisteredDate, PolicePersonID, PoliceStationID, CaseCategoryID, GravityOffenceID, CrimeMajorHeadID, CrimeMinorHeadID, CaseStatusID, CourtID, IncidentFromDate, IncidentToDate, InfoReceivedPSDate, latitude, longitude, BriefFacts) VALUES (408, '100020007202400408', '202400408', '2024-09-16', 13, 7, 1, 2, 1, 1, 1, 2, '2024-09-16 18:00:00', '2024-09-16 20:00:00', '2024-09-16 18:00:00', 12.322829, 76.657774, 'Complainant reported a suspected automobile theft incident near the inter-city bus stand. The matter was registered at Lashkar Police Station and assigned to Suresh Rao.');
INSERT INTO Inv_OccuranceTime (CaseMasterID, IncidentFromDate, IncidentToDate, latitude, longitude, PlaceOfOccurrence) VALUES (408, '2024-09-16 18:00:00', '2024-09-16 20:00:00', 12.322829, 76.657774, 'Near the inter-city bus stand, Lashkar');
INSERT INTO ComplainantDetails (ComplainantID, CaseMasterID, ComplainantName, AgeYear, OccupationID, ReligionID, CasteID, GenderID) VALUES (408, 408, 'Nandini Shetty', 23, 3, 1, 4, 1);
INSERT INTO ActSectionAssociation (CaseMasterID, ActID, SectionID, ActOrderID, SectionOrderID) VALUES (408, 'IPC', '379', 1, 1);
INSERT INTO Victim (VictimMasterID, CaseMasterID, VictimName, AgeYear, GenderID, VictimPolice) VALUES (408, 408, 'Nikhil Deshpande', 21, 1, '0');
INSERT INTO Accused (AccusedMasterID, CaseMasterID, AccusedName, AgeYear, GenderID, PersonID) VALUES (479, 408, 'Pandu W. Salim', 31, 1, 'A1');
INSERT INTO Accused (AccusedMasterID, CaseMasterID, AccusedName, AgeYear, GenderID, PersonID) VALUES (480, 408, 'Salman H. Salim', 37, 1, 'A2');
INSERT INTO ArrestSurrender (ArrestSurrenderID, CaseMasterID, ArrestSurrenderTypeID, ArrestSurrenderDate, ArrestSurrenderStateId, ArrestSurrenderDistrictId, PoliceStationID, IOID, CourtID, AccusedMasterID, IsAccused, IsComplainantAccused) VALUES (200, 408, 1, '2024-10-11', 1, 2, 7, 13, 2, 479, 1, 0);
INSERT INTO inv_arrestsurrenderaccused (ArrestSurrenderID, AccusedMasterID) VALUES (200, 479);
INSERT INTO inv_arrestsurrenderaccused (ArrestSurrenderID, AccusedMasterID) VALUES (200, 480);
INSERT INTO CaseMaster (CaseMasterID, CrimeNo, CaseNo, CrimeRegisteredDate, PolicePersonID, PoliceStationID, CaseCategoryID, GravityOffenceID, CrimeMajorHeadID, CrimeMinorHeadID, CaseStatusID, CourtID, IncidentFromDate, IncidentToDate, InfoReceivedPSDate, latitude, longitude, BriefFacts) VALUES (409, '100060018202400409', '202400409', '2024-09-27', 35, 18, 1, 1, 1, 10, 2, 6, '2024-09-27 21:00:00', '2024-09-27 23:00:00', '2024-09-27 21:00:00', 17.331984, 76.833823, 'Control room information regarding highway robbery was received from on the ring road service lane. IO Prakash Kambali opened the investigation and secured preliminary evidence.');
INSERT INTO Inv_OccuranceTime (CaseMasterID, IncidentFromDate, IncidentToDate, latitude, longitude, PlaceOfOccurrence) VALUES (409, '2024-09-27 21:00:00', '2024-09-27 23:00:00', 17.331984, 76.833823, 'On the ring road service lane, Station Bazar');
INSERT INTO ComplainantDetails (ComplainantID, CaseMasterID, ComplainantName, AgeYear, OccupationID, ReligionID, CasteID, GenderID) VALUES (409, 409, 'Shilpa Patil', 35, 2, 5, 1, 1);
INSERT INTO ActSectionAssociation (CaseMasterID, ActID, SectionID, ActOrderID, SectionOrderID) VALUES (409, 'IPC', '379', 1, 1);
INSERT INTO Victim (VictimMasterID, CaseMasterID, VictimName, AgeYear, GenderID, VictimPolice) VALUES (409, 409, 'Nikhil Patil', 18, 2, '0');
INSERT INTO Accused (AccusedMasterID, CaseMasterID, AccusedName, AgeYear, GenderID, PersonID) VALUES (481, 409, 'Imtiaz D. Shaikh', 38, 1, 'A1');
INSERT INTO ArrestSurrender (ArrestSurrenderID, CaseMasterID, ArrestSurrenderTypeID, ArrestSurrenderDate, ArrestSurrenderStateId, ArrestSurrenderDistrictId, PoliceStationID, IOID, CourtID, AccusedMasterID, IsAccused, IsComplainantAccused) VALUES (201, 409, 1, '2024-10-03', 1, 6, 18, 35, 6, 481, 1, 0);
INSERT INTO inv_arrestsurrenderaccused (ArrestSurrenderID, AccusedMasterID) VALUES (201, 481);
INSERT INTO ChargesheetDetails (CSID, CaseMasterID, csdate, cstype, PolicePersonID) VALUES (279, 409, '2024-11-06 10:00:00', 'A', 35);
INSERT INTO CaseMaster (CaseMasterID, CrimeNo, CaseNo, CrimeRegisteredDate, PolicePersonID, PoliceStationID, CaseCategoryID, GravityOffenceID, CrimeMajorHeadID, CrimeMinorHeadID, CaseStatusID, CourtID, IncidentFromDate, IncidentToDate, InfoReceivedPSDate, latitude, longitude, BriefFacts) VALUES (410, '100060018202400410', '202400410', '2024-09-10', 35, 18, 1, 3, 3, 6, 4, 6, '2024-09-10 16:00:00', '2024-09-10 19:00:00', '2024-09-10 16:00:00', 17.321391, 76.827107, 'Online Financial Fraud reported beside an industrial access road within Station Bazar Police Station limits. Prakash Kambali recorded statements and initiated scene verification.');
INSERT INTO Inv_OccuranceTime (CaseMasterID, IncidentFromDate, IncidentToDate, latitude, longitude, PlaceOfOccurrence) VALUES (410, '2024-09-10 16:00:00', '2024-09-10 19:00:00', 17.321391, 76.827107, 'Beside an industrial access road, Station Bazar');
INSERT INTO ComplainantDetails (ComplainantID, CaseMasterID, ComplainantName, AgeYear, OccupationID, ReligionID, CasteID, GenderID) VALUES (410, 410, 'Naveena Shetty', 50, 4, 3, 5, 2);
INSERT INTO ActSectionAssociation (CaseMasterID, ActID, SectionID, ActOrderID, SectionOrderID) VALUES (410, 'IT_ACT', '66D', 1, 1);
INSERT INTO Victim (VictimMasterID, CaseMasterID, VictimName, AgeYear, GenderID, VictimPolice) VALUES (410, 410, 'Sangeetha Gowda', 32, 2, '0');
INSERT INTO Accused (AccusedMasterID, CaseMasterID, AccusedName, AgeYear, GenderID, PersonID) VALUES (482, 410, 'Vicky K. Jadhav', 25, 1, 'A1');
INSERT INTO ArrestSurrender (ArrestSurrenderID, CaseMasterID, ArrestSurrenderTypeID, ArrestSurrenderDate, ArrestSurrenderStateId, ArrestSurrenderDistrictId, PoliceStationID, IOID, CourtID, AccusedMasterID, IsAccused, IsComplainantAccused) VALUES (202, 410, 1, '2024-09-12', 1, 6, 18, 35, 6, 482, 1, 0);
INSERT INTO inv_arrestsurrenderaccused (ArrestSurrenderID, AccusedMasterID) VALUES (202, 482);
INSERT INTO ChargesheetDetails (CSID, CaseMasterID, csdate, cstype, PolicePersonID) VALUES (280, 410, '2024-12-07 17:00:00', 'A', 35);
INSERT INTO CaseMaster (CaseMasterID, CrimeNo, CaseNo, CrimeRegisteredDate, PolicePersonID, PoliceStationID, CaseCategoryID, GravityOffenceID, CrimeMajorHeadID, CrimeMinorHeadID, CaseStatusID, CourtID, IncidentFromDate, IncidentToDate, InfoReceivedPSDate, latitude, longitude, BriefFacts) VALUES (411, '100010001202400411', '202400411', '2024-09-21', 1, 1, 1, 1, 2, 5, 1, 1, '2024-09-21 17:00:00', '2024-09-21 18:00:00', '2024-09-21 17:00:00', 12.988544, 77.634909, 'Grievous Hurt reported near a bus stop within Indiranagar Police Station limits. Suresh Kambali recorded statements and initiated scene verification.');
INSERT INTO Inv_OccuranceTime (CaseMasterID, IncidentFromDate, IncidentToDate, latitude, longitude, PlaceOfOccurrence) VALUES (411, '2024-09-21 17:00:00', '2024-09-21 18:00:00', 12.988544, 77.634909, 'Near a bus stop, Indiranagar');
INSERT INTO ComplainantDetails (ComplainantID, CaseMasterID, ComplainantName, AgeYear, OccupationID, ReligionID, CasteID, GenderID) VALUES (411, 411, 'Deepak Gowda', 48, 1, 2, 3, 1);
INSERT INTO ActSectionAssociation (CaseMasterID, ActID, SectionID, ActOrderID, SectionOrderID) VALUES (411, 'IPC', '302', 1, 1);
INSERT INTO Victim (VictimMasterID, CaseMasterID, VictimName, AgeYear, GenderID, VictimPolice) VALUES (411, 411, 'Praveen Bhat', 38, 2, '0');
INSERT INTO Accused (AccusedMasterID, CaseMasterID, AccusedName, AgeYear, GenderID, PersonID) VALUES (483, 411, 'Rafiq R. Singh', 33, 1, 'A1');
INSERT INTO ArrestSurrender (ArrestSurrenderID, CaseMasterID, ArrestSurrenderTypeID, ArrestSurrenderDate, ArrestSurrenderStateId, ArrestSurrenderDistrictId, PoliceStationID, IOID, CourtID, AccusedMasterID, IsAccused, IsComplainantAccused) VALUES (203, 411, 1, '2024-10-01', 1, 1, 1, 1, 1, 483, 1, 0);
INSERT INTO inv_arrestsurrenderaccused (ArrestSurrenderID, AccusedMasterID) VALUES (203, 483);
INSERT INTO CaseMaster (CaseMasterID, CrimeNo, CaseNo, CrimeRegisteredDate, PolicePersonID, PoliceStationID, CaseCategoryID, GravityOffenceID, CrimeMajorHeadID, CrimeMinorHeadID, CaseStatusID, CourtID, IncidentFromDate, IncidentToDate, InfoReceivedPSDate, latitude, longitude, BriefFacts) VALUES (412, '100060018202400412', '202400412', '2024-09-04', 35, 18, 1, 3, 1, 1, 1, 6, '2024-09-04 21:00:00', '2024-09-04 22:00:00', '2024-09-04 21:00:00', 17.324715, 76.823827, 'Automobile Theft reported on the ring road service lane within Station Bazar Police Station limits. Prakash Kambali recorded statements and initiated scene verification.');
INSERT INTO Inv_OccuranceTime (CaseMasterID, IncidentFromDate, IncidentToDate, latitude, longitude, PlaceOfOccurrence) VALUES (412, '2024-09-04 21:00:00', '2024-09-04 22:00:00', 17.324715, 76.823827, 'On the ring road service lane, Station Bazar');
INSERT INTO ComplainantDetails (ComplainantID, CaseMasterID, ComplainantName, AgeYear, OccupationID, ReligionID, CasteID, GenderID) VALUES (412, 412, 'Anand Naik', 58, 7, 3, 5, 1);
INSERT INTO ActSectionAssociation (CaseMasterID, ActID, SectionID, ActOrderID, SectionOrderID) VALUES (412, 'IPC', '379', 1, 1);
INSERT INTO Victim (VictimMasterID, CaseMasterID, VictimName, AgeYear, GenderID, VictimPolice) VALUES (412, 412, 'Fathima Naik', 48, 1, '0');
INSERT INTO Accused (AccusedMasterID, CaseMasterID, AccusedName, AgeYear, GenderID, PersonID) VALUES (484, 412, 'Raja Y. Jadhav', 38, 1, 'A1');
INSERT INTO CaseMaster (CaseMasterID, CrimeNo, CaseNo, CrimeRegisteredDate, PolicePersonID, PoliceStationID, CaseCategoryID, GravityOffenceID, CrimeMajorHeadID, CrimeMinorHeadID, CaseStatusID, CourtID, IncidentFromDate, IncidentToDate, InfoReceivedPSDate, latitude, longitude, BriefFacts) VALUES (413, '100010002202400413', '202400413', '2024-09-15', 3, 2, 1, 3, 1, 2, 1, 1, '2024-09-15 23:00:00', '2024-09-15 02:00:00', '2024-09-15 23:00:00', 12.932269, 77.627263, 'Complainant reported a suspected house breaking night incident beside a metro approach road. The matter was registered at Koramangala Police Station and assigned to Prakash Jadhav.');
INSERT INTO Inv_OccuranceTime (CaseMasterID, IncidentFromDate, IncidentToDate, latitude, longitude, PlaceOfOccurrence) VALUES (413, '2024-09-15 23:00:00', '2024-09-15 02:00:00', 12.932269, 77.627263, 'Beside a metro approach road, Koramangala');
INSERT INTO ComplainantDetails (ComplainantID, CaseMasterID, ComplainantName, AgeYear, OccupationID, ReligionID, CasteID, GenderID) VALUES (413, 413, 'Kavitha Murthy', 35, 4, 1, 4, 1);
INSERT INTO ActSectionAssociation (CaseMasterID, ActID, SectionID, ActOrderID, SectionOrderID) VALUES (413, 'IPC', '379', 1, 1);
INSERT INTO Victim (VictimMasterID, CaseMasterID, VictimName, AgeYear, GenderID, VictimPolice) VALUES (413, 413, 'Rajesh Bhat', 69, 1, '0');
INSERT INTO Accused (AccusedMasterID, CaseMasterID, AccusedName, AgeYear, GenderID, PersonID) VALUES (485, 413, 'Manjunath F. Gowda', 33, 1, 'A1');
INSERT INTO CaseMaster (CaseMasterID, CrimeNo, CaseNo, CrimeRegisteredDate, PolicePersonID, PoliceStationID, CaseCategoryID, GravityOffenceID, CrimeMajorHeadID, CrimeMinorHeadID, CaseStatusID, CourtID, IncidentFromDate, IncidentToDate, InfoReceivedPSDate, latitude, longitude, BriefFacts) VALUES (414, '100020008202400414', '202400414', '2024-09-26', 15, 8, 1, 3, 4, 8, 2, 2, '2024-09-26 17:00:00', '2024-09-26 20:00:00', '2024-09-26 17:00:00', 12.334171, 76.610341, 'Vijayanagar Police Station Mysuru registered the case after an incident close to a residential layout. Initial CCTV, witness, and digital-evidence checks were assigned to IO Sunil Kulkarni.');
INSERT INTO Inv_OccuranceTime (CaseMasterID, IncidentFromDate, IncidentToDate, latitude, longitude, PlaceOfOccurrence) VALUES (414, '2024-09-26 17:00:00', '2024-09-26 20:00:00', 12.334171, 76.610341, 'Close to a residential layout, Vijayanagar Mysuru');
INSERT INTO ComplainantDetails (ComplainantID, CaseMasterID, ComplainantName, AgeYear, OccupationID, ReligionID, CasteID, GenderID) VALUES (414, 414, 'Kavitha Murthy', 45, 1, 4, 4, 1);
INSERT INTO ActSectionAssociation (CaseMasterID, ActID, SectionID, ActOrderID, SectionOrderID) VALUES (414, 'IPC', '420', 1, 1);
INSERT INTO Victim (VictimMasterID, CaseMasterID, VictimName, AgeYear, GenderID, VictimPolice) VALUES (414, 414, 'Asha Deshpande', 33, 1, '0');
INSERT INTO Accused (AccusedMasterID, CaseMasterID, AccusedName, AgeYear, GenderID, PersonID) VALUES (486, 414, 'Mohan M. Singh', 34, 1, 'A1');
INSERT INTO ArrestSurrender (ArrestSurrenderID, CaseMasterID, ArrestSurrenderTypeID, ArrestSurrenderDate, ArrestSurrenderStateId, ArrestSurrenderDistrictId, PoliceStationID, IOID, CourtID, AccusedMasterID, IsAccused, IsComplainantAccused) VALUES (204, 414, 1, '2024-10-22', 1, 2, 8, 15, 2, 486, 1, 0);
INSERT INTO inv_arrestsurrenderaccused (ArrestSurrenderID, AccusedMasterID) VALUES (204, 486);
INSERT INTO ChargesheetDetails (CSID, CaseMasterID, csdate, cstype, PolicePersonID) VALUES (281, 414, '2024-12-25 10:00:00', 'A', 15);
INSERT INTO CaseMaster (CaseMasterID, CrimeNo, CaseNo, CrimeRegisteredDate, PolicePersonID, PoliceStationID, CaseCategoryID, GravityOffenceID, CrimeMajorHeadID, CrimeMinorHeadID, CaseStatusID, CourtID, IncidentFromDate, IncidentToDate, InfoReceivedPSDate, latitude, longitude, BriefFacts) VALUES (415, '100050015202400415', '202400415', '2024-09-09', 29, 15, 1, 3, 3, 6, 2, 5, '2024-09-09 11:00:00', '2024-09-09 12:00:00', '2024-09-09 11:00:00', 15.854443, 74.510920, 'Complainant reported a suspected online financial fraud incident on the ring road service lane. The matter was registered at Camp Police Station Belagavi and assigned to Prakash Patil.');
INSERT INTO Inv_OccuranceTime (CaseMasterID, IncidentFromDate, IncidentToDate, latitude, longitude, PlaceOfOccurrence) VALUES (415, '2024-09-09 11:00:00', '2024-09-09 12:00:00', 15.854443, 74.510920, 'On the ring road service lane, Camp Belagavi');
INSERT INTO ComplainantDetails (ComplainantID, CaseMasterID, ComplainantName, AgeYear, OccupationID, ReligionID, CasteID, GenderID) VALUES (415, 415, 'Radha Deshpande', 46, 2, 5, 1, 1);
INSERT INTO ActSectionAssociation (CaseMasterID, ActID, SectionID, ActOrderID, SectionOrderID) VALUES (415, 'IT_ACT', '66D', 1, 1);
INSERT INTO Victim (VictimMasterID, CaseMasterID, VictimName, AgeYear, GenderID, VictimPolice) VALUES (415, 415, 'Nikhil Rao', 42, 1, '0');
INSERT INTO Accused (AccusedMasterID, CaseMasterID, AccusedName, AgeYear, GenderID, PersonID) VALUES (487, 415, 'Vicky T. Salim', 33, 1, 'A1');
INSERT INTO ArrestSurrender (ArrestSurrenderID, CaseMasterID, ArrestSurrenderTypeID, ArrestSurrenderDate, ArrestSurrenderStateId, ArrestSurrenderDistrictId, PoliceStationID, IOID, CourtID, AccusedMasterID, IsAccused, IsComplainantAccused) VALUES (205, 415, 1, '2024-09-23', 1, 5, 15, 29, 5, 487, 1, 0);
INSERT INTO inv_arrestsurrenderaccused (ArrestSurrenderID, AccusedMasterID) VALUES (205, 487);
INSERT INTO ChargesheetDetails (CSID, CaseMasterID, csdate, cstype, PolicePersonID) VALUES (282, 415, '2024-10-19 13:00:00', 'A', 29);
INSERT INTO CaseMaster (CaseMasterID, CrimeNo, CaseNo, CrimeRegisteredDate, PolicePersonID, PoliceStationID, CaseCategoryID, GravityOffenceID, CrimeMajorHeadID, CrimeMinorHeadID, CaseStatusID, CourtID, IncidentFromDate, IncidentToDate, InfoReceivedPSDate, latitude, longitude, BriefFacts) VALUES (416, '100010004202400416', '202400416', '2024-09-20', 7, 4, 1, 2, 3, 6, 2, 1, '2024-09-20 16:00:00', '2024-09-20 18:00:00', '2024-09-20 16:00:00', 12.923222, 77.589061, 'Online Financial Fraud reported near a market entrance within Jayanagar Police Station limits. Kiran Bhat recorded statements and initiated scene verification.');
INSERT INTO Inv_OccuranceTime (CaseMasterID, IncidentFromDate, IncidentToDate, latitude, longitude, PlaceOfOccurrence) VALUES (416, '2024-09-20 16:00:00', '2024-09-20 18:00:00', 12.923222, 77.589061, 'Near a market entrance, Jayanagar');
INSERT INTO ComplainantDetails (ComplainantID, CaseMasterID, ComplainantName, AgeYear, OccupationID, ReligionID, CasteID, GenderID) VALUES (416, 416, 'Girish Bhat', 49, 1, 3, 3, 2);
INSERT INTO ActSectionAssociation (CaseMasterID, ActID, SectionID, ActOrderID, SectionOrderID) VALUES (416, 'IT_ACT', '66D', 1, 1);
INSERT INTO Victim (VictimMasterID, CaseMasterID, VictimName, AgeYear, GenderID, VictimPolice) VALUES (416, 416, 'Manoj Hegde', 44, 2, '0');
INSERT INTO Accused (AccusedMasterID, CaseMasterID, AccusedName, AgeYear, GenderID, PersonID) VALUES (488, 416, 'Rafiq A. Salim', 22, 1, 'A1');
INSERT INTO ChargesheetDetails (CSID, CaseMasterID, csdate, cstype, PolicePersonID) VALUES (283, 416, '2024-12-06 13:00:00', 'A', 7);
INSERT INTO CaseMaster (CaseMasterID, CrimeNo, CaseNo, CrimeRegisteredDate, PolicePersonID, PoliceStationID, CaseCategoryID, GravityOffenceID, CrimeMajorHeadID, CrimeMinorHeadID, CaseStatusID, CourtID, IncidentFromDate, IncidentToDate, InfoReceivedPSDate, latitude, longitude, BriefFacts) VALUES (417, '100010005202400417', '202400417', '2024-09-03', 9, 5, 1, 2, 2, 5, 1, 1, '2024-09-03 08:00:00', '2024-09-03 10:00:00', '2024-09-03 08:00:00', 13.007761, 77.563606, 'Complainant reported a suspected grievous hurt incident on a residential cross road. The matter was registered at Malleshwaram Police Station and assigned to Ramesh Pawar.');
INSERT INTO Inv_OccuranceTime (CaseMasterID, IncidentFromDate, IncidentToDate, latitude, longitude, PlaceOfOccurrence) VALUES (417, '2024-09-03 08:00:00', '2024-09-03 10:00:00', 13.007761, 77.563606, 'On a residential cross road, Malleshwaram');
INSERT INTO ComplainantDetails (ComplainantID, CaseMasterID, ComplainantName, AgeYear, OccupationID, ReligionID, CasteID, GenderID) VALUES (417, 417, 'Eshwar Hegde', 29, 1, 1, 4, 1);
INSERT INTO ActSectionAssociation (CaseMasterID, ActID, SectionID, ActOrderID, SectionOrderID) VALUES (417, 'IPC', '302', 1, 1);
INSERT INTO Victim (VictimMasterID, CaseMasterID, VictimName, AgeYear, GenderID, VictimPolice) VALUES (417, 417, 'Tarun Deshpande', 51, 2, '0');
INSERT INTO Accused (AccusedMasterID, CaseMasterID, AccusedName, AgeYear, GenderID, PersonID) VALUES (489, 417, 'Nagesh H. Pashan', 45, 1, 'A1');
INSERT INTO Accused (AccusedMasterID, CaseMasterID, AccusedName, AgeYear, GenderID, PersonID) VALUES (490, 417, 'Yogesh S. Shaikh', 31, 1, 'A2');
INSERT INTO CaseMaster (CaseMasterID, CrimeNo, CaseNo, CrimeRegisteredDate, PolicePersonID, PoliceStationID, CaseCategoryID, GravityOffenceID, CrimeMajorHeadID, CrimeMinorHeadID, CaseStatusID, CourtID, IncidentFromDate, IncidentToDate, InfoReceivedPSDate, latitude, longitude, BriefFacts) VALUES (418, '100010005202400418', '202400418', '2024-09-14', 9, 5, 2, 2, 3, 6, 1, 1, '2024-09-14 10:00:00', '2024-09-14 13:00:00', '2024-09-14 10:00:00', 12.992186, 77.567221, 'Complainant reported a suspected online financial fraud incident outside a commercial complex. The matter was registered at Malleshwaram Police Station and assigned to Ramesh Pawar.');
INSERT INTO Inv_OccuranceTime (CaseMasterID, IncidentFromDate, IncidentToDate, latitude, longitude, PlaceOfOccurrence) VALUES (418, '2024-09-14 10:00:00', '2024-09-14 13:00:00', 12.992186, 77.567221, 'Outside a commercial complex, Malleshwaram');
INSERT INTO ComplainantDetails (ComplainantID, CaseMasterID, ComplainantName, AgeYear, OccupationID, ReligionID, CasteID, GenderID) VALUES (418, 418, 'Chetan Hegde', 20, 1, 4, 5, 1);
INSERT INTO ActSectionAssociation (CaseMasterID, ActID, SectionID, ActOrderID, SectionOrderID) VALUES (418, 'IT_ACT', '66D', 1, 1);
INSERT INTO Victim (VictimMasterID, CaseMasterID, VictimName, AgeYear, GenderID, VictimPolice) VALUES (418, 418, 'Arun Hegde', 52, 2, '0');
INSERT INTO Accused (AccusedMasterID, CaseMasterID, AccusedName, AgeYear, GenderID, PersonID) VALUES (491, 418, 'Lokesh O. Gowda', 23, 1, 'A1');
INSERT INTO Accused (AccusedMasterID, CaseMasterID, AccusedName, AgeYear, GenderID, PersonID) VALUES (492, 418, 'Vicky Z. Singh', 31, 1, 'A2');
INSERT INTO CaseMaster (CaseMasterID, CrimeNo, CaseNo, CrimeRegisteredDate, PolicePersonID, PoliceStationID, CaseCategoryID, GravityOffenceID, CrimeMajorHeadID, CrimeMinorHeadID, CaseStatusID, CourtID, IncidentFromDate, IncidentToDate, InfoReceivedPSDate, latitude, longitude, BriefFacts) VALUES (419, '100010003202400419', '202400419', '2024-09-25', 5, 3, 1, 2, 2, 4, 2, 1, '2024-09-25 20:00:00', '2024-09-25 23:00:00', '2024-09-25 20:00:00', 12.962184, 77.754510, 'Complainant reported a suspected murder incident near a market entrance. The matter was registered at Whitefield Police Station and assigned to Lakshmi Shetty.');
INSERT INTO Inv_OccuranceTime (CaseMasterID, IncidentFromDate, IncidentToDate, latitude, longitude, PlaceOfOccurrence) VALUES (419, '2024-09-25 20:00:00', '2024-09-25 23:00:00', 12.962184, 77.754510, 'Near a market entrance, Whitefield');
INSERT INTO ComplainantDetails (ComplainantID, CaseMasterID, ComplainantName, AgeYear, OccupationID, ReligionID, CasteID, GenderID) VALUES (419, 419, 'Kavitha Poojary', 33, 3, 2, 1, 1);
INSERT INTO ActSectionAssociation (CaseMasterID, ActID, SectionID, ActOrderID, SectionOrderID) VALUES (419, 'IPC', '302', 1, 1);
INSERT INTO Victim (VictimMasterID, CaseMasterID, VictimName, AgeYear, GenderID, VictimPolice) VALUES (419, 419, 'Manoj Khan', 60, 2, '0');
INSERT INTO Accused (AccusedMasterID, CaseMasterID, AccusedName, AgeYear, GenderID, PersonID) VALUES (493, 419, 'Rohit V. Khan', 25, 1, 'A1');
INSERT INTO Accused (AccusedMasterID, CaseMasterID, AccusedName, AgeYear, GenderID, PersonID) VALUES (494, 419, 'Mohan G. Salim', 27, 1, 'A2');
INSERT INTO ChargesheetDetails (CSID, CaseMasterID, csdate, cstype, PolicePersonID) VALUES (284, 419, '2024-12-26 10:00:00', 'A', 5);
INSERT INTO CaseMaster (CaseMasterID, CrimeNo, CaseNo, CrimeRegisteredDate, PolicePersonID, PoliceStationID, CaseCategoryID, GravityOffenceID, CrimeMajorHeadID, CrimeMinorHeadID, CaseStatusID, CourtID, IncidentFromDate, IncidentToDate, InfoReceivedPSDate, latitude, longitude, BriefFacts) VALUES (420, '100050015202400420', '202400420', '2024-09-08', 29, 15, 1, 3, 2, 5, 1, 5, '2024-09-08 13:00:00', '2024-09-08 16:00:00', '2024-09-08 13:00:00', 15.852980, 74.499746, 'Grievous Hurt reported on the ring road service lane within Camp Police Station Belagavi limits. Prakash Patil recorded statements and initiated scene verification.');
INSERT INTO Inv_OccuranceTime (CaseMasterID, IncidentFromDate, IncidentToDate, latitude, longitude, PlaceOfOccurrence) VALUES (420, '2024-09-08 13:00:00', '2024-09-08 16:00:00', 15.852980, 74.499746, 'On the ring road service lane, Camp Belagavi');
INSERT INTO ComplainantDetails (ComplainantID, CaseMasterID, ComplainantName, AgeYear, OccupationID, ReligionID, CasteID, GenderID) VALUES (420, 420, 'Farhan Gowda', 26, 7, 5, 3, 1);
INSERT INTO ActSectionAssociation (CaseMasterID, ActID, SectionID, ActOrderID, SectionOrderID) VALUES (420, 'IPC', '302', 1, 1);
INSERT INTO Victim (VictimMasterID, CaseMasterID, VictimName, AgeYear, GenderID, VictimPolice) VALUES (420, 420, 'Bhavya Gowda', 43, 1, '0');
INSERT INTO Accused (AccusedMasterID, CaseMasterID, AccusedName, AgeYear, GenderID, PersonID) VALUES (495, 420, 'Altaf C. Poojary', 23, 1, 'A1');
INSERT INTO ArrestSurrender (ArrestSurrenderID, CaseMasterID, ArrestSurrenderTypeID, ArrestSurrenderDate, ArrestSurrenderStateId, ArrestSurrenderDistrictId, PoliceStationID, IOID, CourtID, AccusedMasterID, IsAccused, IsComplainantAccused) VALUES (206, 420, 1, '2024-09-17', 1, 5, 15, 29, 5, 495, 1, 0);
INSERT INTO inv_arrestsurrenderaccused (ArrestSurrenderID, AccusedMasterID) VALUES (206, 495);
INSERT INTO CaseMaster (CaseMasterID, CrimeNo, CaseNo, CrimeRegisteredDate, PolicePersonID, PoliceStationID, CaseCategoryID, GravityOffenceID, CrimeMajorHeadID, CrimeMinorHeadID, CaseStatusID, CourtID, IncidentFromDate, IncidentToDate, InfoReceivedPSDate, latitude, longitude, BriefFacts) VALUES (421, '100010002202400421', '202400421', '2024-09-19', 3, 2, 1, 3, 1, 1, 1, 1, '2024-09-19 17:00:00', '2024-09-19 20:00:00', '2024-09-19 17:00:00', 12.936847, 77.629633, 'Automobile Theft reported beside a metro approach road within Koramangala Police Station limits. Prakash Jadhav recorded statements and initiated scene verification.');
INSERT INTO Inv_OccuranceTime (CaseMasterID, IncidentFromDate, IncidentToDate, latitude, longitude, PlaceOfOccurrence) VALUES (421, '2024-09-19 17:00:00', '2024-09-19 20:00:00', 12.936847, 77.629633, 'Beside a metro approach road, Koramangala');
INSERT INTO ComplainantDetails (ComplainantID, CaseMasterID, ComplainantName, AgeYear, OccupationID, ReligionID, CasteID, GenderID) VALUES (421, 421, 'Pooja Fernandes', 21, 2, 2, 4, 2);
INSERT INTO ActSectionAssociation (CaseMasterID, ActID, SectionID, ActOrderID, SectionOrderID) VALUES (421, 'IPC', '379', 1, 1);
INSERT INTO Victim (VictimMasterID, CaseMasterID, VictimName, AgeYear, GenderID, VictimPolice) VALUES (421, 421, 'Fathima Naik', 30, 2, '0');
INSERT INTO Accused (AccusedMasterID, CaseMasterID, AccusedName, AgeYear, GenderID, PersonID) VALUES (496, 421, 'Lokesh J. Reddy', 23, 1, 'A1');
INSERT INTO CaseMaster (CaseMasterID, CrimeNo, CaseNo, CrimeRegisteredDate, PolicePersonID, PoliceStationID, CaseCategoryID, GravityOffenceID, CrimeMajorHeadID, CrimeMinorHeadID, CaseStatusID, CourtID, IncidentFromDate, IncidentToDate, InfoReceivedPSDate, latitude, longitude, BriefFacts) VALUES (422, '100030010202400422', '202400422', '2024-09-02', 19, 10, 1, 3, 1, 3, 1, 3, '2024-09-02 23:00:00', '2024-09-02 02:00:00', '2024-09-02 23:00:00', 12.854779, 74.829267, 'Pandeshwar Police Station registered the case after an incident on the ring road service lane. Initial CCTV, witness, and digital-evidence checks were assigned to IO Shankar Rao.');
INSERT INTO Inv_OccuranceTime (CaseMasterID, IncidentFromDate, IncidentToDate, latitude, longitude, PlaceOfOccurrence) VALUES (422, '2024-09-02 23:00:00', '2024-09-02 02:00:00', 12.854779, 74.829267, 'On the ring road service lane, Pandeshwar');
INSERT INTO ComplainantDetails (ComplainantID, CaseMasterID, ComplainantName, AgeYear, OccupationID, ReligionID, CasteID, GenderID) VALUES (422, 422, 'Farhan Rao', 36, 3, 4, 3, 1);
INSERT INTO ActSectionAssociation (CaseMasterID, ActID, SectionID, ActOrderID, SectionOrderID) VALUES (422, 'IPC', '379', 1, 1);
INSERT INTO Victim (VictimMasterID, CaseMasterID, VictimName, AgeYear, GenderID, VictimPolice) VALUES (422, 422, 'Divya Joshi', 45, 1, '0');
INSERT INTO Accused (AccusedMasterID, CaseMasterID, AccusedName, AgeYear, GenderID, PersonID) VALUES (497, 422, 'Rafiq Q. Poojary', 21, 1, 'A1');
INSERT INTO Accused (AccusedMasterID, CaseMasterID, AccusedName, AgeYear, GenderID, PersonID) VALUES (498, 422, 'Nagesh B. Pashan', 45, 1, 'A2');
INSERT INTO CaseMaster (CaseMasterID, CrimeNo, CaseNo, CrimeRegisteredDate, PolicePersonID, PoliceStationID, CaseCategoryID, GravityOffenceID, CrimeMajorHeadID, CrimeMinorHeadID, CaseStatusID, CourtID, IncidentFromDate, IncidentToDate, InfoReceivedPSDate, latitude, longitude, BriefFacts) VALUES (423, '100020007202400423', '202400423', '2024-09-13', 13, 7, 1, 3, 1, 1, 2, 2, '2024-09-13 13:00:00', '2024-09-13 14:00:00', '2024-09-13 13:00:00', 12.315017, 76.666930, 'Automobile Theft reported close to a residential layout within Lashkar Police Station limits. Suresh Rao recorded statements and initiated scene verification.');
INSERT INTO Inv_OccuranceTime (CaseMasterID, IncidentFromDate, IncidentToDate, latitude, longitude, PlaceOfOccurrence) VALUES (423, '2024-09-13 13:00:00', '2024-09-13 14:00:00', 12.315017, 76.666930, 'Close to a residential layout, Lashkar');
INSERT INTO ComplainantDetails (ComplainantID, CaseMasterID, ComplainantName, AgeYear, OccupationID, ReligionID, CasteID, GenderID) VALUES (423, 423, 'Shilpa Khan', 40, 5, 5, 4, 2);
INSERT INTO ActSectionAssociation (CaseMasterID, ActID, SectionID, ActOrderID, SectionOrderID) VALUES (423, 'IPC', '379', 1, 1);
INSERT INTO Victim (VictimMasterID, CaseMasterID, VictimName, AgeYear, GenderID, VictimPolice) VALUES (423, 423, 'Rajesh Naik', 68, 1, '0');
INSERT INTO Accused (AccusedMasterID, CaseMasterID, AccusedName, AgeYear, GenderID, PersonID) VALUES (499, 423, 'Yogesh X. Singh', 45, 1, 'A1');
INSERT INTO ChargesheetDetails (CSID, CaseMasterID, csdate, cstype, PolicePersonID) VALUES (285, 423, '2024-11-20 15:00:00', 'A', 13);
INSERT INTO CaseMaster (CaseMasterID, CrimeNo, CaseNo, CrimeRegisteredDate, PolicePersonID, PoliceStationID, CaseCategoryID, GravityOffenceID, CrimeMajorHeadID, CrimeMinorHeadID, CaseStatusID, CourtID, IncidentFromDate, IncidentToDate, InfoReceivedPSDate, latitude, longitude, BriefFacts) VALUES (424, '100030009202400424', '202400424', '2024-09-24', 17, 9, 1, 3, 3, 6, 1, 3, '2024-09-24 16:00:00', '2024-09-24 17:00:00', '2024-09-24 16:00:00', 12.888120, 74.851605, 'Online Financial Fraud reported near the inter-city bus stand within Kadri Police Station limits. Basavaraj Patil recorded statements and initiated scene verification.');
INSERT INTO Inv_OccuranceTime (CaseMasterID, IncidentFromDate, IncidentToDate, latitude, longitude, PlaceOfOccurrence) VALUES (424, '2024-09-24 16:00:00', '2024-09-24 17:00:00', 12.888120, 74.851605, 'Near the inter-city bus stand, Kadri');
INSERT INTO ComplainantDetails (ComplainantID, CaseMasterID, ComplainantName, AgeYear, OccupationID, ReligionID, CasteID, GenderID) VALUES (424, 424, 'Nandini Poojary', 65, 6, 1, 1, 1);
INSERT INTO ActSectionAssociation (CaseMasterID, ActID, SectionID, ActOrderID, SectionOrderID) VALUES (424, 'IT_ACT', '66D', 1, 1);
INSERT INTO Victim (VictimMasterID, CaseMasterID, VictimName, AgeYear, GenderID, VictimPolice) VALUES (424, 424, 'Sangeetha Kulkarni', 60, 2, '0');
INSERT INTO Accused (AccusedMasterID, CaseMasterID, AccusedName, AgeYear, GenderID, PersonID) VALUES (500, 424, 'Rohit E. Patil', 26, 1, 'A1');
INSERT INTO Accused (AccusedMasterID, CaseMasterID, AccusedName, AgeYear, GenderID, PersonID) VALUES (501, 424, 'Dharma P. Salim', 37, 1, 'A2');
INSERT INTO ChargesheetDetails (CSID, CaseMasterID, csdate, cstype, PolicePersonID) VALUES (286, 424, '2024-11-16 11:00:00', 'A', 17);
INSERT INTO CaseMaster (CaseMasterID, CrimeNo, CaseNo, CrimeRegisteredDate, PolicePersonID, PoliceStationID, CaseCategoryID, GravityOffenceID, CrimeMajorHeadID, CrimeMinorHeadID, CaseStatusID, CourtID, IncidentFromDate, IncidentToDate, InfoReceivedPSDate, latitude, longitude, BriefFacts) VALUES (425, '100020006202400425', '202400425', '2024-09-07', 11, 6, 1, 3, 5, 9, 1, 2, '2024-09-07 20:00:00', '2024-09-07 22:00:00', '2024-09-07 20:00:00', 12.301818, 76.653114, 'Control room information regarding ganja possession was received from near the central market. IO Anitha Gowda opened the investigation and secured preliminary evidence.');
INSERT INTO Inv_OccuranceTime (CaseMasterID, IncidentFromDate, IncidentToDate, latitude, longitude, PlaceOfOccurrence) VALUES (425, '2024-09-07 20:00:00', '2024-09-07 22:00:00', 12.301818, 76.653114, 'Near the central market, Devaraja');
INSERT INTO ComplainantDetails (ComplainantID, CaseMasterID, ComplainantName, AgeYear, OccupationID, ReligionID, CasteID, GenderID) VALUES (425, 425, 'Pooja Fernandes', 37, 7, 5, 4, 2);
INSERT INTO ActSectionAssociation (CaseMasterID, ActID, SectionID, ActOrderID, SectionOrderID) VALUES (425, 'NDPS', '20', 1, 1);
INSERT INTO Victim (VictimMasterID, CaseMasterID, VictimName, AgeYear, GenderID, VictimPolice) VALUES (425, 425, 'Tarun Fernandes', 23, 1, '0');
INSERT INTO Accused (AccusedMasterID, CaseMasterID, AccusedName, AgeYear, GenderID, PersonID) VALUES (502, 425, 'Jagga L. Kumar', 42, 1, 'A1');
INSERT INTO CaseMaster (CaseMasterID, CrimeNo, CaseNo, CrimeRegisteredDate, PolicePersonID, PoliceStationID, CaseCategoryID, GravityOffenceID, CrimeMajorHeadID, CrimeMinorHeadID, CaseStatusID, CourtID, IncidentFromDate, IncidentToDate, InfoReceivedPSDate, latitude, longitude, BriefFacts) VALUES (426, '100020006202400426', '202400426', '2024-09-18', 11, 6, 1, 3, 1, 1, 1, 2, '2024-09-18 08:00:00', '2024-09-18 11:00:00', '2024-09-18 08:00:00', 12.296188, 76.661418, 'Complainant reported a suspected automobile theft incident close to a residential layout. The matter was registered at Devaraja Police Station and assigned to Anitha Gowda.');
INSERT INTO Inv_OccuranceTime (CaseMasterID, IncidentFromDate, IncidentToDate, latitude, longitude, PlaceOfOccurrence) VALUES (426, '2024-09-18 08:00:00', '2024-09-18 11:00:00', 12.296188, 76.661418, 'Close to a residential layout, Devaraja');
INSERT INTO ComplainantDetails (ComplainantID, CaseMasterID, ComplainantName, AgeYear, OccupationID, ReligionID, CasteID, GenderID) VALUES (426, 426, 'Shilpa Hegde', 60, 6, 3, 5, 2);
INSERT INTO ActSectionAssociation (CaseMasterID, ActID, SectionID, ActOrderID, SectionOrderID) VALUES (426, 'IPC', '379', 1, 1);
INSERT INTO Victim (VictimMasterID, CaseMasterID, VictimName, AgeYear, GenderID, VictimPolice) VALUES (426, 426, 'Chaitra Shetty', 36, 1, '0');
INSERT INTO Accused (AccusedMasterID, CaseMasterID, AccusedName, AgeYear, GenderID, PersonID) VALUES (503, 426, 'Raja S. Gowda', 38, 1, 'A1');
INSERT INTO ArrestSurrender (ArrestSurrenderID, CaseMasterID, ArrestSurrenderTypeID, ArrestSurrenderDate, ArrestSurrenderStateId, ArrestSurrenderDistrictId, PoliceStationID, IOID, CourtID, AccusedMasterID, IsAccused, IsComplainantAccused) VALUES (207, 426, 1, '2024-09-25', 1, 2, 6, 11, 2, 503, 1, 0);
INSERT INTO inv_arrestsurrenderaccused (ArrestSurrenderID, AccusedMasterID) VALUES (207, 503);
INSERT INTO CaseMaster (CaseMasterID, CrimeNo, CaseNo, CrimeRegisteredDate, PolicePersonID, PoliceStationID, CaseCategoryID, GravityOffenceID, CrimeMajorHeadID, CrimeMinorHeadID, CaseStatusID, CourtID, IncidentFromDate, IncidentToDate, InfoReceivedPSDate, latitude, longitude, BriefFacts) VALUES (427, '100050016202400427', '202400427', '2024-09-01', 31, 16, 1, 2, 2, 5, 3, 5, '2024-09-01 23:00:00', '2024-09-01 01:00:00', '2024-09-01 23:00:00', 15.843926, 74.497428, 'Complainant reported a suspected grievous hurt incident close to a residential layout. The matter was registered at Tilakwadi Police Station and assigned to Santosh Pawar.');
INSERT INTO Inv_OccuranceTime (CaseMasterID, IncidentFromDate, IncidentToDate, latitude, longitude, PlaceOfOccurrence) VALUES (427, '2024-09-01 23:00:00', '2024-09-01 01:00:00', 15.843926, 74.497428, 'Close to a residential layout, Tilakwadi');
INSERT INTO ComplainantDetails (ComplainantID, CaseMasterID, ComplainantName, AgeYear, OccupationID, ReligionID, CasteID, GenderID) VALUES (427, 427, 'Anand Khan', 54, 5, 3, 3, 1);
INSERT INTO ActSectionAssociation (CaseMasterID, ActID, SectionID, ActOrderID, SectionOrderID) VALUES (427, 'IPC', '302', 1, 1);
INSERT INTO Victim (VictimMasterID, CaseMasterID, VictimName, AgeYear, GenderID, VictimPolice) VALUES (427, 427, 'Fathima Patil', 23, 2, '0');
INSERT INTO Accused (AccusedMasterID, CaseMasterID, AccusedName, AgeYear, GenderID, PersonID) VALUES (504, 427, 'Sameer Z. Singh', 31, 1, 'A1');
INSERT INTO ArrestSurrender (ArrestSurrenderID, CaseMasterID, ArrestSurrenderTypeID, ArrestSurrenderDate, ArrestSurrenderStateId, ArrestSurrenderDistrictId, PoliceStationID, IOID, CourtID, AccusedMasterID, IsAccused, IsComplainantAccused) VALUES (208, 427, 1, '2024-09-01', 1, 5, 16, 31, 5, 504, 1, 0);
INSERT INTO inv_arrestsurrenderaccused (ArrestSurrenderID, AccusedMasterID) VALUES (208, 504);
INSERT INTO ChargesheetDetails (CSID, CaseMasterID, csdate, cstype, PolicePersonID) VALUES (287, 427, '2024-12-05 09:00:00', 'A', 31);
INSERT INTO CaseMaster (CaseMasterID, CrimeNo, CaseNo, CrimeRegisteredDate, PolicePersonID, PoliceStationID, CaseCategoryID, GravityOffenceID, CrimeMajorHeadID, CrimeMinorHeadID, CaseStatusID, CourtID, IncidentFromDate, IncidentToDate, InfoReceivedPSDate, latitude, longitude, BriefFacts) VALUES (428, '100030010202400428', '202400428', '2024-09-12', 19, 10, 1, 2, 3, 6, 1, 3, '2024-09-12 10:00:00', '2024-09-12 13:00:00', '2024-09-12 10:00:00', 12.856819, 74.841993, 'Control room information regarding online financial fraud was received from beside an industrial access road. IO Shankar Rao opened the investigation and secured preliminary evidence.');
INSERT INTO Inv_OccuranceTime (CaseMasterID, IncidentFromDate, IncidentToDate, latitude, longitude, PlaceOfOccurrence) VALUES (428, '2024-09-12 10:00:00', '2024-09-12 13:00:00', 12.856819, 74.841993, 'Beside an industrial access road, Pandeshwar');
INSERT INTO ComplainantDetails (ComplainantID, CaseMasterID, ComplainantName, AgeYear, OccupationID, ReligionID, CasteID, GenderID) VALUES (428, 428, 'Shilpa Kulkarni', 39, 4, 4, 2, 2);
INSERT INTO ActSectionAssociation (CaseMasterID, ActID, SectionID, ActOrderID, SectionOrderID) VALUES (428, 'IT_ACT', '66D', 1, 1);
INSERT INTO Victim (VictimMasterID, CaseMasterID, VictimName, AgeYear, GenderID, VictimPolice) VALUES (428, 428, 'Divya Shetty', 44, 1, '0');
INSERT INTO Accused (AccusedMasterID, CaseMasterID, AccusedName, AgeYear, GenderID, PersonID) VALUES (505, 428, 'Manjunath G. Khan', 22, 1, 'A1');
INSERT INTO CaseMaster (CaseMasterID, CrimeNo, CaseNo, CrimeRegisteredDate, PolicePersonID, PoliceStationID, CaseCategoryID, GravityOffenceID, CrimeMajorHeadID, CrimeMinorHeadID, CaseStatusID, CourtID, IncidentFromDate, IncidentToDate, InfoReceivedPSDate, latitude, longitude, BriefFacts) VALUES (429, '100050015202400429', '202400429', '2024-09-23', 29, 15, 1, 2, 2, 5, 1, 5, '2024-09-23 09:00:00', '2024-09-23 10:00:00', '2024-09-23 09:00:00', 15.848184, 74.491589, 'Grievous Hurt reported near the central market within Camp Police Station Belagavi limits. Prakash Patil recorded statements and initiated scene verification.');
INSERT INTO Inv_OccuranceTime (CaseMasterID, IncidentFromDate, IncidentToDate, latitude, longitude, PlaceOfOccurrence) VALUES (429, '2024-09-23 09:00:00', '2024-09-23 10:00:00', 15.848184, 74.491589, 'Near the central market, Camp Belagavi');
INSERT INTO ComplainantDetails (ComplainantID, CaseMasterID, ComplainantName, AgeYear, OccupationID, ReligionID, CasteID, GenderID) VALUES (429, 429, 'Eshwar Kulkarni', 19, 3, 2, 1, 1);
INSERT INTO ActSectionAssociation (CaseMasterID, ActID, SectionID, ActOrderID, SectionOrderID) VALUES (429, 'IPC', '302', 1, 1);
INSERT INTO Victim (VictimMasterID, CaseMasterID, VictimName, AgeYear, GenderID, VictimPolice) VALUES (429, 429, 'Rajesh Shetty', 64, 1, '0');
INSERT INTO Accused (AccusedMasterID, CaseMasterID, AccusedName, AgeYear, GenderID, PersonID) VALUES (506, 429, 'Rohit N. Kumar', 26, 1, 'A1');
INSERT INTO ArrestSurrender (ArrestSurrenderID, CaseMasterID, ArrestSurrenderTypeID, ArrestSurrenderDate, ArrestSurrenderStateId, ArrestSurrenderDistrictId, PoliceStationID, IOID, CourtID, AccusedMasterID, IsAccused, IsComplainantAccused) VALUES (209, 429, 1, '2024-09-23', 1, 5, 15, 29, 5, 506, 1, 0);
INSERT INTO inv_arrestsurrenderaccused (ArrestSurrenderID, AccusedMasterID) VALUES (209, 506);
INSERT INTO CaseMaster (CaseMasterID, CrimeNo, CaseNo, CrimeRegisteredDate, PolicePersonID, PoliceStationID, CaseCategoryID, GravityOffenceID, CrimeMajorHeadID, CrimeMinorHeadID, CaseStatusID, CourtID, IncidentFromDate, IncidentToDate, InfoReceivedPSDate, latitude, longitude, BriefFacts) VALUES (430, '100020007202400430', '202400430', '2024-09-06', 13, 7, 1, 1, 2, 5, 1, 2, '2024-09-06 07:00:00', '2024-09-06 10:00:00', '2024-09-06 07:00:00', 12.306139, 76.655280, 'Lashkar Police Station registered the case after an incident near the inter-city bus stand. Initial CCTV, witness, and digital-evidence checks were assigned to IO Suresh Rao.');
INSERT INTO Inv_OccuranceTime (CaseMasterID, IncidentFromDate, IncidentToDate, latitude, longitude, PlaceOfOccurrence) VALUES (430, '2024-09-06 07:00:00', '2024-09-06 10:00:00', 12.306139, 76.655280, 'Near the inter-city bus stand, Lashkar');
INSERT INTO ComplainantDetails (ComplainantID, CaseMasterID, ComplainantName, AgeYear, OccupationID, ReligionID, CasteID, GenderID) VALUES (430, 430, 'Jagadish Deshpande', 44, 6, 2, 3, 2);
INSERT INTO ActSectionAssociation (CaseMasterID, ActID, SectionID, ActOrderID, SectionOrderID) VALUES (430, 'IPC', '302', 1, 1);
INSERT INTO Victim (VictimMasterID, CaseMasterID, VictimName, AgeYear, GenderID, VictimPolice) VALUES (430, 430, 'Praveen Poojary', 56, 1, '0');
INSERT INTO Accused (AccusedMasterID, CaseMasterID, AccusedName, AgeYear, GenderID, PersonID) VALUES (507, 430, 'Imtiaz U. Shetty', 41, 1, 'A1');
INSERT INTO ArrestSurrender (ArrestSurrenderID, CaseMasterID, ArrestSurrenderTypeID, ArrestSurrenderDate, ArrestSurrenderStateId, ArrestSurrenderDistrictId, PoliceStationID, IOID, CourtID, AccusedMasterID, IsAccused, IsComplainantAccused) VALUES (210, 430, 1, '2024-09-06', 1, 2, 7, 13, 2, 507, 1, 0);
INSERT INTO inv_arrestsurrenderaccused (ArrestSurrenderID, AccusedMasterID) VALUES (210, 507);
INSERT INTO CaseMaster (CaseMasterID, CrimeNo, CaseNo, CrimeRegisteredDate, PolicePersonID, PoliceStationID, CaseCategoryID, GravityOffenceID, CrimeMajorHeadID, CrimeMinorHeadID, CaseStatusID, CourtID, IncidentFromDate, IncidentToDate, InfoReceivedPSDate, latitude, longitude, BriefFacts) VALUES (431, '100010004202400431', '202400431', '2024-09-17', 7, 4, 1, 2, 5, 9, 1, 1, '2024-09-17 07:00:00', '2024-09-17 08:00:00', '2024-09-17 07:00:00', 12.916167, 77.604607, 'Jayanagar Police Station registered the case after an incident near a bus stop. Initial CCTV, witness, and digital-evidence checks were assigned to IO Kiran Bhat.');
INSERT INTO Inv_OccuranceTime (CaseMasterID, IncidentFromDate, IncidentToDate, latitude, longitude, PlaceOfOccurrence) VALUES (431, '2024-09-17 07:00:00', '2024-09-17 08:00:00', 12.916167, 77.604607, 'Near a bus stop, Jayanagar');
INSERT INTO ComplainantDetails (ComplainantID, CaseMasterID, ComplainantName, AgeYear, OccupationID, ReligionID, CasteID, GenderID) VALUES (431, 431, 'Jagadish Poojary', 32, 2, 4, 5, 2);
INSERT INTO ActSectionAssociation (CaseMasterID, ActID, SectionID, ActOrderID, SectionOrderID) VALUES (431, 'NDPS', '20', 1, 1);
INSERT INTO Victim (VictimMasterID, CaseMasterID, VictimName, AgeYear, GenderID, VictimPolice) VALUES (431, 431, 'Chaitra Rao', 23, 2, '0');
INSERT INTO Accused (AccusedMasterID, CaseMasterID, AccusedName, AgeYear, GenderID, PersonID) VALUES (508, 431, 'Tukaram B. Naik', 21, 1, 'A1');
INSERT INTO CaseMaster (CaseMasterID, CrimeNo, CaseNo, CrimeRegisteredDate, PolicePersonID, PoliceStationID, CaseCategoryID, GravityOffenceID, CrimeMajorHeadID, CrimeMinorHeadID, CaseStatusID, CourtID, IncidentFromDate, IncidentToDate, InfoReceivedPSDate, latitude, longitude, BriefFacts) VALUES (432, '100050015202400432', '202400432', '2024-09-28', 29, 15, 1, 2, 4, 8, 1, 5, '2024-09-28 14:00:00', '2024-09-28 16:00:00', '2024-09-28 14:00:00', 15.865944, 74.501930, 'Cheating reported on the ring road service lane within Camp Police Station Belagavi limits. Prakash Patil recorded statements and initiated scene verification.');
INSERT INTO Inv_OccuranceTime (CaseMasterID, IncidentFromDate, IncidentToDate, latitude, longitude, PlaceOfOccurrence) VALUES (432, '2024-09-28 14:00:00', '2024-09-28 16:00:00', 15.865944, 74.501930, 'On the ring road service lane, Camp Belagavi');
INSERT INTO ComplainantDetails (ComplainantID, CaseMasterID, ComplainantName, AgeYear, OccupationID, ReligionID, CasteID, GenderID) VALUES (432, 432, 'Harish Poojary', 23, 3, 4, 5, 2);
INSERT INTO ActSectionAssociation (CaseMasterID, ActID, SectionID, ActOrderID, SectionOrderID) VALUES (432, 'IPC', '420', 1, 1);
INSERT INTO Victim (VictimMasterID, CaseMasterID, VictimName, AgeYear, GenderID, VictimPolice) VALUES (432, 432, 'Rajesh Shetty', 48, 2, '0');
INSERT INTO Accused (AccusedMasterID, CaseMasterID, AccusedName, AgeYear, GenderID, PersonID) VALUES (509, 432, 'Rafiq I. Shetty', 26, 1, 'A1');
INSERT INTO ArrestSurrender (ArrestSurrenderID, CaseMasterID, ArrestSurrenderTypeID, ArrestSurrenderDate, ArrestSurrenderStateId, ArrestSurrenderDistrictId, PoliceStationID, IOID, CourtID, AccusedMasterID, IsAccused, IsComplainantAccused) VALUES (211, 432, 1, '2024-10-09', 1, 5, 15, 29, 5, 509, 1, 0);
INSERT INTO inv_arrestsurrenderaccused (ArrestSurrenderID, AccusedMasterID) VALUES (211, 509);
INSERT INTO CaseMaster (CaseMasterID, CrimeNo, CaseNo, CrimeRegisteredDate, PolicePersonID, PoliceStationID, CaseCategoryID, GravityOffenceID, CrimeMajorHeadID, CrimeMinorHeadID, CaseStatusID, CourtID, IncidentFromDate, IncidentToDate, InfoReceivedPSDate, latitude, longitude, BriefFacts) VALUES (433, '100010005202400433', '202400433', '2024-09-11', 9, 5, 1, 3, 3, 6, 1, 1, '2024-09-11 11:00:00', '2024-09-11 12:00:00', '2024-09-11 11:00:00', 13.005122, 77.569985, 'Malleshwaram Police Station registered the case after an incident beside a metro approach road. Initial CCTV, witness, and digital-evidence checks were assigned to IO Ramesh Pawar.');
INSERT INTO Inv_OccuranceTime (CaseMasterID, IncidentFromDate, IncidentToDate, latitude, longitude, PlaceOfOccurrence) VALUES (433, '2024-09-11 11:00:00', '2024-09-11 12:00:00', 13.005122, 77.569985, 'Beside a metro approach road, Malleshwaram');
INSERT INTO ComplainantDetails (ComplainantID, CaseMasterID, ComplainantName, AgeYear, OccupationID, ReligionID, CasteID, GenderID) VALUES (433, 433, 'Anand Khan', 71, 1, 2, 5, 1);
INSERT INTO ActSectionAssociation (CaseMasterID, ActID, SectionID, ActOrderID, SectionOrderID) VALUES (433, 'IT_ACT', '66D', 1, 1);
INSERT INTO Victim (VictimMasterID, CaseMasterID, VictimName, AgeYear, GenderID, VictimPolice) VALUES (433, 433, 'Fathima Shetty', 51, 2, '0');
INSERT INTO Accused (AccusedMasterID, CaseMasterID, AccusedName, AgeYear, GenderID, PersonID) VALUES (510, 433, 'Ajay P. Khan', 28, 1, 'A1');
INSERT INTO CaseMaster (CaseMasterID, CrimeNo, CaseNo, CrimeRegisteredDate, PolicePersonID, PoliceStationID, CaseCategoryID, GravityOffenceID, CrimeMajorHeadID, CrimeMinorHeadID, CaseStatusID, CourtID, IncidentFromDate, IncidentToDate, InfoReceivedPSDate, latitude, longitude, BriefFacts) VALUES (434, '100030009202400434', '202400434', '2024-09-22', 17, 9, 1, 2, 1, 2, 1, 3, '2024-09-22 23:00:00', '2024-09-22 01:00:00', '2024-09-22 23:00:00', 12.880322, 74.864245, 'Control room information regarding house breaking night was received from beside an industrial access road. IO Basavaraj Patil opened the investigation and secured preliminary evidence.');
INSERT INTO Inv_OccuranceTime (CaseMasterID, IncidentFromDate, IncidentToDate, latitude, longitude, PlaceOfOccurrence) VALUES (434, '2024-09-22 23:00:00', '2024-09-22 01:00:00', 12.880322, 74.864245, 'Beside an industrial access road, Kadri');
INSERT INTO ComplainantDetails (ComplainantID, CaseMasterID, ComplainantName, AgeYear, OccupationID, ReligionID, CasteID, GenderID) VALUES (434, 434, 'Meena Bhat', 19, 7, 1, 4, 2);
INSERT INTO ActSectionAssociation (CaseMasterID, ActID, SectionID, ActOrderID, SectionOrderID) VALUES (434, 'IPC', '379', 1, 1);
INSERT INTO Victim (VictimMasterID, CaseMasterID, VictimName, AgeYear, GenderID, VictimPolice) VALUES (434, 434, 'Ganesh Hegde', 39, 2, '0');
INSERT INTO Accused (AccusedMasterID, CaseMasterID, AccusedName, AgeYear, GenderID, PersonID) VALUES (511, 434, 'Pandu W. Naik', 44, 1, 'A1');
INSERT INTO CaseMaster (CaseMasterID, CrimeNo, CaseNo, CrimeRegisteredDate, PolicePersonID, PoliceStationID, CaseCategoryID, GravityOffenceID, CrimeMajorHeadID, CrimeMinorHeadID, CaseStatusID, CourtID, IncidentFromDate, IncidentToDate, InfoReceivedPSDate, latitude, longitude, BriefFacts) VALUES (435, '100010003202400435', '202400435', '2024-09-05', 5, 3, 1, 2, 2, 5, 1, 1, '2024-09-05 19:00:00', '2024-09-05 22:00:00', '2024-09-05 19:00:00', 12.960456, 77.756530, 'Grievous Hurt reported near a bus stop within Whitefield Police Station limits. Lakshmi Shetty recorded statements and initiated scene verification.');
INSERT INTO Inv_OccuranceTime (CaseMasterID, IncidentFromDate, IncidentToDate, latitude, longitude, PlaceOfOccurrence) VALUES (435, '2024-09-05 19:00:00', '2024-09-05 22:00:00', 12.960456, 77.756530, 'Near a bus stop, Whitefield');
INSERT INTO ComplainantDetails (ComplainantID, CaseMasterID, ComplainantName, AgeYear, OccupationID, ReligionID, CasteID, GenderID) VALUES (435, 435, 'Shilpa Shetty', 22, 2, 2, 1, 1);
INSERT INTO ActSectionAssociation (CaseMasterID, ActID, SectionID, ActOrderID, SectionOrderID) VALUES (435, 'IPC', '302', 1, 1);
INSERT INTO Victim (VictimMasterID, CaseMasterID, VictimName, AgeYear, GenderID, VictimPolice) VALUES (435, 435, 'Vinay Rao', 46, 1, '0');
INSERT INTO Accused (AccusedMasterID, CaseMasterID, AccusedName, AgeYear, GenderID, PersonID) VALUES (512, 435, 'Imtiaz D. Naik', 42, 1, 'A1');
INSERT INTO ChargesheetDetails (CSID, CaseMasterID, csdate, cstype, PolicePersonID) VALUES (288, 435, '2024-11-22 13:00:00', 'A', 5);
INSERT INTO CaseMaster (CaseMasterID, CrimeNo, CaseNo, CrimeRegisteredDate, PolicePersonID, PoliceStationID, CaseCategoryID, GravityOffenceID, CrimeMajorHeadID, CrimeMinorHeadID, CaseStatusID, CourtID, IncidentFromDate, IncidentToDate, InfoReceivedPSDate, latitude, longitude, BriefFacts) VALUES (436, '100020007202400436', '202400436', '2024-09-16', 13, 7, 1, 3, 3, 6, 4, 2, '2024-09-16 12:00:00', '2024-09-16 15:00:00', '2024-09-16 12:00:00', 12.303462, 76.653274, 'Complainant reported a suspected online financial fraud incident close to a residential layout. The matter was registered at Lashkar Police Station and assigned to Suresh Rao.');
INSERT INTO Inv_OccuranceTime (CaseMasterID, IncidentFromDate, IncidentToDate, latitude, longitude, PlaceOfOccurrence) VALUES (436, '2024-09-16 12:00:00', '2024-09-16 15:00:00', 12.303462, 76.653274, 'Close to a residential layout, Lashkar');
INSERT INTO ComplainantDetails (ComplainantID, CaseMasterID, ComplainantName, AgeYear, OccupationID, ReligionID, CasteID, GenderID) VALUES (436, 436, 'Meena Naik', 29, 6, 5, 1, 2);
INSERT INTO ActSectionAssociation (CaseMasterID, ActID, SectionID, ActOrderID, SectionOrderID) VALUES (436, 'IT_ACT', '66D', 1, 1);
INSERT INTO Victim (VictimMasterID, CaseMasterID, VictimName, AgeYear, GenderID, VictimPolice) VALUES (436, 436, 'Kiran Joshi', 73, 1, '0');
INSERT INTO Accused (AccusedMasterID, CaseMasterID, AccusedName, AgeYear, GenderID, PersonID) VALUES (513, 436, 'Imtiaz K. Jadhav', 31, 1, 'A1');
INSERT INTO ArrestSurrender (ArrestSurrenderID, CaseMasterID, ArrestSurrenderTypeID, ArrestSurrenderDate, ArrestSurrenderStateId, ArrestSurrenderDistrictId, PoliceStationID, IOID, CourtID, AccusedMasterID, IsAccused, IsComplainantAccused) VALUES (212, 436, 1, '2024-09-24', 1, 2, 7, 13, 2, 513, 1, 0);
INSERT INTO inv_arrestsurrenderaccused (ArrestSurrenderID, AccusedMasterID) VALUES (212, 513);
INSERT INTO ChargesheetDetails (CSID, CaseMasterID, csdate, cstype, PolicePersonID) VALUES (289, 436, '2024-12-16 13:00:00', 'A', 13);
INSERT INTO CaseMaster (CaseMasterID, CrimeNo, CaseNo, CrimeRegisteredDate, PolicePersonID, PoliceStationID, CaseCategoryID, GravityOffenceID, CrimeMajorHeadID, CrimeMinorHeadID, CaseStatusID, CourtID, IncidentFromDate, IncidentToDate, InfoReceivedPSDate, latitude, longitude, BriefFacts) VALUES (437, '100010003202400437', '202400437', '2024-09-27', 5, 3, 1, 3, 1, 2, 1, 1, '2024-09-27 03:00:00', '2024-09-27 04:00:00', '2024-09-27 03:00:00', 12.963255, 77.749425, 'House Breaking Night reported on a residential cross road within Whitefield Police Station limits. Lakshmi Shetty recorded statements and initiated scene verification.');
INSERT INTO Inv_OccuranceTime (CaseMasterID, IncidentFromDate, IncidentToDate, latitude, longitude, PlaceOfOccurrence) VALUES (437, '2024-09-27 03:00:00', '2024-09-27 04:00:00', 12.963255, 77.749425, 'On a residential cross road, Whitefield');
INSERT INTO ComplainantDetails (ComplainantID, CaseMasterID, ComplainantName, AgeYear, OccupationID, ReligionID, CasteID, GenderID) VALUES (437, 437, 'Radha Naik', 49, 7, 2, 2, 2);
INSERT INTO ActSectionAssociation (CaseMasterID, ActID, SectionID, ActOrderID, SectionOrderID) VALUES (437, 'IPC', '379', 1, 1);
INSERT INTO Victim (VictimMasterID, CaseMasterID, VictimName, AgeYear, GenderID, VictimPolice) VALUES (437, 437, 'Vinay Fernandes', 24, 2, '0');
INSERT INTO Accused (AccusedMasterID, CaseMasterID, AccusedName, AgeYear, GenderID, PersonID) VALUES (514, 437, 'Rafiq R. Shaikh', 34, 1, 'A1');
INSERT INTO ArrestSurrender (ArrestSurrenderID, CaseMasterID, ArrestSurrenderTypeID, ArrestSurrenderDate, ArrestSurrenderStateId, ArrestSurrenderDistrictId, PoliceStationID, IOID, CourtID, AccusedMasterID, IsAccused, IsComplainantAccused) VALUES (213, 437, 1, '2024-10-09', 1, 1, 3, 5, 1, 514, 1, 0);
INSERT INTO inv_arrestsurrenderaccused (ArrestSurrenderID, AccusedMasterID) VALUES (213, 514);
INSERT INTO CaseMaster (CaseMasterID, CrimeNo, CaseNo, CrimeRegisteredDate, PolicePersonID, PoliceStationID, CaseCategoryID, GravityOffenceID, CrimeMajorHeadID, CrimeMinorHeadID, CaseStatusID, CourtID, IncidentFromDate, IncidentToDate, InfoReceivedPSDate, latitude, longitude, BriefFacts) VALUES (438, '100010002202400438', '202400438', '2024-09-10', 3, 2, 1, 3, 5, 9, 1, 1, '2024-09-10 18:00:00', '2024-09-10 21:00:00', '2024-09-10 18:00:00', 12.930463, 77.634298, 'Complainant reported a suspected ganja possession incident near a bus stop. The matter was registered at Koramangala Police Station and assigned to Prakash Jadhav.');
INSERT INTO Inv_OccuranceTime (CaseMasterID, IncidentFromDate, IncidentToDate, latitude, longitude, PlaceOfOccurrence) VALUES (438, '2024-09-10 18:00:00', '2024-09-10 21:00:00', 12.930463, 77.634298, 'Near a bus stop, Koramangala');
INSERT INTO ComplainantDetails (ComplainantID, CaseMasterID, ComplainantName, AgeYear, OccupationID, ReligionID, CasteID, GenderID) VALUES (438, 438, 'Meena Poojary', 52, 2, 3, 2, 1);
INSERT INTO ActSectionAssociation (CaseMasterID, ActID, SectionID, ActOrderID, SectionOrderID) VALUES (438, 'NDPS', '20', 1, 1);
INSERT INTO Victim (VictimMasterID, CaseMasterID, VictimName, AgeYear, GenderID, VictimPolice) VALUES (438, 438, 'Praveen Bhat', 48, 2, '0');
INSERT INTO Accused (AccusedMasterID, CaseMasterID, AccusedName, AgeYear, GenderID, PersonID) VALUES (515, 438, 'Ajay Y. Shetty', 40, 1, 'A1');
INSERT INTO ArrestSurrender (ArrestSurrenderID, CaseMasterID, ArrestSurrenderTypeID, ArrestSurrenderDate, ArrestSurrenderStateId, ArrestSurrenderDistrictId, PoliceStationID, IOID, CourtID, AccusedMasterID, IsAccused, IsComplainantAccused) VALUES (214, 438, 1, '2024-09-17', 1, 1, 2, 3, 1, 515, 1, 0);
INSERT INTO inv_arrestsurrenderaccused (ArrestSurrenderID, AccusedMasterID) VALUES (214, 515);
INSERT INTO CaseMaster (CaseMasterID, CrimeNo, CaseNo, CrimeRegisteredDate, PolicePersonID, PoliceStationID, CaseCategoryID, GravityOffenceID, CrimeMajorHeadID, CrimeMinorHeadID, CaseStatusID, CourtID, IncidentFromDate, IncidentToDate, InfoReceivedPSDate, latitude, longitude, BriefFacts) VALUES (439, '100060018202400439', '202400439', '2024-09-21', 35, 18, 1, 3, 5, 9, 3, 6, '2024-09-21 23:00:00', '2024-09-21 00:00:00', '2024-09-21 23:00:00', 17.324440, 76.835914, 'Ganja Possession reported on the ring road service lane within Station Bazar Police Station limits. Prakash Kambali recorded statements and initiated scene verification.');
INSERT INTO Inv_OccuranceTime (CaseMasterID, IncidentFromDate, IncidentToDate, latitude, longitude, PlaceOfOccurrence) VALUES (439, '2024-09-21 23:00:00', '2024-09-21 00:00:00', 17.324440, 76.835914, 'On the ring road service lane, Station Bazar');
INSERT INTO ComplainantDetails (ComplainantID, CaseMasterID, ComplainantName, AgeYear, OccupationID, ReligionID, CasteID, GenderID) VALUES (439, 439, 'Meena Gowda', 63, 4, 3, 5, 1);
INSERT INTO ActSectionAssociation (CaseMasterID, ActID, SectionID, ActOrderID, SectionOrderID) VALUES (439, 'NDPS', '20', 1, 1);
INSERT INTO Victim (VictimMasterID, CaseMasterID, VictimName, AgeYear, GenderID, VictimPolice) VALUES (439, 439, 'Divya Hegde', 27, 2, '0');
INSERT INTO Accused (AccusedMasterID, CaseMasterID, AccusedName, AgeYear, GenderID, PersonID) VALUES (516, 439, 'Sameer F. Verma', 22, 1, 'A1');
INSERT INTO ChargesheetDetails (CSID, CaseMasterID, csdate, cstype, PolicePersonID) VALUES (290, 439, '2024-11-24 17:00:00', 'A', 35);
INSERT INTO CaseMaster (CaseMasterID, CrimeNo, CaseNo, CrimeRegisteredDate, PolicePersonID, PoliceStationID, CaseCategoryID, GravityOffenceID, CrimeMajorHeadID, CrimeMinorHeadID, CaseStatusID, CourtID, IncidentFromDate, IncidentToDate, InfoReceivedPSDate, latitude, longitude, BriefFacts) VALUES (440, '100020006202400440', '202400440', '2024-09-04', 11, 6, 1, 3, 1, 1, 1, 2, '2024-09-04 20:00:00', '2024-09-04 22:00:00', '2024-09-04 20:00:00', 12.299790, 76.659198, 'Control room information regarding automobile theft was received from beside an industrial access road. IO Anitha Gowda opened the investigation and secured preliminary evidence.');
INSERT INTO Inv_OccuranceTime (CaseMasterID, IncidentFromDate, IncidentToDate, latitude, longitude, PlaceOfOccurrence) VALUES (440, '2024-09-04 20:00:00', '2024-09-04 22:00:00', 12.299790, 76.659198, 'Beside an industrial access road, Devaraja');
INSERT INTO ComplainantDetails (ComplainantID, CaseMasterID, ComplainantName, AgeYear, OccupationID, ReligionID, CasteID, GenderID) VALUES (440, 440, 'Suma Poojary', 35, 2, 5, 3, 2);
INSERT INTO ActSectionAssociation (CaseMasterID, ActID, SectionID, ActOrderID, SectionOrderID) VALUES (440, 'IPC', '379', 1, 1);
INSERT INTO Victim (VictimMasterID, CaseMasterID, VictimName, AgeYear, GenderID, VictimPolice) VALUES (440, 440, 'Rajesh Bhat', 28, 2, '0');
INSERT INTO Accused (AccusedMasterID, CaseMasterID, AccusedName, AgeYear, GenderID, PersonID) VALUES (517, 440, 'Altaf M. Shaikh', 39, 1, 'A1');
INSERT INTO ArrestSurrender (ArrestSurrenderID, CaseMasterID, ArrestSurrenderTypeID, ArrestSurrenderDate, ArrestSurrenderStateId, ArrestSurrenderDistrictId, PoliceStationID, IOID, CourtID, AccusedMasterID, IsAccused, IsComplainantAccused) VALUES (215, 440, 1, '2024-09-20', 1, 2, 6, 11, 2, 517, 1, 0);
INSERT INTO inv_arrestsurrenderaccused (ArrestSurrenderID, AccusedMasterID) VALUES (215, 517);
INSERT INTO CaseMaster (CaseMasterID, CrimeNo, CaseNo, CrimeRegisteredDate, PolicePersonID, PoliceStationID, CaseCategoryID, GravityOffenceID, CrimeMajorHeadID, CrimeMinorHeadID, CaseStatusID, CourtID, IncidentFromDate, IncidentToDate, InfoReceivedPSDate, latitude, longitude, BriefFacts) VALUES (441, '100060018202400441', '202400441', '2024-09-15', 35, 18, 1, 3, 1, 1, 1, 6, '2024-09-15 16:00:00', '2024-09-15 18:00:00', '2024-09-15 16:00:00', 17.323591, 76.833589, 'Station Bazar Police Station registered the case after an incident on the ring road service lane. Initial CCTV, witness, and digital-evidence checks were assigned to IO Prakash Kambali.');
INSERT INTO Inv_OccuranceTime (CaseMasterID, IncidentFromDate, IncidentToDate, latitude, longitude, PlaceOfOccurrence) VALUES (441, '2024-09-15 16:00:00', '2024-09-15 18:00:00', 17.323591, 76.833589, 'On the ring road service lane, Station Bazar');
INSERT INTO ComplainantDetails (ComplainantID, CaseMasterID, ComplainantName, AgeYear, OccupationID, ReligionID, CasteID, GenderID) VALUES (441, 441, 'Naveena Deshpande', 23, 7, 4, 4, 1);
INSERT INTO ActSectionAssociation (CaseMasterID, ActID, SectionID, ActOrderID, SectionOrderID) VALUES (441, 'IPC', '379', 1, 1);
INSERT INTO Victim (VictimMasterID, CaseMasterID, VictimName, AgeYear, GenderID, VictimPolice) VALUES (441, 441, 'Bhavya Fernandes', 74, 2, '0');
INSERT INTO Accused (AccusedMasterID, CaseMasterID, AccusedName, AgeYear, GenderID, PersonID) VALUES (518, 441, 'Sameer T. Khan', 32, 1, 'A1');
INSERT INTO Accused (AccusedMasterID, CaseMasterID, AccusedName, AgeYear, GenderID, PersonID) VALUES (519, 441, 'Mantu E. Jadhav', 35, 1, 'A2');
INSERT INTO CaseMaster (CaseMasterID, CrimeNo, CaseNo, CrimeRegisteredDate, PolicePersonID, PoliceStationID, CaseCategoryID, GravityOffenceID, CrimeMajorHeadID, CrimeMinorHeadID, CaseStatusID, CourtID, IncidentFromDate, IncidentToDate, InfoReceivedPSDate, latitude, longitude, BriefFacts) VALUES (442, '100010002202400442', '202400442', '2024-09-26', 3, 2, 1, 2, 3, 6, 1, 1, '2024-09-26 16:00:00', '2024-09-26 19:00:00', '2024-09-26 16:00:00', 12.935376, 77.629392, 'Koramangala Police Station registered the case after an incident on a residential cross road. Initial CCTV, witness, and digital-evidence checks were assigned to IO Prakash Jadhav.');
INSERT INTO Inv_OccuranceTime (CaseMasterID, IncidentFromDate, IncidentToDate, latitude, longitude, PlaceOfOccurrence) VALUES (442, '2024-09-26 16:00:00', '2024-09-26 19:00:00', 12.935376, 77.629392, 'On a residential cross road, Koramangala');
INSERT INTO ComplainantDetails (ComplainantID, CaseMasterID, ComplainantName, AgeYear, OccupationID, ReligionID, CasteID, GenderID) VALUES (442, 442, 'Kavitha Naik', 64, 1, 3, 4, 1);
INSERT INTO ActSectionAssociation (CaseMasterID, ActID, SectionID, ActOrderID, SectionOrderID) VALUES (442, 'IT_ACT', '66D', 1, 1);
INSERT INTO Victim (VictimMasterID, CaseMasterID, VictimName, AgeYear, GenderID, VictimPolice) VALUES (442, 442, 'Vinay Deshpande', 20, 2, '0');
INSERT INTO Accused (AccusedMasterID, CaseMasterID, AccusedName, AgeYear, GenderID, PersonID) VALUES (520, 442, 'Manjunath A. Pashan', 24, 1, 'A1');
INSERT INTO ChargesheetDetails (CSID, CaseMasterID, csdate, cstype, PolicePersonID) VALUES (291, 442, '2024-12-29 11:00:00', 'A', 3);
INSERT INTO CaseMaster (CaseMasterID, CrimeNo, CaseNo, CrimeRegisteredDate, PolicePersonID, PoliceStationID, CaseCategoryID, GravityOffenceID, CrimeMajorHeadID, CrimeMinorHeadID, CaseStatusID, CourtID, IncidentFromDate, IncidentToDate, InfoReceivedPSDate, latitude, longitude, BriefFacts) VALUES (443, '100010001202400443', '202400443', '2024-09-09', 1, 1, 1, 3, 3, 6, 1, 1, '2024-09-09 17:00:00', '2024-09-09 19:00:00', '2024-09-09 17:00:00', 12.989063, 77.639902, 'Control room information regarding online financial fraud was received from on a residential cross road. IO Suresh Kambali opened the investigation and secured preliminary evidence.');
INSERT INTO Inv_OccuranceTime (CaseMasterID, IncidentFromDate, IncidentToDate, latitude, longitude, PlaceOfOccurrence) VALUES (443, '2024-09-09 17:00:00', '2024-09-09 19:00:00', 12.989063, 77.639902, 'On a residential cross road, Indiranagar');
INSERT INTO ComplainantDetails (ComplainantID, CaseMasterID, ComplainantName, AgeYear, OccupationID, ReligionID, CasteID, GenderID) VALUES (443, 443, 'Deepak Shetty', 62, 7, 2, 5, 1);
INSERT INTO ActSectionAssociation (CaseMasterID, ActID, SectionID, ActOrderID, SectionOrderID) VALUES (443, 'IT_ACT', '66D', 1, 1);
INSERT INTO Victim (VictimMasterID, CaseMasterID, VictimName, AgeYear, GenderID, VictimPolice) VALUES (443, 443, 'Arun Bhat', 20, 1, '0');
INSERT INTO Accused (AccusedMasterID, CaseMasterID, AccusedName, AgeYear, GenderID, PersonID) VALUES (521, 443, 'Manjunath H. Kumar', 29, 1, 'A1');
INSERT INTO CaseMaster (CaseMasterID, CrimeNo, CaseNo, CrimeRegisteredDate, PolicePersonID, PoliceStationID, CaseCategoryID, GravityOffenceID, CrimeMajorHeadID, CrimeMinorHeadID, CaseStatusID, CourtID, IncidentFromDate, IncidentToDate, InfoReceivedPSDate, latitude, longitude, BriefFacts) VALUES (444, '100010002202400444', '202400444', '2024-09-20', 3, 2, 1, 2, 1, 1, 2, 1, '2024-09-20 09:00:00', '2024-09-20 11:00:00', '2024-09-20 09:00:00', 12.930167, 77.631302, 'Control room information regarding automobile theft was received from on a residential cross road. IO Prakash Jadhav opened the investigation and secured preliminary evidence.');
INSERT INTO Inv_OccuranceTime (CaseMasterID, IncidentFromDate, IncidentToDate, latitude, longitude, PlaceOfOccurrence) VALUES (444, '2024-09-20 09:00:00', '2024-09-20 11:00:00', 12.930167, 77.631302, 'On a residential cross road, Koramangala');
INSERT INTO ComplainantDetails (ComplainantID, CaseMasterID, ComplainantName, AgeYear, OccupationID, ReligionID, CasteID, GenderID) VALUES (444, 444, 'Radha Poojary', 65, 6, 1, 1, 2);
INSERT INTO ActSectionAssociation (CaseMasterID, ActID, SectionID, ActOrderID, SectionOrderID) VALUES (444, 'IPC', '379', 1, 1);
INSERT INTO Victim (VictimMasterID, CaseMasterID, VictimName, AgeYear, GenderID, VictimPolice) VALUES (444, 444, 'Divya Rao', 71, 1, '0');
INSERT INTO Accused (AccusedMasterID, CaseMasterID, AccusedName, AgeYear, GenderID, PersonID) VALUES (522, 444, 'Ajay O. Shaikh', 34, 1, 'A1');
INSERT INTO Accused (AccusedMasterID, CaseMasterID, AccusedName, AgeYear, GenderID, PersonID) VALUES (523, 444, 'Rohit Z. Pashan', 25, 1, 'A2');
INSERT INTO ChargesheetDetails (CSID, CaseMasterID, csdate, cstype, PolicePersonID) VALUES (292, 444, '2024-12-17 13:00:00', 'A', 3);
INSERT INTO CaseMaster (CaseMasterID, CrimeNo, CaseNo, CrimeRegisteredDate, PolicePersonID, PoliceStationID, CaseCategoryID, GravityOffenceID, CrimeMajorHeadID, CrimeMinorHeadID, CaseStatusID, CourtID, IncidentFromDate, IncidentToDate, InfoReceivedPSDate, latitude, longitude, BriefFacts) VALUES (445, '100040012202400445', '202400445', '2024-09-03', 23, 12, 1, 2, 3, 6, 1, 4, '2024-09-03 09:00:00', '2024-09-03 10:00:00', '2024-09-03 09:00:00', 15.362299, 75.143250, 'Complainant reported a suspected online financial fraud incident beside an industrial access road. The matter was registered at Suburban Police Station Hubballi and assigned to Manjunath Deshmukh.');
INSERT INTO Inv_OccuranceTime (CaseMasterID, IncidentFromDate, IncidentToDate, latitude, longitude, PlaceOfOccurrence) VALUES (445, '2024-09-03 09:00:00', '2024-09-03 10:00:00', 15.362299, 75.143250, 'Beside an industrial access road, Suburban Hubballi');
INSERT INTO ComplainantDetails (ComplainantID, CaseMasterID, ComplainantName, AgeYear, OccupationID, ReligionID, CasteID, GenderID) VALUES (445, 445, 'Chetan Fernandes', 58, 1, 5, 1, 1);
INSERT INTO ActSectionAssociation (CaseMasterID, ActID, SectionID, ActOrderID, SectionOrderID) VALUES (445, 'IT_ACT', '66D', 1, 1);
INSERT INTO Victim (VictimMasterID, CaseMasterID, VictimName, AgeYear, GenderID, VictimPolice) VALUES (445, 445, 'Vinay Patil', 24, 2, '0');
INSERT INTO Accused (AccusedMasterID, CaseMasterID, AccusedName, AgeYear, GenderID, PersonID) VALUES (524, 445, 'Jagga V. Kumar', 32, 1, 'A1');
INSERT INTO ArrestSurrender (ArrestSurrenderID, CaseMasterID, ArrestSurrenderTypeID, ArrestSurrenderDate, ArrestSurrenderStateId, ArrestSurrenderDistrictId, PoliceStationID, IOID, CourtID, AccusedMasterID, IsAccused, IsComplainantAccused) VALUES (216, 445, 1, '2024-09-27', 1, 4, 12, 23, 4, 524, 1, 0);
INSERT INTO inv_arrestsurrenderaccused (ArrestSurrenderID, AccusedMasterID) VALUES (216, 524);
INSERT INTO CaseMaster (CaseMasterID, CrimeNo, CaseNo, CrimeRegisteredDate, PolicePersonID, PoliceStationID, CaseCategoryID, GravityOffenceID, CrimeMajorHeadID, CrimeMinorHeadID, CaseStatusID, CourtID, IncidentFromDate, IncidentToDate, InfoReceivedPSDate, latitude, longitude, BriefFacts) VALUES (446, '100030010202400446', '202400446', '2024-09-14', 19, 10, 2, 2, 1, 1, 2, 3, '2024-09-14 14:00:00', '2024-09-14 16:00:00', '2024-09-14 14:00:00', 12.857488, 74.846790, 'Pandeshwar Police Station registered the case after an incident on the ring road service lane. Initial CCTV, witness, and digital-evidence checks were assigned to IO Shankar Rao.');
INSERT INTO Inv_OccuranceTime (CaseMasterID, IncidentFromDate, IncidentToDate, latitude, longitude, PlaceOfOccurrence) VALUES (446, '2024-09-14 14:00:00', '2024-09-14 16:00:00', 12.857488, 74.846790, 'On the ring road service lane, Pandeshwar');
INSERT INTO ComplainantDetails (ComplainantID, CaseMasterID, ComplainantName, AgeYear, OccupationID, ReligionID, CasteID, GenderID) VALUES (446, 446, 'Kavitha Khan', 56, 1, 1, 5, 1);
INSERT INTO ActSectionAssociation (CaseMasterID, ActID, SectionID, ActOrderID, SectionOrderID) VALUES (446, 'IPC', '379', 1, 1);
INSERT INTO Victim (VictimMasterID, CaseMasterID, VictimName, AgeYear, GenderID, VictimPolice) VALUES (446, 446, 'Arun Shetty', 23, 1, '0');
INSERT INTO Accused (AccusedMasterID, CaseMasterID, AccusedName, AgeYear, GenderID, PersonID) VALUES (525, 446, 'Mohan C. Salim', 34, 1, 'A1');
INSERT INTO ArrestSurrender (ArrestSurrenderID, CaseMasterID, ArrestSurrenderTypeID, ArrestSurrenderDate, ArrestSurrenderStateId, ArrestSurrenderDistrictId, PoliceStationID, IOID, CourtID, AccusedMasterID, IsAccused, IsComplainantAccused) VALUES (217, 446, 1, '2024-10-17', 1, 3, 10, 19, 3, 525, 1, 0);
INSERT INTO inv_arrestsurrenderaccused (ArrestSurrenderID, AccusedMasterID) VALUES (217, 525);
INSERT INTO ChargesheetDetails (CSID, CaseMasterID, csdate, cstype, PolicePersonID) VALUES (293, 446, '2024-10-27 15:00:00', 'A', 19);
INSERT INTO CaseMaster (CaseMasterID, CrimeNo, CaseNo, CrimeRegisteredDate, PolicePersonID, PoliceStationID, CaseCategoryID, GravityOffenceID, CrimeMajorHeadID, CrimeMinorHeadID, CaseStatusID, CourtID, IncidentFromDate, IncidentToDate, InfoReceivedPSDate, latitude, longitude, BriefFacts) VALUES (447, '100060018202400447', '202400447', '2024-09-25', 35, 18, 3, 2, 4, 8, 1, 6, '2024-09-25 10:00:00', '2024-09-25 13:00:00', '2024-09-25 10:00:00', 17.336930, 76.843863, 'Cheating reported beside an industrial access road within Station Bazar Police Station limits. Prakash Kambali recorded statements and initiated scene verification.');
INSERT INTO Inv_OccuranceTime (CaseMasterID, IncidentFromDate, IncidentToDate, latitude, longitude, PlaceOfOccurrence) VALUES (447, '2024-09-25 10:00:00', '2024-09-25 13:00:00', 17.336930, 76.843863, 'Beside an industrial access road, Station Bazar');
INSERT INTO ComplainantDetails (ComplainantID, CaseMasterID, ComplainantName, AgeYear, OccupationID, ReligionID, CasteID, GenderID) VALUES (447, 447, 'Chetan Bhat', 25, 1, 3, 5, 1);
INSERT INTO ActSectionAssociation (CaseMasterID, ActID, SectionID, ActOrderID, SectionOrderID) VALUES (447, 'IPC', '420', 1, 1);
INSERT INTO Victim (VictimMasterID, CaseMasterID, VictimName, AgeYear, GenderID, VictimPolice) VALUES (447, 447, 'Kiran Naik', 68, 1, '0');
INSERT INTO Accused (AccusedMasterID, CaseMasterID, AccusedName, AgeYear, GenderID, PersonID) VALUES (526, 447, 'Sameer J. Salim', 37, 1, 'A1');
INSERT INTO ArrestSurrender (ArrestSurrenderID, CaseMasterID, ArrestSurrenderTypeID, ArrestSurrenderDate, ArrestSurrenderStateId, ArrestSurrenderDistrictId, PoliceStationID, IOID, CourtID, AccusedMasterID, IsAccused, IsComplainantAccused) VALUES (218, 447, 1, '2024-09-26', 1, 6, 18, 35, 6, 526, 1, 0);
INSERT INTO inv_arrestsurrenderaccused (ArrestSurrenderID, AccusedMasterID) VALUES (218, 526);
INSERT INTO CaseMaster (CaseMasterID, CrimeNo, CaseNo, CrimeRegisteredDate, PolicePersonID, PoliceStationID, CaseCategoryID, GravityOffenceID, CrimeMajorHeadID, CrimeMinorHeadID, CaseStatusID, CourtID, IncidentFromDate, IncidentToDate, InfoReceivedPSDate, latitude, longitude, BriefFacts) VALUES (448, '100010002202400448', '202400448', '2024-09-08', 3, 2, 1, 1, 1, 10, 1, 1, '2024-09-08 18:00:00', '2024-09-08 21:00:00', '2024-09-08 18:00:00', 12.939498, 77.633585, 'Control room information regarding highway robbery was received from beside a metro approach road. IO Prakash Jadhav opened the investigation and secured preliminary evidence.');
INSERT INTO Inv_OccuranceTime (CaseMasterID, IncidentFromDate, IncidentToDate, latitude, longitude, PlaceOfOccurrence) VALUES (448, '2024-09-08 18:00:00', '2024-09-08 21:00:00', 12.939498, 77.633585, 'Beside a metro approach road, Koramangala');
INSERT INTO ComplainantDetails (ComplainantID, CaseMasterID, ComplainantName, AgeYear, OccupationID, ReligionID, CasteID, GenderID) VALUES (448, 448, 'Pooja Hegde', 53, 3, 3, 3, 1);
INSERT INTO ActSectionAssociation (CaseMasterID, ActID, SectionID, ActOrderID, SectionOrderID) VALUES (448, 'IPC', '379', 1, 1);
INSERT INTO Victim (VictimMasterID, CaseMasterID, VictimName, AgeYear, GenderID, VictimPolice) VALUES (448, 448, 'Arun Murthy', 50, 1, '0');
INSERT INTO Accused (AccusedMasterID, CaseMasterID, AccusedName, AgeYear, GenderID, PersonID) VALUES (527, 448, 'Lokesh Q. Khan', 38, 1, 'A1');
INSERT INTO Accused (AccusedMasterID, CaseMasterID, AccusedName, AgeYear, GenderID, PersonID) VALUES (528, 448, 'Manjunath B. Jadhav', 27, 1, 'A2');
INSERT INTO ArrestSurrender (ArrestSurrenderID, CaseMasterID, ArrestSurrenderTypeID, ArrestSurrenderDate, ArrestSurrenderStateId, ArrestSurrenderDistrictId, PoliceStationID, IOID, CourtID, AccusedMasterID, IsAccused, IsComplainantAccused) VALUES (219, 448, 1, '2024-09-19', 1, 1, 2, 3, 1, 527, 1, 0);
INSERT INTO inv_arrestsurrenderaccused (ArrestSurrenderID, AccusedMasterID) VALUES (219, 527);
INSERT INTO inv_arrestsurrenderaccused (ArrestSurrenderID, AccusedMasterID) VALUES (219, 528);
INSERT INTO CaseMaster (CaseMasterID, CrimeNo, CaseNo, CrimeRegisteredDate, PolicePersonID, PoliceStationID, CaseCategoryID, GravityOffenceID, CrimeMajorHeadID, CrimeMinorHeadID, CaseStatusID, CourtID, IncidentFromDate, IncidentToDate, InfoReceivedPSDate, latitude, longitude, BriefFacts) VALUES (449, '100040014202400449', '202400449', '2024-09-19', 27, 14, 1, 3, 1, 2, 1, 4, '2024-09-19 00:00:00', '2024-09-19 03:00:00', '2024-09-19 00:00:00', 15.462220, 74.998917, 'Complainant reported a suspected house breaking night incident beside an industrial access road. The matter was registered at Suburban Police Station Dharwad and assigned to Anitha Pawar.');
INSERT INTO Inv_OccuranceTime (CaseMasterID, IncidentFromDate, IncidentToDate, latitude, longitude, PlaceOfOccurrence) VALUES (449, '2024-09-19 00:00:00', '2024-09-19 03:00:00', 15.462220, 74.998917, 'Beside an industrial access road, Suburban Dharwad');
INSERT INTO ComplainantDetails (ComplainantID, CaseMasterID, ComplainantName, AgeYear, OccupationID, ReligionID, CasteID, GenderID) VALUES (449, 449, 'Girish Deshpande', 47, 3, 4, 1, 1);
INSERT INTO ActSectionAssociation (CaseMasterID, ActID, SectionID, ActOrderID, SectionOrderID) VALUES (449, 'IPC', '379', 1, 1);
INSERT INTO Victim (VictimMasterID, CaseMasterID, VictimName, AgeYear, GenderID, VictimPolice) VALUES (449, 449, 'Sangeetha Poojary', 41, 2, '0');
INSERT INTO Accused (AccusedMasterID, CaseMasterID, AccusedName, AgeYear, GenderID, PersonID) VALUES (529, 449, 'Dharma X. Singh', 27, 1, 'A1');
INSERT INTO CaseMaster (CaseMasterID, CrimeNo, CaseNo, CrimeRegisteredDate, PolicePersonID, PoliceStationID, CaseCategoryID, GravityOffenceID, CrimeMajorHeadID, CrimeMinorHeadID, CaseStatusID, CourtID, IncidentFromDate, IncidentToDate, InfoReceivedPSDate, latitude, longitude, BriefFacts) VALUES (450, '100010002202400450', '202400450', '2024-09-02', 3, 2, 1, 3, 5, 9, 1, 1, '2024-09-02 15:00:00', '2024-09-02 17:00:00', '2024-09-02 15:00:00', 12.942371, 77.617294, 'Control room information regarding ganja possession was received from beside a metro approach road. IO Prakash Jadhav opened the investigation and secured preliminary evidence.');
INSERT INTO Inv_OccuranceTime (CaseMasterID, IncidentFromDate, IncidentToDate, latitude, longitude, PlaceOfOccurrence) VALUES (450, '2024-09-02 15:00:00', '2024-09-02 17:00:00', 12.942371, 77.617294, 'Beside a metro approach road, Koramangala');
INSERT INTO ComplainantDetails (ComplainantID, CaseMasterID, ComplainantName, AgeYear, OccupationID, ReligionID, CasteID, GenderID) VALUES (450, 450, 'Jagadish Gowda', 62, 3, 5, 3, 2);
INSERT INTO ActSectionAssociation (CaseMasterID, ActID, SectionID, ActOrderID, SectionOrderID) VALUES (450, 'NDPS', '20', 1, 1);
INSERT INTO Victim (VictimMasterID, CaseMasterID, VictimName, AgeYear, GenderID, VictimPolice) VALUES (450, 450, 'Roshan Rao', 63, 1, '0');
INSERT INTO Accused (AccusedMasterID, CaseMasterID, AccusedName, AgeYear, GenderID, PersonID) VALUES (530, 450, 'Tukaram E. Salim', 43, 1, 'A1');
INSERT INTO ArrestSurrender (ArrestSurrenderID, CaseMasterID, ArrestSurrenderTypeID, ArrestSurrenderDate, ArrestSurrenderStateId, ArrestSurrenderDistrictId, PoliceStationID, IOID, CourtID, AccusedMasterID, IsAccused, IsComplainantAccused) VALUES (220, 450, 1, '2024-09-08', 1, 1, 2, 3, 1, 530, 1, 0);
INSERT INTO inv_arrestsurrenderaccused (ArrestSurrenderID, AccusedMasterID) VALUES (220, 530);
INSERT INTO CaseMaster (CaseMasterID, CrimeNo, CaseNo, CrimeRegisteredDate, PolicePersonID, PoliceStationID, CaseCategoryID, GravityOffenceID, CrimeMajorHeadID, CrimeMinorHeadID, CaseStatusID, CourtID, IncidentFromDate, IncidentToDate, InfoReceivedPSDate, latitude, longitude, BriefFacts) VALUES (451, '100010001202400451', '202400451', '2024-09-13', 1, 1, 1, 2, 1, 1, 1, 1, '2024-09-13 15:00:00', '2024-09-13 18:00:00', '2024-09-13 15:00:00', 12.975534, 77.637271, 'Automobile Theft reported outside a commercial complex within Indiranagar Police Station limits. Suresh Kambali recorded statements and initiated scene verification.');
INSERT INTO Inv_OccuranceTime (CaseMasterID, IncidentFromDate, IncidentToDate, latitude, longitude, PlaceOfOccurrence) VALUES (451, '2024-09-13 15:00:00', '2024-09-13 18:00:00', 12.975534, 77.637271, 'Outside a commercial complex, Indiranagar');
INSERT INTO ComplainantDetails (ComplainantID, CaseMasterID, ComplainantName, AgeYear, OccupationID, ReligionID, CasteID, GenderID) VALUES (451, 451, 'Pooja Patil', 45, 4, 4, 1, 2);
INSERT INTO ActSectionAssociation (CaseMasterID, ActID, SectionID, ActOrderID, SectionOrderID) VALUES (451, 'IPC', '379', 1, 1);
INSERT INTO Victim (VictimMasterID, CaseMasterID, VictimName, AgeYear, GenderID, VictimPolice) VALUES (451, 451, 'Divya Deshpande', 69, 2, '0');
INSERT INTO Accused (AccusedMasterID, CaseMasterID, AccusedName, AgeYear, GenderID, PersonID) VALUES (531, 451, 'Dharma L. Singh', 29, 1, 'A1');
INSERT INTO CaseMaster (CaseMasterID, CrimeNo, CaseNo, CrimeRegisteredDate, PolicePersonID, PoliceStationID, CaseCategoryID, GravityOffenceID, CrimeMajorHeadID, CrimeMinorHeadID, CaseStatusID, CourtID, IncidentFromDate, IncidentToDate, InfoReceivedPSDate, latitude, longitude, BriefFacts) VALUES (452, '100020007202400452', '202400452', '2024-09-24', 13, 7, 1, 3, 4, 8, 1, 2, '2024-09-24 12:00:00', '2024-09-24 13:00:00', '2024-09-24 12:00:00', 12.305288, 76.660535, 'Control room information regarding cheating was received from near the inter-city bus stand. IO Suresh Rao opened the investigation and secured preliminary evidence.');
INSERT INTO Inv_OccuranceTime (CaseMasterID, IncidentFromDate, IncidentToDate, latitude, longitude, PlaceOfOccurrence) VALUES (452, '2024-09-24 12:00:00', '2024-09-24 13:00:00', 12.305288, 76.660535, 'Near the inter-city bus stand, Lashkar');
INSERT INTO ComplainantDetails (ComplainantID, CaseMasterID, ComplainantName, AgeYear, OccupationID, ReligionID, CasteID, GenderID) VALUES (452, 452, 'Anand Deshpande', 26, 6, 5, 4, 2);
INSERT INTO ActSectionAssociation (CaseMasterID, ActID, SectionID, ActOrderID, SectionOrderID) VALUES (452, 'IPC', '420', 1, 1);
INSERT INTO Victim (VictimMasterID, CaseMasterID, VictimName, AgeYear, GenderID, VictimPolice) VALUES (452, 452, 'Divya Khan', 46, 1, '0');
INSERT INTO Accused (AccusedMasterID, CaseMasterID, AccusedName, AgeYear, GenderID, PersonID) VALUES (532, 452, 'Salman S. Naik', 32, 1, 'A1');
INSERT INTO ArrestSurrender (ArrestSurrenderID, CaseMasterID, ArrestSurrenderTypeID, ArrestSurrenderDate, ArrestSurrenderStateId, ArrestSurrenderDistrictId, PoliceStationID, IOID, CourtID, AccusedMasterID, IsAccused, IsComplainantAccused) VALUES (221, 452, 1, '2024-09-26', 1, 2, 7, 13, 2, 532, 1, 0);
INSERT INTO inv_arrestsurrenderaccused (ArrestSurrenderID, AccusedMasterID) VALUES (221, 532);
INSERT INTO CaseMaster (CaseMasterID, CrimeNo, CaseNo, CrimeRegisteredDate, PolicePersonID, PoliceStationID, CaseCategoryID, GravityOffenceID, CrimeMajorHeadID, CrimeMinorHeadID, CaseStatusID, CourtID, IncidentFromDate, IncidentToDate, InfoReceivedPSDate, latitude, longitude, BriefFacts) VALUES (453, '100010004202400453', '202400453', '2024-10-08', 7, 4, 1, 3, 4, 8, 1, 1, '2024-10-08 11:00:00', '2024-10-08 13:00:00', '2024-10-08 11:00:00', 12.933082, 77.596734, 'Complainant reported a suspected cheating incident beside a metro approach road. The matter was registered at Jayanagar Police Station and assigned to Kiran Bhat.');
INSERT INTO Inv_OccuranceTime (CaseMasterID, IncidentFromDate, IncidentToDate, latitude, longitude, PlaceOfOccurrence) VALUES (453, '2024-10-08 11:00:00', '2024-10-08 13:00:00', 12.933082, 77.596734, 'Beside a metro approach road, Jayanagar');
INSERT INTO ComplainantDetails (ComplainantID, CaseMasterID, ComplainantName, AgeYear, OccupationID, ReligionID, CasteID, GenderID) VALUES (453, 453, 'Bharath Fernandes', 47, 2, 2, 2, 1);
INSERT INTO ActSectionAssociation (CaseMasterID, ActID, SectionID, ActOrderID, SectionOrderID) VALUES (453, 'IPC', '420', 1, 1);
INSERT INTO Victim (VictimMasterID, CaseMasterID, VictimName, AgeYear, GenderID, VictimPolice) VALUES (453, 453, 'Kiran Shetty', 63, 1, '0');
INSERT INTO Accused (AccusedMasterID, CaseMasterID, AccusedName, AgeYear, GenderID, PersonID) VALUES (533, 453, 'Jagga Z. Shaikh', 20, 1, 'A1');
INSERT INTO CaseMaster (CaseMasterID, CrimeNo, CaseNo, CrimeRegisteredDate, PolicePersonID, PoliceStationID, CaseCategoryID, GravityOffenceID, CrimeMajorHeadID, CrimeMinorHeadID, CaseStatusID, CourtID, IncidentFromDate, IncidentToDate, InfoReceivedPSDate, latitude, longitude, BriefFacts) VALUES (454, '100010002202400454', '202400454', '2024-10-19', 3, 2, 1, 1, 4, 8, 1, 1, '2024-10-19 11:00:00', '2024-10-19 13:00:00', '2024-10-19 11:00:00', 12.928006, 77.614307, 'Cheating reported on a residential cross road within Koramangala Police Station limits. Prakash Jadhav recorded statements and initiated scene verification.');
INSERT INTO Inv_OccuranceTime (CaseMasterID, IncidentFromDate, IncidentToDate, latitude, longitude, PlaceOfOccurrence) VALUES (454, '2024-10-19 11:00:00', '2024-10-19 13:00:00', 12.928006, 77.614307, 'On a residential cross road, Koramangala');
INSERT INTO ComplainantDetails (ComplainantID, CaseMasterID, ComplainantName, AgeYear, OccupationID, ReligionID, CasteID, GenderID) VALUES (454, 454, 'Ayesha Patil', 50, 5, 5, 1, 1);
INSERT INTO ActSectionAssociation (CaseMasterID, ActID, SectionID, ActOrderID, SectionOrderID) VALUES (454, 'IPC', '420', 1, 1);
INSERT INTO Victim (VictimMasterID, CaseMasterID, VictimName, AgeYear, GenderID, VictimPolice) VALUES (454, 454, 'Praveen Naik', 21, 1, '0');
INSERT INTO Accused (AccusedMasterID, CaseMasterID, AccusedName, AgeYear, GenderID, PersonID) VALUES (534, 454, 'Tukaram G. Verma', 36, 1, 'A1');
INSERT INTO ArrestSurrender (ArrestSurrenderID, CaseMasterID, ArrestSurrenderTypeID, ArrestSurrenderDate, ArrestSurrenderStateId, ArrestSurrenderDistrictId, PoliceStationID, IOID, CourtID, AccusedMasterID, IsAccused, IsComplainantAccused) VALUES (222, 454, 1, '2024-10-27', 1, 1, 2, 3, 1, 534, 1, 0);
INSERT INTO inv_arrestsurrenderaccused (ArrestSurrenderID, AccusedMasterID) VALUES (222, 534);
INSERT INTO CaseMaster (CaseMasterID, CrimeNo, CaseNo, CrimeRegisteredDate, PolicePersonID, PoliceStationID, CaseCategoryID, GravityOffenceID, CrimeMajorHeadID, CrimeMinorHeadID, CaseStatusID, CourtID, IncidentFromDate, IncidentToDate, InfoReceivedPSDate, latitude, longitude, BriefFacts) VALUES (455, '100020006202400455', '202400455', '2024-10-02', 11, 6, 1, 3, 3, 6, 1, 2, '2024-10-02 10:00:00', '2024-10-02 12:00:00', '2024-10-02 10:00:00', 12.302145, 76.645930, 'Devaraja Police Station registered the case after an incident near the central market. Initial CCTV, witness, and digital-evidence checks were assigned to IO Anitha Gowda.');
INSERT INTO Inv_OccuranceTime (CaseMasterID, IncidentFromDate, IncidentToDate, latitude, longitude, PlaceOfOccurrence) VALUES (455, '2024-10-02 10:00:00', '2024-10-02 12:00:00', 12.302145, 76.645930, 'Near the central market, Devaraja');
INSERT INTO ComplainantDetails (ComplainantID, CaseMasterID, ComplainantName, AgeYear, OccupationID, ReligionID, CasteID, GenderID) VALUES (455, 455, 'Anand Deshpande', 22, 1, 5, 1, 2);
INSERT INTO ActSectionAssociation (CaseMasterID, ActID, SectionID, ActOrderID, SectionOrderID) VALUES (455, 'IT_ACT', '66D', 1, 1);
INSERT INTO Victim (VictimMasterID, CaseMasterID, VictimName, AgeYear, GenderID, VictimPolice) VALUES (455, 455, 'Divya Patil', 28, 2, '0');
INSERT INTO Accused (AccusedMasterID, CaseMasterID, AccusedName, AgeYear, GenderID, PersonID) VALUES (535, 455, 'Dharma N. Salim', 27, 1, 'A1');
INSERT INTO Accused (AccusedMasterID, CaseMasterID, AccusedName, AgeYear, GenderID, PersonID) VALUES (536, 455, 'Pandu Y. Patil', 20, 1, 'A2');
INSERT INTO CaseMaster (CaseMasterID, CrimeNo, CaseNo, CrimeRegisteredDate, PolicePersonID, PoliceStationID, CaseCategoryID, GravityOffenceID, CrimeMajorHeadID, CrimeMinorHeadID, CaseStatusID, CourtID, IncidentFromDate, IncidentToDate, InfoReceivedPSDate, latitude, longitude, BriefFacts) VALUES (456, '100030009202400456', '202400456', '2024-10-13', 17, 9, 1, 3, 1, 2, 4, 3, '2024-10-13 00:00:00', '2024-10-13 02:00:00', '2024-10-13 00:00:00', 12.889497, 74.857128, 'House Breaking Night reported near the inter-city bus stand within Kadri Police Station limits. Basavaraj Patil recorded statements and initiated scene verification.');
INSERT INTO Inv_OccuranceTime (CaseMasterID, IncidentFromDate, IncidentToDate, latitude, longitude, PlaceOfOccurrence) VALUES (456, '2024-10-13 00:00:00', '2024-10-13 02:00:00', 12.889497, 74.857128, 'Near the inter-city bus stand, Kadri');
INSERT INTO ComplainantDetails (ComplainantID, CaseMasterID, ComplainantName, AgeYear, OccupationID, ReligionID, CasteID, GenderID) VALUES (456, 456, 'Joel Rao', 33, 4, 3, 4, 1);
INSERT INTO ActSectionAssociation (CaseMasterID, ActID, SectionID, ActOrderID, SectionOrderID) VALUES (456, 'IPC', '379', 1, 1);
INSERT INTO Victim (VictimMasterID, CaseMasterID, VictimName, AgeYear, GenderID, VictimPolice) VALUES (456, 456, 'Vinay Deshpande', 18, 2, '0');
INSERT INTO Accused (AccusedMasterID, CaseMasterID, AccusedName, AgeYear, GenderID, PersonID) VALUES (537, 456, 'Vicky U. Gowda', 38, 1, 'A1');
INSERT INTO ChargesheetDetails (CSID, CaseMasterID, csdate, cstype, PolicePersonID) VALUES (294, 456, '2024-12-20 17:00:00', 'A', 17);
INSERT INTO CaseMaster (CaseMasterID, CrimeNo, CaseNo, CrimeRegisteredDate, PolicePersonID, PoliceStationID, CaseCategoryID, GravityOffenceID, CrimeMajorHeadID, CrimeMinorHeadID, CaseStatusID, CourtID, IncidentFromDate, IncidentToDate, InfoReceivedPSDate, latitude, longitude, BriefFacts) VALUES (457, '100040012202400457', '202400457', '2024-10-24', 23, 12, 1, 2, 2, 5, 1, 4, '2024-10-24 16:00:00', '2024-10-24 17:00:00', '2024-10-24 16:00:00', 15.353434, 75.151022, 'Suburban Police Station Hubballi registered the case after an incident beside an industrial access road. Initial CCTV, witness, and digital-evidence checks were assigned to IO Manjunath Deshmukh.');
INSERT INTO Inv_OccuranceTime (CaseMasterID, IncidentFromDate, IncidentToDate, latitude, longitude, PlaceOfOccurrence) VALUES (457, '2024-10-24 16:00:00', '2024-10-24 17:00:00', 15.353434, 75.151022, 'Beside an industrial access road, Suburban Hubballi');
INSERT INTO ComplainantDetails (ComplainantID, CaseMasterID, ComplainantName, AgeYear, OccupationID, ReligionID, CasteID, GenderID) VALUES (457, 457, 'Harish Joshi', 38, 1, 2, 4, 1);
INSERT INTO ActSectionAssociation (CaseMasterID, ActID, SectionID, ActOrderID, SectionOrderID) VALUES (457, 'IPC', '302', 1, 1);
INSERT INTO Victim (VictimMasterID, CaseMasterID, VictimName, AgeYear, GenderID, VictimPolice) VALUES (457, 457, 'Kiran Patil', 37, 2, '0');
INSERT INTO Accused (AccusedMasterID, CaseMasterID, AccusedName, AgeYear, GenderID, PersonID) VALUES (538, 457, 'Nagesh B. Jadhav', 31, 1, 'A1');
INSERT INTO CaseMaster (CaseMasterID, CrimeNo, CaseNo, CrimeRegisteredDate, PolicePersonID, PoliceStationID, CaseCategoryID, GravityOffenceID, CrimeMajorHeadID, CrimeMinorHeadID, CaseStatusID, CourtID, IncidentFromDate, IncidentToDate, InfoReceivedPSDate, latitude, longitude, BriefFacts) VALUES (458, '100020006202400458', '202400458', '2024-10-07', 11, 6, 1, 2, 1, 3, 1, 2, '2024-10-07 19:00:00', '2024-10-07 21:00:00', '2024-10-07 19:00:00', 12.309659, 76.648817, 'Devaraja Police Station registered the case after an incident near the central market. Initial CCTV, witness, and digital-evidence checks were assigned to IO Anitha Gowda.');
INSERT INTO Inv_OccuranceTime (CaseMasterID, IncidentFromDate, IncidentToDate, latitude, longitude, PlaceOfOccurrence) VALUES (458, '2024-10-07 19:00:00', '2024-10-07 21:00:00', 12.309659, 76.648817, 'Near the central market, Devaraja');
INSERT INTO ComplainantDetails (ComplainantID, CaseMasterID, ComplainantName, AgeYear, OccupationID, ReligionID, CasteID, GenderID) VALUES (458, 458, 'Bharath Naik', 68, 7, 3, 4, 2);
INSERT INTO ActSectionAssociation (CaseMasterID, ActID, SectionID, ActOrderID, SectionOrderID) VALUES (458, 'IPC', '379', 1, 1);
INSERT INTO Victim (VictimMasterID, CaseMasterID, VictimName, AgeYear, GenderID, VictimPolice) VALUES (458, 458, 'Ganesh Bhat', 54, 1, '0');
INSERT INTO Accused (AccusedMasterID, CaseMasterID, AccusedName, AgeYear, GenderID, PersonID) VALUES (539, 458, 'Tukaram I. Gowda', 32, 1, 'A1');
INSERT INTO ArrestSurrender (ArrestSurrenderID, CaseMasterID, ArrestSurrenderTypeID, ArrestSurrenderDate, ArrestSurrenderStateId, ArrestSurrenderDistrictId, PoliceStationID, IOID, CourtID, AccusedMasterID, IsAccused, IsComplainantAccused) VALUES (223, 458, 1, '2024-11-01', 1, 2, 6, 11, 2, 539, 1, 0);
INSERT INTO inv_arrestsurrenderaccused (ArrestSurrenderID, AccusedMasterID) VALUES (223, 539);
INSERT INTO CaseMaster (CaseMasterID, CrimeNo, CaseNo, CrimeRegisteredDate, PolicePersonID, PoliceStationID, CaseCategoryID, GravityOffenceID, CrimeMajorHeadID, CrimeMinorHeadID, CaseStatusID, CourtID, IncidentFromDate, IncidentToDate, InfoReceivedPSDate, latitude, longitude, BriefFacts) VALUES (459, '100010003202400459', '202400459', '2024-10-18', 5, 3, 1, 3, 3, 7, 1, 1, '2024-10-18 16:00:00', '2024-10-18 18:00:00', '2024-10-18 16:00:00', 12.967010, 77.751846, 'Whitefield Police Station registered the case after an incident outside a commercial complex. Initial CCTV, witness, and digital-evidence checks were assigned to IO Lakshmi Shetty.');
INSERT INTO Inv_OccuranceTime (CaseMasterID, IncidentFromDate, IncidentToDate, latitude, longitude, PlaceOfOccurrence) VALUES (459, '2024-10-18 16:00:00', '2024-10-18 18:00:00', 12.967010, 77.751846, 'Outside a commercial complex, Whitefield');
INSERT INTO ComplainantDetails (ComplainantID, CaseMasterID, ComplainantName, AgeYear, OccupationID, ReligionID, CasteID, GenderID) VALUES (459, 459, 'Jagadish Kulkarni', 35, 7, 3, 2, 2);
INSERT INTO ActSectionAssociation (CaseMasterID, ActID, SectionID, ActOrderID, SectionOrderID) VALUES (459, 'IT_ACT', '66D', 1, 1);
INSERT INTO Victim (VictimMasterID, CaseMasterID, VictimName, AgeYear, GenderID, VictimPolice) VALUES (459, 459, 'Divya Bhat', 45, 2, '0');
INSERT INTO Accused (AccusedMasterID, CaseMasterID, AccusedName, AgeYear, GenderID, PersonID) VALUES (540, 459, 'Lokesh P. Reddy', 22, 1, 'A1');
INSERT INTO CaseMaster (CaseMasterID, CrimeNo, CaseNo, CrimeRegisteredDate, PolicePersonID, PoliceStationID, CaseCategoryID, GravityOffenceID, CrimeMajorHeadID, CrimeMinorHeadID, CaseStatusID, CourtID, IncidentFromDate, IncidentToDate, InfoReceivedPSDate, latitude, longitude, BriefFacts) VALUES (460, '100050015202400460', '202400460', '2024-10-01', 29, 15, 1, 2, 1, 2, 1, 5, '2024-10-01 23:00:00', '2024-10-01 00:00:00', '2024-10-01 23:00:00', 15.860070, 74.496281, 'Complainant reported a suspected house breaking night incident on the ring road service lane. The matter was registered at Camp Police Station Belagavi and assigned to Prakash Patil.');
INSERT INTO Inv_OccuranceTime (CaseMasterID, IncidentFromDate, IncidentToDate, latitude, longitude, PlaceOfOccurrence) VALUES (460, '2024-10-01 23:00:00', '2024-10-01 00:00:00', 15.860070, 74.496281, 'On the ring road service lane, Camp Belagavi');
INSERT INTO ComplainantDetails (ComplainantID, CaseMasterID, ComplainantName, AgeYear, OccupationID, ReligionID, CasteID, GenderID) VALUES (460, 460, 'Farhan Deshpande', 23, 5, 5, 1, 2);
INSERT INTO ActSectionAssociation (CaseMasterID, ActID, SectionID, ActOrderID, SectionOrderID) VALUES (460, 'IPC', '379', 1, 1);
INSERT INTO Victim (VictimMasterID, CaseMasterID, VictimName, AgeYear, GenderID, VictimPolice) VALUES (460, 460, 'Arun Khan', 74, 1, '0');
INSERT INTO Accused (AccusedMasterID, CaseMasterID, AccusedName, AgeYear, GenderID, PersonID) VALUES (541, 460, 'Nagesh W. Shetty', 27, 1, 'A1');
INSERT INTO ArrestSurrender (ArrestSurrenderID, CaseMasterID, ArrestSurrenderTypeID, ArrestSurrenderDate, ArrestSurrenderStateId, ArrestSurrenderDistrictId, PoliceStationID, IOID, CourtID, AccusedMasterID, IsAccused, IsComplainantAccused) VALUES (224, 460, 1, '2024-10-11', 1, 5, 15, 29, 5, 541, 1, 0);
INSERT INTO inv_arrestsurrenderaccused (ArrestSurrenderID, AccusedMasterID) VALUES (224, 541);
INSERT INTO CaseMaster (CaseMasterID, CrimeNo, CaseNo, CrimeRegisteredDate, PolicePersonID, PoliceStationID, CaseCategoryID, GravityOffenceID, CrimeMajorHeadID, CrimeMinorHeadID, CaseStatusID, CourtID, IncidentFromDate, IncidentToDate, InfoReceivedPSDate, latitude, longitude, BriefFacts) VALUES (461, '100060018202400461', '202400461', '2024-10-12', 35, 18, 1, 3, 5, 9, 1, 6, '2024-10-12 21:00:00', '2024-10-12 22:00:00', '2024-10-12 21:00:00', 17.320736, 76.842085, 'Station Bazar Police Station registered the case after an incident on the ring road service lane. Initial CCTV, witness, and digital-evidence checks were assigned to IO Prakash Kambali.');
INSERT INTO Inv_OccuranceTime (CaseMasterID, IncidentFromDate, IncidentToDate, latitude, longitude, PlaceOfOccurrence) VALUES (461, '2024-10-12 21:00:00', '2024-10-12 22:00:00', 17.320736, 76.842085, 'On the ring road service lane, Station Bazar');
INSERT INTO ComplainantDetails (ComplainantID, CaseMasterID, ComplainantName, AgeYear, OccupationID, ReligionID, CasteID, GenderID) VALUES (461, 461, 'Bharath Hegde', 72, 6, 4, 1, 2);
INSERT INTO ActSectionAssociation (CaseMasterID, ActID, SectionID, ActOrderID, SectionOrderID) VALUES (461, 'NDPS', '20', 1, 1);
INSERT INTO Victim (VictimMasterID, CaseMasterID, VictimName, AgeYear, GenderID, VictimPolice) VALUES (461, 461, 'Roshan Bhat', 70, 2, '0');
INSERT INTO Accused (AccusedMasterID, CaseMasterID, AccusedName, AgeYear, GenderID, PersonID) VALUES (542, 461, 'Jagga D. Shaikh', 34, 1, 'A1');
INSERT INTO CaseMaster (CaseMasterID, CrimeNo, CaseNo, CrimeRegisteredDate, PolicePersonID, PoliceStationID, CaseCategoryID, GravityOffenceID, CrimeMajorHeadID, CrimeMinorHeadID, CaseStatusID, CourtID, IncidentFromDate, IncidentToDate, InfoReceivedPSDate, latitude, longitude, BriefFacts) VALUES (462, '100010005202400462', '202400462', '2024-10-23', 9, 5, 1, 3, 4, 8, 1, 1, '2024-10-23 14:00:00', '2024-10-23 16:00:00', '2024-10-23 14:00:00', 13.007234, 77.567245, 'Malleshwaram Police Station registered the case after an incident on a residential cross road. Initial CCTV, witness, and digital-evidence checks were assigned to IO Ramesh Pawar.');
INSERT INTO Inv_OccuranceTime (CaseMasterID, IncidentFromDate, IncidentToDate, latitude, longitude, PlaceOfOccurrence) VALUES (462, '2024-10-23 14:00:00', '2024-10-23 16:00:00', 13.007234, 77.567245, 'On a residential cross road, Malleshwaram');
INSERT INTO ComplainantDetails (ComplainantID, CaseMasterID, ComplainantName, AgeYear, OccupationID, ReligionID, CasteID, GenderID) VALUES (462, 462, 'Nandini Patil', 41, 4, 1, 2, 1);
INSERT INTO ActSectionAssociation (CaseMasterID, ActID, SectionID, ActOrderID, SectionOrderID) VALUES (462, 'IPC', '420', 1, 1);
INSERT INTO Victim (VictimMasterID, CaseMasterID, VictimName, AgeYear, GenderID, VictimPolice) VALUES (462, 462, 'Arun Fernandes', 45, 1, '0');
INSERT INTO Accused (AccusedMasterID, CaseMasterID, AccusedName, AgeYear, GenderID, PersonID) VALUES (543, 462, 'Lokesh K. Kumar', 27, 1, 'A1');
INSERT INTO ArrestSurrender (ArrestSurrenderID, CaseMasterID, ArrestSurrenderTypeID, ArrestSurrenderDate, ArrestSurrenderStateId, ArrestSurrenderDistrictId, PoliceStationID, IOID, CourtID, AccusedMasterID, IsAccused, IsComplainantAccused) VALUES (225, 462, 1, '2024-11-11', 1, 1, 5, 9, 1, 543, 1, 0);
INSERT INTO inv_arrestsurrenderaccused (ArrestSurrenderID, AccusedMasterID) VALUES (225, 543);
INSERT INTO CaseMaster (CaseMasterID, CrimeNo, CaseNo, CrimeRegisteredDate, PolicePersonID, PoliceStationID, CaseCategoryID, GravityOffenceID, CrimeMajorHeadID, CrimeMinorHeadID, CaseStatusID, CourtID, IncidentFromDate, IncidentToDate, InfoReceivedPSDate, latitude, longitude, BriefFacts) VALUES (463, '100060018202400463', '202400463', '2024-10-06', 35, 18, 1, 2, 1, 10, 2, 6, '2024-10-06 19:00:00', '2024-10-06 22:00:00', '2024-10-06 19:00:00', 17.334864, 76.829938, 'Control room information regarding highway robbery was received from beside an industrial access road. IO Prakash Kambali opened the investigation and secured preliminary evidence.');
INSERT INTO Inv_OccuranceTime (CaseMasterID, IncidentFromDate, IncidentToDate, latitude, longitude, PlaceOfOccurrence) VALUES (463, '2024-10-06 19:00:00', '2024-10-06 22:00:00', 17.334864, 76.829938, 'Beside an industrial access road, Station Bazar');
INSERT INTO ComplainantDetails (ComplainantID, CaseMasterID, ComplainantName, AgeYear, OccupationID, ReligionID, CasteID, GenderID) VALUES (463, 463, 'Latha Murthy', 35, 1, 4, 5, 2);
INSERT INTO ActSectionAssociation (CaseMasterID, ActID, SectionID, ActOrderID, SectionOrderID) VALUES (463, 'IPC', '379', 1, 1);
INSERT INTO Victim (VictimMasterID, CaseMasterID, VictimName, AgeYear, GenderID, VictimPolice) VALUES (463, 463, 'Kiran Kulkarni', 62, 1, '0');
INSERT INTO Accused (AccusedMasterID, CaseMasterID, AccusedName, AgeYear, GenderID, PersonID) VALUES (544, 463, 'Jagga R. Shetty', 24, 1, 'A1');
INSERT INTO ArrestSurrender (ArrestSurrenderID, CaseMasterID, ArrestSurrenderTypeID, ArrestSurrenderDate, ArrestSurrenderStateId, ArrestSurrenderDistrictId, PoliceStationID, IOID, CourtID, AccusedMasterID, IsAccused, IsComplainantAccused) VALUES (226, 463, 1, '2024-10-14', 1, 6, 18, 35, 6, 544, 1, 0);
INSERT INTO inv_arrestsurrenderaccused (ArrestSurrenderID, AccusedMasterID) VALUES (226, 544);
INSERT INTO ChargesheetDetails (CSID, CaseMasterID, csdate, cstype, PolicePersonID) VALUES (295, 463, '2024-12-27 12:00:00', 'A', 35);
INSERT INTO CaseMaster (CaseMasterID, CrimeNo, CaseNo, CrimeRegisteredDate, PolicePersonID, PoliceStationID, CaseCategoryID, GravityOffenceID, CrimeMajorHeadID, CrimeMinorHeadID, CaseStatusID, CourtID, IncidentFromDate, IncidentToDate, InfoReceivedPSDate, latitude, longitude, BriefFacts) VALUES (464, '100010001202400464', '202400464', '2024-10-17', 1, 1, 1, 3, 1, 1, 3, 1, '2024-10-17 21:00:00', '2024-10-17 23:00:00', '2024-10-17 21:00:00', 12.989092, 77.640485, 'Control room information regarding automobile theft was received from beside a metro approach road. IO Suresh Kambali opened the investigation and secured preliminary evidence.');
INSERT INTO Inv_OccuranceTime (CaseMasterID, IncidentFromDate, IncidentToDate, latitude, longitude, PlaceOfOccurrence) VALUES (464, '2024-10-17 21:00:00', '2024-10-17 23:00:00', 12.989092, 77.640485, 'Beside a metro approach road, Indiranagar');
INSERT INTO ComplainantDetails (ComplainantID, CaseMasterID, ComplainantName, AgeYear, OccupationID, ReligionID, CasteID, GenderID) VALUES (464, 464, 'Radha Poojary', 35, 4, 4, 1, 1);
INSERT INTO ActSectionAssociation (CaseMasterID, ActID, SectionID, ActOrderID, SectionOrderID) VALUES (464, 'IPC', '379', 1, 1);
INSERT INTO Victim (VictimMasterID, CaseMasterID, VictimName, AgeYear, GenderID, VictimPolice) VALUES (464, 464, 'Nikhil Murthy', 66, 1, '0');
INSERT INTO Accused (AccusedMasterID, CaseMasterID, AccusedName, AgeYear, GenderID, PersonID) VALUES (545, 464, 'Imtiaz Y. Shetty', 20, 1, 'A1');
INSERT INTO ArrestSurrender (ArrestSurrenderID, CaseMasterID, ArrestSurrenderTypeID, ArrestSurrenderDate, ArrestSurrenderStateId, ArrestSurrenderDistrictId, PoliceStationID, IOID, CourtID, AccusedMasterID, IsAccused, IsComplainantAccused) VALUES (227, 464, 1, '2024-11-11', 1, 1, 1, 1, 1, 545, 1, 0);
INSERT INTO inv_arrestsurrenderaccused (ArrestSurrenderID, AccusedMasterID) VALUES (227, 545);
INSERT INTO ChargesheetDetails (CSID, CaseMasterID, csdate, cstype, PolicePersonID) VALUES (296, 464, '2024-12-13 10:00:00', 'A', 1);
INSERT INTO CaseMaster (CaseMasterID, CrimeNo, CaseNo, CrimeRegisteredDate, PolicePersonID, PoliceStationID, CaseCategoryID, GravityOffenceID, CrimeMajorHeadID, CrimeMinorHeadID, CaseStatusID, CourtID, IncidentFromDate, IncidentToDate, InfoReceivedPSDate, latitude, longitude, BriefFacts) VALUES (465, '100010003202400465', '202400465', '2024-10-28', 5, 3, 1, 2, 1, 2, 2, 1, '2024-10-28 01:00:00', '2024-10-28 03:00:00', '2024-10-28 01:00:00', 12.971864, 77.739550, 'Complainant reported a suspected house breaking night incident near a bus stop. The matter was registered at Whitefield Police Station and assigned to Lakshmi Shetty.');
INSERT INTO Inv_OccuranceTime (CaseMasterID, IncidentFromDate, IncidentToDate, latitude, longitude, PlaceOfOccurrence) VALUES (465, '2024-10-28 01:00:00', '2024-10-28 03:00:00', 12.971864, 77.739550, 'Near a bus stop, Whitefield');
INSERT INTO ComplainantDetails (ComplainantID, CaseMasterID, ComplainantName, AgeYear, OccupationID, ReligionID, CasteID, GenderID) VALUES (465, 465, 'Radha Khan', 59, 6, 4, 2, 1);
INSERT INTO ActSectionAssociation (CaseMasterID, ActID, SectionID, ActOrderID, SectionOrderID) VALUES (465, 'IPC', '379', 1, 1);
INSERT INTO Victim (VictimMasterID, CaseMasterID, VictimName, AgeYear, GenderID, VictimPolice) VALUES (465, 465, 'Vinay Deshpande', 50, 2, '0');
INSERT INTO Accused (AccusedMasterID, CaseMasterID, AccusedName, AgeYear, GenderID, PersonID) VALUES (546, 465, 'Dharma F. Pashan', 35, 1, 'A1');
INSERT INTO ChargesheetDetails (CSID, CaseMasterID, csdate, cstype, PolicePersonID) VALUES (297, 465, '2025-01-10 17:00:00', 'A', 5);
INSERT INTO CaseMaster (CaseMasterID, CrimeNo, CaseNo, CrimeRegisteredDate, PolicePersonID, PoliceStationID, CaseCategoryID, GravityOffenceID, CrimeMajorHeadID, CrimeMinorHeadID, CaseStatusID, CourtID, IncidentFromDate, IncidentToDate, InfoReceivedPSDate, latitude, longitude, BriefFacts) VALUES (466, '100010002202400466', '202400466', '2024-10-11', 3, 2, 1, 2, 3, 7, 4, 1, '2024-10-11 14:00:00', '2024-10-11 16:00:00', '2024-10-11 14:00:00', 12.943006, 77.621775, 'Complainant reported a suspected identity theft incident beside a metro approach road. The matter was registered at Koramangala Police Station and assigned to Prakash Jadhav.');
INSERT INTO Inv_OccuranceTime (CaseMasterID, IncidentFromDate, IncidentToDate, latitude, longitude, PlaceOfOccurrence) VALUES (466, '2024-10-11 14:00:00', '2024-10-11 16:00:00', 12.943006, 77.621775, 'Beside a metro approach road, Koramangala');
INSERT INTO ComplainantDetails (ComplainantID, CaseMasterID, ComplainantName, AgeYear, OccupationID, ReligionID, CasteID, GenderID) VALUES (466, 466, 'Pooja Hegde', 31, 6, 5, 5, 2);
INSERT INTO ActSectionAssociation (CaseMasterID, ActID, SectionID, ActOrderID, SectionOrderID) VALUES (466, 'IT_ACT', '66D', 1, 1);
INSERT INTO Victim (VictimMasterID, CaseMasterID, VictimName, AgeYear, GenderID, VictimPolice) VALUES (466, 466, 'Asha Patil', 46, 1, '0');
INSERT INTO Accused (AccusedMasterID, CaseMasterID, AccusedName, AgeYear, GenderID, PersonID) VALUES (547, 466, 'Salman M. Khan', 44, 1, 'A1');
INSERT INTO ChargesheetDetails (CSID, CaseMasterID, csdate, cstype, PolicePersonID) VALUES (298, 466, '2025-01-02 14:00:00', 'A', 3);
INSERT INTO CaseMaster (CaseMasterID, CrimeNo, CaseNo, CrimeRegisteredDate, PolicePersonID, PoliceStationID, CaseCategoryID, GravityOffenceID, CrimeMajorHeadID, CrimeMinorHeadID, CaseStatusID, CourtID, IncidentFromDate, IncidentToDate, InfoReceivedPSDate, latitude, longitude, BriefFacts) VALUES (467, '100060018202400467', '202400467', '2024-10-22', 35, 18, 1, 3, 1, 3, 1, 6, '2024-10-22 21:00:00', '2024-10-22 23:00:00', '2024-10-22 21:00:00', 17.318977, 76.838354, 'Station Bazar Police Station registered the case after an incident close to a residential layout. Initial CCTV, witness, and digital-evidence checks were assigned to IO Prakash Kambali.');
INSERT INTO Inv_OccuranceTime (CaseMasterID, IncidentFromDate, IncidentToDate, latitude, longitude, PlaceOfOccurrence) VALUES (467, '2024-10-22 21:00:00', '2024-10-22 23:00:00', 17.318977, 76.838354, 'Close to a residential layout, Station Bazar');
INSERT INTO ComplainantDetails (ComplainantID, CaseMasterID, ComplainantName, AgeYear, OccupationID, ReligionID, CasteID, GenderID) VALUES (467, 467, 'Shilpa Khan', 50, 5, 1, 4, 1);
INSERT INTO ActSectionAssociation (CaseMasterID, ActID, SectionID, ActOrderID, SectionOrderID) VALUES (467, 'IPC', '379', 1, 1);
INSERT INTO Victim (VictimMasterID, CaseMasterID, VictimName, AgeYear, GenderID, VictimPolice) VALUES (467, 467, 'Fathima Murthy', 55, 1, '0');
INSERT INTO Accused (AccusedMasterID, CaseMasterID, AccusedName, AgeYear, GenderID, PersonID) VALUES (548, 467, 'Raja T. Patil', 24, 1, 'A1');
INSERT INTO CaseMaster (CaseMasterID, CrimeNo, CaseNo, CrimeRegisteredDate, PolicePersonID, PoliceStationID, CaseCategoryID, GravityOffenceID, CrimeMajorHeadID, CrimeMinorHeadID, CaseStatusID, CourtID, IncidentFromDate, IncidentToDate, InfoReceivedPSDate, latitude, longitude, BriefFacts) VALUES (468, '100020008202400468', '202400468', '2024-10-05', 15, 8, 1, 2, 4, 8, 2, 2, '2024-10-05 14:00:00', '2024-10-05 17:00:00', '2024-10-05 14:00:00', 12.339895, 76.610908, 'Control room information regarding cheating was received from on the ring road service lane. IO Sunil Kulkarni opened the investigation and secured preliminary evidence.');
INSERT INTO Inv_OccuranceTime (CaseMasterID, IncidentFromDate, IncidentToDate, latitude, longitude, PlaceOfOccurrence) VALUES (468, '2024-10-05 14:00:00', '2024-10-05 17:00:00', 12.339895, 76.610908, 'On the ring road service lane, Vijayanagar Mysuru');
INSERT INTO ComplainantDetails (ComplainantID, CaseMasterID, ComplainantName, AgeYear, OccupationID, ReligionID, CasteID, GenderID) VALUES (468, 468, 'Nandini Gowda', 39, 4, 2, 2, 1);
INSERT INTO ActSectionAssociation (CaseMasterID, ActID, SectionID, ActOrderID, SectionOrderID) VALUES (468, 'IPC', '420', 1, 1);
INSERT INTO Victim (VictimMasterID, CaseMasterID, VictimName, AgeYear, GenderID, VictimPolice) VALUES (468, 468, 'Roshan Patil', 74, 1, '0');
INSERT INTO Accused (AccusedMasterID, CaseMasterID, AccusedName, AgeYear, GenderID, PersonID) VALUES (549, 468, 'Tukaram A. Poojary', 32, 1, 'A1');
INSERT INTO Accused (AccusedMasterID, CaseMasterID, AccusedName, AgeYear, GenderID, PersonID) VALUES (550, 468, 'Dharma L. Kumar', 37, 1, 'A2');
INSERT INTO ChargesheetDetails (CSID, CaseMasterID, csdate, cstype, PolicePersonID) VALUES (299, 468, '2024-12-22 09:00:00', 'A', 15);
INSERT INTO CaseMaster (CaseMasterID, CrimeNo, CaseNo, CrimeRegisteredDate, PolicePersonID, PoliceStationID, CaseCategoryID, GravityOffenceID, CrimeMajorHeadID, CrimeMinorHeadID, CaseStatusID, CourtID, IncidentFromDate, IncidentToDate, InfoReceivedPSDate, latitude, longitude, BriefFacts) VALUES (469, '100050016202400469', '202400469', '2024-10-16', 31, 16, 3, 2, 2, 5, 2, 5, '2024-10-16 23:00:00', '2024-10-16 02:00:00', '2024-10-16 23:00:00', 15.854040, 74.508601, 'Control room information regarding grievous hurt was received from close to a residential layout. IO Santosh Pawar opened the investigation and secured preliminary evidence.');
INSERT INTO Inv_OccuranceTime (CaseMasterID, IncidentFromDate, IncidentToDate, latitude, longitude, PlaceOfOccurrence) VALUES (469, '2024-10-16 23:00:00', '2024-10-16 02:00:00', 15.854040, 74.508601, 'Close to a residential layout, Tilakwadi');
INSERT INTO ComplainantDetails (ComplainantID, CaseMasterID, ComplainantName, AgeYear, OccupationID, ReligionID, CasteID, GenderID) VALUES (469, 469, 'Joel Shetty', 66, 4, 3, 1, 1);
INSERT INTO ActSectionAssociation (CaseMasterID, ActID, SectionID, ActOrderID, SectionOrderID) VALUES (469, 'IPC', '302', 1, 1);
INSERT INTO Victim (VictimMasterID, CaseMasterID, VictimName, AgeYear, GenderID, VictimPolice) VALUES (469, 469, 'Roshan Deshpande', 59, 2, '0');
INSERT INTO Accused (AccusedMasterID, CaseMasterID, AccusedName, AgeYear, GenderID, PersonID) VALUES (551, 469, 'Vicky H. Singh', 22, 1, 'A1');
INSERT INTO ChargesheetDetails (CSID, CaseMasterID, csdate, cstype, PolicePersonID) VALUES (300, 469, '2024-12-18 12:00:00', 'A', 31);
INSERT INTO CaseMaster (CaseMasterID, CrimeNo, CaseNo, CrimeRegisteredDate, PolicePersonID, PoliceStationID, CaseCategoryID, GravityOffenceID, CrimeMajorHeadID, CrimeMinorHeadID, CaseStatusID, CourtID, IncidentFromDate, IncidentToDate, InfoReceivedPSDate, latitude, longitude, BriefFacts) VALUES (470, '100040013202400470', '202400470', '2024-10-27', 25, 13, 1, 3, 1, 1, 2, 4, '2024-10-27 20:00:00', '2024-10-27 23:00:00', '2024-10-27 20:00:00', 15.360791, 75.118436, 'Complainant reported a suspected automobile theft incident close to a residential layout. The matter was registered at Vidyanagar Police Station Hubballi and assigned to Vijay Rao.');
INSERT INTO Inv_OccuranceTime (CaseMasterID, IncidentFromDate, IncidentToDate, latitude, longitude, PlaceOfOccurrence) VALUES (470, '2024-10-27 20:00:00', '2024-10-27 23:00:00', 15.360791, 75.118436, 'Close to a residential layout, Vidyanagar Hubballi');
INSERT INTO ComplainantDetails (ComplainantID, CaseMasterID, ComplainantName, AgeYear, OccupationID, ReligionID, CasteID, GenderID) VALUES (470, 470, 'Farhan Hegde', 41, 1, 2, 1, 1);
INSERT INTO ActSectionAssociation (CaseMasterID, ActID, SectionID, ActOrderID, SectionOrderID) VALUES (470, 'IPC', '379', 1, 1);
INSERT INTO Victim (VictimMasterID, CaseMasterID, VictimName, AgeYear, GenderID, VictimPolice) VALUES (470, 470, 'Roshan Shetty', 54, 2, '0');
INSERT INTO Accused (AccusedMasterID, CaseMasterID, AccusedName, AgeYear, GenderID, PersonID) VALUES (552, 470, 'Salman O. Patil', 23, 1, 'A1');
INSERT INTO ArrestSurrender (ArrestSurrenderID, CaseMasterID, ArrestSurrenderTypeID, ArrestSurrenderDate, ArrestSurrenderStateId, ArrestSurrenderDistrictId, PoliceStationID, IOID, CourtID, AccusedMasterID, IsAccused, IsComplainantAccused) VALUES (228, 470, 1, '2024-11-07', 1, 4, 13, 25, 4, 552, 1, 0);
INSERT INTO inv_arrestsurrenderaccused (ArrestSurrenderID, AccusedMasterID) VALUES (228, 552);
INSERT INTO ChargesheetDetails (CSID, CaseMasterID, csdate, cstype, PolicePersonID) VALUES (301, 470, '2024-12-02 13:00:00', 'A', 25);
INSERT INTO CaseMaster (CaseMasterID, CrimeNo, CaseNo, CrimeRegisteredDate, PolicePersonID, PoliceStationID, CaseCategoryID, GravityOffenceID, CrimeMajorHeadID, CrimeMinorHeadID, CaseStatusID, CourtID, IncidentFromDate, IncidentToDate, InfoReceivedPSDate, latitude, longitude, BriefFacts) VALUES (471, '100010004202400471', '202400471', '2024-10-10', 7, 4, 1, 1, 2, 4, 1, 1, '2024-10-10 15:00:00', '2024-10-10 18:00:00', '2024-10-10 15:00:00', 12.921843, 77.594680, 'Jayanagar Police Station registered the case after an incident near a market entrance. Initial CCTV, witness, and digital-evidence checks were assigned to IO Kiran Bhat.');
INSERT INTO Inv_OccuranceTime (CaseMasterID, IncidentFromDate, IncidentToDate, latitude, longitude, PlaceOfOccurrence) VALUES (471, '2024-10-10 15:00:00', '2024-10-10 18:00:00', 12.921843, 77.594680, 'Near a market entrance, Jayanagar');
INSERT INTO ComplainantDetails (ComplainantID, CaseMasterID, ComplainantName, AgeYear, OccupationID, ReligionID, CasteID, GenderID) VALUES (471, 471, 'Meena Rao', 30, 6, 4, 5, 1);
INSERT INTO ActSectionAssociation (CaseMasterID, ActID, SectionID, ActOrderID, SectionOrderID) VALUES (471, 'IPC', '302', 1, 1);
INSERT INTO Victim (VictimMasterID, CaseMasterID, VictimName, AgeYear, GenderID, VictimPolice) VALUES (471, 471, 'Manoj Poojary', 59, 2, '0');
INSERT INTO Accused (AccusedMasterID, CaseMasterID, AccusedName, AgeYear, GenderID, PersonID) VALUES (553, 471, 'Pandu V. Gowda', 25, 1, 'A1');
INSERT INTO ArrestSurrender (ArrestSurrenderID, CaseMasterID, ArrestSurrenderTypeID, ArrestSurrenderDate, ArrestSurrenderStateId, ArrestSurrenderDistrictId, PoliceStationID, IOID, CourtID, AccusedMasterID, IsAccused, IsComplainantAccused) VALUES (229, 471, 1, '2024-10-20', 1, 1, 4, 7, 1, 553, 1, 0);
INSERT INTO inv_arrestsurrenderaccused (ArrestSurrenderID, AccusedMasterID) VALUES (229, 553);
INSERT INTO CaseMaster (CaseMasterID, CrimeNo, CaseNo, CrimeRegisteredDate, PolicePersonID, PoliceStationID, CaseCategoryID, GravityOffenceID, CrimeMajorHeadID, CrimeMinorHeadID, CaseStatusID, CourtID, IncidentFromDate, IncidentToDate, InfoReceivedPSDate, latitude, longitude, BriefFacts) VALUES (472, '100020008202400472', '202400472', '2024-10-21', 15, 8, 1, 3, 1, 2, 1, 2, '2024-10-21 00:00:00', '2024-10-21 01:00:00', '2024-10-21 00:00:00', 12.337224, 76.624311, 'Control room information regarding house breaking night was received from close to a residential layout. IO Sunil Kulkarni opened the investigation and secured preliminary evidence.');
INSERT INTO Inv_OccuranceTime (CaseMasterID, IncidentFromDate, IncidentToDate, latitude, longitude, PlaceOfOccurrence) VALUES (472, '2024-10-21 00:00:00', '2024-10-21 01:00:00', 12.337224, 76.624311, 'Close to a residential layout, Vijayanagar Mysuru');
INSERT INTO ComplainantDetails (ComplainantID, CaseMasterID, ComplainantName, AgeYear, OccupationID, ReligionID, CasteID, GenderID) VALUES (472, 472, 'Naveena Hegde', 71, 1, 3, 1, 1);
INSERT INTO ActSectionAssociation (CaseMasterID, ActID, SectionID, ActOrderID, SectionOrderID) VALUES (472, 'IPC', '379', 1, 1);
INSERT INTO Victim (VictimMasterID, CaseMasterID, VictimName, AgeYear, GenderID, VictimPolice) VALUES (472, 472, 'Divya Joshi', 57, 2, '0');
INSERT INTO Accused (AccusedMasterID, CaseMasterID, AccusedName, AgeYear, GenderID, PersonID) VALUES (554, 472, 'Yogesh C. Reddy', 42, 1, 'A1');
INSERT INTO CaseMaster (CaseMasterID, CrimeNo, CaseNo, CrimeRegisteredDate, PolicePersonID, PoliceStationID, CaseCategoryID, GravityOffenceID, CrimeMajorHeadID, CrimeMinorHeadID, CaseStatusID, CourtID, IncidentFromDate, IncidentToDate, InfoReceivedPSDate, latitude, longitude, BriefFacts) VALUES (473, '100010002202400473', '202400473', '2024-10-04', 3, 2, 1, 3, 5, 9, 2, 1, '2024-10-04 18:00:00', '2024-10-04 20:00:00', '2024-10-04 18:00:00', 12.937803, 77.615992, 'Complainant reported a suspected ganja possession incident near a bus stop. The matter was registered at Koramangala Police Station and assigned to Prakash Jadhav.');
INSERT INTO Inv_OccuranceTime (CaseMasterID, IncidentFromDate, IncidentToDate, latitude, longitude, PlaceOfOccurrence) VALUES (473, '2024-10-04 18:00:00', '2024-10-04 20:00:00', 12.937803, 77.615992, 'Near a bus stop, Koramangala');
INSERT INTO ComplainantDetails (ComplainantID, CaseMasterID, ComplainantName, AgeYear, OccupationID, ReligionID, CasteID, GenderID) VALUES (473, 473, 'Pooja Bhat', 34, 1, 3, 3, 1);
INSERT INTO ActSectionAssociation (CaseMasterID, ActID, SectionID, ActOrderID, SectionOrderID) VALUES (473, 'NDPS', '20', 1, 1);
INSERT INTO Victim (VictimMasterID, CaseMasterID, VictimName, AgeYear, GenderID, VictimPolice) VALUES (473, 473, 'Roshan Bhat', 43, 2, '0');
INSERT INTO Accused (AccusedMasterID, CaseMasterID, AccusedName, AgeYear, GenderID, PersonID) VALUES (555, 473, 'Salman J. Patil', 26, 1, 'A1');
INSERT INTO ArrestSurrender (ArrestSurrenderID, CaseMasterID, ArrestSurrenderTypeID, ArrestSurrenderDate, ArrestSurrenderStateId, ArrestSurrenderDistrictId, PoliceStationID, IOID, CourtID, AccusedMasterID, IsAccused, IsComplainantAccused) VALUES (230, 473, 1, '2024-10-21', 1, 1, 2, 3, 1, 555, 1, 0);
INSERT INTO inv_arrestsurrenderaccused (ArrestSurrenderID, AccusedMasterID) VALUES (230, 555);
INSERT INTO ChargesheetDetails (CSID, CaseMasterID, csdate, cstype, PolicePersonID) VALUES (302, 473, '2024-12-25 15:00:00', 'A', 3);
INSERT INTO CaseMaster (CaseMasterID, CrimeNo, CaseNo, CrimeRegisteredDate, PolicePersonID, PoliceStationID, CaseCategoryID, GravityOffenceID, CrimeMajorHeadID, CrimeMinorHeadID, CaseStatusID, CourtID, IncidentFromDate, IncidentToDate, InfoReceivedPSDate, latitude, longitude, BriefFacts) VALUES (474, '100050016202400474', '202400474', '2024-10-15', 31, 16, 2, 3, 2, 5, 1, 5, '2024-10-15 16:00:00', '2024-10-15 17:00:00', '2024-10-15 16:00:00', 15.841420, 74.518887, 'Control room information regarding grievous hurt was received from close to a residential layout. IO Santosh Pawar opened the investigation and secured preliminary evidence.');
INSERT INTO Inv_OccuranceTime (CaseMasterID, IncidentFromDate, IncidentToDate, latitude, longitude, PlaceOfOccurrence) VALUES (474, '2024-10-15 16:00:00', '2024-10-15 17:00:00', 15.841420, 74.518887, 'Close to a residential layout, Tilakwadi');
INSERT INTO ComplainantDetails (ComplainantID, CaseMasterID, ComplainantName, AgeYear, OccupationID, ReligionID, CasteID, GenderID) VALUES (474, 474, 'Latha Shetty', 44, 2, 1, 4, 2);
INSERT INTO ActSectionAssociation (CaseMasterID, ActID, SectionID, ActOrderID, SectionOrderID) VALUES (474, 'IPC', '302', 1, 1);
INSERT INTO Victim (VictimMasterID, CaseMasterID, VictimName, AgeYear, GenderID, VictimPolice) VALUES (474, 474, 'Vinay Khan', 23, 2, '0');
INSERT INTO Accused (AccusedMasterID, CaseMasterID, AccusedName, AgeYear, GenderID, PersonID) VALUES (556, 474, 'Lokesh Q. Poojary', 38, 1, 'A1');
INSERT INTO CaseMaster (CaseMasterID, CrimeNo, CaseNo, CrimeRegisteredDate, PolicePersonID, PoliceStationID, CaseCategoryID, GravityOffenceID, CrimeMajorHeadID, CrimeMinorHeadID, CaseStatusID, CourtID, IncidentFromDate, IncidentToDate, InfoReceivedPSDate, latitude, longitude, BriefFacts) VALUES (475, '100010004202400475', '202400475', '2024-10-26', 7, 4, 1, 2, 1, 3, 1, 1, '2024-10-26 20:00:00', '2024-10-26 22:00:00', '2024-10-26 20:00:00', 12.930789, 77.592667, 'Jayanagar Police Station registered the case after an incident near a market entrance. Initial CCTV, witness, and digital-evidence checks were assigned to IO Kiran Bhat.');
INSERT INTO Inv_OccuranceTime (CaseMasterID, IncidentFromDate, IncidentToDate, latitude, longitude, PlaceOfOccurrence) VALUES (475, '2024-10-26 20:00:00', '2024-10-26 22:00:00', 12.930789, 77.592667, 'Near a market entrance, Jayanagar');
INSERT INTO ComplainantDetails (ComplainantID, CaseMasterID, ComplainantName, AgeYear, OccupationID, ReligionID, CasteID, GenderID) VALUES (475, 475, 'Suma Khan', 38, 3, 4, 4, 2);
INSERT INTO ActSectionAssociation (CaseMasterID, ActID, SectionID, ActOrderID, SectionOrderID) VALUES (475, 'IPC', '379', 1, 1);
INSERT INTO Victim (VictimMasterID, CaseMasterID, VictimName, AgeYear, GenderID, VictimPolice) VALUES (475, 475, 'Nikhil Bhat', 19, 1, '0');
INSERT INTO Accused (AccusedMasterID, CaseMasterID, AccusedName, AgeYear, GenderID, PersonID) VALUES (557, 475, 'Mantu X. Khan', 43, 1, 'A1');
INSERT INTO ArrestSurrender (ArrestSurrenderID, CaseMasterID, ArrestSurrenderTypeID, ArrestSurrenderDate, ArrestSurrenderStateId, ArrestSurrenderDistrictId, PoliceStationID, IOID, CourtID, AccusedMasterID, IsAccused, IsComplainantAccused) VALUES (231, 475, 1, '2024-11-12', 1, 1, 4, 7, 1, 557, 1, 0);
INSERT INTO inv_arrestsurrenderaccused (ArrestSurrenderID, AccusedMasterID) VALUES (231, 557);
INSERT INTO ChargesheetDetails (CSID, CaseMasterID, csdate, cstype, PolicePersonID) VALUES (303, 475, '2024-12-20 09:00:00', 'A', 7);
INSERT INTO CaseMaster (CaseMasterID, CrimeNo, CaseNo, CrimeRegisteredDate, PolicePersonID, PoliceStationID, CaseCategoryID, GravityOffenceID, CrimeMajorHeadID, CrimeMinorHeadID, CaseStatusID, CourtID, IncidentFromDate, IncidentToDate, InfoReceivedPSDate, latitude, longitude, BriefFacts) VALUES (476, '100040012202400476', '202400476', '2024-10-09', 23, 12, 1, 3, 3, 7, 3, 4, '2024-10-09 11:00:00', '2024-10-09 14:00:00', '2024-10-09 11:00:00', 15.350687, 75.147332, 'Identity Theft reported near the central market within Suburban Police Station Hubballi limits. Manjunath Deshmukh recorded statements and initiated scene verification.');
INSERT INTO Inv_OccuranceTime (CaseMasterID, IncidentFromDate, IncidentToDate, latitude, longitude, PlaceOfOccurrence) VALUES (476, '2024-10-09 11:00:00', '2024-10-09 14:00:00', 15.350687, 75.147332, 'Near the central market, Suburban Hubballi');
INSERT INTO ComplainantDetails (ComplainantID, CaseMasterID, ComplainantName, AgeYear, OccupationID, ReligionID, CasteID, GenderID) VALUES (476, 476, 'Deepak Khan', 22, 4, 5, 3, 2);
INSERT INTO ActSectionAssociation (CaseMasterID, ActID, SectionID, ActOrderID, SectionOrderID) VALUES (476, 'IT_ACT', '66D', 1, 1);
INSERT INTO Victim (VictimMasterID, CaseMasterID, VictimName, AgeYear, GenderID, VictimPolice) VALUES (476, 476, 'Nikhil Poojary', 28, 2, '0');
INSERT INTO Accused (AccusedMasterID, CaseMasterID, AccusedName, AgeYear, GenderID, PersonID) VALUES (558, 476, 'Shiva E. Khan', 25, 1, 'A1');
INSERT INTO ArrestSurrender (ArrestSurrenderID, CaseMasterID, ArrestSurrenderTypeID, ArrestSurrenderDate, ArrestSurrenderStateId, ArrestSurrenderDistrictId, PoliceStationID, IOID, CourtID, AccusedMasterID, IsAccused, IsComplainantAccused) VALUES (232, 476, 1, '2024-10-31', 1, 4, 12, 23, 4, 558, 1, 0);
INSERT INTO inv_arrestsurrenderaccused (ArrestSurrenderID, AccusedMasterID) VALUES (232, 558);
INSERT INTO ChargesheetDetails (CSID, CaseMasterID, csdate, cstype, PolicePersonID) VALUES (304, 476, '2024-11-09 15:00:00', 'A', 23);
INSERT INTO CaseMaster (CaseMasterID, CrimeNo, CaseNo, CrimeRegisteredDate, PolicePersonID, PoliceStationID, CaseCategoryID, GravityOffenceID, CrimeMajorHeadID, CrimeMinorHeadID, CaseStatusID, CourtID, IncidentFromDate, IncidentToDate, InfoReceivedPSDate, latitude, longitude, BriefFacts) VALUES (477, '100030010202400477', '202400477', '2024-10-20', 19, 10, 1, 3, 1, 1, 2, 3, '2024-10-20 10:00:00', '2024-10-20 12:00:00', '2024-10-20 10:00:00', 12.871922, 74.847313, 'Automobile Theft reported near the inter-city bus stand within Pandeshwar Police Station limits. Shankar Rao recorded statements and initiated scene verification.');
INSERT INTO Inv_OccuranceTime (CaseMasterID, IncidentFromDate, IncidentToDate, latitude, longitude, PlaceOfOccurrence) VALUES (477, '2024-10-20 10:00:00', '2024-10-20 12:00:00', 12.871922, 74.847313, 'Near the inter-city bus stand, Pandeshwar');
INSERT INTO ComplainantDetails (ComplainantID, CaseMasterID, ComplainantName, AgeYear, OccupationID, ReligionID, CasteID, GenderID) VALUES (477, 477, 'Ayesha Naik', 39, 5, 2, 3, 1);
INSERT INTO ActSectionAssociation (CaseMasterID, ActID, SectionID, ActOrderID, SectionOrderID) VALUES (477, 'IPC', '379', 1, 1);
INSERT INTO Victim (VictimMasterID, CaseMasterID, VictimName, AgeYear, GenderID, VictimPolice) VALUES (477, 477, 'Praveen Poojary', 44, 1, '0');
INSERT INTO Accused (AccusedMasterID, CaseMasterID, AccusedName, AgeYear, GenderID, PersonID) VALUES (559, 477, 'Nagesh L. Kumar', 40, 1, 'A1');
INSERT INTO ChargesheetDetails (CSID, CaseMasterID, csdate, cstype, PolicePersonID) VALUES (305, 477, '2024-12-15 15:00:00', 'A', 19);
INSERT INTO CaseMaster (CaseMasterID, CrimeNo, CaseNo, CrimeRegisteredDate, PolicePersonID, PoliceStationID, CaseCategoryID, GravityOffenceID, CrimeMajorHeadID, CrimeMinorHeadID, CaseStatusID, CourtID, IncidentFromDate, IncidentToDate, InfoReceivedPSDate, latitude, longitude, BriefFacts) VALUES (478, '100010001202400478', '202400478', '2024-10-03', 1, 1, 1, 3, 1, 2, 1, 1, '2024-10-03 01:00:00', '2024-10-03 03:00:00', '2024-10-03 01:00:00', 12.973981, 77.640937, 'Complainant reported a suspected house breaking night incident near a bus stop. The matter was registered at Indiranagar Police Station and assigned to Suresh Kambali.');
INSERT INTO Inv_OccuranceTime (CaseMasterID, IncidentFromDate, IncidentToDate, latitude, longitude, PlaceOfOccurrence) VALUES (478, '2024-10-03 01:00:00', '2024-10-03 03:00:00', 12.973981, 77.640937, 'Near a bus stop, Indiranagar');
INSERT INTO ComplainantDetails (ComplainantID, CaseMasterID, ComplainantName, AgeYear, OccupationID, ReligionID, CasteID, GenderID) VALUES (478, 478, 'Harish Naik', 31, 6, 2, 1, 1);
INSERT INTO ActSectionAssociation (CaseMasterID, ActID, SectionID, ActOrderID, SectionOrderID) VALUES (478, 'IPC', '379', 1, 1);
INSERT INTO Victim (VictimMasterID, CaseMasterID, VictimName, AgeYear, GenderID, VictimPolice) VALUES (478, 478, 'Roshan Rao', 47, 1, '0');
INSERT INTO Accused (AccusedMasterID, CaseMasterID, AccusedName, AgeYear, GenderID, PersonID) VALUES (560, 478, 'Manjunath S. Khan', 35, 1, 'A1');
INSERT INTO Accused (AccusedMasterID, CaseMasterID, AccusedName, AgeYear, GenderID, PersonID) VALUES (561, 478, 'Imtiaz D. Singh', 37, 1, 'A2');
INSERT INTO CaseMaster (CaseMasterID, CrimeNo, CaseNo, CrimeRegisteredDate, PolicePersonID, PoliceStationID, CaseCategoryID, GravityOffenceID, CrimeMajorHeadID, CrimeMinorHeadID, CaseStatusID, CourtID, IncidentFromDate, IncidentToDate, InfoReceivedPSDate, latitude, longitude, BriefFacts) VALUES (479, '100010002202400479', '202400479', '2024-10-14', 3, 2, 1, 2, 1, 1, 1, 1, '2024-10-14 18:00:00', '2024-10-14 19:00:00', '2024-10-14 18:00:00', 12.944815, 77.631627, 'Control room information regarding automobile theft was received from on a residential cross road. IO Prakash Jadhav opened the investigation and secured preliminary evidence.');
INSERT INTO Inv_OccuranceTime (CaseMasterID, IncidentFromDate, IncidentToDate, latitude, longitude, PlaceOfOccurrence) VALUES (479, '2024-10-14 18:00:00', '2024-10-14 19:00:00', 12.944815, 77.631627, 'On a residential cross road, Koramangala');
INSERT INTO ComplainantDetails (ComplainantID, CaseMasterID, ComplainantName, AgeYear, OccupationID, ReligionID, CasteID, GenderID) VALUES (479, 479, 'Pooja Deshpande', 25, 7, 2, 1, 2);
INSERT INTO ActSectionAssociation (CaseMasterID, ActID, SectionID, ActOrderID, SectionOrderID) VALUES (479, 'IPC', '379', 1, 1);
INSERT INTO Victim (VictimMasterID, CaseMasterID, VictimName, AgeYear, GenderID, VictimPolice) VALUES (479, 479, 'Nikhil Bhat', 71, 2, '0');
INSERT INTO Accused (AccusedMasterID, CaseMasterID, AccusedName, AgeYear, GenderID, PersonID) VALUES (562, 479, 'Raja Z. Reddy', 24, 1, 'A1');
INSERT INTO Accused (AccusedMasterID, CaseMasterID, AccusedName, AgeYear, GenderID, PersonID) VALUES (563, 479, 'Raja K. Pashan', 44, 1, 'A2');
INSERT INTO ArrestSurrender (ArrestSurrenderID, CaseMasterID, ArrestSurrenderTypeID, ArrestSurrenderDate, ArrestSurrenderStateId, ArrestSurrenderDistrictId, PoliceStationID, IOID, CourtID, AccusedMasterID, IsAccused, IsComplainantAccused) VALUES (233, 479, 1, '2024-11-14', 1, 1, 2, 3, 1, 562, 1, 0);
INSERT INTO inv_arrestsurrenderaccused (ArrestSurrenderID, AccusedMasterID) VALUES (233, 562);
INSERT INTO inv_arrestsurrenderaccused (ArrestSurrenderID, AccusedMasterID) VALUES (233, 563);
INSERT INTO CaseMaster (CaseMasterID, CrimeNo, CaseNo, CrimeRegisteredDate, PolicePersonID, PoliceStationID, CaseCategoryID, GravityOffenceID, CrimeMajorHeadID, CrimeMinorHeadID, CaseStatusID, CourtID, IncidentFromDate, IncidentToDate, InfoReceivedPSDate, latitude, longitude, BriefFacts) VALUES (480, '100040013202400480', '202400480', '2024-10-25', 25, 13, 1, 1, 2, 5, 3, 4, '2024-10-25 21:00:00', '2024-10-25 22:00:00', '2024-10-25 21:00:00', 15.356018, 75.113658, 'Complainant reported a suspected grievous hurt incident close to a residential layout. The matter was registered at Vidyanagar Police Station Hubballi and assigned to Vijay Rao.');
INSERT INTO Inv_OccuranceTime (CaseMasterID, IncidentFromDate, IncidentToDate, latitude, longitude, PlaceOfOccurrence) VALUES (480, '2024-10-25 21:00:00', '2024-10-25 22:00:00', 15.356018, 75.113658, 'Close to a residential layout, Vidyanagar Hubballi');
INSERT INTO ComplainantDetails (ComplainantID, CaseMasterID, ComplainantName, AgeYear, OccupationID, ReligionID, CasteID, GenderID) VALUES (480, 480, 'Kavitha Naik', 54, 2, 3, 5, 1);
INSERT INTO ActSectionAssociation (CaseMasterID, ActID, SectionID, ActOrderID, SectionOrderID) VALUES (480, 'IPC', '302', 1, 1);
INSERT INTO Victim (VictimMasterID, CaseMasterID, VictimName, AgeYear, GenderID, VictimPolice) VALUES (480, 480, 'Roshan Khan', 23, 1, '0');
INSERT INTO Accused (AccusedMasterID, CaseMasterID, AccusedName, AgeYear, GenderID, PersonID) VALUES (564, 480, 'Rafiq G. Reddy', 31, 1, 'A1');
INSERT INTO ArrestSurrender (ArrestSurrenderID, CaseMasterID, ArrestSurrenderTypeID, ArrestSurrenderDate, ArrestSurrenderStateId, ArrestSurrenderDistrictId, PoliceStationID, IOID, CourtID, AccusedMasterID, IsAccused, IsComplainantAccused) VALUES (234, 480, 1, '2024-10-27', 1, 4, 13, 25, 4, 564, 1, 0);
INSERT INTO inv_arrestsurrenderaccused (ArrestSurrenderID, AccusedMasterID) VALUES (234, 564);
INSERT INTO ChargesheetDetails (CSID, CaseMasterID, csdate, cstype, PolicePersonID) VALUES (306, 480, '2024-11-28 12:00:00', 'A', 25);
INSERT INTO CaseMaster (CaseMasterID, CrimeNo, CaseNo, CrimeRegisteredDate, PolicePersonID, PoliceStationID, CaseCategoryID, GravityOffenceID, CrimeMajorHeadID, CrimeMinorHeadID, CaseStatusID, CourtID, IncidentFromDate, IncidentToDate, InfoReceivedPSDate, latitude, longitude, BriefFacts) VALUES (481, '100060018202400481', '202400481', '2024-10-08', 35, 18, 1, 1, 4, 8, 1, 6, '2024-10-08 11:00:00', '2024-10-08 14:00:00', '2024-10-08 11:00:00', 17.335134, 76.835684, 'Station Bazar Police Station registered the case after an incident close to a residential layout. Initial CCTV, witness, and digital-evidence checks were assigned to IO Prakash Kambali.');
INSERT INTO Inv_OccuranceTime (CaseMasterID, IncidentFromDate, IncidentToDate, latitude, longitude, PlaceOfOccurrence) VALUES (481, '2024-10-08 11:00:00', '2024-10-08 14:00:00', 17.335134, 76.835684, 'Close to a residential layout, Station Bazar');
INSERT INTO ComplainantDetails (ComplainantID, CaseMasterID, ComplainantName, AgeYear, OccupationID, ReligionID, CasteID, GenderID) VALUES (481, 481, 'Deepak Shetty', 33, 1, 5, 3, 2);
INSERT INTO ActSectionAssociation (CaseMasterID, ActID, SectionID, ActOrderID, SectionOrderID) VALUES (481, 'IPC', '420', 1, 1);
INSERT INTO Victim (VictimMasterID, CaseMasterID, VictimName, AgeYear, GenderID, VictimPolice) VALUES (481, 481, 'Nikhil Hegde', 34, 1, '0');
INSERT INTO Accused (AccusedMasterID, CaseMasterID, AccusedName, AgeYear, GenderID, PersonID) VALUES (565, 481, 'Ajay N. Salim', 34, 1, 'A1');
INSERT INTO ArrestSurrender (ArrestSurrenderID, CaseMasterID, ArrestSurrenderTypeID, ArrestSurrenderDate, ArrestSurrenderStateId, ArrestSurrenderDistrictId, PoliceStationID, IOID, CourtID, AccusedMasterID, IsAccused, IsComplainantAccused) VALUES (235, 481, 1, '2024-10-19', 1, 6, 18, 35, 6, 565, 1, 0);
INSERT INTO inv_arrestsurrenderaccused (ArrestSurrenderID, AccusedMasterID) VALUES (235, 565);
INSERT INTO CaseMaster (CaseMasterID, CrimeNo, CaseNo, CrimeRegisteredDate, PolicePersonID, PoliceStationID, CaseCategoryID, GravityOffenceID, CrimeMajorHeadID, CrimeMinorHeadID, CaseStatusID, CourtID, IncidentFromDate, IncidentToDate, InfoReceivedPSDate, latitude, longitude, BriefFacts) VALUES (482, '100060018202400482', '202400482', '2024-10-19', 35, 18, 1, 3, 1, 1, 1, 6, '2024-10-19 17:00:00', '2024-10-19 18:00:00', '2024-10-19 17:00:00', 17.331183, 76.831364, 'Control room information regarding automobile theft was received from beside an industrial access road. IO Prakash Kambali opened the investigation and secured preliminary evidence.');
INSERT INTO Inv_OccuranceTime (CaseMasterID, IncidentFromDate, IncidentToDate, latitude, longitude, PlaceOfOccurrence) VALUES (482, '2024-10-19 17:00:00', '2024-10-19 18:00:00', 17.331183, 76.831364, 'Beside an industrial access road, Station Bazar');
INSERT INTO ComplainantDetails (ComplainantID, CaseMasterID, ComplainantName, AgeYear, OccupationID, ReligionID, CasteID, GenderID) VALUES (482, 482, 'Chetan Deshpande', 66, 2, 5, 4, 2);
INSERT INTO ActSectionAssociation (CaseMasterID, ActID, SectionID, ActOrderID, SectionOrderID) VALUES (482, 'IPC', '379', 1, 1);
INSERT INTO Victim (VictimMasterID, CaseMasterID, VictimName, AgeYear, GenderID, VictimPolice) VALUES (482, 482, 'Praveen Kulkarni', 38, 1, '0');
INSERT INTO Accused (AccusedMasterID, CaseMasterID, AccusedName, AgeYear, GenderID, PersonID) VALUES (566, 482, 'Vicky U. Jadhav', 37, 1, 'A1');
INSERT INTO Accused (AccusedMasterID, CaseMasterID, AccusedName, AgeYear, GenderID, PersonID) VALUES (567, 482, 'Jagga F. Naik', 21, 1, 'A2');
INSERT INTO CaseMaster (CaseMasterID, CrimeNo, CaseNo, CrimeRegisteredDate, PolicePersonID, PoliceStationID, CaseCategoryID, GravityOffenceID, CrimeMajorHeadID, CrimeMinorHeadID, CaseStatusID, CourtID, IncidentFromDate, IncidentToDate, InfoReceivedPSDate, latitude, longitude, BriefFacts) VALUES (483, '100060018202400483', '202400483', '2024-10-02', 35, 18, 1, 1, 2, 4, 1, 6, '2024-10-02 14:00:00', '2024-10-02 15:00:00', '2024-10-02 14:00:00', 17.331656, 76.828576, 'Murder reported near the central market within Station Bazar Police Station limits. Prakash Kambali recorded statements and initiated scene verification.');
INSERT INTO Inv_OccuranceTime (CaseMasterID, IncidentFromDate, IncidentToDate, latitude, longitude, PlaceOfOccurrence) VALUES (483, '2024-10-02 14:00:00', '2024-10-02 15:00:00', 17.331656, 76.828576, 'Near the central market, Station Bazar');
INSERT INTO ComplainantDetails (ComplainantID, CaseMasterID, ComplainantName, AgeYear, OccupationID, ReligionID, CasteID, GenderID) VALUES (483, 483, 'Latha Fernandes', 34, 1, 1, 5, 2);
INSERT INTO ActSectionAssociation (CaseMasterID, ActID, SectionID, ActOrderID, SectionOrderID) VALUES (483, 'IPC', '302', 1, 1);
INSERT INTO Victim (VictimMasterID, CaseMasterID, VictimName, AgeYear, GenderID, VictimPolice) VALUES (483, 483, 'Sangeetha Fernandes', 35, 2, '0');
INSERT INTO Accused (AccusedMasterID, CaseMasterID, AccusedName, AgeYear, GenderID, PersonID) VALUES (568, 483, 'Vicky B. Singh', 38, 1, 'A1');
INSERT INTO ArrestSurrender (ArrestSurrenderID, CaseMasterID, ArrestSurrenderTypeID, ArrestSurrenderDate, ArrestSurrenderStateId, ArrestSurrenderDistrictId, PoliceStationID, IOID, CourtID, AccusedMasterID, IsAccused, IsComplainantAccused) VALUES (236, 483, 1, '2024-10-04', 1, 6, 18, 35, 6, 568, 1, 0);
INSERT INTO inv_arrestsurrenderaccused (ArrestSurrenderID, AccusedMasterID) VALUES (236, 568);
INSERT INTO CaseMaster (CaseMasterID, CrimeNo, CaseNo, CrimeRegisteredDate, PolicePersonID, PoliceStationID, CaseCategoryID, GravityOffenceID, CrimeMajorHeadID, CrimeMinorHeadID, CaseStatusID, CourtID, IncidentFromDate, IncidentToDate, InfoReceivedPSDate, latitude, longitude, BriefFacts) VALUES (484, '100060018202400484', '202400484', '2024-10-13', 35, 18, 2, 3, 1, 1, 1, 6, '2024-10-13 14:00:00', '2024-10-13 15:00:00', '2024-10-13 14:00:00', 17.334014, 76.842421, 'Complainant reported a suspected automobile theft incident near the central market. The matter was registered at Station Bazar Police Station and assigned to Prakash Kambali.');
INSERT INTO Inv_OccuranceTime (CaseMasterID, IncidentFromDate, IncidentToDate, latitude, longitude, PlaceOfOccurrence) VALUES (484, '2024-10-13 14:00:00', '2024-10-13 15:00:00', 17.334014, 76.842421, 'Near the central market, Station Bazar');
INSERT INTO ComplainantDetails (ComplainantID, CaseMasterID, ComplainantName, AgeYear, OccupationID, ReligionID, CasteID, GenderID) VALUES (484, 484, 'Naveena Deshpande', 53, 6, 2, 1, 1);
INSERT INTO ActSectionAssociation (CaseMasterID, ActID, SectionID, ActOrderID, SectionOrderID) VALUES (484, 'IPC', '379', 1, 1);
INSERT INTO Victim (VictimMasterID, CaseMasterID, VictimName, AgeYear, GenderID, VictimPolice) VALUES (484, 484, 'Vinay Rao', 40, 1, '0');
INSERT INTO Accused (AccusedMasterID, CaseMasterID, AccusedName, AgeYear, GenderID, PersonID) VALUES (569, 484, 'Salman I. Khan', 28, 1, 'A1');
INSERT INTO ArrestSurrender (ArrestSurrenderID, CaseMasterID, ArrestSurrenderTypeID, ArrestSurrenderDate, ArrestSurrenderStateId, ArrestSurrenderDistrictId, PoliceStationID, IOID, CourtID, AccusedMasterID, IsAccused, IsComplainantAccused) VALUES (237, 484, 1, '2024-11-11', 1, 6, 18, 35, 6, 569, 1, 0);
INSERT INTO inv_arrestsurrenderaccused (ArrestSurrenderID, AccusedMasterID) VALUES (237, 569);
INSERT INTO CaseMaster (CaseMasterID, CrimeNo, CaseNo, CrimeRegisteredDate, PolicePersonID, PoliceStationID, CaseCategoryID, GravityOffenceID, CrimeMajorHeadID, CrimeMinorHeadID, CaseStatusID, CourtID, IncidentFromDate, IncidentToDate, InfoReceivedPSDate, latitude, longitude, BriefFacts) VALUES (485, '100010002202400485', '202400485', '2024-10-24', 3, 2, 1, 2, 1, 3, 2, 1, '2024-10-24 21:00:00', '2024-10-24 22:00:00', '2024-10-24 21:00:00', 12.943602, 77.630035, 'Chain Snatching reported outside a commercial complex within Koramangala Police Station limits. Prakash Jadhav recorded statements and initiated scene verification.');
INSERT INTO Inv_OccuranceTime (CaseMasterID, IncidentFromDate, IncidentToDate, latitude, longitude, PlaceOfOccurrence) VALUES (485, '2024-10-24 21:00:00', '2024-10-24 22:00:00', 12.943602, 77.630035, 'Outside a commercial complex, Koramangala');
INSERT INTO ComplainantDetails (ComplainantID, CaseMasterID, ComplainantName, AgeYear, OccupationID, ReligionID, CasteID, GenderID) VALUES (485, 485, 'Suma Joshi', 48, 3, 3, 3, 1);
INSERT INTO ActSectionAssociation (CaseMasterID, ActID, SectionID, ActOrderID, SectionOrderID) VALUES (485, 'IPC', '379', 1, 1);
INSERT INTO Victim (VictimMasterID, CaseMasterID, VictimName, AgeYear, GenderID, VictimPolice) VALUES (485, 485, 'Manoj Fernandes', 69, 2, '0');
INSERT INTO Accused (AccusedMasterID, CaseMasterID, AccusedName, AgeYear, GenderID, PersonID) VALUES (570, 485, 'Mantu P. Verma', 26, 1, 'A1');
INSERT INTO ArrestSurrender (ArrestSurrenderID, CaseMasterID, ArrestSurrenderTypeID, ArrestSurrenderDate, ArrestSurrenderStateId, ArrestSurrenderDistrictId, PoliceStationID, IOID, CourtID, AccusedMasterID, IsAccused, IsComplainantAccused) VALUES (238, 485, 1, '2024-11-27', 1, 1, 2, 3, 1, 570, 1, 0);
INSERT INTO inv_arrestsurrenderaccused (ArrestSurrenderID, AccusedMasterID) VALUES (238, 570);
INSERT INTO ChargesheetDetails (CSID, CaseMasterID, csdate, cstype, PolicePersonID) VALUES (307, 485, '2024-12-31 14:00:00', 'A', 3);
INSERT INTO CaseMaster (CaseMasterID, CrimeNo, CaseNo, CrimeRegisteredDate, PolicePersonID, PoliceStationID, CaseCategoryID, GravityOffenceID, CrimeMajorHeadID, CrimeMinorHeadID, CaseStatusID, CourtID, IncidentFromDate, IncidentToDate, InfoReceivedPSDate, latitude, longitude, BriefFacts) VALUES (486, '100010001202400486', '202400486', '2024-10-07', 1, 1, 1, 2, 4, 8, 1, 1, '2024-10-07 10:00:00', '2024-10-07 11:00:00', '2024-10-07 10:00:00', 12.976416, 77.638758, 'Indiranagar Police Station registered the case after an incident on a residential cross road. Initial CCTV, witness, and digital-evidence checks were assigned to IO Suresh Kambali.');
INSERT INTO Inv_OccuranceTime (CaseMasterID, IncidentFromDate, IncidentToDate, latitude, longitude, PlaceOfOccurrence) VALUES (486, '2024-10-07 10:00:00', '2024-10-07 11:00:00', 12.976416, 77.638758, 'On a residential cross road, Indiranagar');
INSERT INTO ComplainantDetails (ComplainantID, CaseMasterID, ComplainantName, AgeYear, OccupationID, ReligionID, CasteID, GenderID) VALUES (486, 486, 'Jagadish Naik', 45, 1, 4, 2, 1);
INSERT INTO ActSectionAssociation (CaseMasterID, ActID, SectionID, ActOrderID, SectionOrderID) VALUES (486, 'IPC', '420', 1, 1);
INSERT INTO Victim (VictimMasterID, CaseMasterID, VictimName, AgeYear, GenderID, VictimPolice) VALUES (486, 486, 'Nikhil Rao', 63, 1, '0');
INSERT INTO Accused (AccusedMasterID, CaseMasterID, AccusedName, AgeYear, GenderID, PersonID) VALUES (571, 486, 'Tukaram W. Reddy', 31, 1, 'A1');
INSERT INTO CaseMaster (CaseMasterID, CrimeNo, CaseNo, CrimeRegisteredDate, PolicePersonID, PoliceStationID, CaseCategoryID, GravityOffenceID, CrimeMajorHeadID, CrimeMinorHeadID, CaseStatusID, CourtID, IncidentFromDate, IncidentToDate, InfoReceivedPSDate, latitude, longitude, BriefFacts) VALUES (487, '100010003202400487', '202400487', '2024-10-18', 5, 3, 1, 3, 3, 6, 1, 1, '2024-10-18 10:00:00', '2024-10-18 13:00:00', '2024-10-18 10:00:00', 12.973132, 77.743499, 'Control room information regarding online financial fraud was received from on a residential cross road. IO Lakshmi Shetty opened the investigation and secured preliminary evidence.');
INSERT INTO Inv_OccuranceTime (CaseMasterID, IncidentFromDate, IncidentToDate, latitude, longitude, PlaceOfOccurrence) VALUES (487, '2024-10-18 10:00:00', '2024-10-18 13:00:00', 12.973132, 77.743499, 'On a residential cross road, Whitefield');
INSERT INTO ComplainantDetails (ComplainantID, CaseMasterID, ComplainantName, AgeYear, OccupationID, ReligionID, CasteID, GenderID) VALUES (487, 487, 'Deepak Rao', 46, 1, 2, 1, 1);
INSERT INTO ActSectionAssociation (CaseMasterID, ActID, SectionID, ActOrderID, SectionOrderID) VALUES (487, 'IT_ACT', '66D', 1, 1);
INSERT INTO Victim (VictimMasterID, CaseMasterID, VictimName, AgeYear, GenderID, VictimPolice) VALUES (487, 487, 'Nikhil Hegde', 65, 1, '0');
INSERT INTO Accused (AccusedMasterID, CaseMasterID, AccusedName, AgeYear, GenderID, PersonID) VALUES (572, 487, 'Altaf D. Patil', 22, 1, 'A1');
INSERT INTO ArrestSurrender (ArrestSurrenderID, CaseMasterID, ArrestSurrenderTypeID, ArrestSurrenderDate, ArrestSurrenderStateId, ArrestSurrenderDistrictId, PoliceStationID, IOID, CourtID, AccusedMasterID, IsAccused, IsComplainantAccused) VALUES (239, 487, 1, '2024-11-02', 1, 1, 3, 5, 1, 572, 1, 0);
INSERT INTO inv_arrestsurrenderaccused (ArrestSurrenderID, AccusedMasterID) VALUES (239, 572);
INSERT INTO CaseMaster (CaseMasterID, CrimeNo, CaseNo, CrimeRegisteredDate, PolicePersonID, PoliceStationID, CaseCategoryID, GravityOffenceID, CrimeMajorHeadID, CrimeMinorHeadID, CaseStatusID, CourtID, IncidentFromDate, IncidentToDate, InfoReceivedPSDate, latitude, longitude, BriefFacts) VALUES (488, '100030009202400488', '202400488', '2024-10-01', 17, 9, 1, 3, 3, 6, 1, 3, '2024-10-01 16:00:00', '2024-10-01 19:00:00', '2024-10-01 16:00:00', 12.891277, 74.866051, 'Online Financial Fraud reported near the inter-city bus stand within Kadri Police Station limits. Basavaraj Patil recorded statements and initiated scene verification.');
INSERT INTO Inv_OccuranceTime (CaseMasterID, IncidentFromDate, IncidentToDate, latitude, longitude, PlaceOfOccurrence) VALUES (488, '2024-10-01 16:00:00', '2024-10-01 19:00:00', 12.891277, 74.866051, 'Near the inter-city bus stand, Kadri');
INSERT INTO ComplainantDetails (ComplainantID, CaseMasterID, ComplainantName, AgeYear, OccupationID, ReligionID, CasteID, GenderID) VALUES (488, 488, 'Radha Gowda', 49, 7, 2, 3, 1);
INSERT INTO ActSectionAssociation (CaseMasterID, ActID, SectionID, ActOrderID, SectionOrderID) VALUES (488, 'IT_ACT', '66D', 1, 1);
INSERT INTO Victim (VictimMasterID, CaseMasterID, VictimName, AgeYear, GenderID, VictimPolice) VALUES (488, 488, 'Divya Khan', 41, 2, '0');
INSERT INTO Accused (AccusedMasterID, CaseMasterID, AccusedName, AgeYear, GenderID, PersonID) VALUES (573, 488, 'Altaf K. Jadhav', 22, 1, 'A1');
INSERT INTO CaseMaster (CaseMasterID, CrimeNo, CaseNo, CrimeRegisteredDate, PolicePersonID, PoliceStationID, CaseCategoryID, GravityOffenceID, CrimeMajorHeadID, CrimeMinorHeadID, CaseStatusID, CourtID, IncidentFromDate, IncidentToDate, InfoReceivedPSDate, latitude, longitude, BriefFacts) VALUES (489, '100020006202400489', '202400489', '2024-10-12', 11, 6, 1, 3, 3, 6, 2, 2, '2024-10-12 14:00:00', '2024-10-12 16:00:00', '2024-10-12 14:00:00', 12.315740, 76.658089, 'Online Financial Fraud reported close to a residential layout within Devaraja Police Station limits. Anitha Gowda recorded statements and initiated scene verification.');
INSERT INTO Inv_OccuranceTime (CaseMasterID, IncidentFromDate, IncidentToDate, latitude, longitude, PlaceOfOccurrence) VALUES (489, '2024-10-12 14:00:00', '2024-10-12 16:00:00', 12.315740, 76.658089, 'Close to a residential layout, Devaraja');
INSERT INTO ComplainantDetails (ComplainantID, CaseMasterID, ComplainantName, AgeYear, OccupationID, ReligionID, CasteID, GenderID) VALUES (489, 489, 'Pooja Rao', 25, 4, 3, 4, 2);
INSERT INTO ActSectionAssociation (CaseMasterID, ActID, SectionID, ActOrderID, SectionOrderID) VALUES (489, 'IT_ACT', '66D', 1, 1);
INSERT INTO Victim (VictimMasterID, CaseMasterID, VictimName, AgeYear, GenderID, VictimPolice) VALUES (489, 489, 'Ganesh Khan', 59, 2, '0');
INSERT INTO Accused (AccusedMasterID, CaseMasterID, AccusedName, AgeYear, GenderID, PersonID) VALUES (574, 489, 'Imtiaz R. Khan', 31, 1, 'A1');
INSERT INTO ChargesheetDetails (CSID, CaseMasterID, csdate, cstype, PolicePersonID) VALUES (308, 489, '2025-01-02 12:00:00', 'A', 11);
INSERT INTO CaseMaster (CaseMasterID, CrimeNo, CaseNo, CrimeRegisteredDate, PolicePersonID, PoliceStationID, CaseCategoryID, GravityOffenceID, CrimeMajorHeadID, CrimeMinorHeadID, CaseStatusID, CourtID, IncidentFromDate, IncidentToDate, InfoReceivedPSDate, latitude, longitude, BriefFacts) VALUES (490, '100020007202400490', '202400490', '2024-10-23', 13, 7, 1, 2, 1, 1, 1, 2, '2024-10-23 06:00:00', '2024-10-23 07:00:00', '2024-10-23 06:00:00', 12.307126, 76.658587, 'Control room information regarding automobile theft was received from close to a residential layout. IO Suresh Rao opened the investigation and secured preliminary evidence.');
INSERT INTO Inv_OccuranceTime (CaseMasterID, IncidentFromDate, IncidentToDate, latitude, longitude, PlaceOfOccurrence) VALUES (490, '2024-10-23 06:00:00', '2024-10-23 07:00:00', 12.307126, 76.658587, 'Close to a residential layout, Lashkar');
INSERT INTO ComplainantDetails (ComplainantID, CaseMasterID, ComplainantName, AgeYear, OccupationID, ReligionID, CasteID, GenderID) VALUES (490, 490, 'Ayesha Gowda', 65, 7, 5, 5, 1);
INSERT INTO ActSectionAssociation (CaseMasterID, ActID, SectionID, ActOrderID, SectionOrderID) VALUES (490, 'IPC', '379', 1, 1);
INSERT INTO Victim (VictimMasterID, CaseMasterID, VictimName, AgeYear, GenderID, VictimPolice) VALUES (490, 490, 'Sangeetha Joshi', 40, 2, '0');
INSERT INTO Accused (AccusedMasterID, CaseMasterID, AccusedName, AgeYear, GenderID, PersonID) VALUES (575, 490, 'Sameer Y. Salim', 45, 1, 'A1');
INSERT INTO CaseMaster (CaseMasterID, CrimeNo, CaseNo, CrimeRegisteredDate, PolicePersonID, PoliceStationID, CaseCategoryID, GravityOffenceID, CrimeMajorHeadID, CrimeMinorHeadID, CaseStatusID, CourtID, IncidentFromDate, IncidentToDate, InfoReceivedPSDate, latitude, longitude, BriefFacts) VALUES (491, '100010001202400491', '202400491', '2024-10-06', 1, 1, 1, 2, 1, 2, 1, 1, '2024-10-06 22:00:00', '2024-10-06 00:00:00', '2024-10-06 22:00:00', 12.977195, 77.639748, 'Control room information regarding house breaking night was received from beside a metro approach road. IO Suresh Kambali opened the investigation and secured preliminary evidence.');
INSERT INTO Inv_OccuranceTime (CaseMasterID, IncidentFromDate, IncidentToDate, latitude, longitude, PlaceOfOccurrence) VALUES (491, '2024-10-06 22:00:00', '2024-10-06 00:00:00', 12.977195, 77.639748, 'Beside a metro approach road, Indiranagar');
INSERT INTO ComplainantDetails (ComplainantID, CaseMasterID, ComplainantName, AgeYear, OccupationID, ReligionID, CasteID, GenderID) VALUES (491, 491, 'Latha Khan', 61, 2, 3, 1, 2);
INSERT INTO ActSectionAssociation (CaseMasterID, ActID, SectionID, ActOrderID, SectionOrderID) VALUES (491, 'IPC', '379', 1, 1);
INSERT INTO Victim (VictimMasterID, CaseMasterID, VictimName, AgeYear, GenderID, VictimPolice) VALUES (491, 491, 'Sangeetha Kulkarni', 61, 2, '0');
INSERT INTO Accused (AccusedMasterID, CaseMasterID, AccusedName, AgeYear, GenderID, PersonID) VALUES (576, 491, 'Jagga F. Pashan', 33, 1, 'A1');
INSERT INTO CaseMaster (CaseMasterID, CrimeNo, CaseNo, CrimeRegisteredDate, PolicePersonID, PoliceStationID, CaseCategoryID, GravityOffenceID, CrimeMajorHeadID, CrimeMinorHeadID, CaseStatusID, CourtID, IncidentFromDate, IncidentToDate, InfoReceivedPSDate, latitude, longitude, BriefFacts) VALUES (492, '100020007202400492', '202400492', '2024-10-17', 13, 7, 1, 2, 3, 6, 1, 2, '2024-10-17 14:00:00', '2024-10-17 16:00:00', '2024-10-17 14:00:00', 12.322996, 76.665349, 'Lashkar Police Station registered the case after an incident beside an industrial access road. Initial CCTV, witness, and digital-evidence checks were assigned to IO Suresh Rao.');
INSERT INTO Inv_OccuranceTime (CaseMasterID, IncidentFromDate, IncidentToDate, latitude, longitude, PlaceOfOccurrence) VALUES (492, '2024-10-17 14:00:00', '2024-10-17 16:00:00', 12.322996, 76.665349, 'Beside an industrial access road, Lashkar');
INSERT INTO ComplainantDetails (ComplainantID, CaseMasterID, ComplainantName, AgeYear, OccupationID, ReligionID, CasteID, GenderID) VALUES (492, 492, 'Pooja Rao', 52, 2, 5, 4, 2);
INSERT INTO ActSectionAssociation (CaseMasterID, ActID, SectionID, ActOrderID, SectionOrderID) VALUES (492, 'IT_ACT', '66D', 1, 1);
INSERT INTO Victim (VictimMasterID, CaseMasterID, VictimName, AgeYear, GenderID, VictimPolice) VALUES (492, 492, 'Nikhil Naik', 47, 2, '0');
INSERT INTO Accused (AccusedMasterID, CaseMasterID, AccusedName, AgeYear, GenderID, PersonID) VALUES (577, 492, 'Pandu M. Verma', 27, 1, 'A1');
INSERT INTO Accused (AccusedMasterID, CaseMasterID, AccusedName, AgeYear, GenderID, PersonID) VALUES (578, 492, 'Pandu X. Shaikh', 25, 1, 'A2');
INSERT INTO CaseMaster (CaseMasterID, CrimeNo, CaseNo, CrimeRegisteredDate, PolicePersonID, PoliceStationID, CaseCategoryID, GravityOffenceID, CrimeMajorHeadID, CrimeMinorHeadID, CaseStatusID, CourtID, IncidentFromDate, IncidentToDate, InfoReceivedPSDate, latitude, longitude, BriefFacts) VALUES (493, '100060018202400493', '202400493', '2024-10-28', 35, 18, 1, 3, 4, 8, 2, 6, '2024-10-28 16:00:00', '2024-10-28 17:00:00', '2024-10-28 16:00:00', 17.329350, 76.844826, 'Cheating reported close to a residential layout within Station Bazar Police Station limits. Prakash Kambali recorded statements and initiated scene verification.');
INSERT INTO Inv_OccuranceTime (CaseMasterID, IncidentFromDate, IncidentToDate, latitude, longitude, PlaceOfOccurrence) VALUES (493, '2024-10-28 16:00:00', '2024-10-28 17:00:00', 17.329350, 76.844826, 'Close to a residential layout, Station Bazar');
INSERT INTO ComplainantDetails (ComplainantID, CaseMasterID, ComplainantName, AgeYear, OccupationID, ReligionID, CasteID, GenderID) VALUES (493, 493, 'Joel Kulkarni', 41, 3, 2, 2, 2);
INSERT INTO ActSectionAssociation (CaseMasterID, ActID, SectionID, ActOrderID, SectionOrderID) VALUES (493, 'IPC', '420', 1, 1);
INSERT INTO Victim (VictimMasterID, CaseMasterID, VictimName, AgeYear, GenderID, VictimPolice) VALUES (493, 493, 'Kiran Kulkarni', 57, 1, '0');
INSERT INTO Accused (AccusedMasterID, CaseMasterID, AccusedName, AgeYear, GenderID, PersonID) VALUES (579, 493, 'Yogesh T. Patil', 33, 1, 'A1');
INSERT INTO Accused (AccusedMasterID, CaseMasterID, AccusedName, AgeYear, GenderID, PersonID) VALUES (580, 493, 'Rafiq E. Kumar', 41, 1, 'A2');
INSERT INTO ArrestSurrender (ArrestSurrenderID, CaseMasterID, ArrestSurrenderTypeID, ArrestSurrenderDate, ArrestSurrenderStateId, ArrestSurrenderDistrictId, PoliceStationID, IOID, CourtID, AccusedMasterID, IsAccused, IsComplainantAccused) VALUES (240, 493, 1, '2024-11-17', 1, 6, 18, 35, 6, 579, 1, 0);
INSERT INTO inv_arrestsurrenderaccused (ArrestSurrenderID, AccusedMasterID) VALUES (240, 579);
INSERT INTO inv_arrestsurrenderaccused (ArrestSurrenderID, AccusedMasterID) VALUES (240, 580);
INSERT INTO ChargesheetDetails (CSID, CaseMasterID, csdate, cstype, PolicePersonID) VALUES (309, 493, '2024-12-25 14:00:00', 'A', 35);
INSERT INTO CaseMaster (CaseMasterID, CrimeNo, CaseNo, CrimeRegisteredDate, PolicePersonID, PoliceStationID, CaseCategoryID, GravityOffenceID, CrimeMajorHeadID, CrimeMinorHeadID, CaseStatusID, CourtID, IncidentFromDate, IncidentToDate, InfoReceivedPSDate, latitude, longitude, BriefFacts) VALUES (494, '100050015202400494', '202400494', '2024-10-11', 29, 15, 1, 2, 3, 7, 2, 5, '2024-10-11 14:00:00', '2024-10-11 15:00:00', '2024-10-11 14:00:00', 15.849757, 74.505143, 'Identity Theft reported near the central market within Camp Police Station Belagavi limits. Prakash Patil recorded statements and initiated scene verification.');
INSERT INTO Inv_OccuranceTime (CaseMasterID, IncidentFromDate, IncidentToDate, latitude, longitude, PlaceOfOccurrence) VALUES (494, '2024-10-11 14:00:00', '2024-10-11 15:00:00', 15.849757, 74.505143, 'Near the central market, Camp Belagavi');
INSERT INTO ComplainantDetails (ComplainantID, CaseMasterID, ComplainantName, AgeYear, OccupationID, ReligionID, CasteID, GenderID) VALUES (494, 494, 'Naveena Patil', 37, 4, 5, 5, 1);
INSERT INTO ActSectionAssociation (CaseMasterID, ActID, SectionID, ActOrderID, SectionOrderID) VALUES (494, 'IT_ACT', '66D', 1, 1);
INSERT INTO Victim (VictimMasterID, CaseMasterID, VictimName, AgeYear, GenderID, VictimPolice) VALUES (494, 494, 'Rajesh Khan', 52, 2, '0');
INSERT INTO Accused (AccusedMasterID, CaseMasterID, AccusedName, AgeYear, GenderID, PersonID) VALUES (581, 494, 'Salman A. Shetty', 29, 1, 'A1');
INSERT INTO ArrestSurrender (ArrestSurrenderID, CaseMasterID, ArrestSurrenderTypeID, ArrestSurrenderDate, ArrestSurrenderStateId, ArrestSurrenderDistrictId, PoliceStationID, IOID, CourtID, AccusedMasterID, IsAccused, IsComplainantAccused) VALUES (241, 494, 1, '2024-10-17', 1, 5, 15, 29, 5, 581, 1, 0);
INSERT INTO inv_arrestsurrenderaccused (ArrestSurrenderID, AccusedMasterID) VALUES (241, 581);
INSERT INTO ChargesheetDetails (CSID, CaseMasterID, csdate, cstype, PolicePersonID) VALUES (310, 494, '2025-01-01 17:00:00', 'A', 29);
INSERT INTO CaseMaster (CaseMasterID, CrimeNo, CaseNo, CrimeRegisteredDate, PolicePersonID, PoliceStationID, CaseCategoryID, GravityOffenceID, CrimeMajorHeadID, CrimeMinorHeadID, CaseStatusID, CourtID, IncidentFromDate, IncidentToDate, InfoReceivedPSDate, latitude, longitude, BriefFacts) VALUES (495, '100020007202400495', '202400495', '2024-10-22', 13, 7, 1, 3, 3, 7, 1, 2, '2024-10-22 15:00:00', '2024-10-22 16:00:00', '2024-10-22 15:00:00', 12.319343, 76.663858, 'Lashkar Police Station registered the case after an incident beside an industrial access road. Initial CCTV, witness, and digital-evidence checks were assigned to IO Suresh Rao.');
INSERT INTO Inv_OccuranceTime (CaseMasterID, IncidentFromDate, IncidentToDate, latitude, longitude, PlaceOfOccurrence) VALUES (495, '2024-10-22 15:00:00', '2024-10-22 16:00:00', 12.319343, 76.663858, 'Beside an industrial access road, Lashkar');
INSERT INTO ComplainantDetails (ComplainantID, CaseMasterID, ComplainantName, AgeYear, OccupationID, ReligionID, CasteID, GenderID) VALUES (495, 495, 'Suma Bhat', 35, 3, 3, 2, 2);
INSERT INTO ActSectionAssociation (CaseMasterID, ActID, SectionID, ActOrderID, SectionOrderID) VALUES (495, 'IT_ACT', '66D', 1, 1);
INSERT INTO Victim (VictimMasterID, CaseMasterID, VictimName, AgeYear, GenderID, VictimPolice) VALUES (495, 495, 'Ganesh Joshi', 24, 2, '0');
INSERT INTO Accused (AccusedMasterID, CaseMasterID, AccusedName, AgeYear, GenderID, PersonID) VALUES (582, 495, 'Vicky H. Patil', 25, 1, 'A1');
INSERT INTO CaseMaster (CaseMasterID, CrimeNo, CaseNo, CrimeRegisteredDate, PolicePersonID, PoliceStationID, CaseCategoryID, GravityOffenceID, CrimeMajorHeadID, CrimeMinorHeadID, CaseStatusID, CourtID, IncidentFromDate, IncidentToDate, InfoReceivedPSDate, latitude, longitude, BriefFacts) VALUES (496, '100050016202400496', '202400496', '2024-10-05', 31, 16, 1, 3, 3, 6, 1, 5, '2024-10-05 10:00:00', '2024-10-05 12:00:00', '2024-10-05 10:00:00', 15.834839, 74.500280, 'Control room information regarding online financial fraud was received from on the ring road service lane. IO Santosh Pawar opened the investigation and secured preliminary evidence.');
INSERT INTO Inv_OccuranceTime (CaseMasterID, IncidentFromDate, IncidentToDate, latitude, longitude, PlaceOfOccurrence) VALUES (496, '2024-10-05 10:00:00', '2024-10-05 12:00:00', 15.834839, 74.500280, 'On the ring road service lane, Tilakwadi');
INSERT INTO ComplainantDetails (ComplainantID, CaseMasterID, ComplainantName, AgeYear, OccupationID, ReligionID, CasteID, GenderID) VALUES (496, 496, 'Suma Deshpande', 53, 5, 3, 4, 2);
INSERT INTO ActSectionAssociation (CaseMasterID, ActID, SectionID, ActOrderID, SectionOrderID) VALUES (496, 'IT_ACT', '66D', 1, 1);
INSERT INTO Victim (VictimMasterID, CaseMasterID, VictimName, AgeYear, GenderID, VictimPolice) VALUES (496, 496, 'Sangeetha Hegde', 16, 1, '0');
INSERT INTO Accused (AccusedMasterID, CaseMasterID, AccusedName, AgeYear, GenderID, PersonID) VALUES (583, 496, 'Yogesh O. Kumar', 29, 1, 'A1');
INSERT INTO CaseMaster (CaseMasterID, CrimeNo, CaseNo, CrimeRegisteredDate, PolicePersonID, PoliceStationID, CaseCategoryID, GravityOffenceID, CrimeMajorHeadID, CrimeMinorHeadID, CaseStatusID, CourtID, IncidentFromDate, IncidentToDate, InfoReceivedPSDate, latitude, longitude, BriefFacts) VALUES (497, '100040012202400497', '202400497', '2024-10-16', 23, 12, 1, 3, 1, 1, 1, 4, '2024-10-16 14:00:00', '2024-10-16 15:00:00', '2024-10-16 14:00:00', 15.344986, 75.132520, 'Control room information regarding automobile theft was received from beside an industrial access road. IO Manjunath Deshmukh opened the investigation and secured preliminary evidence.');
INSERT INTO Inv_OccuranceTime (CaseMasterID, IncidentFromDate, IncidentToDate, latitude, longitude, PlaceOfOccurrence) VALUES (497, '2024-10-16 14:00:00', '2024-10-16 15:00:00', 15.344986, 75.132520, 'Beside an industrial access road, Suburban Hubballi');
INSERT INTO ComplainantDetails (ComplainantID, CaseMasterID, ComplainantName, AgeYear, OccupationID, ReligionID, CasteID, GenderID) VALUES (497, 497, 'Suma Kulkarni', 65, 6, 4, 1, 2);
INSERT INTO ActSectionAssociation (CaseMasterID, ActID, SectionID, ActOrderID, SectionOrderID) VALUES (497, 'IPC', '379', 1, 1);
INSERT INTO Victim (VictimMasterID, CaseMasterID, VictimName, AgeYear, GenderID, VictimPolice) VALUES (497, 497, 'Vinay Poojary', 71, 2, '0');
INSERT INTO Accused (AccusedMasterID, CaseMasterID, AccusedName, AgeYear, GenderID, PersonID) VALUES (584, 497, 'Imtiaz V. Naik', 23, 1, 'A1');
INSERT INTO CaseMaster (CaseMasterID, CrimeNo, CaseNo, CrimeRegisteredDate, PolicePersonID, PoliceStationID, CaseCategoryID, GravityOffenceID, CrimeMajorHeadID, CrimeMinorHeadID, CaseStatusID, CourtID, IncidentFromDate, IncidentToDate, InfoReceivedPSDate, latitude, longitude, BriefFacts) VALUES (498, '100060018202400498', '202400498', '2024-10-27', 35, 18, 1, 3, 1, 2, 5, 6, '2024-10-27 00:00:00', '2024-10-27 03:00:00', '2024-10-27 00:00:00', 17.326120, 76.831154, 'House Breaking Night reported on the ring road service lane within Station Bazar Police Station limits. Prakash Kambali recorded statements and initiated scene verification.');
INSERT INTO Inv_OccuranceTime (CaseMasterID, IncidentFromDate, IncidentToDate, latitude, longitude, PlaceOfOccurrence) VALUES (498, '2024-10-27 00:00:00', '2024-10-27 03:00:00', 17.326120, 76.831154, 'On the ring road service lane, Station Bazar');
INSERT INTO ComplainantDetails (ComplainantID, CaseMasterID, ComplainantName, AgeYear, OccupationID, ReligionID, CasteID, GenderID) VALUES (498, 498, 'Eshwar Bhat', 72, 6, 5, 5, 2);
INSERT INTO ActSectionAssociation (CaseMasterID, ActID, SectionID, ActOrderID, SectionOrderID) VALUES (498, 'IPC', '379', 1, 1);
INSERT INTO Victim (VictimMasterID, CaseMasterID, VictimName, AgeYear, GenderID, VictimPolice) VALUES (498, 498, 'Kiran Khan', 40, 2, '0');
INSERT INTO Accused (AccusedMasterID, CaseMasterID, AccusedName, AgeYear, GenderID, PersonID) VALUES (585, 498, 'Raja C. Kumar', 41, 1, 'A1');
INSERT INTO CaseMaster (CaseMasterID, CrimeNo, CaseNo, CrimeRegisteredDate, PolicePersonID, PoliceStationID, CaseCategoryID, GravityOffenceID, CrimeMajorHeadID, CrimeMinorHeadID, CaseStatusID, CourtID, IncidentFromDate, IncidentToDate, InfoReceivedPSDate, latitude, longitude, BriefFacts) VALUES (499, '100010002202400499', '202400499', '2024-10-10', 3, 2, 3, 3, 1, 2, 1, 1, '2024-10-10 01:00:00', '2024-10-10 02:00:00', '2024-10-10 01:00:00', 12.934169, 77.630462, 'Complainant reported a suspected house breaking night incident near a bus stop. The matter was registered at Koramangala Police Station and assigned to Prakash Jadhav.');
INSERT INTO Inv_OccuranceTime (CaseMasterID, IncidentFromDate, IncidentToDate, latitude, longitude, PlaceOfOccurrence) VALUES (499, '2024-10-10 01:00:00', '2024-10-10 02:00:00', 12.934169, 77.630462, 'Near a bus stop, Koramangala');
INSERT INTO ComplainantDetails (ComplainantID, CaseMasterID, ComplainantName, AgeYear, OccupationID, ReligionID, CasteID, GenderID) VALUES (499, 499, 'Suma Gowda', 34, 3, 1, 2, 1);
INSERT INTO ActSectionAssociation (CaseMasterID, ActID, SectionID, ActOrderID, SectionOrderID) VALUES (499, 'IPC', '379', 1, 1);
INSERT INTO Victim (VictimMasterID, CaseMasterID, VictimName, AgeYear, GenderID, VictimPolice) VALUES (499, 499, 'Divya Joshi', 16, 2, '0');
INSERT INTO Accused (AccusedMasterID, CaseMasterID, AccusedName, AgeYear, GenderID, PersonID) VALUES (586, 499, 'Rohit J. Kumar', 33, 1, 'A1');
INSERT INTO Accused (AccusedMasterID, CaseMasterID, AccusedName, AgeYear, GenderID, PersonID) VALUES (587, 499, 'Dharma U. Patil', 23, 1, 'A2');
INSERT INTO CaseMaster (CaseMasterID, CrimeNo, CaseNo, CrimeRegisteredDate, PolicePersonID, PoliceStationID, CaseCategoryID, GravityOffenceID, CrimeMajorHeadID, CrimeMinorHeadID, CaseStatusID, CourtID, IncidentFromDate, IncidentToDate, InfoReceivedPSDate, latitude, longitude, BriefFacts) VALUES (500, '100010002202400500', '202400500', '2024-10-21', 3, 2, 1, 3, 4, 8, 2, 1, '2024-10-21 11:00:00', '2024-10-21 12:00:00', '2024-10-21 11:00:00', 12.929573, 77.614594, 'Koramangala Police Station registered the case after an incident near a bus stop. Initial CCTV, witness, and digital-evidence checks were assigned to IO Prakash Jadhav.');
INSERT INTO Inv_OccuranceTime (CaseMasterID, IncidentFromDate, IncidentToDate, latitude, longitude, PlaceOfOccurrence) VALUES (500, '2024-10-21 11:00:00', '2024-10-21 12:00:00', 12.929573, 77.614594, 'Near a bus stop, Koramangala');
INSERT INTO ComplainantDetails (ComplainantID, CaseMasterID, ComplainantName, AgeYear, OccupationID, ReligionID, CasteID, GenderID) VALUES (500, 500, 'Girish Murthy', 41, 5, 1, 2, 2);
INSERT INTO ActSectionAssociation (CaseMasterID, ActID, SectionID, ActOrderID, SectionOrderID) VALUES (500, 'IPC', '420', 1, 1);
INSERT INTO Victim (VictimMasterID, CaseMasterID, VictimName, AgeYear, GenderID, VictimPolice) VALUES (500, 500, 'Tarun Patil', 26, 1, '0');
INSERT INTO Accused (AccusedMasterID, CaseMasterID, AccusedName, AgeYear, GenderID, PersonID) VALUES (588, 500, 'Shiva Q. Shetty', 32, 1, 'A1');
INSERT INTO Accused (AccusedMasterID, CaseMasterID, AccusedName, AgeYear, GenderID, PersonID) VALUES (589, 500, 'Dharma B. Singh', 33, 1, 'A2');
INSERT INTO ChargesheetDetails (CSID, CaseMasterID, csdate, cstype, PolicePersonID) VALUES (311, 500, '2024-12-28 11:00:00', 'A', 3);
INSERT INTO CaseMaster (CaseMasterID, CrimeNo, CaseNo, CrimeRegisteredDate, PolicePersonID, PoliceStationID, CaseCategoryID, GravityOffenceID, CrimeMajorHeadID, CrimeMinorHeadID, CaseStatusID, CourtID, IncidentFromDate, IncidentToDate, InfoReceivedPSDate, latitude, longitude, BriefFacts) VALUES (501, '100010002202400501', '202400501', '2024-10-04', 3, 2, 1, 3, 1, 1, 1, 1, '2024-10-04 09:00:00', '2024-10-04 11:00:00', '2024-10-04 09:00:00', 12.942965, 77.615985, 'Koramangala Police Station registered the case after an incident near a market entrance. Initial CCTV, witness, and digital-evidence checks were assigned to IO Prakash Jadhav.');
INSERT INTO Inv_OccuranceTime (CaseMasterID, IncidentFromDate, IncidentToDate, latitude, longitude, PlaceOfOccurrence) VALUES (501, '2024-10-04 09:00:00', '2024-10-04 11:00:00', 12.942965, 77.615985, 'Near a market entrance, Koramangala');
INSERT INTO ComplainantDetails (ComplainantID, CaseMasterID, ComplainantName, AgeYear, OccupationID, ReligionID, CasteID, GenderID) VALUES (501, 501, 'Suma Fernandes', 58, 6, 2, 3, 1);
INSERT INTO ActSectionAssociation (CaseMasterID, ActID, SectionID, ActOrderID, SectionOrderID) VALUES (501, 'IPC', '379', 1, 1);
INSERT INTO Victim (VictimMasterID, CaseMasterID, VictimName, AgeYear, GenderID, VictimPolice) VALUES (501, 501, 'Bhavya Khan', 67, 1, '0');
INSERT INTO Accused (AccusedMasterID, CaseMasterID, AccusedName, AgeYear, GenderID, PersonID) VALUES (590, 501, 'Rafiq X. Kumar', 40, 1, 'A1');
INSERT INTO CaseMaster (CaseMasterID, CrimeNo, CaseNo, CrimeRegisteredDate, PolicePersonID, PoliceStationID, CaseCategoryID, GravityOffenceID, CrimeMajorHeadID, CrimeMinorHeadID, CaseStatusID, CourtID, IncidentFromDate, IncidentToDate, InfoReceivedPSDate, latitude, longitude, BriefFacts) VALUES (502, '100010004202400502', '202400502', '2024-10-15', 7, 4, 1, 3, 5, 9, 1, 1, '2024-10-15 11:00:00', '2024-10-15 13:00:00', '2024-10-15 11:00:00', 12.914871, 77.597703, 'Complainant reported a suspected ganja possession incident outside a commercial complex. The matter was registered at Jayanagar Police Station and assigned to Kiran Bhat.');
INSERT INTO Inv_OccuranceTime (CaseMasterID, IncidentFromDate, IncidentToDate, latitude, longitude, PlaceOfOccurrence) VALUES (502, '2024-10-15 11:00:00', '2024-10-15 13:00:00', 12.914871, 77.597703, 'Outside a commercial complex, Jayanagar');
INSERT INTO ComplainantDetails (ComplainantID, CaseMasterID, ComplainantName, AgeYear, OccupationID, ReligionID, CasteID, GenderID) VALUES (502, 502, 'Latha Hegde', 23, 5, 1, 2, 1);
INSERT INTO ActSectionAssociation (CaseMasterID, ActID, SectionID, ActOrderID, SectionOrderID) VALUES (502, 'NDPS', '20', 1, 1);
INSERT INTO Victim (VictimMasterID, CaseMasterID, VictimName, AgeYear, GenderID, VictimPolice) VALUES (502, 502, 'Nikhil Poojary', 19, 2, '0');
INSERT INTO Accused (AccusedMasterID, CaseMasterID, AccusedName, AgeYear, GenderID, PersonID) VALUES (591, 502, 'Vicky E. Jadhav', 28, 1, 'A1');
INSERT INTO CaseMaster (CaseMasterID, CrimeNo, CaseNo, CrimeRegisteredDate, PolicePersonID, PoliceStationID, CaseCategoryID, GravityOffenceID, CrimeMajorHeadID, CrimeMinorHeadID, CaseStatusID, CourtID, IncidentFromDate, IncidentToDate, InfoReceivedPSDate, latitude, longitude, BriefFacts) VALUES (503, '100060018202400503', '202400503', '2024-10-26', 35, 18, 1, 2, 4, 8, 2, 6, '2024-10-26 17:00:00', '2024-10-26 19:00:00', '2024-10-26 17:00:00', 17.321526, 76.844578, 'Station Bazar Police Station registered the case after an incident beside an industrial access road. Initial CCTV, witness, and digital-evidence checks were assigned to IO Prakash Kambali.');
INSERT INTO Inv_OccuranceTime (CaseMasterID, IncidentFromDate, IncidentToDate, latitude, longitude, PlaceOfOccurrence) VALUES (503, '2024-10-26 17:00:00', '2024-10-26 19:00:00', 17.321526, 76.844578, 'Beside an industrial access road, Station Bazar');
INSERT INTO ComplainantDetails (ComplainantID, CaseMasterID, ComplainantName, AgeYear, OccupationID, ReligionID, CasteID, GenderID) VALUES (503, 503, 'Pooja Deshpande', 66, 4, 5, 2, 2);
INSERT INTO ActSectionAssociation (CaseMasterID, ActID, SectionID, ActOrderID, SectionOrderID) VALUES (503, 'IPC', '420', 1, 1);
INSERT INTO Victim (VictimMasterID, CaseMasterID, VictimName, AgeYear, GenderID, VictimPolice) VALUES (503, 503, 'Rajesh Bhat', 64, 2, '0');
INSERT INTO Accused (AccusedMasterID, CaseMasterID, AccusedName, AgeYear, GenderID, PersonID) VALUES (592, 503, 'Rohit L. Jadhav', 45, 1, 'A1');
INSERT INTO ArrestSurrender (ArrestSurrenderID, CaseMasterID, ArrestSurrenderTypeID, ArrestSurrenderDate, ArrestSurrenderStateId, ArrestSurrenderDistrictId, PoliceStationID, IOID, CourtID, AccusedMasterID, IsAccused, IsComplainantAccused) VALUES (242, 503, 1, '2024-11-11', 1, 6, 18, 35, 6, 592, 1, 0);
INSERT INTO inv_arrestsurrenderaccused (ArrestSurrenderID, AccusedMasterID) VALUES (242, 592);
INSERT INTO ChargesheetDetails (CSID, CaseMasterID, csdate, cstype, PolicePersonID) VALUES (312, 503, '2024-11-24 17:00:00', 'A', 35);
INSERT INTO CaseMaster (CaseMasterID, CrimeNo, CaseNo, CrimeRegisteredDate, PolicePersonID, PoliceStationID, CaseCategoryID, GravityOffenceID, CrimeMajorHeadID, CrimeMinorHeadID, CaseStatusID, CourtID, IncidentFromDate, IncidentToDate, InfoReceivedPSDate, latitude, longitude, BriefFacts) VALUES (504, '100050015202400504', '202400504', '2024-11-15', 29, 15, 1, 3, 1, 10, 1, 5, '2024-11-15 22:00:00', '2024-11-15 01:00:00', '2024-11-15 22:00:00', 15.850488, 74.512200, 'Highway Robbery reported near the inter-city bus stand within Camp Police Station Belagavi limits. Prakash Patil recorded statements and initiated scene verification.');
INSERT INTO Inv_OccuranceTime (CaseMasterID, IncidentFromDate, IncidentToDate, latitude, longitude, PlaceOfOccurrence) VALUES (504, '2024-11-15 22:00:00', '2024-11-15 01:00:00', 15.850488, 74.512200, 'Near the inter-city bus stand, Camp Belagavi');
INSERT INTO ComplainantDetails (ComplainantID, CaseMasterID, ComplainantName, AgeYear, OccupationID, ReligionID, CasteID, GenderID) VALUES (504, 504, 'Nandini Murthy', 55, 6, 4, 3, 1);
INSERT INTO ActSectionAssociation (CaseMasterID, ActID, SectionID, ActOrderID, SectionOrderID) VALUES (504, 'IPC', '379', 1, 1);
INSERT INTO Victim (VictimMasterID, CaseMasterID, VictimName, AgeYear, GenderID, VictimPolice) VALUES (504, 504, 'Fathima Gowda', 17, 1, '0');
INSERT INTO Accused (AccusedMasterID, CaseMasterID, AccusedName, AgeYear, GenderID, PersonID) VALUES (593, 504, 'Lokesh S. Shaikh', 40, 1, 'A1');
INSERT INTO CaseMaster (CaseMasterID, CrimeNo, CaseNo, CrimeRegisteredDate, PolicePersonID, PoliceStationID, CaseCategoryID, GravityOffenceID, CrimeMajorHeadID, CrimeMinorHeadID, CaseStatusID, CourtID, IncidentFromDate, IncidentToDate, InfoReceivedPSDate, latitude, longitude, BriefFacts) VALUES (505, '100060018202400505', '202400505', '2024-11-26', 35, 18, 1, 3, 1, 1, 3, 6, '2024-11-26 13:00:00', '2024-11-26 14:00:00', '2024-11-26 13:00:00', 17.330193, 76.844935, 'Complainant reported a suspected automobile theft incident close to a residential layout. The matter was registered at Station Bazar Police Station and assigned to Prakash Kambali.');
INSERT INTO Inv_OccuranceTime (CaseMasterID, IncidentFromDate, IncidentToDate, latitude, longitude, PlaceOfOccurrence) VALUES (505, '2024-11-26 13:00:00', '2024-11-26 14:00:00', 17.330193, 76.844935, 'Close to a residential layout, Station Bazar');
INSERT INTO ComplainantDetails (ComplainantID, CaseMasterID, ComplainantName, AgeYear, OccupationID, ReligionID, CasteID, GenderID) VALUES (505, 505, 'Naveena Deshpande', 20, 7, 5, 4, 1);
INSERT INTO ActSectionAssociation (CaseMasterID, ActID, SectionID, ActOrderID, SectionOrderID) VALUES (505, 'IPC', '379', 1, 1);
INSERT INTO Victim (VictimMasterID, CaseMasterID, VictimName, AgeYear, GenderID, VictimPolice) VALUES (505, 505, 'Divya Murthy', 31, 2, '0');
INSERT INTO Accused (AccusedMasterID, CaseMasterID, AccusedName, AgeYear, GenderID, PersonID) VALUES (594, 505, 'Manjunath Z. Reddy', 37, 1, 'A1');
INSERT INTO ChargesheetDetails (CSID, CaseMasterID, csdate, cstype, PolicePersonID) VALUES (313, 505, '2024-12-29 09:00:00', 'A', 35);
INSERT INTO CaseMaster (CaseMasterID, CrimeNo, CaseNo, CrimeRegisteredDate, PolicePersonID, PoliceStationID, CaseCategoryID, GravityOffenceID, CrimeMajorHeadID, CrimeMinorHeadID, CaseStatusID, CourtID, IncidentFromDate, IncidentToDate, InfoReceivedPSDate, latitude, longitude, BriefFacts) VALUES (506, '100060018202400506', '202400506', '2024-11-09', 35, 18, 1, 3, 3, 6, 2, 6, '2024-11-09 16:00:00', '2024-11-09 18:00:00', '2024-11-09 16:00:00', 17.338162, 76.840879, 'Control room information regarding online financial fraud was received from close to a residential layout. IO Prakash Kambali opened the investigation and secured preliminary evidence.');
INSERT INTO Inv_OccuranceTime (CaseMasterID, IncidentFromDate, IncidentToDate, latitude, longitude, PlaceOfOccurrence) VALUES (506, '2024-11-09 16:00:00', '2024-11-09 18:00:00', 17.338162, 76.840879, 'Close to a residential layout, Station Bazar');
INSERT INTO ComplainantDetails (ComplainantID, CaseMasterID, ComplainantName, AgeYear, OccupationID, ReligionID, CasteID, GenderID) VALUES (506, 506, 'Eshwar Patil', 36, 2, 2, 1, 1);
INSERT INTO ActSectionAssociation (CaseMasterID, ActID, SectionID, ActOrderID, SectionOrderID) VALUES (506, 'IT_ACT', '66D', 1, 1);
INSERT INTO Victim (VictimMasterID, CaseMasterID, VictimName, AgeYear, GenderID, VictimPolice) VALUES (506, 506, 'Tarun Shetty', 24, 1, '0');
INSERT INTO Accused (AccusedMasterID, CaseMasterID, AccusedName, AgeYear, GenderID, PersonID) VALUES (595, 506, 'Raja G. Verma', 24, 1, 'A1');
INSERT INTO ArrestSurrender (ArrestSurrenderID, CaseMasterID, ArrestSurrenderTypeID, ArrestSurrenderDate, ArrestSurrenderStateId, ArrestSurrenderDistrictId, PoliceStationID, IOID, CourtID, AccusedMasterID, IsAccused, IsComplainantAccused) VALUES (243, 506, 1, '2024-12-06', 1, 6, 18, 35, 6, 595, 1, 0);
INSERT INTO inv_arrestsurrenderaccused (ArrestSurrenderID, AccusedMasterID) VALUES (243, 595);
INSERT INTO ChargesheetDetails (CSID, CaseMasterID, csdate, cstype, PolicePersonID) VALUES (314, 506, '2025-01-24 12:00:00', 'A', 35);
INSERT INTO CaseMaster (CaseMasterID, CrimeNo, CaseNo, CrimeRegisteredDate, PolicePersonID, PoliceStationID, CaseCategoryID, GravityOffenceID, CrimeMajorHeadID, CrimeMinorHeadID, CaseStatusID, CourtID, IncidentFromDate, IncidentToDate, InfoReceivedPSDate, latitude, longitude, BriefFacts) VALUES (507, '100060018202400507', '202400507', '2024-11-20', 35, 18, 1, 1, 1, 1, 3, 6, '2024-11-20 18:00:00', '2024-11-20 20:00:00', '2024-11-20 18:00:00', 17.320134, 76.844508, 'Control room information regarding automobile theft was received from beside an industrial access road. IO Prakash Kambali opened the investigation and secured preliminary evidence.');
INSERT INTO Inv_OccuranceTime (CaseMasterID, IncidentFromDate, IncidentToDate, latitude, longitude, PlaceOfOccurrence) VALUES (507, '2024-11-20 18:00:00', '2024-11-20 20:00:00', 17.320134, 76.844508, 'Beside an industrial access road, Station Bazar');
INSERT INTO ComplainantDetails (ComplainantID, CaseMasterID, ComplainantName, AgeYear, OccupationID, ReligionID, CasteID, GenderID) VALUES (507, 507, 'Farhan Hegde', 21, 3, 4, 1, 1);
INSERT INTO ActSectionAssociation (CaseMasterID, ActID, SectionID, ActOrderID, SectionOrderID) VALUES (507, 'IPC', '379', 1, 1);
INSERT INTO Victim (VictimMasterID, CaseMasterID, VictimName, AgeYear, GenderID, VictimPolice) VALUES (507, 507, 'Kiran Fernandes', 73, 2, '0');
INSERT INTO Accused (AccusedMasterID, CaseMasterID, AccusedName, AgeYear, GenderID, PersonID) VALUES (596, 507, 'Tukaram N. Jadhav', 22, 1, 'A1');
INSERT INTO ArrestSurrender (ArrestSurrenderID, CaseMasterID, ArrestSurrenderTypeID, ArrestSurrenderDate, ArrestSurrenderStateId, ArrestSurrenderDistrictId, PoliceStationID, IOID, CourtID, AccusedMasterID, IsAccused, IsComplainantAccused) VALUES (244, 507, 1, '2024-11-23', 1, 6, 18, 35, 6, 596, 1, 0);
INSERT INTO inv_arrestsurrenderaccused (ArrestSurrenderID, AccusedMasterID) VALUES (244, 596);
INSERT INTO ChargesheetDetails (CSID, CaseMasterID, csdate, cstype, PolicePersonID) VALUES (315, 507, '2025-01-01 12:00:00', 'A', 35);
INSERT INTO CaseMaster (CaseMasterID, CrimeNo, CaseNo, CrimeRegisteredDate, PolicePersonID, PoliceStationID, CaseCategoryID, GravityOffenceID, CrimeMajorHeadID, CrimeMinorHeadID, CaseStatusID, CourtID, IncidentFromDate, IncidentToDate, InfoReceivedPSDate, latitude, longitude, BriefFacts) VALUES (508, '100020007202400508', '202400508', '2024-11-03', 13, 7, 3, 2, 1, 2, 1, 2, '2024-11-03 23:00:00', '2024-11-03 02:00:00', '2024-11-03 23:00:00', 12.308462, 76.665046, 'Complainant reported a suspected house breaking night incident beside an industrial access road. The matter was registered at Lashkar Police Station and assigned to Suresh Rao.');
INSERT INTO Inv_OccuranceTime (CaseMasterID, IncidentFromDate, IncidentToDate, latitude, longitude, PlaceOfOccurrence) VALUES (508, '2024-11-03 23:00:00', '2024-11-03 02:00:00', 12.308462, 76.665046, 'Beside an industrial access road, Lashkar');
INSERT INTO ComplainantDetails (ComplainantID, CaseMasterID, ComplainantName, AgeYear, OccupationID, ReligionID, CasteID, GenderID) VALUES (508, 508, 'Radha Joshi', 39, 7, 5, 1, 1);
INSERT INTO ActSectionAssociation (CaseMasterID, ActID, SectionID, ActOrderID, SectionOrderID) VALUES (508, 'IPC', '379', 1, 1);
INSERT INTO Victim (VictimMasterID, CaseMasterID, VictimName, AgeYear, GenderID, VictimPolice) VALUES (508, 508, 'Vinay Bhat', 62, 1, '0');
INSERT INTO Accused (AccusedMasterID, CaseMasterID, AccusedName, AgeYear, GenderID, PersonID) VALUES (597, 508, 'Ajay U. Jadhav', 28, 1, 'A1');
INSERT INTO Accused (AccusedMasterID, CaseMasterID, AccusedName, AgeYear, GenderID, PersonID) VALUES (598, 508, 'Rohit F. Shaikh', 41, 1, 'A2');
INSERT INTO CaseMaster (CaseMasterID, CrimeNo, CaseNo, CrimeRegisteredDate, PolicePersonID, PoliceStationID, CaseCategoryID, GravityOffenceID, CrimeMajorHeadID, CrimeMinorHeadID, CaseStatusID, CourtID, IncidentFromDate, IncidentToDate, InfoReceivedPSDate, latitude, longitude, BriefFacts) VALUES (509, '100010004202400509', '202400509', '2024-11-14', 7, 4, 1, 3, 1, 1, 1, 1, '2024-11-14 23:00:00', '2024-11-14 01:00:00', '2024-11-14 23:00:00', 12.926426, 77.596988, 'Automobile Theft reported near a market entrance within Jayanagar Police Station limits. Kiran Bhat recorded statements and initiated scene verification.');
INSERT INTO Inv_OccuranceTime (CaseMasterID, IncidentFromDate, IncidentToDate, latitude, longitude, PlaceOfOccurrence) VALUES (509, '2024-11-14 23:00:00', '2024-11-14 01:00:00', 12.926426, 77.596988, 'Near a market entrance, Jayanagar');
INSERT INTO ComplainantDetails (ComplainantID, CaseMasterID, ComplainantName, AgeYear, OccupationID, ReligionID, CasteID, GenderID) VALUES (509, 509, 'Suma Deshpande', 61, 1, 4, 1, 2);
INSERT INTO ActSectionAssociation (CaseMasterID, ActID, SectionID, ActOrderID, SectionOrderID) VALUES (509, 'IPC', '379', 1, 1);
INSERT INTO Victim (VictimMasterID, CaseMasterID, VictimName, AgeYear, GenderID, VictimPolice) VALUES (509, 509, 'Fathima Bhat', 48, 2, '0');
INSERT INTO Accused (AccusedMasterID, CaseMasterID, AccusedName, AgeYear, GenderID, PersonID) VALUES (599, 509, 'Rafiq B. Poojary', 29, 1, 'A1');
INSERT INTO CaseMaster (CaseMasterID, CrimeNo, CaseNo, CrimeRegisteredDate, PolicePersonID, PoliceStationID, CaseCategoryID, GravityOffenceID, CrimeMajorHeadID, CrimeMinorHeadID, CaseStatusID, CourtID, IncidentFromDate, IncidentToDate, InfoReceivedPSDate, latitude, longitude, BriefFacts) VALUES (510, '100060018202400510', '202400510', '2024-11-25', 35, 18, 1, 1, 2, 5, 1, 6, '2024-11-25 21:00:00', '2024-11-25 00:00:00', '2024-11-25 21:00:00', 17.325691, 76.844509, 'Control room information regarding grievous hurt was received from beside an industrial access road. IO Prakash Kambali opened the investigation and secured preliminary evidence.');
INSERT INTO Inv_OccuranceTime (CaseMasterID, IncidentFromDate, IncidentToDate, latitude, longitude, PlaceOfOccurrence) VALUES (510, '2024-11-25 21:00:00', '2024-11-25 00:00:00', 17.325691, 76.844509, 'Beside an industrial access road, Station Bazar');
INSERT INTO ComplainantDetails (ComplainantID, CaseMasterID, ComplainantName, AgeYear, OccupationID, ReligionID, CasteID, GenderID) VALUES (510, 510, 'Latha Shetty', 45, 6, 1, 4, 2);
INSERT INTO ActSectionAssociation (CaseMasterID, ActID, SectionID, ActOrderID, SectionOrderID) VALUES (510, 'IPC', '302', 1, 1);
INSERT INTO Victim (VictimMasterID, CaseMasterID, VictimName, AgeYear, GenderID, VictimPolice) VALUES (510, 510, 'Chaitra Hegde', 56, 2, '0');
INSERT INTO Accused (AccusedMasterID, CaseMasterID, AccusedName, AgeYear, GenderID, PersonID) VALUES (600, 510, 'Lokesh I. Shaikh', 41, 1, 'A1');
INSERT INTO ArrestSurrender (ArrestSurrenderID, CaseMasterID, ArrestSurrenderTypeID, ArrestSurrenderDate, ArrestSurrenderStateId, ArrestSurrenderDistrictId, PoliceStationID, IOID, CourtID, AccusedMasterID, IsAccused, IsComplainantAccused) VALUES (245, 510, 1, '2024-11-30', 1, 6, 18, 35, 6, 600, 1, 0);
INSERT INTO inv_arrestsurrenderaccused (ArrestSurrenderID, AccusedMasterID) VALUES (245, 600);
INSERT INTO CaseMaster (CaseMasterID, CrimeNo, CaseNo, CrimeRegisteredDate, PolicePersonID, PoliceStationID, CaseCategoryID, GravityOffenceID, CrimeMajorHeadID, CrimeMinorHeadID, CaseStatusID, CourtID, IncidentFromDate, IncidentToDate, InfoReceivedPSDate, latitude, longitude, BriefFacts) VALUES (511, '100010002202400511', '202400511', '2024-11-08', 3, 2, 1, 3, 1, 1, 2, 1, '2024-11-08 13:00:00', '2024-11-08 14:00:00', '2024-11-08 13:00:00', 12.944130, 77.629267, 'Koramangala Police Station registered the case after an incident near a bus stop. Initial CCTV, witness, and digital-evidence checks were assigned to IO Prakash Jadhav.');
INSERT INTO Inv_OccuranceTime (CaseMasterID, IncidentFromDate, IncidentToDate, latitude, longitude, PlaceOfOccurrence) VALUES (511, '2024-11-08 13:00:00', '2024-11-08 14:00:00', 12.944130, 77.629267, 'Near a bus stop, Koramangala');
INSERT INTO ComplainantDetails (ComplainantID, CaseMasterID, ComplainantName, AgeYear, OccupationID, ReligionID, CasteID, GenderID) VALUES (511, 511, 'Kavitha Kulkarni', 58, 4, 3, 5, 2);
INSERT INTO ActSectionAssociation (CaseMasterID, ActID, SectionID, ActOrderID, SectionOrderID) VALUES (511, 'IPC', '379', 1, 1);
INSERT INTO Victim (VictimMasterID, CaseMasterID, VictimName, AgeYear, GenderID, VictimPolice) VALUES (511, 511, 'Bhavya Naik', 41, 2, '0');
INSERT INTO Accused (AccusedMasterID, CaseMasterID, AccusedName, AgeYear, GenderID, PersonID) VALUES (601, 511, 'Salman P. Khan', 36, 1, 'A1');
INSERT INTO ChargesheetDetails (CSID, CaseMasterID, csdate, cstype, PolicePersonID) VALUES (316, 511, '2025-01-12 14:00:00', 'A', 3);
INSERT INTO CaseMaster (CaseMasterID, CrimeNo, CaseNo, CrimeRegisteredDate, PolicePersonID, PoliceStationID, CaseCategoryID, GravityOffenceID, CrimeMajorHeadID, CrimeMinorHeadID, CaseStatusID, CourtID, IncidentFromDate, IncidentToDate, InfoReceivedPSDate, latitude, longitude, BriefFacts) VALUES (512, '100050016202400512', '202400512', '2024-11-19', 31, 16, 1, 3, 3, 6, 3, 5, '2024-11-19 11:00:00', '2024-11-19 14:00:00', '2024-11-19 11:00:00', 15.849662, 74.515844, 'Control room information regarding online financial fraud was received from on the ring road service lane. IO Santosh Pawar opened the investigation and secured preliminary evidence.');
INSERT INTO Inv_OccuranceTime (CaseMasterID, IncidentFromDate, IncidentToDate, latitude, longitude, PlaceOfOccurrence) VALUES (512, '2024-11-19 11:00:00', '2024-11-19 14:00:00', 15.849662, 74.515844, 'On the ring road service lane, Tilakwadi');
INSERT INTO ComplainantDetails (ComplainantID, CaseMasterID, ComplainantName, AgeYear, OccupationID, ReligionID, CasteID, GenderID) VALUES (512, 512, 'Eshwar Deshpande', 31, 3, 1, 5, 2);
INSERT INTO ActSectionAssociation (CaseMasterID, ActID, SectionID, ActOrderID, SectionOrderID) VALUES (512, 'IT_ACT', '66D', 1, 1);
INSERT INTO Victim (VictimMasterID, CaseMasterID, VictimName, AgeYear, GenderID, VictimPolice) VALUES (512, 512, 'Chaitra Hegde', 22, 2, '0');
INSERT INTO Accused (AccusedMasterID, CaseMasterID, AccusedName, AgeYear, GenderID, PersonID) VALUES (602, 512, 'Salman W. Gowda', 22, 1, 'A1');
INSERT INTO ChargesheetDetails (CSID, CaseMasterID, csdate, cstype, PolicePersonID) VALUES (317, 512, '2025-01-26 11:00:00', 'A', 31);
INSERT INTO CaseMaster (CaseMasterID, CrimeNo, CaseNo, CrimeRegisteredDate, PolicePersonID, PoliceStationID, CaseCategoryID, GravityOffenceID, CrimeMajorHeadID, CrimeMinorHeadID, CaseStatusID, CourtID, IncidentFromDate, IncidentToDate, InfoReceivedPSDate, latitude, longitude, BriefFacts) VALUES (513, '100060018202400513', '202400513', '2024-11-02', 35, 18, 1, 1, 2, 4, 1, 6, '2024-11-02 09:00:00', '2024-11-02 12:00:00', '2024-11-02 09:00:00', 17.329612, 76.831233, 'Control room information regarding murder was received from beside an industrial access road. IO Prakash Kambali opened the investigation and secured preliminary evidence.');
INSERT INTO Inv_OccuranceTime (CaseMasterID, IncidentFromDate, IncidentToDate, latitude, longitude, PlaceOfOccurrence) VALUES (513, '2024-11-02 09:00:00', '2024-11-02 12:00:00', 17.329612, 76.831233, 'Beside an industrial access road, Station Bazar');
INSERT INTO ComplainantDetails (ComplainantID, CaseMasterID, ComplainantName, AgeYear, OccupationID, ReligionID, CasteID, GenderID) VALUES (513, 513, 'Deepak Patil', 62, 1, 1, 5, 1);
INSERT INTO ActSectionAssociation (CaseMasterID, ActID, SectionID, ActOrderID, SectionOrderID) VALUES (513, 'IPC', '302', 1, 1);
INSERT INTO Victim (VictimMasterID, CaseMasterID, VictimName, AgeYear, GenderID, VictimPolice) VALUES (513, 513, 'Praveen Gowda', 55, 2, '0');
INSERT INTO Accused (AccusedMasterID, CaseMasterID, AccusedName, AgeYear, GenderID, PersonID) VALUES (603, 513, 'Vicky D. Naik', 43, 1, 'A1');
INSERT INTO ArrestSurrender (ArrestSurrenderID, CaseMasterID, ArrestSurrenderTypeID, ArrestSurrenderDate, ArrestSurrenderStateId, ArrestSurrenderDistrictId, PoliceStationID, IOID, CourtID, AccusedMasterID, IsAccused, IsComplainantAccused) VALUES (246, 513, 1, '2024-11-04', 1, 6, 18, 35, 6, 603, 1, 0);
INSERT INTO inv_arrestsurrenderaccused (ArrestSurrenderID, AccusedMasterID) VALUES (246, 603);
INSERT INTO CaseMaster (CaseMasterID, CrimeNo, CaseNo, CrimeRegisteredDate, PolicePersonID, PoliceStationID, CaseCategoryID, GravityOffenceID, CrimeMajorHeadID, CrimeMinorHeadID, CaseStatusID, CourtID, IncidentFromDate, IncidentToDate, InfoReceivedPSDate, latitude, longitude, BriefFacts) VALUES (514, '100010001202400514', '202400514', '2024-11-13', 1, 1, 1, 3, 3, 6, 4, 1, '2024-11-13 15:00:00', '2024-11-13 18:00:00', '2024-11-13 15:00:00', 12.975916, 77.639660, 'Control room information regarding online financial fraud was received from outside a commercial complex. IO Suresh Kambali opened the investigation and secured preliminary evidence.');
INSERT INTO Inv_OccuranceTime (CaseMasterID, IncidentFromDate, IncidentToDate, latitude, longitude, PlaceOfOccurrence) VALUES (514, '2024-11-13 15:00:00', '2024-11-13 18:00:00', 12.975916, 77.639660, 'Outside a commercial complex, Indiranagar');
INSERT INTO ComplainantDetails (ComplainantID, CaseMasterID, ComplainantName, AgeYear, OccupationID, ReligionID, CasteID, GenderID) VALUES (514, 514, 'Joel Murthy', 26, 2, 3, 5, 2);
INSERT INTO ActSectionAssociation (CaseMasterID, ActID, SectionID, ActOrderID, SectionOrderID) VALUES (514, 'IT_ACT', '66D', 1, 1);
INSERT INTO Victim (VictimMasterID, CaseMasterID, VictimName, AgeYear, GenderID, VictimPolice) VALUES (514, 514, 'Roshan Gowda', 16, 2, '0');
INSERT INTO Accused (AccusedMasterID, CaseMasterID, AccusedName, AgeYear, GenderID, PersonID) VALUES (604, 514, 'Rafiq K. Jadhav', 36, 1, 'A1');
INSERT INTO ChargesheetDetails (CSID, CaseMasterID, csdate, cstype, PolicePersonID) VALUES (318, 514, '2025-01-17 15:00:00', 'A', 1);
INSERT INTO CaseMaster (CaseMasterID, CrimeNo, CaseNo, CrimeRegisteredDate, PolicePersonID, PoliceStationID, CaseCategoryID, GravityOffenceID, CrimeMajorHeadID, CrimeMinorHeadID, CaseStatusID, CourtID, IncidentFromDate, IncidentToDate, InfoReceivedPSDate, latitude, longitude, BriefFacts) VALUES (515, '100010002202400515', '202400515', '2024-11-24', 3, 2, 1, 3, 1, 2, 3, 1, '2024-11-24 23:00:00', '2024-11-24 00:00:00', '2024-11-24 23:00:00', 12.945919, 77.630714, 'Control room information regarding house breaking night was received from beside a metro approach road. IO Prakash Jadhav opened the investigation and secured preliminary evidence.');
INSERT INTO Inv_OccuranceTime (CaseMasterID, IncidentFromDate, IncidentToDate, latitude, longitude, PlaceOfOccurrence) VALUES (515, '2024-11-24 23:00:00', '2024-11-24 00:00:00', 12.945919, 77.630714, 'Beside a metro approach road, Koramangala');
INSERT INTO ComplainantDetails (ComplainantID, CaseMasterID, ComplainantName, AgeYear, OccupationID, ReligionID, CasteID, GenderID) VALUES (515, 515, 'Ayesha Poojary', 52, 7, 1, 2, 2);
INSERT INTO ActSectionAssociation (CaseMasterID, ActID, SectionID, ActOrderID, SectionOrderID) VALUES (515, 'IPC', '379', 1, 1);
INSERT INTO Victim (VictimMasterID, CaseMasterID, VictimName, AgeYear, GenderID, VictimPolice) VALUES (515, 515, 'Ganesh Fernandes', 34, 1, '0');
INSERT INTO Accused (AccusedMasterID, CaseMasterID, AccusedName, AgeYear, GenderID, PersonID) VALUES (605, 515, 'Manjunath R. Poojary', 40, 1, 'A1');
INSERT INTO ChargesheetDetails (CSID, CaseMasterID, csdate, cstype, PolicePersonID) VALUES (319, 515, '2025-02-14 16:00:00', 'A', 3);
INSERT INTO CaseMaster (CaseMasterID, CrimeNo, CaseNo, CrimeRegisteredDate, PolicePersonID, PoliceStationID, CaseCategoryID, GravityOffenceID, CrimeMajorHeadID, CrimeMinorHeadID, CaseStatusID, CourtID, IncidentFromDate, IncidentToDate, InfoReceivedPSDate, latitude, longitude, BriefFacts) VALUES (516, '100010003202400516', '202400516', '2024-11-07', 5, 3, 1, 3, 3, 6, 1, 1, '2024-11-07 10:00:00', '2024-11-07 11:00:00', '2024-11-07 10:00:00', 12.963412, 77.744413, 'Complainant reported a suspected online financial fraud incident near a market entrance. The matter was registered at Whitefield Police Station and assigned to Lakshmi Shetty.');
INSERT INTO Inv_OccuranceTime (CaseMasterID, IncidentFromDate, IncidentToDate, latitude, longitude, PlaceOfOccurrence) VALUES (516, '2024-11-07 10:00:00', '2024-11-07 11:00:00', 12.963412, 77.744413, 'Near a market entrance, Whitefield');
INSERT INTO ComplainantDetails (ComplainantID, CaseMasterID, ComplainantName, AgeYear, OccupationID, ReligionID, CasteID, GenderID) VALUES (516, 516, 'Nandini Deshpande', 39, 1, 1, 1, 2);
INSERT INTO ActSectionAssociation (CaseMasterID, ActID, SectionID, ActOrderID, SectionOrderID) VALUES (516, 'IT_ACT', '66D', 1, 1);
INSERT INTO Victim (VictimMasterID, CaseMasterID, VictimName, AgeYear, GenderID, VictimPolice) VALUES (516, 516, 'Praveen Murthy', 68, 2, '0');
INSERT INTO Accused (AccusedMasterID, CaseMasterID, AccusedName, AgeYear, GenderID, PersonID) VALUES (606, 516, 'Vicky Y. Kumar', 25, 1, 'A1');
INSERT INTO Accused (AccusedMasterID, CaseMasterID, AccusedName, AgeYear, GenderID, PersonID) VALUES (607, 516, 'Imtiaz J. Patil', 34, 1, 'A2');
INSERT INTO ArrestSurrender (ArrestSurrenderID, CaseMasterID, ArrestSurrenderTypeID, ArrestSurrenderDate, ArrestSurrenderStateId, ArrestSurrenderDistrictId, PoliceStationID, IOID, CourtID, AccusedMasterID, IsAccused, IsComplainantAccused) VALUES (247, 516, 1, '2024-12-12', 1, 1, 3, 5, 1, 606, 1, 0);
INSERT INTO inv_arrestsurrenderaccused (ArrestSurrenderID, AccusedMasterID) VALUES (247, 606);
INSERT INTO inv_arrestsurrenderaccused (ArrestSurrenderID, AccusedMasterID) VALUES (247, 607);
INSERT INTO CaseMaster (CaseMasterID, CrimeNo, CaseNo, CrimeRegisteredDate, PolicePersonID, PoliceStationID, CaseCategoryID, GravityOffenceID, CrimeMajorHeadID, CrimeMinorHeadID, CaseStatusID, CourtID, IncidentFromDate, IncidentToDate, InfoReceivedPSDate, latitude, longitude, BriefFacts) VALUES (517, '100030009202400517', '202400517', '2024-11-18', 17, 9, 1, 3, 1, 3, 1, 3, '2024-11-18 20:00:00', '2024-11-18 21:00:00', '2024-11-18 20:00:00', 12.896688, 74.860348, 'Kadri Police Station registered the case after an incident beside an industrial access road. Initial CCTV, witness, and digital-evidence checks were assigned to IO Basavaraj Patil.');
INSERT INTO Inv_OccuranceTime (CaseMasterID, IncidentFromDate, IncidentToDate, latitude, longitude, PlaceOfOccurrence) VALUES (517, '2024-11-18 20:00:00', '2024-11-18 21:00:00', 12.896688, 74.860348, 'Beside an industrial access road, Kadri');
INSERT INTO ComplainantDetails (ComplainantID, CaseMasterID, ComplainantName, AgeYear, OccupationID, ReligionID, CasteID, GenderID) VALUES (517, 517, 'Ayesha Khan', 64, 5, 4, 3, 2);
INSERT INTO ActSectionAssociation (CaseMasterID, ActID, SectionID, ActOrderID, SectionOrderID) VALUES (517, 'IPC', '379', 1, 1);
INSERT INTO Victim (VictimMasterID, CaseMasterID, VictimName, AgeYear, GenderID, VictimPolice) VALUES (517, 517, 'Praveen Shetty', 20, 1, '0');
INSERT INTO Accused (AccusedMasterID, CaseMasterID, AccusedName, AgeYear, GenderID, PersonID) VALUES (608, 517, 'Jagga F. Gowda', 35, 1, 'A1');
INSERT INTO CaseMaster (CaseMasterID, CrimeNo, CaseNo, CrimeRegisteredDate, PolicePersonID, PoliceStationID, CaseCategoryID, GravityOffenceID, CrimeMajorHeadID, CrimeMinorHeadID, CaseStatusID, CourtID, IncidentFromDate, IncidentToDate, InfoReceivedPSDate, latitude, longitude, BriefFacts) VALUES (518, '100010003202400518', '202400518', '2024-11-01', 5, 3, 1, 3, 1, 2, 1, 1, '2024-11-01 03:00:00', '2024-11-01 06:00:00', '2024-11-01 03:00:00', 12.958858, 77.740834, 'House Breaking Night reported on a residential cross road within Whitefield Police Station limits. Lakshmi Shetty recorded statements and initiated scene verification.');
INSERT INTO Inv_OccuranceTime (CaseMasterID, IncidentFromDate, IncidentToDate, latitude, longitude, PlaceOfOccurrence) VALUES (518, '2024-11-01 03:00:00', '2024-11-01 06:00:00', 12.958858, 77.740834, 'On a residential cross road, Whitefield');
INSERT INTO ComplainantDetails (ComplainantID, CaseMasterID, ComplainantName, AgeYear, OccupationID, ReligionID, CasteID, GenderID) VALUES (518, 518, 'Nandini Patil', 37, 2, 4, 3, 1);
INSERT INTO ActSectionAssociation (CaseMasterID, ActID, SectionID, ActOrderID, SectionOrderID) VALUES (518, 'IPC', '379', 1, 1);
INSERT INTO Victim (VictimMasterID, CaseMasterID, VictimName, AgeYear, GenderID, VictimPolice) VALUES (518, 518, 'Roshan Rao', 49, 1, '0');
INSERT INTO Accused (AccusedMasterID, CaseMasterID, AccusedName, AgeYear, GenderID, PersonID) VALUES (609, 518, 'Mantu M. Poojary', 32, 1, 'A1');
INSERT INTO CaseMaster (CaseMasterID, CrimeNo, CaseNo, CrimeRegisteredDate, PolicePersonID, PoliceStationID, CaseCategoryID, GravityOffenceID, CrimeMajorHeadID, CrimeMinorHeadID, CaseStatusID, CourtID, IncidentFromDate, IncidentToDate, InfoReceivedPSDate, latitude, longitude, BriefFacts) VALUES (519, '100040012202400519', '202400519', '2024-11-12', 23, 12, 1, 3, 4, 8, 1, 4, '2024-11-12 10:00:00', '2024-11-12 11:00:00', '2024-11-12 10:00:00', 15.355877, 75.138152, 'Control room information regarding cheating was received from near the central market. IO Manjunath Deshmukh opened the investigation and secured preliminary evidence.');
INSERT INTO Inv_OccuranceTime (CaseMasterID, IncidentFromDate, IncidentToDate, latitude, longitude, PlaceOfOccurrence) VALUES (519, '2024-11-12 10:00:00', '2024-11-12 11:00:00', 15.355877, 75.138152, 'Near the central market, Suburban Hubballi');
INSERT INTO ComplainantDetails (ComplainantID, CaseMasterID, ComplainantName, AgeYear, OccupationID, ReligionID, CasteID, GenderID) VALUES (519, 519, 'Bharath Bhat', 40, 4, 5, 5, 2);
INSERT INTO ActSectionAssociation (CaseMasterID, ActID, SectionID, ActOrderID, SectionOrderID) VALUES (519, 'IPC', '420', 1, 1);
INSERT INTO Victim (VictimMasterID, CaseMasterID, VictimName, AgeYear, GenderID, VictimPolice) VALUES (519, 519, 'Fathima Khan', 52, 1, '0');
INSERT INTO Accused (AccusedMasterID, CaseMasterID, AccusedName, AgeYear, GenderID, PersonID) VALUES (610, 519, 'Nagesh T. Naik', 43, 1, 'A1');
INSERT INTO ArrestSurrender (ArrestSurrenderID, CaseMasterID, ArrestSurrenderTypeID, ArrestSurrenderDate, ArrestSurrenderStateId, ArrestSurrenderDistrictId, PoliceStationID, IOID, CourtID, AccusedMasterID, IsAccused, IsComplainantAccused) VALUES (248, 519, 1, '2024-12-13', 1, 4, 12, 23, 4, 610, 1, 0);
INSERT INTO inv_arrestsurrenderaccused (ArrestSurrenderID, AccusedMasterID) VALUES (248, 610);
INSERT INTO CaseMaster (CaseMasterID, CrimeNo, CaseNo, CrimeRegisteredDate, PolicePersonID, PoliceStationID, CaseCategoryID, GravityOffenceID, CrimeMajorHeadID, CrimeMinorHeadID, CaseStatusID, CourtID, IncidentFromDate, IncidentToDate, InfoReceivedPSDate, latitude, longitude, BriefFacts) VALUES (520, '100010001202400520', '202400520', '2024-11-23', 1, 1, 1, 1, 1, 2, 1, 1, '2024-11-23 03:00:00', '2024-11-23 05:00:00', '2024-11-23 03:00:00', 12.980120, 77.642903, 'Indiranagar Police Station registered the case after an incident on a residential cross road. Initial CCTV, witness, and digital-evidence checks were assigned to IO Suresh Kambali.');
INSERT INTO Inv_OccuranceTime (CaseMasterID, IncidentFromDate, IncidentToDate, latitude, longitude, PlaceOfOccurrence) VALUES (520, '2024-11-23 03:00:00', '2024-11-23 05:00:00', 12.980120, 77.642903, 'On a residential cross road, Indiranagar');
INSERT INTO ComplainantDetails (ComplainantID, CaseMasterID, ComplainantName, AgeYear, OccupationID, ReligionID, CasteID, GenderID) VALUES (520, 520, 'Radha Poojary', 55, 1, 3, 5, 1);
INSERT INTO ActSectionAssociation (CaseMasterID, ActID, SectionID, ActOrderID, SectionOrderID) VALUES (520, 'IPC', '379', 1, 1);
INSERT INTO Victim (VictimMasterID, CaseMasterID, VictimName, AgeYear, GenderID, VictimPolice) VALUES (520, 520, 'Tarun Gowda', 42, 1, '0');
INSERT INTO Accused (AccusedMasterID, CaseMasterID, AccusedName, AgeYear, GenderID, PersonID) VALUES (611, 520, 'Mohan A. Shaikh', 37, 1, 'A1');
INSERT INTO Accused (AccusedMasterID, CaseMasterID, AccusedName, AgeYear, GenderID, PersonID) VALUES (612, 520, 'Manjunath L. Salim', 25, 1, 'A2');
INSERT INTO ChargesheetDetails (CSID, CaseMasterID, csdate, cstype, PolicePersonID) VALUES (320, 520, '2025-01-07 10:00:00', 'A', 1);
INSERT INTO CaseMaster (CaseMasterID, CrimeNo, CaseNo, CrimeRegisteredDate, PolicePersonID, PoliceStationID, CaseCategoryID, GravityOffenceID, CrimeMajorHeadID, CrimeMinorHeadID, CaseStatusID, CourtID, IncidentFromDate, IncidentToDate, InfoReceivedPSDate, latitude, longitude, BriefFacts) VALUES (521, '100050016202400521', '202400521', '2024-11-06', 31, 16, 1, 3, 5, 9, 2, 5, '2024-11-06 09:00:00', '2024-11-06 10:00:00', '2024-11-06 09:00:00', 15.844097, 74.510241, 'Tilakwadi Police Station registered the case after an incident on the ring road service lane. Initial CCTV, witness, and digital-evidence checks were assigned to IO Santosh Pawar.');
INSERT INTO Inv_OccuranceTime (CaseMasterID, IncidentFromDate, IncidentToDate, latitude, longitude, PlaceOfOccurrence) VALUES (521, '2024-11-06 09:00:00', '2024-11-06 10:00:00', 15.844097, 74.510241, 'On the ring road service lane, Tilakwadi');
INSERT INTO ComplainantDetails (ComplainantID, CaseMasterID, ComplainantName, AgeYear, OccupationID, ReligionID, CasteID, GenderID) VALUES (521, 521, 'Suma Naik', 70, 7, 3, 2, 1);
INSERT INTO ActSectionAssociation (CaseMasterID, ActID, SectionID, ActOrderID, SectionOrderID) VALUES (521, 'NDPS', '20', 1, 1);
INSERT INTO Victim (VictimMasterID, CaseMasterID, VictimName, AgeYear, GenderID, VictimPolice) VALUES (521, 521, 'Vinay Hegde', 44, 1, '0');
INSERT INTO Accused (AccusedMasterID, CaseMasterID, AccusedName, AgeYear, GenderID, PersonID) VALUES (613, 521, 'Mantu H. Shetty', 29, 1, 'A1');
INSERT INTO ArrestSurrender (ArrestSurrenderID, CaseMasterID, ArrestSurrenderTypeID, ArrestSurrenderDate, ArrestSurrenderStateId, ArrestSurrenderDistrictId, PoliceStationID, IOID, CourtID, AccusedMasterID, IsAccused, IsComplainantAccused) VALUES (249, 521, 1, '2024-12-04', 1, 5, 16, 31, 5, 613, 1, 0);
INSERT INTO inv_arrestsurrenderaccused (ArrestSurrenderID, AccusedMasterID) VALUES (249, 613);
INSERT INTO ChargesheetDetails (CSID, CaseMasterID, csdate, cstype, PolicePersonID) VALUES (321, 521, '2024-12-18 12:00:00', 'A', 31);
INSERT INTO CaseMaster (CaseMasterID, CrimeNo, CaseNo, CrimeRegisteredDate, PolicePersonID, PoliceStationID, CaseCategoryID, GravityOffenceID, CrimeMajorHeadID, CrimeMinorHeadID, CaseStatusID, CourtID, IncidentFromDate, IncidentToDate, InfoReceivedPSDate, latitude, longitude, BriefFacts) VALUES (522, '100010003202400522', '202400522', '2024-11-17', 5, 3, 1, 3, 1, 3, 1, 1, '2024-11-17 19:00:00', '2024-11-17 21:00:00', '2024-11-17 19:00:00', 12.980339, 77.750003, 'Complainant reported a suspected chain snatching incident near a bus stop. The matter was registered at Whitefield Police Station and assigned to Lakshmi Shetty.');
INSERT INTO Inv_OccuranceTime (CaseMasterID, IncidentFromDate, IncidentToDate, latitude, longitude, PlaceOfOccurrence) VALUES (522, '2024-11-17 19:00:00', '2024-11-17 21:00:00', 12.980339, 77.750003, 'Near a bus stop, Whitefield');
INSERT INTO ComplainantDetails (ComplainantID, CaseMasterID, ComplainantName, AgeYear, OccupationID, ReligionID, CasteID, GenderID) VALUES (522, 522, 'Pooja Bhat', 26, 1, 1, 3, 2);
INSERT INTO ActSectionAssociation (CaseMasterID, ActID, SectionID, ActOrderID, SectionOrderID) VALUES (522, 'IPC', '379', 1, 1);
INSERT INTO Victim (VictimMasterID, CaseMasterID, VictimName, AgeYear, GenderID, VictimPolice) VALUES (522, 522, 'Sangeetha Shetty', 67, 2, '0');
INSERT INTO Accused (AccusedMasterID, CaseMasterID, AccusedName, AgeYear, GenderID, PersonID) VALUES (614, 522, 'Yogesh O. Khan', 29, 1, 'A1');
INSERT INTO CaseMaster (CaseMasterID, CrimeNo, CaseNo, CrimeRegisteredDate, PolicePersonID, PoliceStationID, CaseCategoryID, GravityOffenceID, CrimeMajorHeadID, CrimeMinorHeadID, CaseStatusID, CourtID, IncidentFromDate, IncidentToDate, InfoReceivedPSDate, latitude, longitude, BriefFacts) VALUES (523, '100040013202400523', '202400523', '2024-11-28', 25, 13, 1, 3, 1, 1, 1, 4, '2024-11-28 21:00:00', '2024-11-28 23:00:00', '2024-11-28 21:00:00', 15.353470, 75.119761, 'Automobile Theft reported on the ring road service lane within Vidyanagar Police Station Hubballi limits. Vijay Rao recorded statements and initiated scene verification.');
INSERT INTO Inv_OccuranceTime (CaseMasterID, IncidentFromDate, IncidentToDate, latitude, longitude, PlaceOfOccurrence) VALUES (523, '2024-11-28 21:00:00', '2024-11-28 23:00:00', 15.353470, 75.119761, 'On the ring road service lane, Vidyanagar Hubballi');
INSERT INTO ComplainantDetails (ComplainantID, CaseMasterID, ComplainantName, AgeYear, OccupationID, ReligionID, CasteID, GenderID) VALUES (523, 523, 'Farhan Naik', 51, 4, 1, 4, 1);
INSERT INTO ActSectionAssociation (CaseMasterID, ActID, SectionID, ActOrderID, SectionOrderID) VALUES (523, 'IPC', '379', 1, 1);
INSERT INTO Victim (VictimMasterID, CaseMasterID, VictimName, AgeYear, GenderID, VictimPolice) VALUES (523, 523, 'Asha Poojary', 26, 1, '0');
INSERT INTO Accused (AccusedMasterID, CaseMasterID, AccusedName, AgeYear, GenderID, PersonID) VALUES (615, 523, 'Yogesh V. Jadhav', 34, 1, 'A1');
INSERT INTO ArrestSurrender (ArrestSurrenderID, CaseMasterID, ArrestSurrenderTypeID, ArrestSurrenderDate, ArrestSurrenderStateId, ArrestSurrenderDistrictId, PoliceStationID, IOID, CourtID, AccusedMasterID, IsAccused, IsComplainantAccused) VALUES (250, 523, 1, '2024-12-06', 1, 4, 13, 25, 4, 615, 1, 0);
INSERT INTO inv_arrestsurrenderaccused (ArrestSurrenderID, AccusedMasterID) VALUES (250, 615);
INSERT INTO CaseMaster (CaseMasterID, CrimeNo, CaseNo, CrimeRegisteredDate, PolicePersonID, PoliceStationID, CaseCategoryID, GravityOffenceID, CrimeMajorHeadID, CrimeMinorHeadID, CaseStatusID, CourtID, IncidentFromDate, IncidentToDate, InfoReceivedPSDate, latitude, longitude, BriefFacts) VALUES (524, '100010002202400524', '202400524', '2024-11-11', 3, 2, 1, 2, 2, 5, 1, 1, '2024-11-11 14:00:00', '2024-11-11 16:00:00', '2024-11-11 14:00:00', 12.935498, 77.634982, 'Complainant reported a suspected grievous hurt incident near a bus stop. The matter was registered at Koramangala Police Station and assigned to Prakash Jadhav.');
INSERT INTO Inv_OccuranceTime (CaseMasterID, IncidentFromDate, IncidentToDate, latitude, longitude, PlaceOfOccurrence) VALUES (524, '2024-11-11 14:00:00', '2024-11-11 16:00:00', 12.935498, 77.634982, 'Near a bus stop, Koramangala');
INSERT INTO ComplainantDetails (ComplainantID, CaseMasterID, ComplainantName, AgeYear, OccupationID, ReligionID, CasteID, GenderID) VALUES (524, 524, 'Girish Fernandes', 33, 3, 5, 5, 2);
INSERT INTO ActSectionAssociation (CaseMasterID, ActID, SectionID, ActOrderID, SectionOrderID) VALUES (524, 'IPC', '302', 1, 1);
INSERT INTO Victim (VictimMasterID, CaseMasterID, VictimName, AgeYear, GenderID, VictimPolice) VALUES (524, 524, 'Arun Naik', 67, 1, '0');
INSERT INTO Accused (AccusedMasterID, CaseMasterID, AccusedName, AgeYear, GenderID, PersonID) VALUES (616, 524, 'Imtiaz C. Poojary', 21, 1, 'A1');
INSERT INTO ArrestSurrender (ArrestSurrenderID, CaseMasterID, ArrestSurrenderTypeID, ArrestSurrenderDate, ArrestSurrenderStateId, ArrestSurrenderDistrictId, PoliceStationID, IOID, CourtID, AccusedMasterID, IsAccused, IsComplainantAccused) VALUES (251, 524, 1, '2024-12-16', 1, 1, 2, 3, 1, 616, 1, 0);
INSERT INTO inv_arrestsurrenderaccused (ArrestSurrenderID, AccusedMasterID) VALUES (251, 616);
INSERT INTO CaseMaster (CaseMasterID, CrimeNo, CaseNo, CrimeRegisteredDate, PolicePersonID, PoliceStationID, CaseCategoryID, GravityOffenceID, CrimeMajorHeadID, CrimeMinorHeadID, CaseStatusID, CourtID, IncidentFromDate, IncidentToDate, InfoReceivedPSDate, latitude, longitude, BriefFacts) VALUES (525, '100010003202400525', '202400525', '2024-11-22', 5, 3, 1, 3, 1, 3, 1, 1, '2024-11-22 21:00:00', '2024-11-22 00:00:00', '2024-11-22 21:00:00', 12.962820, 77.757038, 'Control room information regarding chain snatching was received from outside a commercial complex. IO Lakshmi Shetty opened the investigation and secured preliminary evidence.');
INSERT INTO Inv_OccuranceTime (CaseMasterID, IncidentFromDate, IncidentToDate, latitude, longitude, PlaceOfOccurrence) VALUES (525, '2024-11-22 21:00:00', '2024-11-22 00:00:00', 12.962820, 77.757038, 'Outside a commercial complex, Whitefield');
INSERT INTO ComplainantDetails (ComplainantID, CaseMasterID, ComplainantName, AgeYear, OccupationID, ReligionID, CasteID, GenderID) VALUES (525, 525, 'Nandini Naik', 52, 3, 4, 2, 2);
INSERT INTO ActSectionAssociation (CaseMasterID, ActID, SectionID, ActOrderID, SectionOrderID) VALUES (525, 'IPC', '379', 1, 1);
INSERT INTO Victim (VictimMasterID, CaseMasterID, VictimName, AgeYear, GenderID, VictimPolice) VALUES (525, 525, 'Sangeetha Hegde', 37, 2, '0');
INSERT INTO Accused (AccusedMasterID, CaseMasterID, AccusedName, AgeYear, GenderID, PersonID) VALUES (617, 525, 'Pandu J. Shaikh', 28, 1, 'A1');
INSERT INTO Accused (AccusedMasterID, CaseMasterID, AccusedName, AgeYear, GenderID, PersonID) VALUES (618, 525, 'Vicky U. Naik', 44, 1, 'A2');
INSERT INTO CaseMaster (CaseMasterID, CrimeNo, CaseNo, CrimeRegisteredDate, PolicePersonID, PoliceStationID, CaseCategoryID, GravityOffenceID, CrimeMajorHeadID, CrimeMinorHeadID, CaseStatusID, CourtID, IncidentFromDate, IncidentToDate, InfoReceivedPSDate, latitude, longitude, BriefFacts) VALUES (526, '100060018202400526', '202400526', '2024-11-05', 35, 18, 1, 2, 4, 8, 2, 6, '2024-11-05 15:00:00', '2024-11-05 18:00:00', '2024-11-05 15:00:00', 17.329111, 76.837624, 'Cheating reported on the ring road service lane within Station Bazar Police Station limits. Prakash Kambali recorded statements and initiated scene verification.');
INSERT INTO Inv_OccuranceTime (CaseMasterID, IncidentFromDate, IncidentToDate, latitude, longitude, PlaceOfOccurrence) VALUES (526, '2024-11-05 15:00:00', '2024-11-05 18:00:00', 17.329111, 76.837624, 'On the ring road service lane, Station Bazar');
INSERT INTO ComplainantDetails (ComplainantID, CaseMasterID, ComplainantName, AgeYear, OccupationID, ReligionID, CasteID, GenderID) VALUES (526, 526, 'Anand Joshi', 60, 2, 1, 4, 1);
INSERT INTO ActSectionAssociation (CaseMasterID, ActID, SectionID, ActOrderID, SectionOrderID) VALUES (526, 'IPC', '420', 1, 1);
INSERT INTO Victim (VictimMasterID, CaseMasterID, VictimName, AgeYear, GenderID, VictimPolice) VALUES (526, 526, 'Asha Hegde', 69, 1, '0');
INSERT INTO Accused (AccusedMasterID, CaseMasterID, AccusedName, AgeYear, GenderID, PersonID) VALUES (619, 526, 'Altaf Q. Poojary', 36, 1, 'A1');
INSERT INTO ChargesheetDetails (CSID, CaseMasterID, csdate, cstype, PolicePersonID) VALUES (322, 526, '2024-12-16 11:00:00', 'A', 35);
INSERT INTO CaseMaster (CaseMasterID, CrimeNo, CaseNo, CrimeRegisteredDate, PolicePersonID, PoliceStationID, CaseCategoryID, GravityOffenceID, CrimeMajorHeadID, CrimeMinorHeadID, CaseStatusID, CourtID, IncidentFromDate, IncidentToDate, InfoReceivedPSDate, latitude, longitude, BriefFacts) VALUES (527, '100010004202400527', '202400527', '2024-11-16', 7, 4, 1, 1, 1, 3, 2, 1, '2024-11-16 22:00:00', '2024-11-16 23:00:00', '2024-11-16 22:00:00', 12.926860, 77.601960, 'Control room information regarding chain snatching was received from near a bus stop. IO Kiran Bhat opened the investigation and secured preliminary evidence.');
INSERT INTO Inv_OccuranceTime (CaseMasterID, IncidentFromDate, IncidentToDate, latitude, longitude, PlaceOfOccurrence) VALUES (527, '2024-11-16 22:00:00', '2024-11-16 23:00:00', 12.926860, 77.601960, 'Near a bus stop, Jayanagar');
INSERT INTO ComplainantDetails (ComplainantID, CaseMasterID, ComplainantName, AgeYear, OccupationID, ReligionID, CasteID, GenderID) VALUES (527, 527, 'Jagadish Murthy', 23, 6, 2, 2, 1);
INSERT INTO ActSectionAssociation (CaseMasterID, ActID, SectionID, ActOrderID, SectionOrderID) VALUES (527, 'IPC', '379', 1, 1);
INSERT INTO Victim (VictimMasterID, CaseMasterID, VictimName, AgeYear, GenderID, VictimPolice) VALUES (527, 527, 'Roshan Khan', 62, 2, '0');
INSERT INTO Accused (AccusedMasterID, CaseMasterID, AccusedName, AgeYear, GenderID, PersonID) VALUES (620, 527, 'Tukaram X. Patil', 33, 1, 'A1');
INSERT INTO Accused (AccusedMasterID, CaseMasterID, AccusedName, AgeYear, GenderID, PersonID) VALUES (621, 527, 'Lokesh I. Verma', 30, 1, 'A2');
INSERT INTO ArrestSurrender (ArrestSurrenderID, CaseMasterID, ArrestSurrenderTypeID, ArrestSurrenderDate, ArrestSurrenderStateId, ArrestSurrenderDistrictId, PoliceStationID, IOID, CourtID, AccusedMasterID, IsAccused, IsComplainantAccused) VALUES (252, 527, 1, '2024-11-27', 1, 1, 4, 7, 1, 620, 1, 0);
INSERT INTO inv_arrestsurrenderaccused (ArrestSurrenderID, AccusedMasterID) VALUES (252, 620);
INSERT INTO inv_arrestsurrenderaccused (ArrestSurrenderID, AccusedMasterID) VALUES (252, 621);
INSERT INTO ChargesheetDetails (CSID, CaseMasterID, csdate, cstype, PolicePersonID) VALUES (323, 527, '2025-01-21 17:00:00', 'A', 7);
INSERT INTO CaseMaster (CaseMasterID, CrimeNo, CaseNo, CrimeRegisteredDate, PolicePersonID, PoliceStationID, CaseCategoryID, GravityOffenceID, CrimeMajorHeadID, CrimeMinorHeadID, CaseStatusID, CourtID, IncidentFromDate, IncidentToDate, InfoReceivedPSDate, latitude, longitude, BriefFacts) VALUES (528, '100050015202400528', '202400528', '2024-11-27', 29, 15, 1, 3, 4, 8, 5, 5, '2024-11-27 12:00:00', '2024-11-27 13:00:00', '2024-11-27 12:00:00', 15.857207, 74.508550, 'Camp Police Station Belagavi registered the case after an incident beside an industrial access road. Initial CCTV, witness, and digital-evidence checks were assigned to IO Prakash Patil.');
INSERT INTO Inv_OccuranceTime (CaseMasterID, IncidentFromDate, IncidentToDate, latitude, longitude, PlaceOfOccurrence) VALUES (528, '2024-11-27 12:00:00', '2024-11-27 13:00:00', 15.857207, 74.508550, 'Beside an industrial access road, Camp Belagavi');
INSERT INTO ComplainantDetails (ComplainantID, CaseMasterID, ComplainantName, AgeYear, OccupationID, ReligionID, CasteID, GenderID) VALUES (528, 528, 'Shilpa Murthy', 58, 1, 5, 5, 2);
INSERT INTO ActSectionAssociation (CaseMasterID, ActID, SectionID, ActOrderID, SectionOrderID) VALUES (528, 'IPC', '420', 1, 1);
INSERT INTO Victim (VictimMasterID, CaseMasterID, VictimName, AgeYear, GenderID, VictimPolice) VALUES (528, 528, 'Rajesh Naik', 56, 1, '0');
INSERT INTO Accused (AccusedMasterID, CaseMasterID, AccusedName, AgeYear, GenderID, PersonID) VALUES (622, 528, 'Mantu E. Patil', 35, 1, 'A1');
INSERT INTO Accused (AccusedMasterID, CaseMasterID, AccusedName, AgeYear, GenderID, PersonID) VALUES (623, 528, 'Tukaram P. Gowda', 44, 1, 'A2');
INSERT INTO CaseMaster (CaseMasterID, CrimeNo, CaseNo, CrimeRegisteredDate, PolicePersonID, PoliceStationID, CaseCategoryID, GravityOffenceID, CrimeMajorHeadID, CrimeMinorHeadID, CaseStatusID, CourtID, IncidentFromDate, IncidentToDate, InfoReceivedPSDate, latitude, longitude, BriefFacts) VALUES (529, '100060018202400529', '202400529', '2024-11-10', 35, 18, 1, 3, 4, 8, 1, 6, '2024-11-10 14:00:00', '2024-11-10 16:00:00', '2024-11-10 14:00:00', 17.326640, 76.827959, 'Cheating reported near the central market within Station Bazar Police Station limits. Prakash Kambali recorded statements and initiated scene verification.');
INSERT INTO Inv_OccuranceTime (CaseMasterID, IncidentFromDate, IncidentToDate, latitude, longitude, PlaceOfOccurrence) VALUES (529, '2024-11-10 14:00:00', '2024-11-10 16:00:00', 17.326640, 76.827959, 'Near the central market, Station Bazar');
INSERT INTO ComplainantDetails (ComplainantID, CaseMasterID, ComplainantName, AgeYear, OccupationID, ReligionID, CasteID, GenderID) VALUES (529, 529, 'Pooja Fernandes', 59, 4, 4, 3, 1);
INSERT INTO ActSectionAssociation (CaseMasterID, ActID, SectionID, ActOrderID, SectionOrderID) VALUES (529, 'IPC', '420', 1, 1);
INSERT INTO Victim (VictimMasterID, CaseMasterID, VictimName, AgeYear, GenderID, VictimPolice) VALUES (529, 529, 'Arun Khan', 55, 1, '0');
INSERT INTO Accused (AccusedMasterID, CaseMasterID, AccusedName, AgeYear, GenderID, PersonID) VALUES (624, 529, 'Mohan L. Reddy', 27, 1, 'A1');
INSERT INTO Accused (AccusedMasterID, CaseMasterID, AccusedName, AgeYear, GenderID, PersonID) VALUES (625, 529, 'Sameer W. Kumar', 42, 1, 'A2');
INSERT INTO CaseMaster (CaseMasterID, CrimeNo, CaseNo, CrimeRegisteredDate, PolicePersonID, PoliceStationID, CaseCategoryID, GravityOffenceID, CrimeMajorHeadID, CrimeMinorHeadID, CaseStatusID, CourtID, IncidentFromDate, IncidentToDate, InfoReceivedPSDate, latitude, longitude, BriefFacts) VALUES (530, '100020007202400530', '202400530', '2024-11-21', 13, 7, 1, 2, 2, 5, 1, 2, '2024-11-21 07:00:00', '2024-11-21 09:00:00', '2024-11-21 07:00:00', 12.308682, 76.656410, 'Complainant reported a suspected grievous hurt incident close to a residential layout. The matter was registered at Lashkar Police Station and assigned to Suresh Rao.');
INSERT INTO Inv_OccuranceTime (CaseMasterID, IncidentFromDate, IncidentToDate, latitude, longitude, PlaceOfOccurrence) VALUES (530, '2024-11-21 07:00:00', '2024-11-21 09:00:00', 12.308682, 76.656410, 'Close to a residential layout, Lashkar');
INSERT INTO ComplainantDetails (ComplainantID, CaseMasterID, ComplainantName, AgeYear, OccupationID, ReligionID, CasteID, GenderID) VALUES (530, 530, 'Eshwar Khan', 63, 5, 5, 3, 1);
INSERT INTO ActSectionAssociation (CaseMasterID, ActID, SectionID, ActOrderID, SectionOrderID) VALUES (530, 'IPC', '302', 1, 1);
INSERT INTO Victim (VictimMasterID, CaseMasterID, VictimName, AgeYear, GenderID, VictimPolice) VALUES (530, 530, 'Nikhil Shetty', 21, 1, '0');
INSERT INTO Accused (AccusedMasterID, CaseMasterID, AccusedName, AgeYear, GenderID, PersonID) VALUES (626, 530, 'Yogesh S. Salim', 34, 1, 'A1');
INSERT INTO ArrestSurrender (ArrestSurrenderID, CaseMasterID, ArrestSurrenderTypeID, ArrestSurrenderDate, ArrestSurrenderStateId, ArrestSurrenderDistrictId, PoliceStationID, IOID, CourtID, AccusedMasterID, IsAccused, IsComplainantAccused) VALUES (253, 530, 1, '2024-12-05', 1, 2, 7, 13, 2, 626, 1, 0);
INSERT INTO inv_arrestsurrenderaccused (ArrestSurrenderID, AccusedMasterID) VALUES (253, 626);
INSERT INTO CaseMaster (CaseMasterID, CrimeNo, CaseNo, CrimeRegisteredDate, PolicePersonID, PoliceStationID, CaseCategoryID, GravityOffenceID, CrimeMajorHeadID, CrimeMinorHeadID, CaseStatusID, CourtID, IncidentFromDate, IncidentToDate, InfoReceivedPSDate, latitude, longitude, BriefFacts) VALUES (531, '100010003202400531', '202400531', '2024-11-04', 5, 3, 1, 1, 2, 4, 5, 1, '2024-11-04 13:00:00', '2024-11-04 14:00:00', '2024-11-04 13:00:00', 12.960610, 77.756747, 'Complainant reported a suspected murder incident near a market entrance. The matter was registered at Whitefield Police Station and assigned to Lakshmi Shetty.');
INSERT INTO Inv_OccuranceTime (CaseMasterID, IncidentFromDate, IncidentToDate, latitude, longitude, PlaceOfOccurrence) VALUES (531, '2024-11-04 13:00:00', '2024-11-04 14:00:00', 12.960610, 77.756747, 'Near a market entrance, Whitefield');
INSERT INTO ComplainantDetails (ComplainantID, CaseMasterID, ComplainantName, AgeYear, OccupationID, ReligionID, CasteID, GenderID) VALUES (531, 531, 'Bharath Fernandes', 38, 5, 1, 1, 1);
INSERT INTO ActSectionAssociation (CaseMasterID, ActID, SectionID, ActOrderID, SectionOrderID) VALUES (531, 'IPC', '302', 1, 1);
INSERT INTO Victim (VictimMasterID, CaseMasterID, VictimName, AgeYear, GenderID, VictimPolice) VALUES (531, 531, 'Bhavya Khan', 33, 1, '0');
INSERT INTO Accused (AccusedMasterID, CaseMasterID, AccusedName, AgeYear, GenderID, PersonID) VALUES (627, 531, 'Ajay Z. Patil', 40, 1, 'A1');
INSERT INTO CaseMaster (CaseMasterID, CrimeNo, CaseNo, CrimeRegisteredDate, PolicePersonID, PoliceStationID, CaseCategoryID, GravityOffenceID, CrimeMajorHeadID, CrimeMinorHeadID, CaseStatusID, CourtID, IncidentFromDate, IncidentToDate, InfoReceivedPSDate, latitude, longitude, BriefFacts) VALUES (532, '100030011202400532', '202400532', '2024-11-15', 21, 11, 1, 3, 1, 2, 3, 3, '2024-11-15 02:00:00', '2024-11-15 04:00:00', '2024-11-15 02:00:00', 12.886697, 74.839088, 'House Breaking Night reported close to a residential layout within Urwa Police Station limits. Vijay Gowda recorded statements and initiated scene verification.');
INSERT INTO Inv_OccuranceTime (CaseMasterID, IncidentFromDate, IncidentToDate, latitude, longitude, PlaceOfOccurrence) VALUES (532, '2024-11-15 02:00:00', '2024-11-15 04:00:00', 12.886697, 74.839088, 'Close to a residential layout, Urwa');
INSERT INTO ComplainantDetails (ComplainantID, CaseMasterID, ComplainantName, AgeYear, OccupationID, ReligionID, CasteID, GenderID) VALUES (532, 532, 'Eshwar Kulkarni', 28, 6, 5, 1, 1);
INSERT INTO ActSectionAssociation (CaseMasterID, ActID, SectionID, ActOrderID, SectionOrderID) VALUES (532, 'IPC', '379', 1, 1);
INSERT INTO Victim (VictimMasterID, CaseMasterID, VictimName, AgeYear, GenderID, VictimPolice) VALUES (532, 532, 'Bhavya Deshpande', 29, 2, '0');
INSERT INTO Accused (AccusedMasterID, CaseMasterID, AccusedName, AgeYear, GenderID, PersonID) VALUES (628, 532, 'Nagesh G. Verma', 39, 1, 'A1');
INSERT INTO ArrestSurrender (ArrestSurrenderID, CaseMasterID, ArrestSurrenderTypeID, ArrestSurrenderDate, ArrestSurrenderStateId, ArrestSurrenderDistrictId, PoliceStationID, IOID, CourtID, AccusedMasterID, IsAccused, IsComplainantAccused) VALUES (254, 532, 1, '2024-11-25', 1, 3, 11, 21, 3, 628, 1, 0);
INSERT INTO inv_arrestsurrenderaccused (ArrestSurrenderID, AccusedMasterID) VALUES (254, 628);
INSERT INTO ChargesheetDetails (CSID, CaseMasterID, csdate, cstype, PolicePersonID) VALUES (324, 532, '2025-01-12 09:00:00', 'A', 21);
INSERT INTO CaseMaster (CaseMasterID, CrimeNo, CaseNo, CrimeRegisteredDate, PolicePersonID, PoliceStationID, CaseCategoryID, GravityOffenceID, CrimeMajorHeadID, CrimeMinorHeadID, CaseStatusID, CourtID, IncidentFromDate, IncidentToDate, InfoReceivedPSDate, latitude, longitude, BriefFacts) VALUES (533, '100040014202400533', '202400533', '2024-11-26', 27, 14, 1, 1, 4, 8, 3, 4, '2024-11-26 11:00:00', '2024-11-26 13:00:00', '2024-11-26 11:00:00', 15.462378, 75.015629, 'Complainant reported a suspected cheating incident near the central market. The matter was registered at Suburban Police Station Dharwad and assigned to Anitha Pawar.');
INSERT INTO Inv_OccuranceTime (CaseMasterID, IncidentFromDate, IncidentToDate, latitude, longitude, PlaceOfOccurrence) VALUES (533, '2024-11-26 11:00:00', '2024-11-26 13:00:00', 15.462378, 75.015629, 'Near the central market, Suburban Dharwad');
INSERT INTO ComplainantDetails (ComplainantID, CaseMasterID, ComplainantName, AgeYear, OccupationID, ReligionID, CasteID, GenderID) VALUES (533, 533, 'Bharath Deshpande', 48, 3, 4, 3, 1);
INSERT INTO ActSectionAssociation (CaseMasterID, ActID, SectionID, ActOrderID, SectionOrderID) VALUES (533, 'IPC', '420', 1, 1);
INSERT INTO Victim (VictimMasterID, CaseMasterID, VictimName, AgeYear, GenderID, VictimPolice) VALUES (533, 533, 'Manoj Gowda', 24, 1, '0');
INSERT INTO Accused (AccusedMasterID, CaseMasterID, AccusedName, AgeYear, GenderID, PersonID) VALUES (629, 533, 'Ajay N. Jadhav', 31, 1, 'A1');
INSERT INTO ArrestSurrender (ArrestSurrenderID, CaseMasterID, ArrestSurrenderTypeID, ArrestSurrenderDate, ArrestSurrenderStateId, ArrestSurrenderDistrictId, PoliceStationID, IOID, CourtID, AccusedMasterID, IsAccused, IsComplainantAccused) VALUES (255, 533, 1, '2024-12-02', 1, 4, 14, 27, 4, 629, 1, 0);
INSERT INTO inv_arrestsurrenderaccused (ArrestSurrenderID, AccusedMasterID) VALUES (255, 629);
INSERT INTO ChargesheetDetails (CSID, CaseMasterID, csdate, cstype, PolicePersonID) VALUES (325, 533, '2025-01-12 10:00:00', 'A', 27);
INSERT INTO CaseMaster (CaseMasterID, CrimeNo, CaseNo, CrimeRegisteredDate, PolicePersonID, PoliceStationID, CaseCategoryID, GravityOffenceID, CrimeMajorHeadID, CrimeMinorHeadID, CaseStatusID, CourtID, IncidentFromDate, IncidentToDate, InfoReceivedPSDate, latitude, longitude, BriefFacts) VALUES (534, '100040012202400534', '202400534', '2024-11-09', 23, 12, 1, 3, 4, 8, 1, 4, '2024-11-09 14:00:00', '2024-11-09 17:00:00', '2024-11-09 14:00:00', 15.343029, 75.144467, 'Cheating reported close to a residential layout within Suburban Police Station Hubballi limits. Manjunath Deshmukh recorded statements and initiated scene verification.');
INSERT INTO Inv_OccuranceTime (CaseMasterID, IncidentFromDate, IncidentToDate, latitude, longitude, PlaceOfOccurrence) VALUES (534, '2024-11-09 14:00:00', '2024-11-09 17:00:00', 15.343029, 75.144467, 'Close to a residential layout, Suburban Hubballi');
INSERT INTO ComplainantDetails (ComplainantID, CaseMasterID, ComplainantName, AgeYear, OccupationID, ReligionID, CasteID, GenderID) VALUES (534, 534, 'Joel Deshpande', 71, 2, 5, 1, 2);
INSERT INTO ActSectionAssociation (CaseMasterID, ActID, SectionID, ActOrderID, SectionOrderID) VALUES (534, 'IPC', '420', 1, 1);
INSERT INTO Victim (VictimMasterID, CaseMasterID, VictimName, AgeYear, GenderID, VictimPolice) VALUES (534, 534, 'Divya Poojary', 47, 2, '0');
INSERT INTO Accused (AccusedMasterID, CaseMasterID, AccusedName, AgeYear, GenderID, PersonID) VALUES (630, 534, 'Altaf U. Poojary', 22, 1, 'A1');
INSERT INTO CaseMaster (CaseMasterID, CrimeNo, CaseNo, CrimeRegisteredDate, PolicePersonID, PoliceStationID, CaseCategoryID, GravityOffenceID, CrimeMajorHeadID, CrimeMinorHeadID, CaseStatusID, CourtID, IncidentFromDate, IncidentToDate, InfoReceivedPSDate, latitude, longitude, BriefFacts) VALUES (535, '100040012202400535', '202400535', '2024-11-20', 23, 12, 1, 3, 4, 8, 2, 4, '2024-11-20 10:00:00', '2024-11-20 11:00:00', '2024-11-20 10:00:00', 15.350661, 75.147281, 'Complainant reported a suspected cheating incident near the central market. The matter was registered at Suburban Police Station Hubballi and assigned to Manjunath Deshmukh.');
INSERT INTO Inv_OccuranceTime (CaseMasterID, IncidentFromDate, IncidentToDate, latitude, longitude, PlaceOfOccurrence) VALUES (535, '2024-11-20 10:00:00', '2024-11-20 11:00:00', 15.350661, 75.147281, 'Near the central market, Suburban Hubballi');
INSERT INTO ComplainantDetails (ComplainantID, CaseMasterID, ComplainantName, AgeYear, OccupationID, ReligionID, CasteID, GenderID) VALUES (535, 535, 'Joel Khan', 51, 7, 2, 2, 2);
INSERT INTO ActSectionAssociation (CaseMasterID, ActID, SectionID, ActOrderID, SectionOrderID) VALUES (535, 'IPC', '420', 1, 1);
INSERT INTO Victim (VictimMasterID, CaseMasterID, VictimName, AgeYear, GenderID, VictimPolice) VALUES (535, 535, 'Ganesh Khan', 32, 2, '0');
INSERT INTO Accused (AccusedMasterID, CaseMasterID, AccusedName, AgeYear, GenderID, PersonID) VALUES (631, 535, 'Nagesh B. Shetty', 45, 1, 'A1');
INSERT INTO ChargesheetDetails (CSID, CaseMasterID, csdate, cstype, PolicePersonID) VALUES (326, 535, '2025-01-06 14:00:00', 'A', 23);
INSERT INTO CaseMaster (CaseMasterID, CrimeNo, CaseNo, CrimeRegisteredDate, PolicePersonID, PoliceStationID, CaseCategoryID, GravityOffenceID, CrimeMajorHeadID, CrimeMinorHeadID, CaseStatusID, CourtID, IncidentFromDate, IncidentToDate, InfoReceivedPSDate, latitude, longitude, BriefFacts) VALUES (536, '100020007202400536', '202400536', '2024-11-03', 13, 7, 1, 2, 1, 3, 3, 2, '2024-11-03 18:00:00', '2024-11-03 21:00:00', '2024-11-03 18:00:00', 12.311521, 76.648194, 'Chain Snatching reported near the central market within Lashkar Police Station limits. Suresh Rao recorded statements and initiated scene verification.');
INSERT INTO Inv_OccuranceTime (CaseMasterID, IncidentFromDate, IncidentToDate, latitude, longitude, PlaceOfOccurrence) VALUES (536, '2024-11-03 18:00:00', '2024-11-03 21:00:00', 12.311521, 76.648194, 'Near the central market, Lashkar');
INSERT INTO ComplainantDetails (ComplainantID, CaseMasterID, ComplainantName, AgeYear, OccupationID, ReligionID, CasteID, GenderID) VALUES (536, 536, 'Radha Khan', 40, 3, 2, 2, 1);
INSERT INTO ActSectionAssociation (CaseMasterID, ActID, SectionID, ActOrderID, SectionOrderID) VALUES (536, 'IPC', '379', 1, 1);
INSERT INTO Victim (VictimMasterID, CaseMasterID, VictimName, AgeYear, GenderID, VictimPolice) VALUES (536, 536, 'Chaitra Patil', 61, 2, '0');
INSERT INTO Accused (AccusedMasterID, CaseMasterID, AccusedName, AgeYear, GenderID, PersonID) VALUES (632, 536, 'Sameer I. Naik', 20, 1, 'A1');
INSERT INTO ArrestSurrender (ArrestSurrenderID, CaseMasterID, ArrestSurrenderTypeID, ArrestSurrenderDate, ArrestSurrenderStateId, ArrestSurrenderDistrictId, PoliceStationID, IOID, CourtID, AccusedMasterID, IsAccused, IsComplainantAccused) VALUES (256, 536, 1, '2024-11-27', 1, 2, 7, 13, 2, 632, 1, 0);
INSERT INTO inv_arrestsurrenderaccused (ArrestSurrenderID, AccusedMasterID) VALUES (256, 632);
INSERT INTO ChargesheetDetails (CSID, CaseMasterID, csdate, cstype, PolicePersonID) VALUES (327, 536, '2024-12-31 16:00:00', 'A', 13);
INSERT INTO CaseMaster (CaseMasterID, CrimeNo, CaseNo, CrimeRegisteredDate, PolicePersonID, PoliceStationID, CaseCategoryID, GravityOffenceID, CrimeMajorHeadID, CrimeMinorHeadID, CaseStatusID, CourtID, IncidentFromDate, IncidentToDate, InfoReceivedPSDate, latitude, longitude, BriefFacts) VALUES (537, '100040014202400537', '202400537', '2024-11-14', 27, 14, 1, 2, 1, 1, 2, 4, '2024-11-14 07:00:00', '2024-11-14 08:00:00', '2024-11-14 07:00:00', 15.448047, 75.005213, 'Complainant reported a suspected automobile theft incident near the inter-city bus stand. The matter was registered at Suburban Police Station Dharwad and assigned to Anitha Pawar.');
INSERT INTO Inv_OccuranceTime (CaseMasterID, IncidentFromDate, IncidentToDate, latitude, longitude, PlaceOfOccurrence) VALUES (537, '2024-11-14 07:00:00', '2024-11-14 08:00:00', 15.448047, 75.005213, 'Near the inter-city bus stand, Suburban Dharwad');
INSERT INTO ComplainantDetails (ComplainantID, CaseMasterID, ComplainantName, AgeYear, OccupationID, ReligionID, CasteID, GenderID) VALUES (537, 537, 'Deepak Rao', 59, 1, 4, 5, 1);
INSERT INTO ActSectionAssociation (CaseMasterID, ActID, SectionID, ActOrderID, SectionOrderID) VALUES (537, 'IPC', '379', 1, 1);
INSERT INTO Victim (VictimMasterID, CaseMasterID, VictimName, AgeYear, GenderID, VictimPolice) VALUES (537, 537, 'Kiran Murthy', 74, 1, '0');
INSERT INTO Accused (AccusedMasterID, CaseMasterID, AccusedName, AgeYear, GenderID, PersonID) VALUES (633, 537, 'Imtiaz P. Naik', 27, 1, 'A1');
INSERT INTO ArrestSurrender (ArrestSurrenderID, CaseMasterID, ArrestSurrenderTypeID, ArrestSurrenderDate, ArrestSurrenderStateId, ArrestSurrenderDistrictId, PoliceStationID, IOID, CourtID, AccusedMasterID, IsAccused, IsComplainantAccused) VALUES (257, 537, 1, '2024-11-24', 1, 4, 14, 27, 4, 633, 1, 0);
INSERT INTO inv_arrestsurrenderaccused (ArrestSurrenderID, AccusedMasterID) VALUES (257, 633);
INSERT INTO ChargesheetDetails (CSID, CaseMasterID, csdate, cstype, PolicePersonID) VALUES (328, 537, '2025-02-03 14:00:00', 'A', 27);
INSERT INTO CaseMaster (CaseMasterID, CrimeNo, CaseNo, CrimeRegisteredDate, PolicePersonID, PoliceStationID, CaseCategoryID, GravityOffenceID, CrimeMajorHeadID, CrimeMinorHeadID, CaseStatusID, CourtID, IncidentFromDate, IncidentToDate, InfoReceivedPSDate, latitude, longitude, BriefFacts) VALUES (538, '100010001202400538', '202400538', '2024-11-25', 1, 1, 1, 3, 1, 2, 2, 1, '2024-11-25 01:00:00', '2024-11-25 04:00:00', '2024-11-25 01:00:00', 12.986556, 77.649486, 'Indiranagar Police Station registered the case after an incident near a bus stop. Initial CCTV, witness, and digital-evidence checks were assigned to IO Suresh Kambali.');
INSERT INTO Inv_OccuranceTime (CaseMasterID, IncidentFromDate, IncidentToDate, latitude, longitude, PlaceOfOccurrence) VALUES (538, '2024-11-25 01:00:00', '2024-11-25 04:00:00', 12.986556, 77.649486, 'Near a bus stop, Indiranagar');
INSERT INTO ComplainantDetails (ComplainantID, CaseMasterID, ComplainantName, AgeYear, OccupationID, ReligionID, CasteID, GenderID) VALUES (538, 538, 'Chetan Fernandes', 52, 2, 3, 5, 1);
INSERT INTO ActSectionAssociation (CaseMasterID, ActID, SectionID, ActOrderID, SectionOrderID) VALUES (538, 'IPC', '379', 1, 1);
INSERT INTO Victim (VictimMasterID, CaseMasterID, VictimName, AgeYear, GenderID, VictimPolice) VALUES (538, 538, 'Bhavya Naik', 52, 2, '0');
INSERT INTO Accused (AccusedMasterID, CaseMasterID, AccusedName, AgeYear, GenderID, PersonID) VALUES (634, 538, 'Altaf W. Patil', 25, 1, 'A1');
INSERT INTO ChargesheetDetails (CSID, CaseMasterID, csdate, cstype, PolicePersonID) VALUES (329, 538, '2025-01-30 12:00:00', 'A', 1);
INSERT INTO CaseMaster (CaseMasterID, CrimeNo, CaseNo, CrimeRegisteredDate, PolicePersonID, PoliceStationID, CaseCategoryID, GravityOffenceID, CrimeMajorHeadID, CrimeMinorHeadID, CaseStatusID, CourtID, IncidentFromDate, IncidentToDate, InfoReceivedPSDate, latitude, longitude, BriefFacts) VALUES (539, '100030011202400539', '202400539', '2024-11-08', 21, 11, 1, 3, 4, 8, 3, 3, '2024-11-08 10:00:00', '2024-11-08 11:00:00', '2024-11-08 10:00:00', 12.880556, 74.838121, 'Urwa Police Station registered the case after an incident near the inter-city bus stand. Initial CCTV, witness, and digital-evidence checks were assigned to IO Vijay Gowda.');
INSERT INTO Inv_OccuranceTime (CaseMasterID, IncidentFromDate, IncidentToDate, latitude, longitude, PlaceOfOccurrence) VALUES (539, '2024-11-08 10:00:00', '2024-11-08 11:00:00', 12.880556, 74.838121, 'Near the inter-city bus stand, Urwa');
INSERT INTO ComplainantDetails (ComplainantID, CaseMasterID, ComplainantName, AgeYear, OccupationID, ReligionID, CasteID, GenderID) VALUES (539, 539, 'Farhan Murthy', 72, 2, 4, 3, 1);
INSERT INTO ActSectionAssociation (CaseMasterID, ActID, SectionID, ActOrderID, SectionOrderID) VALUES (539, 'IPC', '420', 1, 1);
INSERT INTO Victim (VictimMasterID, CaseMasterID, VictimName, AgeYear, GenderID, VictimPolice) VALUES (539, 539, 'Kiran Shetty', 64, 2, '0');
INSERT INTO Accused (AccusedMasterID, CaseMasterID, AccusedName, AgeYear, GenderID, PersonID) VALUES (635, 539, 'Tukaram D. Verma', 38, 1, 'A1');
INSERT INTO ChargesheetDetails (CSID, CaseMasterID, csdate, cstype, PolicePersonID) VALUES (330, 539, '2024-12-22 16:00:00', 'A', 21);
INSERT INTO CaseMaster (CaseMasterID, CrimeNo, CaseNo, CrimeRegisteredDate, PolicePersonID, PoliceStationID, CaseCategoryID, GravityOffenceID, CrimeMajorHeadID, CrimeMinorHeadID, CaseStatusID, CourtID, IncidentFromDate, IncidentToDate, InfoReceivedPSDate, latitude, longitude, BriefFacts) VALUES (540, '100010002202400540', '202400540', '2024-11-19', 3, 2, 1, 3, 4, 8, 2, 1, '2024-11-19 09:00:00', '2024-11-19 11:00:00', '2024-11-19 09:00:00', 12.939440, 77.614382, 'Control room information regarding cheating was received from near a market entrance. IO Prakash Jadhav opened the investigation and secured preliminary evidence.');
INSERT INTO Inv_OccuranceTime (CaseMasterID, IncidentFromDate, IncidentToDate, latitude, longitude, PlaceOfOccurrence) VALUES (540, '2024-11-19 09:00:00', '2024-11-19 11:00:00', 12.939440, 77.614382, 'Near a market entrance, Koramangala');
INSERT INTO ComplainantDetails (ComplainantID, CaseMasterID, ComplainantName, AgeYear, OccupationID, ReligionID, CasteID, GenderID) VALUES (540, 540, 'Pooja Khan', 22, 4, 5, 5, 1);
INSERT INTO ActSectionAssociation (CaseMasterID, ActID, SectionID, ActOrderID, SectionOrderID) VALUES (540, 'IPC', '420', 1, 1);
INSERT INTO Victim (VictimMasterID, CaseMasterID, VictimName, AgeYear, GenderID, VictimPolice) VALUES (540, 540, 'Tarun Patil', 44, 1, '0');
INSERT INTO Accused (AccusedMasterID, CaseMasterID, AccusedName, AgeYear, GenderID, PersonID) VALUES (636, 540, 'Salman K. Naik', 29, 1, 'A1');
INSERT INTO ChargesheetDetails (CSID, CaseMasterID, csdate, cstype, PolicePersonID) VALUES (331, 540, '2025-01-06 12:00:00', 'A', 3);
INSERT INTO CaseMaster (CaseMasterID, CrimeNo, CaseNo, CrimeRegisteredDate, PolicePersonID, PoliceStationID, CaseCategoryID, GravityOffenceID, CrimeMajorHeadID, CrimeMinorHeadID, CaseStatusID, CourtID, IncidentFromDate, IncidentToDate, InfoReceivedPSDate, latitude, longitude, BriefFacts) VALUES (541, '100020007202400541', '202400541', '2024-11-02', 13, 7, 1, 1, 1, 1, 3, 2, '2024-11-02 19:00:00', '2024-11-02 21:00:00', '2024-11-02 19:00:00', 12.322354, 76.647150, 'Automobile Theft reported near the inter-city bus stand within Lashkar Police Station limits. Suresh Rao recorded statements and initiated scene verification.');
INSERT INTO Inv_OccuranceTime (CaseMasterID, IncidentFromDate, IncidentToDate, latitude, longitude, PlaceOfOccurrence) VALUES (541, '2024-11-02 19:00:00', '2024-11-02 21:00:00', 12.322354, 76.647150, 'Near the inter-city bus stand, Lashkar');
INSERT INTO ComplainantDetails (ComplainantID, CaseMasterID, ComplainantName, AgeYear, OccupationID, ReligionID, CasteID, GenderID) VALUES (541, 541, 'Harish Hegde', 37, 4, 2, 5, 2);
INSERT INTO ActSectionAssociation (CaseMasterID, ActID, SectionID, ActOrderID, SectionOrderID) VALUES (541, 'IPC', '379', 1, 1);
INSERT INTO Victim (VictimMasterID, CaseMasterID, VictimName, AgeYear, GenderID, VictimPolice) VALUES (541, 541, 'Manoj Fernandes', 64, 1, '0');
INSERT INTO Accused (AccusedMasterID, CaseMasterID, AccusedName, AgeYear, GenderID, PersonID) VALUES (637, 541, 'Manjunath R. Kumar', 22, 1, 'A1');
INSERT INTO ArrestSurrender (ArrestSurrenderID, CaseMasterID, ArrestSurrenderTypeID, ArrestSurrenderDate, ArrestSurrenderStateId, ArrestSurrenderDistrictId, PoliceStationID, IOID, CourtID, AccusedMasterID, IsAccused, IsComplainantAccused) VALUES (258, 541, 1, '2024-11-05', 1, 2, 7, 13, 2, 637, 1, 0);
INSERT INTO inv_arrestsurrenderaccused (ArrestSurrenderID, AccusedMasterID) VALUES (258, 637);
INSERT INTO ChargesheetDetails (CSID, CaseMasterID, csdate, cstype, PolicePersonID) VALUES (332, 541, '2025-02-01 17:00:00', 'A', 13);
INSERT INTO CaseMaster (CaseMasterID, CrimeNo, CaseNo, CrimeRegisteredDate, PolicePersonID, PoliceStationID, CaseCategoryID, GravityOffenceID, CrimeMajorHeadID, CrimeMinorHeadID, CaseStatusID, CourtID, IncidentFromDate, IncidentToDate, InfoReceivedPSDate, latitude, longitude, BriefFacts) VALUES (542, '100010003202400542', '202400542', '2024-11-13', 5, 3, 1, 2, 2, 5, 2, 1, '2024-11-13 23:00:00', '2024-11-13 02:00:00', '2024-11-13 23:00:00', 12.976724, 77.760898, 'Complainant reported a suspected grievous hurt incident beside a metro approach road. The matter was registered at Whitefield Police Station and assigned to Lakshmi Shetty.');
INSERT INTO Inv_OccuranceTime (CaseMasterID, IncidentFromDate, IncidentToDate, latitude, longitude, PlaceOfOccurrence) VALUES (542, '2024-11-13 23:00:00', '2024-11-13 02:00:00', 12.976724, 77.760898, 'Beside a metro approach road, Whitefield');
INSERT INTO ComplainantDetails (ComplainantID, CaseMasterID, ComplainantName, AgeYear, OccupationID, ReligionID, CasteID, GenderID) VALUES (542, 542, 'Eshwar Khan', 44, 2, 1, 5, 1);
INSERT INTO ActSectionAssociation (CaseMasterID, ActID, SectionID, ActOrderID, SectionOrderID) VALUES (542, 'IPC', '302', 1, 1);
INSERT INTO Victim (VictimMasterID, CaseMasterID, VictimName, AgeYear, GenderID, VictimPolice) VALUES (542, 542, 'Kiran Khan', 68, 2, '0');
INSERT INTO Accused (AccusedMasterID, CaseMasterID, AccusedName, AgeYear, GenderID, PersonID) VALUES (638, 542, 'Raja Y. Jadhav', 22, 1, 'A1');
INSERT INTO ChargesheetDetails (CSID, CaseMasterID, csdate, cstype, PolicePersonID) VALUES (333, 542, '2024-12-16 09:00:00', 'A', 5);
INSERT INTO CaseMaster (CaseMasterID, CrimeNo, CaseNo, CrimeRegisteredDate, PolicePersonID, PoliceStationID, CaseCategoryID, GravityOffenceID, CrimeMajorHeadID, CrimeMinorHeadID, CaseStatusID, CourtID, IncidentFromDate, IncidentToDate, InfoReceivedPSDate, latitude, longitude, BriefFacts) VALUES (543, '100010005202400543', '202400543', '2024-11-24', 9, 5, 1, 2, 2, 5, 4, 1, '2024-11-24 09:00:00', '2024-11-24 10:00:00', '2024-11-24 09:00:00', 12.995511, 77.561441, 'Malleshwaram Police Station registered the case after an incident near a market entrance. Initial CCTV, witness, and digital-evidence checks were assigned to IO Ramesh Pawar.');
INSERT INTO Inv_OccuranceTime (CaseMasterID, IncidentFromDate, IncidentToDate, latitude, longitude, PlaceOfOccurrence) VALUES (543, '2024-11-24 09:00:00', '2024-11-24 10:00:00', 12.995511, 77.561441, 'Near a market entrance, Malleshwaram');
INSERT INTO ComplainantDetails (ComplainantID, CaseMasterID, ComplainantName, AgeYear, OccupationID, ReligionID, CasteID, GenderID) VALUES (543, 543, 'Pooja Hegde', 50, 4, 2, 2, 1);
INSERT INTO ActSectionAssociation (CaseMasterID, ActID, SectionID, ActOrderID, SectionOrderID) VALUES (543, 'IPC', '302', 1, 1);
INSERT INTO Victim (VictimMasterID, CaseMasterID, VictimName, AgeYear, GenderID, VictimPolice) VALUES (543, 543, 'Praveen Bhat', 65, 1, '0');
INSERT INTO Accused (AccusedMasterID, CaseMasterID, AccusedName, AgeYear, GenderID, PersonID) VALUES (639, 543, 'Lokesh F. Poojary', 22, 1, 'A1');
INSERT INTO ArrestSurrender (ArrestSurrenderID, CaseMasterID, ArrestSurrenderTypeID, ArrestSurrenderDate, ArrestSurrenderStateId, ArrestSurrenderDistrictId, PoliceStationID, IOID, CourtID, AccusedMasterID, IsAccused, IsComplainantAccused) VALUES (259, 543, 1, '2024-11-24', 1, 1, 5, 9, 1, 639, 1, 0);
INSERT INTO inv_arrestsurrenderaccused (ArrestSurrenderID, AccusedMasterID) VALUES (259, 639);
INSERT INTO ChargesheetDetails (CSID, CaseMasterID, csdate, cstype, PolicePersonID) VALUES (334, 543, '2025-02-20 15:00:00', 'A', 9);
INSERT INTO CaseMaster (CaseMasterID, CrimeNo, CaseNo, CrimeRegisteredDate, PolicePersonID, PoliceStationID, CaseCategoryID, GravityOffenceID, CrimeMajorHeadID, CrimeMinorHeadID, CaseStatusID, CourtID, IncidentFromDate, IncidentToDate, InfoReceivedPSDate, latitude, longitude, BriefFacts) VALUES (544, '100010001202400544', '202400544', '2024-11-07', 1, 1, 1, 3, 1, 1, 1, 1, '2024-11-07 08:00:00', '2024-11-07 11:00:00', '2024-11-07 08:00:00', 12.976070, 77.637718, 'Indiranagar Police Station registered the case after an incident on a residential cross road. Initial CCTV, witness, and digital-evidence checks were assigned to IO Suresh Kambali.');
INSERT INTO Inv_OccuranceTime (CaseMasterID, IncidentFromDate, IncidentToDate, latitude, longitude, PlaceOfOccurrence) VALUES (544, '2024-11-07 08:00:00', '2024-11-07 11:00:00', 12.976070, 77.637718, 'On a residential cross road, Indiranagar');
INSERT INTO ComplainantDetails (ComplainantID, CaseMasterID, ComplainantName, AgeYear, OccupationID, ReligionID, CasteID, GenderID) VALUES (544, 544, 'Meena Shetty', 46, 1, 3, 1, 2);
INSERT INTO ActSectionAssociation (CaseMasterID, ActID, SectionID, ActOrderID, SectionOrderID) VALUES (544, 'IPC', '379', 1, 1);
INSERT INTO Victim (VictimMasterID, CaseMasterID, VictimName, AgeYear, GenderID, VictimPolice) VALUES (544, 544, 'Nikhil Khan', 40, 2, '0');
INSERT INTO Accused (AccusedMasterID, CaseMasterID, AccusedName, AgeYear, GenderID, PersonID) VALUES (640, 544, 'Yogesh M. Khan', 23, 1, 'A1');
INSERT INTO CaseMaster (CaseMasterID, CrimeNo, CaseNo, CrimeRegisteredDate, PolicePersonID, PoliceStationID, CaseCategoryID, GravityOffenceID, CrimeMajorHeadID, CrimeMinorHeadID, CaseStatusID, CourtID, IncidentFromDate, IncidentToDate, InfoReceivedPSDate, latitude, longitude, BriefFacts) VALUES (545, '100010002202400545', '202400545', '2024-11-18', 3, 2, 1, 2, 5, 9, 2, 1, '2024-11-18 12:00:00', '2024-11-18 14:00:00', '2024-11-18 12:00:00', 12.935554, 77.634908, 'Koramangala Police Station registered the case after an incident on a residential cross road. Initial CCTV, witness, and digital-evidence checks were assigned to IO Prakash Jadhav.');
INSERT INTO Inv_OccuranceTime (CaseMasterID, IncidentFromDate, IncidentToDate, latitude, longitude, PlaceOfOccurrence) VALUES (545, '2024-11-18 12:00:00', '2024-11-18 14:00:00', 12.935554, 77.634908, 'On a residential cross road, Koramangala');
INSERT INTO ComplainantDetails (ComplainantID, CaseMasterID, ComplainantName, AgeYear, OccupationID, ReligionID, CasteID, GenderID) VALUES (545, 545, 'Chetan Joshi', 46, 7, 1, 1, 1);
INSERT INTO ActSectionAssociation (CaseMasterID, ActID, SectionID, ActOrderID, SectionOrderID) VALUES (545, 'NDPS', '20', 1, 1);
INSERT INTO Victim (VictimMasterID, CaseMasterID, VictimName, AgeYear, GenderID, VictimPolice) VALUES (545, 545, 'Manoj Deshpande', 35, 1, '0');
INSERT INTO Accused (AccusedMasterID, CaseMasterID, AccusedName, AgeYear, GenderID, PersonID) VALUES (641, 545, 'Salman T. Singh', 42, 1, 'A1');
INSERT INTO Accused (AccusedMasterID, CaseMasterID, AccusedName, AgeYear, GenderID, PersonID) VALUES (642, 545, 'Pandu E. Pashan', 39, 1, 'A2');
INSERT INTO ArrestSurrender (ArrestSurrenderID, CaseMasterID, ArrestSurrenderTypeID, ArrestSurrenderDate, ArrestSurrenderStateId, ArrestSurrenderDistrictId, PoliceStationID, IOID, CourtID, AccusedMasterID, IsAccused, IsComplainantAccused) VALUES (260, 545, 1, '2024-11-24', 1, 1, 2, 3, 1, 641, 1, 0);
INSERT INTO inv_arrestsurrenderaccused (ArrestSurrenderID, AccusedMasterID) VALUES (260, 641);
INSERT INTO inv_arrestsurrenderaccused (ArrestSurrenderID, AccusedMasterID) VALUES (260, 642);
INSERT INTO ChargesheetDetails (CSID, CaseMasterID, csdate, cstype, PolicePersonID) VALUES (335, 545, '2025-01-08 15:00:00', 'A', 3);
INSERT INTO CaseMaster (CaseMasterID, CrimeNo, CaseNo, CrimeRegisteredDate, PolicePersonID, PoliceStationID, CaseCategoryID, GravityOffenceID, CrimeMajorHeadID, CrimeMinorHeadID, CaseStatusID, CourtID, IncidentFromDate, IncidentToDate, InfoReceivedPSDate, latitude, longitude, BriefFacts) VALUES (546, '100010004202400546', '202400546', '2024-11-01', 7, 4, 1, 3, 1, 2, 1, 1, '2024-11-01 23:00:00', '2024-11-01 02:00:00', '2024-11-01 23:00:00', 12.917889, 77.587937, 'Jayanagar Police Station registered the case after an incident on a residential cross road. Initial CCTV, witness, and digital-evidence checks were assigned to IO Kiran Bhat.');
INSERT INTO Inv_OccuranceTime (CaseMasterID, IncidentFromDate, IncidentToDate, latitude, longitude, PlaceOfOccurrence) VALUES (546, '2024-11-01 23:00:00', '2024-11-01 02:00:00', 12.917889, 77.587937, 'On a residential cross road, Jayanagar');
INSERT INTO ComplainantDetails (ComplainantID, CaseMasterID, ComplainantName, AgeYear, OccupationID, ReligionID, CasteID, GenderID) VALUES (546, 546, 'Naveena Joshi', 39, 6, 3, 4, 1);
INSERT INTO ActSectionAssociation (CaseMasterID, ActID, SectionID, ActOrderID, SectionOrderID) VALUES (546, 'IPC', '379', 1, 1);
INSERT INTO Victim (VictimMasterID, CaseMasterID, VictimName, AgeYear, GenderID, VictimPolice) VALUES (546, 546, 'Rajesh Khan', 70, 2, '0');
INSERT INTO Accused (AccusedMasterID, CaseMasterID, AccusedName, AgeYear, GenderID, PersonID) VALUES (643, 546, 'Shiva A. Naik', 35, 1, 'A1');
INSERT INTO ArrestSurrender (ArrestSurrenderID, CaseMasterID, ArrestSurrenderTypeID, ArrestSurrenderDate, ArrestSurrenderStateId, ArrestSurrenderDistrictId, PoliceStationID, IOID, CourtID, AccusedMasterID, IsAccused, IsComplainantAccused) VALUES (261, 546, 1, '2024-11-16', 1, 1, 4, 7, 1, 643, 1, 0);
INSERT INTO inv_arrestsurrenderaccused (ArrestSurrenderID, AccusedMasterID) VALUES (261, 643);
INSERT INTO CaseMaster (CaseMasterID, CrimeNo, CaseNo, CrimeRegisteredDate, PolicePersonID, PoliceStationID, CaseCategoryID, GravityOffenceID, CrimeMajorHeadID, CrimeMinorHeadID, CaseStatusID, CourtID, IncidentFromDate, IncidentToDate, InfoReceivedPSDate, latitude, longitude, BriefFacts) VALUES (547, '100040012202400547', '202400547', '2024-11-12', 23, 12, 1, 3, 1, 2, 1, 4, '2024-11-12 02:00:00', '2024-11-12 05:00:00', '2024-11-12 02:00:00', 15.362239, 75.132000, 'Control room information regarding house breaking night was received from near the central market. IO Manjunath Deshmukh opened the investigation and secured preliminary evidence.');
INSERT INTO Inv_OccuranceTime (CaseMasterID, IncidentFromDate, IncidentToDate, latitude, longitude, PlaceOfOccurrence) VALUES (547, '2024-11-12 02:00:00', '2024-11-12 05:00:00', 15.362239, 75.132000, 'Near the central market, Suburban Hubballi');
INSERT INTO ComplainantDetails (ComplainantID, CaseMasterID, ComplainantName, AgeYear, OccupationID, ReligionID, CasteID, GenderID) VALUES (547, 547, 'Deepak Bhat', 31, 2, 5, 1, 2);
INSERT INTO ActSectionAssociation (CaseMasterID, ActID, SectionID, ActOrderID, SectionOrderID) VALUES (547, 'IPC', '379', 1, 1);
INSERT INTO Victim (VictimMasterID, CaseMasterID, VictimName, AgeYear, GenderID, VictimPolice) VALUES (547, 547, 'Rajesh Murthy', 42, 2, '0');
INSERT INTO Accused (AccusedMasterID, CaseMasterID, AccusedName, AgeYear, GenderID, PersonID) VALUES (644, 547, 'Yogesh H. Khan', 41, 1, 'A1');
INSERT INTO CaseMaster (CaseMasterID, CrimeNo, CaseNo, CrimeRegisteredDate, PolicePersonID, PoliceStationID, CaseCategoryID, GravityOffenceID, CrimeMajorHeadID, CrimeMinorHeadID, CaseStatusID, CourtID, IncidentFromDate, IncidentToDate, InfoReceivedPSDate, latitude, longitude, BriefFacts) VALUES (548, '100010001202400548', '202400548', '2024-11-23', 1, 1, 1, 2, 1, 10, 2, 1, '2024-11-23 21:00:00', '2024-11-23 23:00:00', '2024-11-23 21:00:00', 12.977415, 77.643907, 'Complainant reported a suspected highway robbery incident outside a commercial complex. The matter was registered at Indiranagar Police Station and assigned to Suresh Kambali.');
INSERT INTO Inv_OccuranceTime (CaseMasterID, IncidentFromDate, IncidentToDate, latitude, longitude, PlaceOfOccurrence) VALUES (548, '2024-11-23 21:00:00', '2024-11-23 23:00:00', 12.977415, 77.643907, 'Outside a commercial complex, Indiranagar');
INSERT INTO ComplainantDetails (ComplainantID, CaseMasterID, ComplainantName, AgeYear, OccupationID, ReligionID, CasteID, GenderID) VALUES (548, 548, 'Naveena Deshpande', 35, 2, 2, 5, 1);
INSERT INTO ActSectionAssociation (CaseMasterID, ActID, SectionID, ActOrderID, SectionOrderID) VALUES (548, 'IPC', '379', 1, 1);
INSERT INTO Victim (VictimMasterID, CaseMasterID, VictimName, AgeYear, GenderID, VictimPolice) VALUES (548, 548, 'Asha Rao', 54, 1, '0');
INSERT INTO Accused (AccusedMasterID, CaseMasterID, AccusedName, AgeYear, GenderID, PersonID) VALUES (645, 548, 'Rafiq O. Naik', 44, 1, 'A1');
INSERT INTO ChargesheetDetails (CSID, CaseMasterID, csdate, cstype, PolicePersonID) VALUES (336, 548, '2025-01-13 16:00:00', 'A', 1);
INSERT INTO CaseMaster (CaseMasterID, CrimeNo, CaseNo, CrimeRegisteredDate, PolicePersonID, PoliceStationID, CaseCategoryID, GravityOffenceID, CrimeMajorHeadID, CrimeMinorHeadID, CaseStatusID, CourtID, IncidentFromDate, IncidentToDate, InfoReceivedPSDate, latitude, longitude, BriefFacts) VALUES (549, '100030009202400549', '202400549', '2024-11-06', 17, 9, 1, 3, 2, 5, 1, 3, '2024-11-06 10:00:00', '2024-11-06 11:00:00', '2024-11-06 10:00:00', 12.881069, 74.864897, 'Control room information regarding grievous hurt was received from near the inter-city bus stand. IO Basavaraj Patil opened the investigation and secured preliminary evidence.');
INSERT INTO Inv_OccuranceTime (CaseMasterID, IncidentFromDate, IncidentToDate, latitude, longitude, PlaceOfOccurrence) VALUES (549, '2024-11-06 10:00:00', '2024-11-06 11:00:00', 12.881069, 74.864897, 'Near the inter-city bus stand, Kadri');
INSERT INTO ComplainantDetails (ComplainantID, CaseMasterID, ComplainantName, AgeYear, OccupationID, ReligionID, CasteID, GenderID) VALUES (549, 549, 'Chetan Naik', 20, 3, 4, 3, 1);
INSERT INTO ActSectionAssociation (CaseMasterID, ActID, SectionID, ActOrderID, SectionOrderID) VALUES (549, 'IPC', '302', 1, 1);
INSERT INTO Victim (VictimMasterID, CaseMasterID, VictimName, AgeYear, GenderID, VictimPolice) VALUES (549, 549, 'Asha Fernandes', 48, 2, '0');
INSERT INTO Accused (AccusedMasterID, CaseMasterID, AccusedName, AgeYear, GenderID, PersonID) VALUES (646, 549, 'Pandu V. Naik', 31, 1, 'A1');
INSERT INTO ArrestSurrender (ArrestSurrenderID, CaseMasterID, ArrestSurrenderTypeID, ArrestSurrenderDate, ArrestSurrenderStateId, ArrestSurrenderDistrictId, PoliceStationID, IOID, CourtID, AccusedMasterID, IsAccused, IsComplainantAccused) VALUES (262, 549, 1, '2024-12-10', 1, 3, 9, 17, 3, 646, 1, 0);
INSERT INTO inv_arrestsurrenderaccused (ArrestSurrenderID, AccusedMasterID) VALUES (262, 646);
INSERT INTO CaseMaster (CaseMasterID, CrimeNo, CaseNo, CrimeRegisteredDate, PolicePersonID, PoliceStationID, CaseCategoryID, GravityOffenceID, CrimeMajorHeadID, CrimeMinorHeadID, CaseStatusID, CourtID, IncidentFromDate, IncidentToDate, InfoReceivedPSDate, latitude, longitude, BriefFacts) VALUES (550, '100010001202400550', '202400550', '2024-11-17', 1, 1, 1, 3, 1, 1, 3, 1, '2024-11-17 21:00:00', '2024-11-17 23:00:00', '2024-11-17 21:00:00', 12.973531, 77.636424, 'Automobile Theft reported near a bus stop within Indiranagar Police Station limits. Suresh Kambali recorded statements and initiated scene verification.');
INSERT INTO Inv_OccuranceTime (CaseMasterID, IncidentFromDate, IncidentToDate, latitude, longitude, PlaceOfOccurrence) VALUES (550, '2024-11-17 21:00:00', '2024-11-17 23:00:00', 12.973531, 77.636424, 'Near a bus stop, Indiranagar');
INSERT INTO ComplainantDetails (ComplainantID, CaseMasterID, ComplainantName, AgeYear, OccupationID, ReligionID, CasteID, GenderID) VALUES (550, 550, 'Harish Joshi', 49, 7, 4, 5, 2);
INSERT INTO ActSectionAssociation (CaseMasterID, ActID, SectionID, ActOrderID, SectionOrderID) VALUES (550, 'IPC', '379', 1, 1);
INSERT INTO Victim (VictimMasterID, CaseMasterID, VictimName, AgeYear, GenderID, VictimPolice) VALUES (550, 550, 'Vinay Murthy', 38, 2, '0');
INSERT INTO Accused (AccusedMasterID, CaseMasterID, AccusedName, AgeYear, GenderID, PersonID) VALUES (647, 550, 'Salman C. Kumar', 37, 1, 'A1');
INSERT INTO Accused (AccusedMasterID, CaseMasterID, AccusedName, AgeYear, GenderID, PersonID) VALUES (648, 550, 'Tukaram N. Verma', 40, 1, 'A2');
INSERT INTO ChargesheetDetails (CSID, CaseMasterID, csdate, cstype, PolicePersonID) VALUES (337, 550, '2024-12-28 16:00:00', 'A', 1);
INSERT INTO CaseMaster (CaseMasterID, CrimeNo, CaseNo, CrimeRegisteredDate, PolicePersonID, PoliceStationID, CaseCategoryID, GravityOffenceID, CrimeMajorHeadID, CrimeMinorHeadID, CaseStatusID, CourtID, IncidentFromDate, IncidentToDate, InfoReceivedPSDate, latitude, longitude, BriefFacts) VALUES (551, '100040012202400551', '202400551', '2024-11-28', 23, 12, 1, 3, 1, 2, 1, 4, '2024-11-28 02:00:00', '2024-11-28 05:00:00', '2024-11-28 02:00:00', 15.346068, 75.135733, 'House Breaking Night reported near the inter-city bus stand within Suburban Police Station Hubballi limits. Manjunath Deshmukh recorded statements and initiated scene verification.');
INSERT INTO Inv_OccuranceTime (CaseMasterID, IncidentFromDate, IncidentToDate, latitude, longitude, PlaceOfOccurrence) VALUES (551, '2024-11-28 02:00:00', '2024-11-28 05:00:00', 15.346068, 75.135733, 'Near the inter-city bus stand, Suburban Hubballi');
INSERT INTO ComplainantDetails (ComplainantID, CaseMasterID, ComplainantName, AgeYear, OccupationID, ReligionID, CasteID, GenderID) VALUES (551, 551, 'Kavitha Gowda', 28, 2, 4, 4, 1);
INSERT INTO ActSectionAssociation (CaseMasterID, ActID, SectionID, ActOrderID, SectionOrderID) VALUES (551, 'IPC', '379', 1, 1);
INSERT INTO Victim (VictimMasterID, CaseMasterID, VictimName, AgeYear, GenderID, VictimPolice) VALUES (551, 551, 'Praveen Bhat', 63, 2, '0');
INSERT INTO Accused (AccusedMasterID, CaseMasterID, AccusedName, AgeYear, GenderID, PersonID) VALUES (649, 551, 'Ajay J. Verma', 32, 1, 'A1');
INSERT INTO ArrestSurrender (ArrestSurrenderID, CaseMasterID, ArrestSurrenderTypeID, ArrestSurrenderDate, ArrestSurrenderStateId, ArrestSurrenderDistrictId, PoliceStationID, IOID, CourtID, AccusedMasterID, IsAccused, IsComplainantAccused) VALUES (263, 551, 1, '2024-12-13', 1, 4, 12, 23, 4, 649, 1, 0);
INSERT INTO inv_arrestsurrenderaccused (ArrestSurrenderID, AccusedMasterID) VALUES (263, 649);
INSERT INTO CaseMaster (CaseMasterID, CrimeNo, CaseNo, CrimeRegisteredDate, PolicePersonID, PoliceStationID, CaseCategoryID, GravityOffenceID, CrimeMajorHeadID, CrimeMinorHeadID, CaseStatusID, CourtID, IncidentFromDate, IncidentToDate, InfoReceivedPSDate, latitude, longitude, BriefFacts) VALUES (552, '100010003202400552', '202400552', '2024-11-11', 5, 3, 1, 2, 2, 5, 3, 1, '2024-11-11 13:00:00', '2024-11-11 16:00:00', '2024-11-11 13:00:00', 12.979227, 77.755099, 'Grievous Hurt reported outside a commercial complex within Whitefield Police Station limits. Lakshmi Shetty recorded statements and initiated scene verification.');
INSERT INTO Inv_OccuranceTime (CaseMasterID, IncidentFromDate, IncidentToDate, latitude, longitude, PlaceOfOccurrence) VALUES (552, '2024-11-11 13:00:00', '2024-11-11 16:00:00', 12.979227, 77.755099, 'Outside a commercial complex, Whitefield');
INSERT INTO ComplainantDetails (ComplainantID, CaseMasterID, ComplainantName, AgeYear, OccupationID, ReligionID, CasteID, GenderID) VALUES (552, 552, 'Naveena Rao', 50, 5, 1, 2, 1);
INSERT INTO ActSectionAssociation (CaseMasterID, ActID, SectionID, ActOrderID, SectionOrderID) VALUES (552, 'IPC', '302', 1, 1);
INSERT INTO Victim (VictimMasterID, CaseMasterID, VictimName, AgeYear, GenderID, VictimPolice) VALUES (552, 552, 'Arun Murthy', 70, 1, '0');
INSERT INTO Accused (AccusedMasterID, CaseMasterID, AccusedName, AgeYear, GenderID, PersonID) VALUES (650, 552, 'Ajay Q. Shetty', 42, 1, 'A1');
INSERT INTO ChargesheetDetails (CSID, CaseMasterID, csdate, cstype, PolicePersonID) VALUES (338, 552, '2024-12-13 11:00:00', 'A', 5);
INSERT INTO CaseMaster (CaseMasterID, CrimeNo, CaseNo, CrimeRegisteredDate, PolicePersonID, PoliceStationID, CaseCategoryID, GravityOffenceID, CrimeMajorHeadID, CrimeMinorHeadID, CaseStatusID, CourtID, IncidentFromDate, IncidentToDate, InfoReceivedPSDate, latitude, longitude, BriefFacts) VALUES (553, '100010002202400553', '202400553', '2024-12-22', 3, 2, 1, 2, 3, 6, 3, 1, '2024-12-22 14:00:00', '2024-12-22 15:00:00', '2024-12-22 14:00:00', 12.943891, 77.615350, 'Koramangala Police Station registered the case after an incident beside a metro approach road. Initial CCTV, witness, and digital-evidence checks were assigned to IO Prakash Jadhav.');
INSERT INTO Inv_OccuranceTime (CaseMasterID, IncidentFromDate, IncidentToDate, latitude, longitude, PlaceOfOccurrence) VALUES (553, '2024-12-22 14:00:00', '2024-12-22 15:00:00', 12.943891, 77.615350, 'Beside a metro approach road, Koramangala');
INSERT INTO ComplainantDetails (ComplainantID, CaseMasterID, ComplainantName, AgeYear, OccupationID, ReligionID, CasteID, GenderID) VALUES (553, 553, 'Meena Deshpande', 22, 1, 1, 5, 1);
INSERT INTO ActSectionAssociation (CaseMasterID, ActID, SectionID, ActOrderID, SectionOrderID) VALUES (553, 'IT_ACT', '66D', 1, 1);
INSERT INTO Victim (VictimMasterID, CaseMasterID, VictimName, AgeYear, GenderID, VictimPolice) VALUES (553, 553, 'Divya Naik', 56, 1, '0');
INSERT INTO Accused (AccusedMasterID, CaseMasterID, AccusedName, AgeYear, GenderID, PersonID) VALUES (651, 553, 'Pandu X. Poojary', 31, 1, 'A1');
INSERT INTO ArrestSurrender (ArrestSurrenderID, CaseMasterID, ArrestSurrenderTypeID, ArrestSurrenderDate, ArrestSurrenderStateId, ArrestSurrenderDistrictId, PoliceStationID, IOID, CourtID, AccusedMasterID, IsAccused, IsComplainantAccused) VALUES (264, 553, 1, '2024-12-30', 1, 1, 2, 3, 1, 651, 1, 0);
INSERT INTO inv_arrestsurrenderaccused (ArrestSurrenderID, AccusedMasterID) VALUES (264, 651);
INSERT INTO ChargesheetDetails (CSID, CaseMasterID, csdate, cstype, PolicePersonID) VALUES (339, 553, '2025-02-11 15:00:00', 'A', 3);
INSERT INTO CaseMaster (CaseMasterID, CrimeNo, CaseNo, CrimeRegisteredDate, PolicePersonID, PoliceStationID, CaseCategoryID, GravityOffenceID, CrimeMajorHeadID, CrimeMinorHeadID, CaseStatusID, CourtID, IncidentFromDate, IncidentToDate, InfoReceivedPSDate, latitude, longitude, BriefFacts) VALUES (554, '100050015202400554', '202400554', '2024-12-05', 29, 15, 1, 2, 1, 10, 2, 5, '2024-12-05 20:00:00', '2024-12-05 21:00:00', '2024-12-05 20:00:00', 15.853311, 74.505601, 'Complainant reported a suspected highway robbery incident near the central market. The matter was registered at Camp Police Station Belagavi and assigned to Prakash Patil.');
INSERT INTO Inv_OccuranceTime (CaseMasterID, IncidentFromDate, IncidentToDate, latitude, longitude, PlaceOfOccurrence) VALUES (554, '2024-12-05 20:00:00', '2024-12-05 21:00:00', 15.853311, 74.505601, 'Near the central market, Camp Belagavi');
INSERT INTO ComplainantDetails (ComplainantID, CaseMasterID, ComplainantName, AgeYear, OccupationID, ReligionID, CasteID, GenderID) VALUES (554, 554, 'Jagadish Patil', 55, 6, 3, 1, 1);
INSERT INTO ActSectionAssociation (CaseMasterID, ActID, SectionID, ActOrderID, SectionOrderID) VALUES (554, 'IPC', '379', 1, 1);
INSERT INTO Victim (VictimMasterID, CaseMasterID, VictimName, AgeYear, GenderID, VictimPolice) VALUES (554, 554, 'Vinay Deshpande', 40, 2, '0');
INSERT INTO Accused (AccusedMasterID, CaseMasterID, AccusedName, AgeYear, GenderID, PersonID) VALUES (652, 554, 'Manjunath E. Pashan', 25, 1, 'A1');
INSERT INTO Accused (AccusedMasterID, CaseMasterID, AccusedName, AgeYear, GenderID, PersonID) VALUES (653, 554, 'Mohan P. Patil', 41, 1, 'A2');
INSERT INTO ChargesheetDetails (CSID, CaseMasterID, csdate, cstype, PolicePersonID) VALUES (340, 554, '2025-02-20 16:00:00', 'A', 29);
INSERT INTO CaseMaster (CaseMasterID, CrimeNo, CaseNo, CrimeRegisteredDate, PolicePersonID, PoliceStationID, CaseCategoryID, GravityOffenceID, CrimeMajorHeadID, CrimeMinorHeadID, CaseStatusID, CourtID, IncidentFromDate, IncidentToDate, InfoReceivedPSDate, latitude, longitude, BriefFacts) VALUES (555, '100050015202400555', '202400555', '2024-12-16', 29, 15, 1, 2, 1, 1, 4, 5, '2024-12-16 15:00:00', '2024-12-16 16:00:00', '2024-12-16 15:00:00', 15.861035, 74.505902, 'Automobile Theft reported near the central market within Camp Police Station Belagavi limits. Prakash Patil recorded statements and initiated scene verification.');
INSERT INTO Inv_OccuranceTime (CaseMasterID, IncidentFromDate, IncidentToDate, latitude, longitude, PlaceOfOccurrence) VALUES (555, '2024-12-16 15:00:00', '2024-12-16 16:00:00', 15.861035, 74.505902, 'Near the central market, Camp Belagavi');
INSERT INTO ComplainantDetails (ComplainantID, CaseMasterID, ComplainantName, AgeYear, OccupationID, ReligionID, CasteID, GenderID) VALUES (555, 555, 'Chetan Rao', 70, 7, 2, 2, 1);
INSERT INTO ActSectionAssociation (CaseMasterID, ActID, SectionID, ActOrderID, SectionOrderID) VALUES (555, 'IPC', '379', 1, 1);
INSERT INTO Victim (VictimMasterID, CaseMasterID, VictimName, AgeYear, GenderID, VictimPolice) VALUES (555, 555, 'Divya Khan', 58, 1, '0');
INSERT INTO Accused (AccusedMasterID, CaseMasterID, AccusedName, AgeYear, GenderID, PersonID) VALUES (654, 555, 'Vicky L. Pashan', 35, 1, 'A1');
INSERT INTO Accused (AccusedMasterID, CaseMasterID, AccusedName, AgeYear, GenderID, PersonID) VALUES (655, 555, 'Ajay W. Shaikh', 35, 1, 'A2');
INSERT INTO ArrestSurrender (ArrestSurrenderID, CaseMasterID, ArrestSurrenderTypeID, ArrestSurrenderDate, ArrestSurrenderStateId, ArrestSurrenderDistrictId, PoliceStationID, IOID, CourtID, AccusedMasterID, IsAccused, IsComplainantAccused) VALUES (265, 555, 1, '2025-01-16', 1, 5, 15, 29, 5, 654, 1, 0);
INSERT INTO inv_arrestsurrenderaccused (ArrestSurrenderID, AccusedMasterID) VALUES (265, 654);
INSERT INTO inv_arrestsurrenderaccused (ArrestSurrenderID, AccusedMasterID) VALUES (265, 655);
INSERT INTO ChargesheetDetails (CSID, CaseMasterID, csdate, cstype, PolicePersonID) VALUES (341, 555, '2025-02-27 10:00:00', 'A', 29);
INSERT INTO CaseMaster (CaseMasterID, CrimeNo, CaseNo, CrimeRegisteredDate, PolicePersonID, PoliceStationID, CaseCategoryID, GravityOffenceID, CrimeMajorHeadID, CrimeMinorHeadID, CaseStatusID, CourtID, IncidentFromDate, IncidentToDate, InfoReceivedPSDate, latitude, longitude, BriefFacts) VALUES (556, '100010001202400556', '202400556', '2024-12-27', 1, 1, 1, 3, 3, 6, 1, 1, '2024-12-27 11:00:00', '2024-12-27 13:00:00', '2024-12-27 11:00:00', 12.973746, 77.635668, 'Indiranagar Police Station registered the case after an incident on a residential cross road. Initial CCTV, witness, and digital-evidence checks were assigned to IO Suresh Kambali.');
INSERT INTO Inv_OccuranceTime (CaseMasterID, IncidentFromDate, IncidentToDate, latitude, longitude, PlaceOfOccurrence) VALUES (556, '2024-12-27 11:00:00', '2024-12-27 13:00:00', 12.973746, 77.635668, 'On a residential cross road, Indiranagar');
INSERT INTO ComplainantDetails (ComplainantID, CaseMasterID, ComplainantName, AgeYear, OccupationID, ReligionID, CasteID, GenderID) VALUES (556, 556, 'Latha Joshi', 65, 3, 1, 1, 2);
INSERT INTO ActSectionAssociation (CaseMasterID, ActID, SectionID, ActOrderID, SectionOrderID) VALUES (556, 'IT_ACT', '66D', 1, 1);
INSERT INTO Victim (VictimMasterID, CaseMasterID, VictimName, AgeYear, GenderID, VictimPolice) VALUES (556, 556, 'Bhavya Patil', 44, 2, '0');
INSERT INTO Accused (AccusedMasterID, CaseMasterID, AccusedName, AgeYear, GenderID, PersonID) VALUES (656, 556, 'Ajay S. Naik', 21, 1, 'A1');
INSERT INTO CaseMaster (CaseMasterID, CrimeNo, CaseNo, CrimeRegisteredDate, PolicePersonID, PoliceStationID, CaseCategoryID, GravityOffenceID, CrimeMajorHeadID, CrimeMinorHeadID, CaseStatusID, CourtID, IncidentFromDate, IncidentToDate, InfoReceivedPSDate, latitude, longitude, BriefFacts) VALUES (557, '100020007202400557', '202400557', '2024-12-10', 13, 7, 1, 2, 1, 1, 1, 2, '2024-12-10 11:00:00', '2024-12-10 14:00:00', '2024-12-10 11:00:00', 12.317517, 76.654037, 'Automobile Theft reported near the central market within Lashkar Police Station limits. Suresh Rao recorded statements and initiated scene verification.');
INSERT INTO Inv_OccuranceTime (CaseMasterID, IncidentFromDate, IncidentToDate, latitude, longitude, PlaceOfOccurrence) VALUES (557, '2024-12-10 11:00:00', '2024-12-10 14:00:00', 12.317517, 76.654037, 'Near the central market, Lashkar');
INSERT INTO ComplainantDetails (ComplainantID, CaseMasterID, ComplainantName, AgeYear, OccupationID, ReligionID, CasteID, GenderID) VALUES (557, 557, 'Chetan Kulkarni', 23, 3, 1, 2, 1);
INSERT INTO ActSectionAssociation (CaseMasterID, ActID, SectionID, ActOrderID, SectionOrderID) VALUES (557, 'IPC', '379', 1, 1);
INSERT INTO Victim (VictimMasterID, CaseMasterID, VictimName, AgeYear, GenderID, VictimPolice) VALUES (557, 557, 'Nikhil Rao', 55, 1, '0');
INSERT INTO Accused (AccusedMasterID, CaseMasterID, AccusedName, AgeYear, GenderID, PersonID) VALUES (657, 557, 'Dharma Z. Poojary', 38, 1, 'A1');
INSERT INTO ArrestSurrender (ArrestSurrenderID, CaseMasterID, ArrestSurrenderTypeID, ArrestSurrenderDate, ArrestSurrenderStateId, ArrestSurrenderDistrictId, PoliceStationID, IOID, CourtID, AccusedMasterID, IsAccused, IsComplainantAccused) VALUES (266, 557, 1, '2024-12-12', 1, 2, 7, 13, 2, 657, 1, 0);
INSERT INTO inv_arrestsurrenderaccused (ArrestSurrenderID, AccusedMasterID) VALUES (266, 657);
INSERT INTO CaseMaster (CaseMasterID, CrimeNo, CaseNo, CrimeRegisteredDate, PolicePersonID, PoliceStationID, CaseCategoryID, GravityOffenceID, CrimeMajorHeadID, CrimeMinorHeadID, CaseStatusID, CourtID, IncidentFromDate, IncidentToDate, InfoReceivedPSDate, latitude, longitude, BriefFacts) VALUES (558, '100010005202400558', '202400558', '2024-12-21', 9, 5, 1, 1, 1, 10, 1, 1, '2024-12-21 18:00:00', '2024-12-21 19:00:00', '2024-12-21 18:00:00', 13.010848, 77.568823, 'Malleshwaram Police Station registered the case after an incident near a market entrance. Initial CCTV, witness, and digital-evidence checks were assigned to IO Ramesh Pawar.');
INSERT INTO Inv_OccuranceTime (CaseMasterID, IncidentFromDate, IncidentToDate, latitude, longitude, PlaceOfOccurrence) VALUES (558, '2024-12-21 18:00:00', '2024-12-21 19:00:00', 13.010848, 77.568823, 'Near a market entrance, Malleshwaram');
INSERT INTO ComplainantDetails (ComplainantID, CaseMasterID, ComplainantName, AgeYear, OccupationID, ReligionID, CasteID, GenderID) VALUES (558, 558, 'Shilpa Rao', 23, 2, 4, 2, 1);
INSERT INTO ActSectionAssociation (CaseMasterID, ActID, SectionID, ActOrderID, SectionOrderID) VALUES (558, 'IPC', '379', 1, 1);
INSERT INTO Victim (VictimMasterID, CaseMasterID, VictimName, AgeYear, GenderID, VictimPolice) VALUES (558, 558, 'Kiran Shetty', 59, 2, '0');
INSERT INTO Accused (AccusedMasterID, CaseMasterID, AccusedName, AgeYear, GenderID, PersonID) VALUES (658, 558, 'Vicky G. Shaikh', 27, 1, 'A1');
INSERT INTO CaseMaster (CaseMasterID, CrimeNo, CaseNo, CrimeRegisteredDate, PolicePersonID, PoliceStationID, CaseCategoryID, GravityOffenceID, CrimeMajorHeadID, CrimeMinorHeadID, CaseStatusID, CourtID, IncidentFromDate, IncidentToDate, InfoReceivedPSDate, latitude, longitude, BriefFacts) VALUES (559, '100010002202400559', '202400559', '2024-12-04', 3, 2, 1, 2, 3, 6, 2, 1, '2024-12-04 09:00:00', '2024-12-04 12:00:00', '2024-12-04 09:00:00', 12.943508, 77.634910, 'Koramangala Police Station registered the case after an incident near a bus stop. Initial CCTV, witness, and digital-evidence checks were assigned to IO Prakash Jadhav.');
INSERT INTO Inv_OccuranceTime (CaseMasterID, IncidentFromDate, IncidentToDate, latitude, longitude, PlaceOfOccurrence) VALUES (559, '2024-12-04 09:00:00', '2024-12-04 12:00:00', 12.943508, 77.634910, 'Near a bus stop, Koramangala');
INSERT INTO ComplainantDetails (ComplainantID, CaseMasterID, ComplainantName, AgeYear, OccupationID, ReligionID, CasteID, GenderID) VALUES (559, 559, 'Girish Joshi', 64, 6, 5, 5, 2);
INSERT INTO ActSectionAssociation (CaseMasterID, ActID, SectionID, ActOrderID, SectionOrderID) VALUES (559, 'IT_ACT', '66D', 1, 1);
INSERT INTO Victim (VictimMasterID, CaseMasterID, VictimName, AgeYear, GenderID, VictimPolice) VALUES (559, 559, 'Praveen Fernandes', 39, 2, '0');
INSERT INTO Accused (AccusedMasterID, CaseMasterID, AccusedName, AgeYear, GenderID, PersonID) VALUES (659, 559, 'Imtiaz N. Pashan', 23, 1, 'A1');
INSERT INTO ChargesheetDetails (CSID, CaseMasterID, csdate, cstype, PolicePersonID) VALUES (342, 559, '2025-02-27 14:00:00', 'A', 3);
INSERT INTO CaseMaster (CaseMasterID, CrimeNo, CaseNo, CrimeRegisteredDate, PolicePersonID, PoliceStationID, CaseCategoryID, GravityOffenceID, CrimeMajorHeadID, CrimeMinorHeadID, CaseStatusID, CourtID, IncidentFromDate, IncidentToDate, InfoReceivedPSDate, latitude, longitude, BriefFacts) VALUES (560, '100010004202400560', '202400560', '2024-12-15', 7, 4, 1, 3, 5, 9, 1, 1, '2024-12-15 10:00:00', '2024-12-15 11:00:00', '2024-12-15 10:00:00', 12.934605, 77.589610, 'Complainant reported a suspected ganja possession incident outside a commercial complex. The matter was registered at Jayanagar Police Station and assigned to Kiran Bhat.');
INSERT INTO Inv_OccuranceTime (CaseMasterID, IncidentFromDate, IncidentToDate, latitude, longitude, PlaceOfOccurrence) VALUES (560, '2024-12-15 10:00:00', '2024-12-15 11:00:00', 12.934605, 77.589610, 'Outside a commercial complex, Jayanagar');
INSERT INTO ComplainantDetails (ComplainantID, CaseMasterID, ComplainantName, AgeYear, OccupationID, ReligionID, CasteID, GenderID) VALUES (560, 560, 'Latha Khan', 56, 2, 1, 1, 2);
INSERT INTO ActSectionAssociation (CaseMasterID, ActID, SectionID, ActOrderID, SectionOrderID) VALUES (560, 'NDPS', '20', 1, 1);
INSERT INTO Victim (VictimMasterID, CaseMasterID, VictimName, AgeYear, GenderID, VictimPolice) VALUES (560, 560, 'Tarun Shetty', 37, 2, '0');
INSERT INTO Accused (AccusedMasterID, CaseMasterID, AccusedName, AgeYear, GenderID, PersonID) VALUES (660, 560, 'Vicky U. Khan', 34, 1, 'A1');
INSERT INTO Accused (AccusedMasterID, CaseMasterID, AccusedName, AgeYear, GenderID, PersonID) VALUES (661, 560, 'Jagga F. Naik', 21, 1, 'A2');
INSERT INTO ArrestSurrender (ArrestSurrenderID, CaseMasterID, ArrestSurrenderTypeID, ArrestSurrenderDate, ArrestSurrenderStateId, ArrestSurrenderDistrictId, PoliceStationID, IOID, CourtID, AccusedMasterID, IsAccused, IsComplainantAccused) VALUES (267, 560, 1, '2024-12-19', 1, 1, 4, 7, 1, 660, 1, 0);
INSERT INTO inv_arrestsurrenderaccused (ArrestSurrenderID, AccusedMasterID) VALUES (267, 660);
INSERT INTO inv_arrestsurrenderaccused (ArrestSurrenderID, AccusedMasterID) VALUES (267, 661);
INSERT INTO CaseMaster (CaseMasterID, CrimeNo, CaseNo, CrimeRegisteredDate, PolicePersonID, PoliceStationID, CaseCategoryID, GravityOffenceID, CrimeMajorHeadID, CrimeMinorHeadID, CaseStatusID, CourtID, IncidentFromDate, IncidentToDate, InfoReceivedPSDate, latitude, longitude, BriefFacts) VALUES (561, '100010003202400561', '202400561', '2024-12-26', 5, 3, 1, 2, 1, 2, 1, 1, '2024-12-26 02:00:00', '2024-12-26 05:00:00', '2024-12-26 02:00:00', 12.980738, 77.746425, 'Control room information regarding house breaking night was received from on a residential cross road. IO Lakshmi Shetty opened the investigation and secured preliminary evidence.');
INSERT INTO Inv_OccuranceTime (CaseMasterID, IncidentFromDate, IncidentToDate, latitude, longitude, PlaceOfOccurrence) VALUES (561, '2024-12-26 02:00:00', '2024-12-26 05:00:00', 12.980738, 77.746425, 'On a residential cross road, Whitefield');
INSERT INTO ComplainantDetails (ComplainantID, CaseMasterID, ComplainantName, AgeYear, OccupationID, ReligionID, CasteID, GenderID) VALUES (561, 561, 'Girish Murthy', 33, 5, 4, 5, 2);
INSERT INTO ActSectionAssociation (CaseMasterID, ActID, SectionID, ActOrderID, SectionOrderID) VALUES (561, 'IPC', '379', 1, 1);
INSERT INTO Victim (VictimMasterID, CaseMasterID, VictimName, AgeYear, GenderID, VictimPolice) VALUES (561, 561, 'Sangeetha Kulkarni', 29, 2, '0');
INSERT INTO Accused (AccusedMasterID, CaseMasterID, AccusedName, AgeYear, GenderID, PersonID) VALUES (662, 561, 'Pandu B. Patil', 42, 1, 'A1');
INSERT INTO ArrestSurrender (ArrestSurrenderID, CaseMasterID, ArrestSurrenderTypeID, ArrestSurrenderDate, ArrestSurrenderStateId, ArrestSurrenderDistrictId, PoliceStationID, IOID, CourtID, AccusedMasterID, IsAccused, IsComplainantAccused) VALUES (268, 561, 1, '2025-01-09', 1, 1, 3, 5, 1, 662, 1, 0);
INSERT INTO inv_arrestsurrenderaccused (ArrestSurrenderID, AccusedMasterID) VALUES (268, 662);
INSERT INTO CaseMaster (CaseMasterID, CrimeNo, CaseNo, CrimeRegisteredDate, PolicePersonID, PoliceStationID, CaseCategoryID, GravityOffenceID, CrimeMajorHeadID, CrimeMinorHeadID, CaseStatusID, CourtID, IncidentFromDate, IncidentToDate, InfoReceivedPSDate, latitude, longitude, BriefFacts) VALUES (562, '100040014202400562', '202400562', '2024-12-09', 27, 14, 2, 2, 3, 6, 2, 4, '2024-12-09 14:00:00', '2024-12-09 15:00:00', '2024-12-09 14:00:00', 15.461061, 75.004540, 'Control room information regarding online financial fraud was received from on the ring road service lane. IO Anitha Pawar opened the investigation and secured preliminary evidence.');
INSERT INTO Inv_OccuranceTime (CaseMasterID, IncidentFromDate, IncidentToDate, latitude, longitude, PlaceOfOccurrence) VALUES (562, '2024-12-09 14:00:00', '2024-12-09 15:00:00', 15.461061, 75.004540, 'On the ring road service lane, Suburban Dharwad');
INSERT INTO ComplainantDetails (ComplainantID, CaseMasterID, ComplainantName, AgeYear, OccupationID, ReligionID, CasteID, GenderID) VALUES (562, 562, 'Latha Fernandes', 32, 4, 4, 4, 1);
INSERT INTO ActSectionAssociation (CaseMasterID, ActID, SectionID, ActOrderID, SectionOrderID) VALUES (562, 'IT_ACT', '66D', 1, 1);
INSERT INTO Victim (VictimMasterID, CaseMasterID, VictimName, AgeYear, GenderID, VictimPolice) VALUES (562, 562, 'Vinay Hegde', 62, 1, '0');
INSERT INTO Accused (AccusedMasterID, CaseMasterID, AccusedName, AgeYear, GenderID, PersonID) VALUES (663, 562, 'Manjunath I. Poojary', 21, 1, 'A1');
INSERT INTO ChargesheetDetails (CSID, CaseMasterID, csdate, cstype, PolicePersonID) VALUES (343, 562, '2025-01-10 09:00:00', 'A', 27);
INSERT INTO CaseMaster (CaseMasterID, CrimeNo, CaseNo, CrimeRegisteredDate, PolicePersonID, PoliceStationID, CaseCategoryID, GravityOffenceID, CrimeMajorHeadID, CrimeMinorHeadID, CaseStatusID, CourtID, IncidentFromDate, IncidentToDate, InfoReceivedPSDate, latitude, longitude, BriefFacts) VALUES (563, '100010005202400563', '202400563', '2024-12-20', 9, 5, 1, 2, 3, 6, 2, 1, '2024-12-20 14:00:00', '2024-12-20 16:00:00', '2024-12-20 14:00:00', 13.013130, 77.571517, 'Control room information regarding online financial fraud was received from outside a commercial complex. IO Ramesh Pawar opened the investigation and secured preliminary evidence.');
INSERT INTO Inv_OccuranceTime (CaseMasterID, IncidentFromDate, IncidentToDate, latitude, longitude, PlaceOfOccurrence) VALUES (563, '2024-12-20 14:00:00', '2024-12-20 16:00:00', 13.013130, 77.571517, 'Outside a commercial complex, Malleshwaram');
INSERT INTO ComplainantDetails (ComplainantID, CaseMasterID, ComplainantName, AgeYear, OccupationID, ReligionID, CasteID, GenderID) VALUES (563, 563, 'Suma Fernandes', 44, 7, 5, 3, 1);
INSERT INTO ActSectionAssociation (CaseMasterID, ActID, SectionID, ActOrderID, SectionOrderID) VALUES (563, 'IT_ACT', '66D', 1, 1);
INSERT INTO Victim (VictimMasterID, CaseMasterID, VictimName, AgeYear, GenderID, VictimPolice) VALUES (563, 563, 'Nikhil Khan', 72, 1, '0');
INSERT INTO Accused (AccusedMasterID, CaseMasterID, AccusedName, AgeYear, GenderID, PersonID) VALUES (664, 563, 'Lokesh P. Jadhav', 38, 1, 'A1');
INSERT INTO ArrestSurrender (ArrestSurrenderID, CaseMasterID, ArrestSurrenderTypeID, ArrestSurrenderDate, ArrestSurrenderStateId, ArrestSurrenderDistrictId, PoliceStationID, IOID, CourtID, AccusedMasterID, IsAccused, IsComplainantAccused) VALUES (269, 563, 1, '2024-12-28', 1, 1, 5, 9, 1, 664, 1, 0);
INSERT INTO inv_arrestsurrenderaccused (ArrestSurrenderID, AccusedMasterID) VALUES (269, 664);
INSERT INTO ChargesheetDetails (CSID, CaseMasterID, csdate, cstype, PolicePersonID) VALUES (344, 563, '2025-01-26 17:00:00', 'A', 9);
INSERT INTO CaseMaster (CaseMasterID, CrimeNo, CaseNo, CrimeRegisteredDate, PolicePersonID, PoliceStationID, CaseCategoryID, GravityOffenceID, CrimeMajorHeadID, CrimeMinorHeadID, CaseStatusID, CourtID, IncidentFromDate, IncidentToDate, InfoReceivedPSDate, latitude, longitude, BriefFacts) VALUES (564, '100010001202400564', '202400564', '2024-12-03', 1, 1, 1, 3, 3, 6, 1, 1, '2024-12-03 11:00:00', '2024-12-03 13:00:00', '2024-12-03 11:00:00', 12.987717, 77.634455, 'Complainant reported a suspected online financial fraud incident outside a commercial complex. The matter was registered at Indiranagar Police Station and assigned to Suresh Kambali.');
INSERT INTO Inv_OccuranceTime (CaseMasterID, IncidentFromDate, IncidentToDate, latitude, longitude, PlaceOfOccurrence) VALUES (564, '2024-12-03 11:00:00', '2024-12-03 13:00:00', 12.987717, 77.634455, 'Outside a commercial complex, Indiranagar');
INSERT INTO ComplainantDetails (ComplainantID, CaseMasterID, ComplainantName, AgeYear, OccupationID, ReligionID, CasteID, GenderID) VALUES (564, 564, 'Meena Gowda', 53, 2, 5, 1, 1);
INSERT INTO ActSectionAssociation (CaseMasterID, ActID, SectionID, ActOrderID, SectionOrderID) VALUES (564, 'IT_ACT', '66D', 1, 1);
INSERT INTO Victim (VictimMasterID, CaseMasterID, VictimName, AgeYear, GenderID, VictimPolice) VALUES (564, 564, 'Vinay Fernandes', 56, 1, '0');
INSERT INTO Accused (AccusedMasterID, CaseMasterID, AccusedName, AgeYear, GenderID, PersonID) VALUES (665, 564, 'Rohit W. Patil', 29, 1, 'A1');
INSERT INTO ArrestSurrender (ArrestSurrenderID, CaseMasterID, ArrestSurrenderTypeID, ArrestSurrenderDate, ArrestSurrenderStateId, ArrestSurrenderDistrictId, PoliceStationID, IOID, CourtID, AccusedMasterID, IsAccused, IsComplainantAccused) VALUES (270, 564, 1, '2024-12-20', 1, 1, 1, 1, 1, 665, 1, 0);
INSERT INTO inv_arrestsurrenderaccused (ArrestSurrenderID, AccusedMasterID) VALUES (270, 665);
INSERT INTO CaseMaster (CaseMasterID, CrimeNo, CaseNo, CrimeRegisteredDate, PolicePersonID, PoliceStationID, CaseCategoryID, GravityOffenceID, CrimeMajorHeadID, CrimeMinorHeadID, CaseStatusID, CourtID, IncidentFromDate, IncidentToDate, InfoReceivedPSDate, latitude, longitude, BriefFacts) VALUES (565, '100010003202400565', '202400565', '2024-12-14', 5, 3, 1, 3, 1, 2, 1, 1, '2024-12-14 23:00:00', '2024-12-14 01:00:00', '2024-12-14 23:00:00', 12.963094, 77.756074, 'Control room information regarding house breaking night was received from beside a metro approach road. IO Lakshmi Shetty opened the investigation and secured preliminary evidence.');
INSERT INTO Inv_OccuranceTime (CaseMasterID, IncidentFromDate, IncidentToDate, latitude, longitude, PlaceOfOccurrence) VALUES (565, '2024-12-14 23:00:00', '2024-12-14 01:00:00', 12.963094, 77.756074, 'Beside a metro approach road, Whitefield');
INSERT INTO ComplainantDetails (ComplainantID, CaseMasterID, ComplainantName, AgeYear, OccupationID, ReligionID, CasteID, GenderID) VALUES (565, 565, 'Anand Deshpande', 23, 3, 2, 3, 1);
INSERT INTO ActSectionAssociation (CaseMasterID, ActID, SectionID, ActOrderID, SectionOrderID) VALUES (565, 'IPC', '379', 1, 1);
INSERT INTO Victim (VictimMasterID, CaseMasterID, VictimName, AgeYear, GenderID, VictimPolice) VALUES (565, 565, 'Chaitra Patil', 34, 1, '0');
INSERT INTO Accused (AccusedMasterID, CaseMasterID, AccusedName, AgeYear, GenderID, PersonID) VALUES (666, 565, 'Jagga D. Reddy', 40, 1, 'A1');
INSERT INTO Accused (AccusedMasterID, CaseMasterID, AccusedName, AgeYear, GenderID, PersonID) VALUES (667, 565, 'Raja O. Verma', 34, 1, 'A2');
INSERT INTO ArrestSurrender (ArrestSurrenderID, CaseMasterID, ArrestSurrenderTypeID, ArrestSurrenderDate, ArrestSurrenderStateId, ArrestSurrenderDistrictId, PoliceStationID, IOID, CourtID, AccusedMasterID, IsAccused, IsComplainantAccused) VALUES (271, 565, 1, '2025-01-05', 1, 1, 3, 5, 1, 666, 1, 0);
INSERT INTO inv_arrestsurrenderaccused (ArrestSurrenderID, AccusedMasterID) VALUES (271, 666);
INSERT INTO inv_arrestsurrenderaccused (ArrestSurrenderID, AccusedMasterID) VALUES (271, 667);
INSERT INTO ChargesheetDetails (CSID, CaseMasterID, csdate, cstype, PolicePersonID) VALUES (345, 565, '2025-03-16 13:00:00', 'A', 5);
INSERT INTO CaseMaster (CaseMasterID, CrimeNo, CaseNo, CrimeRegisteredDate, PolicePersonID, PoliceStationID, CaseCategoryID, GravityOffenceID, CrimeMajorHeadID, CrimeMinorHeadID, CaseStatusID, CourtID, IncidentFromDate, IncidentToDate, InfoReceivedPSDate, latitude, longitude, BriefFacts) VALUES (566, '100010004202400566', '202400566', '2024-12-25', 7, 4, 1, 3, 4, 8, 1, 1, '2024-12-25 12:00:00', '2024-12-25 15:00:00', '2024-12-25 12:00:00', 12.932334, 77.588339, 'Complainant reported a suspected cheating incident outside a commercial complex. The matter was registered at Jayanagar Police Station and assigned to Kiran Bhat.');
INSERT INTO Inv_OccuranceTime (CaseMasterID, IncidentFromDate, IncidentToDate, latitude, longitude, PlaceOfOccurrence) VALUES (566, '2024-12-25 12:00:00', '2024-12-25 15:00:00', 12.932334, 77.588339, 'Outside a commercial complex, Jayanagar');
INSERT INTO ComplainantDetails (ComplainantID, CaseMasterID, ComplainantName, AgeYear, OccupationID, ReligionID, CasteID, GenderID) VALUES (566, 566, 'Joel Gowda', 71, 6, 4, 3, 1);
INSERT INTO ActSectionAssociation (CaseMasterID, ActID, SectionID, ActOrderID, SectionOrderID) VALUES (566, 'IPC', '420', 1, 1);
INSERT INTO Victim (VictimMasterID, CaseMasterID, VictimName, AgeYear, GenderID, VictimPolice) VALUES (566, 566, 'Divya Rao', 44, 2, '0');
INSERT INTO Accused (AccusedMasterID, CaseMasterID, AccusedName, AgeYear, GenderID, PersonID) VALUES (668, 566, 'Sameer K. Gowda', 45, 1, 'A1');
INSERT INTO CaseMaster (CaseMasterID, CrimeNo, CaseNo, CrimeRegisteredDate, PolicePersonID, PoliceStationID, CaseCategoryID, GravityOffenceID, CrimeMajorHeadID, CrimeMinorHeadID, CaseStatusID, CourtID, IncidentFromDate, IncidentToDate, InfoReceivedPSDate, latitude, longitude, BriefFacts) VALUES (567, '100010002202400567', '202400567', '2024-12-08', 3, 2, 1, 2, 3, 6, 1, 1, '2024-12-08 11:00:00', '2024-12-08 12:00:00', '2024-12-08 11:00:00', 12.939712, 77.625366, 'Koramangala Police Station registered the case after an incident near a market entrance. Initial CCTV, witness, and digital-evidence checks were assigned to IO Prakash Jadhav.');
INSERT INTO Inv_OccuranceTime (CaseMasterID, IncidentFromDate, IncidentToDate, latitude, longitude, PlaceOfOccurrence) VALUES (567, '2024-12-08 11:00:00', '2024-12-08 12:00:00', 12.939712, 77.625366, 'Near a market entrance, Koramangala');
INSERT INTO ComplainantDetails (ComplainantID, CaseMasterID, ComplainantName, AgeYear, OccupationID, ReligionID, CasteID, GenderID) VALUES (567, 567, 'Deepak Shetty', 66, 5, 5, 5, 1);
INSERT INTO ActSectionAssociation (CaseMasterID, ActID, SectionID, ActOrderID, SectionOrderID) VALUES (567, 'IT_ACT', '66D', 1, 1);
INSERT INTO Victim (VictimMasterID, CaseMasterID, VictimName, AgeYear, GenderID, VictimPolice) VALUES (567, 567, 'Vinay Murthy', 20, 2, '0');
INSERT INTO Accused (AccusedMasterID, CaseMasterID, AccusedName, AgeYear, GenderID, PersonID) VALUES (669, 567, 'Mohan R. Poojary', 21, 1, 'A1');
INSERT INTO CaseMaster (CaseMasterID, CrimeNo, CaseNo, CrimeRegisteredDate, PolicePersonID, PoliceStationID, CaseCategoryID, GravityOffenceID, CrimeMajorHeadID, CrimeMinorHeadID, CaseStatusID, CourtID, IncidentFromDate, IncidentToDate, InfoReceivedPSDate, latitude, longitude, BriefFacts) VALUES (568, '100060018202400568', '202400568', '2024-12-19', 35, 18, 1, 3, 1, 2, 1, 6, '2024-12-19 22:00:00', '2024-12-19 01:00:00', '2024-12-19 22:00:00', 17.336092, 76.827506, 'Complainant reported a suspected house breaking night incident beside an industrial access road. The matter was registered at Station Bazar Police Station and assigned to Prakash Kambali.');
INSERT INTO Inv_OccuranceTime (CaseMasterID, IncidentFromDate, IncidentToDate, latitude, longitude, PlaceOfOccurrence) VALUES (568, '2024-12-19 22:00:00', '2024-12-19 01:00:00', 17.336092, 76.827506, 'Beside an industrial access road, Station Bazar');
INSERT INTO ComplainantDetails (ComplainantID, CaseMasterID, ComplainantName, AgeYear, OccupationID, ReligionID, CasteID, GenderID) VALUES (568, 568, 'Deepak Bhat', 48, 3, 1, 5, 1);
INSERT INTO ActSectionAssociation (CaseMasterID, ActID, SectionID, ActOrderID, SectionOrderID) VALUES (568, 'IPC', '379', 1, 1);
INSERT INTO Victim (VictimMasterID, CaseMasterID, VictimName, AgeYear, GenderID, VictimPolice) VALUES (568, 568, 'Asha Patil', 22, 1, '0');
INSERT INTO Accused (AccusedMasterID, CaseMasterID, AccusedName, AgeYear, GenderID, PersonID) VALUES (670, 568, 'Mohan Y. Shetty', 31, 1, 'A1');
INSERT INTO ArrestSurrender (ArrestSurrenderID, CaseMasterID, ArrestSurrenderTypeID, ArrestSurrenderDate, ArrestSurrenderStateId, ArrestSurrenderDistrictId, PoliceStationID, IOID, CourtID, AccusedMasterID, IsAccused, IsComplainantAccused) VALUES (272, 568, 1, '2025-01-23', 1, 6, 18, 35, 6, 670, 1, 0);
INSERT INTO inv_arrestsurrenderaccused (ArrestSurrenderID, AccusedMasterID) VALUES (272, 670);
INSERT INTO CaseMaster (CaseMasterID, CrimeNo, CaseNo, CrimeRegisteredDate, PolicePersonID, PoliceStationID, CaseCategoryID, GravityOffenceID, CrimeMajorHeadID, CrimeMinorHeadID, CaseStatusID, CourtID, IncidentFromDate, IncidentToDate, InfoReceivedPSDate, latitude, longitude, BriefFacts) VALUES (569, '100010003202400569', '202400569', '2024-12-02', 5, 3, 1, 3, 4, 8, 1, 1, '2024-12-02 16:00:00', '2024-12-02 19:00:00', '2024-12-02 16:00:00', 12.976660, 77.747701, 'Whitefield Police Station registered the case after an incident beside a metro approach road. Initial CCTV, witness, and digital-evidence checks were assigned to IO Lakshmi Shetty.');
INSERT INTO Inv_OccuranceTime (CaseMasterID, IncidentFromDate, IncidentToDate, latitude, longitude, PlaceOfOccurrence) VALUES (569, '2024-12-02 16:00:00', '2024-12-02 19:00:00', 12.976660, 77.747701, 'Beside a metro approach road, Whitefield');
INSERT INTO ComplainantDetails (ComplainantID, CaseMasterID, ComplainantName, AgeYear, OccupationID, ReligionID, CasteID, GenderID) VALUES (569, 569, 'Pooja Fernandes', 36, 2, 5, 1, 1);
INSERT INTO ActSectionAssociation (CaseMasterID, ActID, SectionID, ActOrderID, SectionOrderID) VALUES (569, 'IPC', '420', 1, 1);
INSERT INTO Victim (VictimMasterID, CaseMasterID, VictimName, AgeYear, GenderID, VictimPolice) VALUES (569, 569, 'Rajesh Kulkarni', 65, 2, '0');
INSERT INTO Accused (AccusedMasterID, CaseMasterID, AccusedName, AgeYear, GenderID, PersonID) VALUES (671, 569, 'Yogesh F. Singh', 21, 1, 'A1');
INSERT INTO CaseMaster (CaseMasterID, CrimeNo, CaseNo, CrimeRegisteredDate, PolicePersonID, PoliceStationID, CaseCategoryID, GravityOffenceID, CrimeMajorHeadID, CrimeMinorHeadID, CaseStatusID, CourtID, IncidentFromDate, IncidentToDate, InfoReceivedPSDate, latitude, longitude, BriefFacts) VALUES (570, '100040012202400570', '202400570', '2024-12-13', 23, 12, 1, 3, 1, 3, 1, 4, '2024-12-13 20:00:00', '2024-12-13 21:00:00', '2024-12-13 20:00:00', 15.360358, 75.144320, 'Complainant reported a suspected chain snatching incident near the inter-city bus stand. The matter was registered at Suburban Police Station Hubballi and assigned to Manjunath Deshmukh.');
INSERT INTO Inv_OccuranceTime (CaseMasterID, IncidentFromDate, IncidentToDate, latitude, longitude, PlaceOfOccurrence) VALUES (570, '2024-12-13 20:00:00', '2024-12-13 21:00:00', 15.360358, 75.144320, 'Near the inter-city bus stand, Suburban Hubballi');
INSERT INTO ComplainantDetails (ComplainantID, CaseMasterID, ComplainantName, AgeYear, OccupationID, ReligionID, CasteID, GenderID) VALUES (570, 570, 'Farhan Fernandes', 38, 1, 5, 2, 2);
INSERT INTO ActSectionAssociation (CaseMasterID, ActID, SectionID, ActOrderID, SectionOrderID) VALUES (570, 'IPC', '379', 1, 1);
INSERT INTO Victim (VictimMasterID, CaseMasterID, VictimName, AgeYear, GenderID, VictimPolice) VALUES (570, 570, 'Fathima Poojary', 22, 2, '0');
INSERT INTO Accused (AccusedMasterID, CaseMasterID, AccusedName, AgeYear, GenderID, PersonID) VALUES (672, 570, 'Yogesh M. Verma', 23, 1, 'A1');
INSERT INTO Accused (AccusedMasterID, CaseMasterID, AccusedName, AgeYear, GenderID, PersonID) VALUES (673, 570, 'Mohan X. Shetty', 22, 1, 'A2');
INSERT INTO CaseMaster (CaseMasterID, CrimeNo, CaseNo, CrimeRegisteredDate, PolicePersonID, PoliceStationID, CaseCategoryID, GravityOffenceID, CrimeMajorHeadID, CrimeMinorHeadID, CaseStatusID, CourtID, IncidentFromDate, IncidentToDate, InfoReceivedPSDate, latitude, longitude, BriefFacts) VALUES (571, '100030011202400571', '202400571', '2024-12-24', 21, 11, 1, 2, 1, 1, 1, 3, '2024-12-24 20:00:00', '2024-12-24 21:00:00', '2024-12-24 20:00:00', 12.886721, 74.824218, 'Complainant reported a suspected automobile theft incident close to a residential layout. The matter was registered at Urwa Police Station and assigned to Vijay Gowda.');
INSERT INTO Inv_OccuranceTime (CaseMasterID, IncidentFromDate, IncidentToDate, latitude, longitude, PlaceOfOccurrence) VALUES (571, '2024-12-24 20:00:00', '2024-12-24 21:00:00', 12.886721, 74.824218, 'Close to a residential layout, Urwa');
INSERT INTO ComplainantDetails (ComplainantID, CaseMasterID, ComplainantName, AgeYear, OccupationID, ReligionID, CasteID, GenderID) VALUES (571, 571, 'Ayesha Deshpande', 21, 6, 3, 2, 2);
INSERT INTO ActSectionAssociation (CaseMasterID, ActID, SectionID, ActOrderID, SectionOrderID) VALUES (571, 'IPC', '379', 1, 1);
INSERT INTO Victim (VictimMasterID, CaseMasterID, VictimName, AgeYear, GenderID, VictimPolice) VALUES (571, 571, 'Asha Deshpande', 49, 1, '0');
INSERT INTO Accused (AccusedMasterID, CaseMasterID, AccusedName, AgeYear, GenderID, PersonID) VALUES (674, 571, 'Dharma T. Pashan', 22, 1, 'A1');
INSERT INTO ArrestSurrender (ArrestSurrenderID, CaseMasterID, ArrestSurrenderTypeID, ArrestSurrenderDate, ArrestSurrenderStateId, ArrestSurrenderDistrictId, PoliceStationID, IOID, CourtID, AccusedMasterID, IsAccused, IsComplainantAccused) VALUES (273, 571, 1, '2025-01-06', 1, 3, 11, 21, 3, 674, 1, 0);
INSERT INTO inv_arrestsurrenderaccused (ArrestSurrenderID, AccusedMasterID) VALUES (273, 674);
INSERT INTO CaseMaster (CaseMasterID, CrimeNo, CaseNo, CrimeRegisteredDate, PolicePersonID, PoliceStationID, CaseCategoryID, GravityOffenceID, CrimeMajorHeadID, CrimeMinorHeadID, CaseStatusID, CourtID, IncidentFromDate, IncidentToDate, InfoReceivedPSDate, latitude, longitude, BriefFacts) VALUES (572, '100020006202400572', '202400572', '2024-12-07', 11, 6, 1, 2, 3, 7, 2, 2, '2024-12-07 09:00:00', '2024-12-07 10:00:00', '2024-12-07 09:00:00', 12.300964, 76.660359, 'Identity Theft reported close to a residential layout within Devaraja Police Station limits. Anitha Gowda recorded statements and initiated scene verification.');
INSERT INTO Inv_OccuranceTime (CaseMasterID, IncidentFromDate, IncidentToDate, latitude, longitude, PlaceOfOccurrence) VALUES (572, '2024-12-07 09:00:00', '2024-12-07 10:00:00', 12.300964, 76.660359, 'Close to a residential layout, Devaraja');
INSERT INTO ComplainantDetails (ComplainantID, CaseMasterID, ComplainantName, AgeYear, OccupationID, ReligionID, CasteID, GenderID) VALUES (572, 572, 'Farhan Poojary', 33, 2, 2, 2, 2);
INSERT INTO ActSectionAssociation (CaseMasterID, ActID, SectionID, ActOrderID, SectionOrderID) VALUES (572, 'IT_ACT', '66D', 1, 1);
INSERT INTO Victim (VictimMasterID, CaseMasterID, VictimName, AgeYear, GenderID, VictimPolice) VALUES (572, 572, 'Chaitra Poojary', 63, 2, '0');
INSERT INTO Accused (AccusedMasterID, CaseMasterID, AccusedName, AgeYear, GenderID, PersonID) VALUES (675, 572, 'Raja A. Singh', 27, 1, 'A1');
INSERT INTO ArrestSurrender (ArrestSurrenderID, CaseMasterID, ArrestSurrenderTypeID, ArrestSurrenderDate, ArrestSurrenderStateId, ArrestSurrenderDistrictId, PoliceStationID, IOID, CourtID, AccusedMasterID, IsAccused, IsComplainantAccused) VALUES (274, 572, 1, '2024-12-15', 1, 2, 6, 11, 2, 675, 1, 0);
INSERT INTO inv_arrestsurrenderaccused (ArrestSurrenderID, AccusedMasterID) VALUES (274, 675);
INSERT INTO ChargesheetDetails (CSID, CaseMasterID, csdate, cstype, PolicePersonID) VALUES (346, 572, '2025-01-17 10:00:00', 'A', 11);
INSERT INTO CaseMaster (CaseMasterID, CrimeNo, CaseNo, CrimeRegisteredDate, PolicePersonID, PoliceStationID, CaseCategoryID, GravityOffenceID, CrimeMajorHeadID, CrimeMinorHeadID, CaseStatusID, CourtID, IncidentFromDate, IncidentToDate, InfoReceivedPSDate, latitude, longitude, BriefFacts) VALUES (573, '100010002202400573', '202400573', '2024-12-18', 3, 2, 1, 3, 3, 6, 4, 1, '2024-12-18 10:00:00', '2024-12-18 13:00:00', '2024-12-18 10:00:00', 12.931952, 77.627342, 'Control room information regarding online financial fraud was received from near a bus stop. IO Prakash Jadhav opened the investigation and secured preliminary evidence.');
INSERT INTO Inv_OccuranceTime (CaseMasterID, IncidentFromDate, IncidentToDate, latitude, longitude, PlaceOfOccurrence) VALUES (573, '2024-12-18 10:00:00', '2024-12-18 13:00:00', 12.931952, 77.627342, 'Near a bus stop, Koramangala');
INSERT INTO ComplainantDetails (ComplainantID, CaseMasterID, ComplainantName, AgeYear, OccupationID, ReligionID, CasteID, GenderID) VALUES (573, 573, 'Ayesha Hegde', 71, 1, 2, 3, 1);
INSERT INTO ActSectionAssociation (CaseMasterID, ActID, SectionID, ActOrderID, SectionOrderID) VALUES (573, 'IT_ACT', '66D', 1, 1);
INSERT INTO Victim (VictimMasterID, CaseMasterID, VictimName, AgeYear, GenderID, VictimPolice) VALUES (573, 573, 'Praveen Shetty', 51, 2, '0');
INSERT INTO Accused (AccusedMasterID, CaseMasterID, AccusedName, AgeYear, GenderID, PersonID) VALUES (676, 573, 'Mantu H. Reddy', 38, 1, 'A1');
INSERT INTO ChargesheetDetails (CSID, CaseMasterID, csdate, cstype, PolicePersonID) VALUES (347, 573, '2025-01-15 15:00:00', 'A', 3);
INSERT INTO CaseMaster (CaseMasterID, CrimeNo, CaseNo, CrimeRegisteredDate, PolicePersonID, PoliceStationID, CaseCategoryID, GravityOffenceID, CrimeMajorHeadID, CrimeMinorHeadID, CaseStatusID, CourtID, IncidentFromDate, IncidentToDate, InfoReceivedPSDate, latitude, longitude, BriefFacts) VALUES (574, '100020006202400574', '202400574', '2024-12-01', 11, 6, 1, 3, 3, 6, 4, 2, '2024-12-01 12:00:00', '2024-12-01 13:00:00', '2024-12-01 12:00:00', 12.312097, 76.655838, 'Complainant reported a suspected online financial fraud incident near the central market. The matter was registered at Devaraja Police Station and assigned to Anitha Gowda.');
INSERT INTO Inv_OccuranceTime (CaseMasterID, IncidentFromDate, IncidentToDate, latitude, longitude, PlaceOfOccurrence) VALUES (574, '2024-12-01 12:00:00', '2024-12-01 13:00:00', 12.312097, 76.655838, 'Near the central market, Devaraja');
INSERT INTO ComplainantDetails (ComplainantID, CaseMasterID, ComplainantName, AgeYear, OccupationID, ReligionID, CasteID, GenderID) VALUES (574, 574, 'Joel Poojary', 57, 1, 4, 1, 1);
INSERT INTO ActSectionAssociation (CaseMasterID, ActID, SectionID, ActOrderID, SectionOrderID) VALUES (574, 'IT_ACT', '66D', 1, 1);
INSERT INTO Victim (VictimMasterID, CaseMasterID, VictimName, AgeYear, GenderID, VictimPolice) VALUES (574, 574, 'Kiran Khan', 60, 2, '0');
INSERT INTO Accused (AccusedMasterID, CaseMasterID, AccusedName, AgeYear, GenderID, PersonID) VALUES (677, 574, 'Nagesh O. Salim', 38, 1, 'A1');
INSERT INTO ChargesheetDetails (CSID, CaseMasterID, csdate, cstype, PolicePersonID) VALUES (348, 574, '2025-02-17 12:00:00', 'A', 11);
INSERT INTO CaseMaster (CaseMasterID, CrimeNo, CaseNo, CrimeRegisteredDate, PolicePersonID, PoliceStationID, CaseCategoryID, GravityOffenceID, CrimeMajorHeadID, CrimeMinorHeadID, CaseStatusID, CourtID, IncidentFromDate, IncidentToDate, InfoReceivedPSDate, latitude, longitude, BriefFacts) VALUES (575, '100030011202400575', '202400575', '2024-12-12', 21, 11, 1, 1, 1, 2, 5, 3, '2024-12-12 01:00:00', '2024-12-12 03:00:00', '2024-12-12 01:00:00', 12.888401, 74.826137, 'Complainant reported a suspected house breaking night incident beside an industrial access road. The matter was registered at Urwa Police Station and assigned to Vijay Gowda.');
INSERT INTO Inv_OccuranceTime (CaseMasterID, IncidentFromDate, IncidentToDate, latitude, longitude, PlaceOfOccurrence) VALUES (575, '2024-12-12 01:00:00', '2024-12-12 03:00:00', 12.888401, 74.826137, 'Beside an industrial access road, Urwa');
INSERT INTO ComplainantDetails (ComplainantID, CaseMasterID, ComplainantName, AgeYear, OccupationID, ReligionID, CasteID, GenderID) VALUES (575, 575, 'Kavitha Patil', 47, 6, 2, 5, 1);
INSERT INTO ActSectionAssociation (CaseMasterID, ActID, SectionID, ActOrderID, SectionOrderID) VALUES (575, 'IPC', '379', 1, 1);
INSERT INTO Victim (VictimMasterID, CaseMasterID, VictimName, AgeYear, GenderID, VictimPolice) VALUES (575, 575, 'Arun Fernandes', 35, 2, '0');
INSERT INTO Accused (AccusedMasterID, CaseMasterID, AccusedName, AgeYear, GenderID, PersonID) VALUES (678, 575, 'Mohan V. Shetty', 20, 1, 'A1');
INSERT INTO Accused (AccusedMasterID, CaseMasterID, AccusedName, AgeYear, GenderID, PersonID) VALUES (679, 575, 'Raja G. Shetty', 26, 1, 'A2');
INSERT INTO CaseMaster (CaseMasterID, CrimeNo, CaseNo, CrimeRegisteredDate, PolicePersonID, PoliceStationID, CaseCategoryID, GravityOffenceID, CrimeMajorHeadID, CrimeMinorHeadID, CaseStatusID, CourtID, IncidentFromDate, IncidentToDate, InfoReceivedPSDate, latitude, longitude, BriefFacts) VALUES (576, '100050015202400576', '202400576', '2024-12-23', 29, 15, 1, 3, 2, 5, 1, 5, '2024-12-23 06:00:00', '2024-12-23 09:00:00', '2024-12-23 06:00:00', 15.864279, 74.506842, 'Control room information regarding grievous hurt was received from on the ring road service lane. IO Prakash Patil opened the investigation and secured preliminary evidence.');
INSERT INTO Inv_OccuranceTime (CaseMasterID, IncidentFromDate, IncidentToDate, latitude, longitude, PlaceOfOccurrence) VALUES (576, '2024-12-23 06:00:00', '2024-12-23 09:00:00', 15.864279, 74.506842, 'On the ring road service lane, Camp Belagavi');
INSERT INTO ComplainantDetails (ComplainantID, CaseMasterID, ComplainantName, AgeYear, OccupationID, ReligionID, CasteID, GenderID) VALUES (576, 576, 'Joel Gowda', 45, 2, 1, 2, 2);
INSERT INTO ActSectionAssociation (CaseMasterID, ActID, SectionID, ActOrderID, SectionOrderID) VALUES (576, 'IPC', '302', 1, 1);
INSERT INTO Victim (VictimMasterID, CaseMasterID, VictimName, AgeYear, GenderID, VictimPolice) VALUES (576, 576, 'Rajesh Rao', 33, 2, '0');
INSERT INTO Accused (AccusedMasterID, CaseMasterID, AccusedName, AgeYear, GenderID, PersonID) VALUES (680, 576, 'Mantu C. Jadhav', 43, 1, 'A1');
INSERT INTO ArrestSurrender (ArrestSurrenderID, CaseMasterID, ArrestSurrenderTypeID, ArrestSurrenderDate, ArrestSurrenderStateId, ArrestSurrenderDistrictId, PoliceStationID, IOID, CourtID, AccusedMasterID, IsAccused, IsComplainantAccused) VALUES (275, 576, 1, '2025-01-14', 1, 5, 15, 29, 5, 680, 1, 0);
INSERT INTO inv_arrestsurrenderaccused (ArrestSurrenderID, AccusedMasterID) VALUES (275, 680);
INSERT INTO CaseMaster (CaseMasterID, CrimeNo, CaseNo, CrimeRegisteredDate, PolicePersonID, PoliceStationID, CaseCategoryID, GravityOffenceID, CrimeMajorHeadID, CrimeMinorHeadID, CaseStatusID, CourtID, IncidentFromDate, IncidentToDate, InfoReceivedPSDate, latitude, longitude, BriefFacts) VALUES (577, '100010004202400577', '202400577', '2024-12-06', 7, 4, 1, 3, 3, 6, 1, 1, '2024-12-06 14:00:00', '2024-12-06 15:00:00', '2024-12-06 14:00:00', 12.920453, 77.588794, 'Jayanagar Police Station registered the case after an incident near a bus stop. Initial CCTV, witness, and digital-evidence checks were assigned to IO Kiran Bhat.');
INSERT INTO Inv_OccuranceTime (CaseMasterID, IncidentFromDate, IncidentToDate, latitude, longitude, PlaceOfOccurrence) VALUES (577, '2024-12-06 14:00:00', '2024-12-06 15:00:00', 12.920453, 77.588794, 'Near a bus stop, Jayanagar');
INSERT INTO ComplainantDetails (ComplainantID, CaseMasterID, ComplainantName, AgeYear, OccupationID, ReligionID, CasteID, GenderID) VALUES (577, 577, 'Naveena Naik', 53, 5, 2, 3, 2);
INSERT INTO ActSectionAssociation (CaseMasterID, ActID, SectionID, ActOrderID, SectionOrderID) VALUES (577, 'IT_ACT', '66D', 1, 1);
INSERT INTO Victim (VictimMasterID, CaseMasterID, VictimName, AgeYear, GenderID, VictimPolice) VALUES (577, 577, 'Asha Joshi', 37, 1, '0');
INSERT INTO Accused (AccusedMasterID, CaseMasterID, AccusedName, AgeYear, GenderID, PersonID) VALUES (681, 577, 'Nagesh J. Pashan', 44, 1, 'A1');
INSERT INTO CaseMaster (CaseMasterID, CrimeNo, CaseNo, CrimeRegisteredDate, PolicePersonID, PoliceStationID, CaseCategoryID, GravityOffenceID, CrimeMajorHeadID, CrimeMinorHeadID, CaseStatusID, CourtID, IncidentFromDate, IncidentToDate, InfoReceivedPSDate, latitude, longitude, BriefFacts) VALUES (578, '100030010202400578', '202400578', '2024-12-17', 19, 10, 1, 1, 3, 6, 2, 3, '2024-12-17 10:00:00', '2024-12-17 12:00:00', '2024-12-17 10:00:00', 12.859685, 74.833815, 'Online Financial Fraud reported near the central market within Pandeshwar Police Station limits. Shankar Rao recorded statements and initiated scene verification.');
INSERT INTO Inv_OccuranceTime (CaseMasterID, IncidentFromDate, IncidentToDate, latitude, longitude, PlaceOfOccurrence) VALUES (578, '2024-12-17 10:00:00', '2024-12-17 12:00:00', 12.859685, 74.833815, 'Near the central market, Pandeshwar');
INSERT INTO ComplainantDetails (ComplainantID, CaseMasterID, ComplainantName, AgeYear, OccupationID, ReligionID, CasteID, GenderID) VALUES (578, 578, 'Chetan Kulkarni', 25, 3, 3, 2, 2);
INSERT INTO ActSectionAssociation (CaseMasterID, ActID, SectionID, ActOrderID, SectionOrderID) VALUES (578, 'IT_ACT', '66D', 1, 1);
INSERT INTO Victim (VictimMasterID, CaseMasterID, VictimName, AgeYear, GenderID, VictimPolice) VALUES (578, 578, 'Bhavya Rao', 73, 1, '0');
INSERT INTO Accused (AccusedMasterID, CaseMasterID, AccusedName, AgeYear, GenderID, PersonID) VALUES (682, 578, 'Mantu Q. Shaikh', 23, 1, 'A1');
INSERT INTO ChargesheetDetails (CSID, CaseMasterID, csdate, cstype, PolicePersonID) VALUES (349, 578, '2025-02-02 17:00:00', 'A', 19);
INSERT INTO CaseMaster (CaseMasterID, CrimeNo, CaseNo, CrimeRegisteredDate, PolicePersonID, PoliceStationID, CaseCategoryID, GravityOffenceID, CrimeMajorHeadID, CrimeMinorHeadID, CaseStatusID, CourtID, IncidentFromDate, IncidentToDate, InfoReceivedPSDate, latitude, longitude, BriefFacts) VALUES (579, '100010001202400579', '202400579', '2024-12-28', 1, 1, 1, 1, 5, 9, 1, 1, '2024-12-28 18:00:00', '2024-12-28 19:00:00', '2024-12-28 18:00:00', 12.989058, 77.644390, 'Indiranagar Police Station registered the case after an incident near a bus stop. Initial CCTV, witness, and digital-evidence checks were assigned to IO Suresh Kambali.');
INSERT INTO Inv_OccuranceTime (CaseMasterID, IncidentFromDate, IncidentToDate, latitude, longitude, PlaceOfOccurrence) VALUES (579, '2024-12-28 18:00:00', '2024-12-28 19:00:00', 12.989058, 77.644390, 'Near a bus stop, Indiranagar');
INSERT INTO ComplainantDetails (ComplainantID, CaseMasterID, ComplainantName, AgeYear, OccupationID, ReligionID, CasteID, GenderID) VALUES (579, 579, 'Naveena Naik', 39, 3, 4, 5, 2);
INSERT INTO ActSectionAssociation (CaseMasterID, ActID, SectionID, ActOrderID, SectionOrderID) VALUES (579, 'NDPS', '20', 1, 1);
INSERT INTO Victim (VictimMasterID, CaseMasterID, VictimName, AgeYear, GenderID, VictimPolice) VALUES (579, 579, 'Bhavya Bhat', 36, 1, '0');
INSERT INTO Accused (AccusedMasterID, CaseMasterID, AccusedName, AgeYear, GenderID, PersonID) VALUES (683, 579, 'Dharma X. Pashan', 35, 1, 'A1');
INSERT INTO ArrestSurrender (ArrestSurrenderID, CaseMasterID, ArrestSurrenderTypeID, ArrestSurrenderDate, ArrestSurrenderStateId, ArrestSurrenderDistrictId, PoliceStationID, IOID, CourtID, AccusedMasterID, IsAccused, IsComplainantAccused) VALUES (276, 579, 1, '2025-01-05', 1, 1, 1, 1, 1, 683, 1, 0);
INSERT INTO inv_arrestsurrenderaccused (ArrestSurrenderID, AccusedMasterID) VALUES (276, 683);
INSERT INTO CaseMaster (CaseMasterID, CrimeNo, CaseNo, CrimeRegisteredDate, PolicePersonID, PoliceStationID, CaseCategoryID, GravityOffenceID, CrimeMajorHeadID, CrimeMinorHeadID, CaseStatusID, CourtID, IncidentFromDate, IncidentToDate, InfoReceivedPSDate, latitude, longitude, BriefFacts) VALUES (580, '100010001202400580', '202400580', '2024-12-11', 1, 1, 2, 2, 3, 6, 1, 1, '2024-12-11 15:00:00', '2024-12-11 16:00:00', '2024-12-11 15:00:00', 12.986876, 77.632980, 'Complainant reported a suspected online financial fraud incident near a market entrance. The matter was registered at Indiranagar Police Station and assigned to Suresh Kambali.');
INSERT INTO Inv_OccuranceTime (CaseMasterID, IncidentFromDate, IncidentToDate, latitude, longitude, PlaceOfOccurrence) VALUES (580, '2024-12-11 15:00:00', '2024-12-11 16:00:00', 12.986876, 77.632980, 'Near a market entrance, Indiranagar');
INSERT INTO ComplainantDetails (ComplainantID, CaseMasterID, ComplainantName, AgeYear, OccupationID, ReligionID, CasteID, GenderID) VALUES (580, 580, 'Deepak Bhat', 21, 7, 3, 4, 2);
INSERT INTO ActSectionAssociation (CaseMasterID, ActID, SectionID, ActOrderID, SectionOrderID) VALUES (580, 'IT_ACT', '66D', 1, 1);
INSERT INTO Victim (VictimMasterID, CaseMasterID, VictimName, AgeYear, GenderID, VictimPolice) VALUES (580, 580, 'Roshan Fernandes', 68, 1, '0');
INSERT INTO Accused (AccusedMasterID, CaseMasterID, AccusedName, AgeYear, GenderID, PersonID) VALUES (684, 580, 'Manjunath E. Verma', 41, 1, 'A1');
INSERT INTO Accused (AccusedMasterID, CaseMasterID, AccusedName, AgeYear, GenderID, PersonID) VALUES (685, 580, 'Shiva P. Poojary', 36, 1, 'A2');
INSERT INTO ArrestSurrender (ArrestSurrenderID, CaseMasterID, ArrestSurrenderTypeID, ArrestSurrenderDate, ArrestSurrenderStateId, ArrestSurrenderDistrictId, PoliceStationID, IOID, CourtID, AccusedMasterID, IsAccused, IsComplainantAccused) VALUES (277, 580, 1, '2024-12-23', 1, 1, 1, 1, 1, 684, 1, 0);
INSERT INTO inv_arrestsurrenderaccused (ArrestSurrenderID, AccusedMasterID) VALUES (277, 684);
INSERT INTO inv_arrestsurrenderaccused (ArrestSurrenderID, AccusedMasterID) VALUES (277, 685);
INSERT INTO CaseMaster (CaseMasterID, CrimeNo, CaseNo, CrimeRegisteredDate, PolicePersonID, PoliceStationID, CaseCategoryID, GravityOffenceID, CrimeMajorHeadID, CrimeMinorHeadID, CaseStatusID, CourtID, IncidentFromDate, IncidentToDate, InfoReceivedPSDate, latitude, longitude, BriefFacts) VALUES (581, '100010003202400581', '202400581', '2024-12-22', 5, 3, 1, 3, 3, 6, 1, 1, '2024-12-22 09:00:00', '2024-12-22 11:00:00', '2024-12-22 09:00:00', 12.970485, 77.742282, 'Online Financial Fraud reported beside a metro approach road within Whitefield Police Station limits. Lakshmi Shetty recorded statements and initiated scene verification.');
INSERT INTO Inv_OccuranceTime (CaseMasterID, IncidentFromDate, IncidentToDate, latitude, longitude, PlaceOfOccurrence) VALUES (581, '2024-12-22 09:00:00', '2024-12-22 11:00:00', 12.970485, 77.742282, 'Beside a metro approach road, Whitefield');
INSERT INTO ComplainantDetails (ComplainantID, CaseMasterID, ComplainantName, AgeYear, OccupationID, ReligionID, CasteID, GenderID) VALUES (581, 581, 'Jagadish Joshi', 36, 1, 3, 5, 1);
INSERT INTO ActSectionAssociation (CaseMasterID, ActID, SectionID, ActOrderID, SectionOrderID) VALUES (581, 'IT_ACT', '66D', 1, 1);
INSERT INTO Victim (VictimMasterID, CaseMasterID, VictimName, AgeYear, GenderID, VictimPolice) VALUES (581, 581, 'Tarun Deshpande', 46, 2, '0');
INSERT INTO Accused (AccusedMasterID, CaseMasterID, AccusedName, AgeYear, GenderID, PersonID) VALUES (686, 581, 'Sameer L. Pashan', 41, 1, 'A1');
INSERT INTO ArrestSurrender (ArrestSurrenderID, CaseMasterID, ArrestSurrenderTypeID, ArrestSurrenderDate, ArrestSurrenderStateId, ArrestSurrenderDistrictId, PoliceStationID, IOID, CourtID, AccusedMasterID, IsAccused, IsComplainantAccused) VALUES (278, 581, 1, '2025-01-25', 1, 1, 3, 5, 1, 686, 1, 0);
INSERT INTO inv_arrestsurrenderaccused (ArrestSurrenderID, AccusedMasterID) VALUES (278, 686);
INSERT INTO CaseMaster (CaseMasterID, CrimeNo, CaseNo, CrimeRegisteredDate, PolicePersonID, PoliceStationID, CaseCategoryID, GravityOffenceID, CrimeMajorHeadID, CrimeMinorHeadID, CaseStatusID, CourtID, IncidentFromDate, IncidentToDate, InfoReceivedPSDate, latitude, longitude, BriefFacts) VALUES (582, '100030009202400582', '202400582', '2024-12-05', 17, 9, 1, 2, 1, 10, 2, 3, '2024-12-05 19:00:00', '2024-12-05 21:00:00', '2024-12-05 19:00:00', 12.877110, 74.845270, 'Control room information regarding highway robbery was received from close to a residential layout. IO Basavaraj Patil opened the investigation and secured preliminary evidence.');
INSERT INTO Inv_OccuranceTime (CaseMasterID, IncidentFromDate, IncidentToDate, latitude, longitude, PlaceOfOccurrence) VALUES (582, '2024-12-05 19:00:00', '2024-12-05 21:00:00', 12.877110, 74.845270, 'Close to a residential layout, Kadri');
INSERT INTO ComplainantDetails (ComplainantID, CaseMasterID, ComplainantName, AgeYear, OccupationID, ReligionID, CasteID, GenderID) VALUES (582, 582, 'Ayesha Bhat', 40, 4, 4, 4, 1);
INSERT INTO ActSectionAssociation (CaseMasterID, ActID, SectionID, ActOrderID, SectionOrderID) VALUES (582, 'IPC', '379', 1, 1);
INSERT INTO Victim (VictimMasterID, CaseMasterID, VictimName, AgeYear, GenderID, VictimPolice) VALUES (582, 582, 'Ganesh Khan', 61, 1, '0');
INSERT INTO Accused (AccusedMasterID, CaseMasterID, AccusedName, AgeYear, GenderID, PersonID) VALUES (687, 582, 'Altaf S. Reddy', 33, 1, 'A1');
INSERT INTO ArrestSurrender (ArrestSurrenderID, CaseMasterID, ArrestSurrenderTypeID, ArrestSurrenderDate, ArrestSurrenderStateId, ArrestSurrenderDistrictId, PoliceStationID, IOID, CourtID, AccusedMasterID, IsAccused, IsComplainantAccused) VALUES (279, 582, 1, '2024-12-12', 1, 3, 9, 17, 3, 687, 1, 0);
INSERT INTO inv_arrestsurrenderaccused (ArrestSurrenderID, AccusedMasterID) VALUES (279, 687);
INSERT INTO ChargesheetDetails (CSID, CaseMasterID, csdate, cstype, PolicePersonID) VALUES (350, 582, '2025-01-05 12:00:00', 'A', 17);
INSERT INTO CaseMaster (CaseMasterID, CrimeNo, CaseNo, CrimeRegisteredDate, PolicePersonID, PoliceStationID, CaseCategoryID, GravityOffenceID, CrimeMajorHeadID, CrimeMinorHeadID, CaseStatusID, CourtID, IncidentFromDate, IncidentToDate, InfoReceivedPSDate, latitude, longitude, BriefFacts) VALUES (583, '100010001202400583', '202400583', '2024-12-16', 1, 1, 1, 3, 4, 8, 1, 1, '2024-12-16 09:00:00', '2024-12-16 12:00:00', '2024-12-16 09:00:00', 12.982367, 77.641350, 'Indiranagar Police Station registered the case after an incident near a bus stop. Initial CCTV, witness, and digital-evidence checks were assigned to IO Suresh Kambali.');
INSERT INTO Inv_OccuranceTime (CaseMasterID, IncidentFromDate, IncidentToDate, latitude, longitude, PlaceOfOccurrence) VALUES (583, '2024-12-16 09:00:00', '2024-12-16 12:00:00', 12.982367, 77.641350, 'Near a bus stop, Indiranagar');
INSERT INTO ComplainantDetails (ComplainantID, CaseMasterID, ComplainantName, AgeYear, OccupationID, ReligionID, CasteID, GenderID) VALUES (583, 583, 'Shilpa Patil', 62, 4, 5, 4, 2);
INSERT INTO ActSectionAssociation (CaseMasterID, ActID, SectionID, ActOrderID, SectionOrderID) VALUES (583, 'IPC', '420', 1, 1);
INSERT INTO Victim (VictimMasterID, CaseMasterID, VictimName, AgeYear, GenderID, VictimPolice) VALUES (583, 583, 'Asha Shetty', 70, 1, '0');
INSERT INTO Accused (AccusedMasterID, CaseMasterID, AccusedName, AgeYear, GenderID, PersonID) VALUES (688, 583, 'Rohit Z. Gowda', 20, 1, 'A1');
INSERT INTO CaseMaster (CaseMasterID, CrimeNo, CaseNo, CrimeRegisteredDate, PolicePersonID, PoliceStationID, CaseCategoryID, GravityOffenceID, CrimeMajorHeadID, CrimeMinorHeadID, CaseStatusID, CourtID, IncidentFromDate, IncidentToDate, InfoReceivedPSDate, latitude, longitude, BriefFacts) VALUES (584, '100010002202400584', '202400584', '2024-12-27', 3, 2, 1, 1, 4, 8, 1, 1, '2024-12-27 17:00:00', '2024-12-27 19:00:00', '2024-12-27 17:00:00', 12.925651, 77.628642, 'Complainant reported a suspected cheating incident beside a metro approach road. The matter was registered at Koramangala Police Station and assigned to Prakash Jadhav.');
INSERT INTO Inv_OccuranceTime (CaseMasterID, IncidentFromDate, IncidentToDate, latitude, longitude, PlaceOfOccurrence) VALUES (584, '2024-12-27 17:00:00', '2024-12-27 19:00:00', 12.925651, 77.628642, 'Beside a metro approach road, Koramangala');
INSERT INTO ComplainantDetails (ComplainantID, CaseMasterID, ComplainantName, AgeYear, OccupationID, ReligionID, CasteID, GenderID) VALUES (584, 584, 'Meena Poojary', 32, 2, 4, 5, 1);
INSERT INTO ActSectionAssociation (CaseMasterID, ActID, SectionID, ActOrderID, SectionOrderID) VALUES (584, 'IPC', '420', 1, 1);
INSERT INTO Victim (VictimMasterID, CaseMasterID, VictimName, AgeYear, GenderID, VictimPolice) VALUES (584, 584, 'Tarun Kulkarni', 49, 2, '0');
INSERT INTO Accused (AccusedMasterID, CaseMasterID, AccusedName, AgeYear, GenderID, PersonID) VALUES (689, 584, 'Shiva G. Shetty', 26, 1, 'A1');
INSERT INTO ArrestSurrender (ArrestSurrenderID, CaseMasterID, ArrestSurrenderTypeID, ArrestSurrenderDate, ArrestSurrenderStateId, ArrestSurrenderDistrictId, PoliceStationID, IOID, CourtID, AccusedMasterID, IsAccused, IsComplainantAccused) VALUES (280, 584, 1, '2025-01-03', 1, 1, 2, 3, 1, 689, 1, 0);
INSERT INTO inv_arrestsurrenderaccused (ArrestSurrenderID, AccusedMasterID) VALUES (280, 689);
INSERT INTO CaseMaster (CaseMasterID, CrimeNo, CaseNo, CrimeRegisteredDate, PolicePersonID, PoliceStationID, CaseCategoryID, GravityOffenceID, CrimeMajorHeadID, CrimeMinorHeadID, CaseStatusID, CourtID, IncidentFromDate, IncidentToDate, InfoReceivedPSDate, latitude, longitude, BriefFacts) VALUES (585, '100010005202400585', '202400585', '2024-12-10', 9, 5, 1, 3, 3, 6, 1, 1, '2024-12-10 16:00:00', '2024-12-10 18:00:00', '2024-12-10 16:00:00', 13.009451, 77.554619, 'Control room information regarding online financial fraud was received from on a residential cross road. IO Ramesh Pawar opened the investigation and secured preliminary evidence.');
INSERT INTO Inv_OccuranceTime (CaseMasterID, IncidentFromDate, IncidentToDate, latitude, longitude, PlaceOfOccurrence) VALUES (585, '2024-12-10 16:00:00', '2024-12-10 18:00:00', 13.009451, 77.554619, 'On a residential cross road, Malleshwaram');
INSERT INTO ComplainantDetails (ComplainantID, CaseMasterID, ComplainantName, AgeYear, OccupationID, ReligionID, CasteID, GenderID) VALUES (585, 585, 'Eshwar Rao', 58, 3, 4, 4, 1);
INSERT INTO ActSectionAssociation (CaseMasterID, ActID, SectionID, ActOrderID, SectionOrderID) VALUES (585, 'IT_ACT', '66D', 1, 1);
INSERT INTO Victim (VictimMasterID, CaseMasterID, VictimName, AgeYear, GenderID, VictimPolice) VALUES (585, 585, 'Nikhil Khan', 52, 2, '0');
INSERT INTO Accused (AccusedMasterID, CaseMasterID, AccusedName, AgeYear, GenderID, PersonID) VALUES (690, 585, 'Shiva N. Salim', 35, 1, 'A1');
INSERT INTO ArrestSurrender (ArrestSurrenderID, CaseMasterID, ArrestSurrenderTypeID, ArrestSurrenderDate, ArrestSurrenderStateId, ArrestSurrenderDistrictId, PoliceStationID, IOID, CourtID, AccusedMasterID, IsAccused, IsComplainantAccused) VALUES (281, 585, 1, '2025-01-05', 1, 1, 5, 9, 1, 690, 1, 0);
INSERT INTO inv_arrestsurrenderaccused (ArrestSurrenderID, AccusedMasterID) VALUES (281, 690);
INSERT INTO CaseMaster (CaseMasterID, CrimeNo, CaseNo, CrimeRegisteredDate, PolicePersonID, PoliceStationID, CaseCategoryID, GravityOffenceID, CrimeMajorHeadID, CrimeMinorHeadID, CaseStatusID, CourtID, IncidentFromDate, IncidentToDate, InfoReceivedPSDate, latitude, longitude, BriefFacts) VALUES (586, '100010001202400586', '202400586', '2024-12-21', 1, 1, 1, 3, 3, 7, 1, 1, '2024-12-21 10:00:00', '2024-12-21 12:00:00', '2024-12-21 10:00:00', 12.968665, 77.640734, 'Identity Theft reported beside a metro approach road within Indiranagar Police Station limits. Suresh Kambali recorded statements and initiated scene verification.');
INSERT INTO Inv_OccuranceTime (CaseMasterID, IncidentFromDate, IncidentToDate, latitude, longitude, PlaceOfOccurrence) VALUES (586, '2024-12-21 10:00:00', '2024-12-21 12:00:00', 12.968665, 77.640734, 'Beside a metro approach road, Indiranagar');
INSERT INTO ComplainantDetails (ComplainantID, CaseMasterID, ComplainantName, AgeYear, OccupationID, ReligionID, CasteID, GenderID) VALUES (586, 586, 'Latha Gowda', 51, 6, 4, 2, 2);
INSERT INTO ActSectionAssociation (CaseMasterID, ActID, SectionID, ActOrderID, SectionOrderID) VALUES (586, 'IT_ACT', '66D', 1, 1);
INSERT INTO Victim (VictimMasterID, CaseMasterID, VictimName, AgeYear, GenderID, VictimPolice) VALUES (586, 586, 'Nikhil Gowda', 59, 2, '0');
INSERT INTO Accused (AccusedMasterID, CaseMasterID, AccusedName, AgeYear, GenderID, PersonID) VALUES (691, 586, 'Lokesh U. Shaikh', 39, 1, 'A1');
INSERT INTO CaseMaster (CaseMasterID, CrimeNo, CaseNo, CrimeRegisteredDate, PolicePersonID, PoliceStationID, CaseCategoryID, GravityOffenceID, CrimeMajorHeadID, CrimeMinorHeadID, CaseStatusID, CourtID, IncidentFromDate, IncidentToDate, InfoReceivedPSDate, latitude, longitude, BriefFacts) VALUES (587, '100010001202400587', '202400587', '2024-12-04', 1, 1, 1, 3, 1, 1, 2, 1, '2024-12-04 21:00:00', '2024-12-04 00:00:00', '2024-12-04 21:00:00', 12.981614, 77.633973, 'Control room information regarding automobile theft was received from beside a metro approach road. IO Suresh Kambali opened the investigation and secured preliminary evidence.');
INSERT INTO Inv_OccuranceTime (CaseMasterID, IncidentFromDate, IncidentToDate, latitude, longitude, PlaceOfOccurrence) VALUES (587, '2024-12-04 21:00:00', '2024-12-04 00:00:00', 12.981614, 77.633973, 'Beside a metro approach road, Indiranagar');
INSERT INTO ComplainantDetails (ComplainantID, CaseMasterID, ComplainantName, AgeYear, OccupationID, ReligionID, CasteID, GenderID) VALUES (587, 587, 'Ayesha Fernandes', 47, 5, 2, 4, 2);
INSERT INTO ActSectionAssociation (CaseMasterID, ActID, SectionID, ActOrderID, SectionOrderID) VALUES (587, 'IPC', '379', 1, 1);
INSERT INTO Victim (VictimMasterID, CaseMasterID, VictimName, AgeYear, GenderID, VictimPolice) VALUES (587, 587, 'Roshan Fernandes', 46, 2, '0');
INSERT INTO Accused (AccusedMasterID, CaseMasterID, AccusedName, AgeYear, GenderID, PersonID) VALUES (692, 587, 'Mantu B. Khan', 31, 1, 'A1');
INSERT INTO ChargesheetDetails (CSID, CaseMasterID, csdate, cstype, PolicePersonID) VALUES (351, 587, '2025-01-31 13:00:00', 'A', 1);
INSERT INTO CaseMaster (CaseMasterID, CrimeNo, CaseNo, CrimeRegisteredDate, PolicePersonID, PoliceStationID, CaseCategoryID, GravityOffenceID, CrimeMajorHeadID, CrimeMinorHeadID, CaseStatusID, CourtID, IncidentFromDate, IncidentToDate, InfoReceivedPSDate, latitude, longitude, BriefFacts) VALUES (588, '100010001202400588', '202400588', '2024-12-15', 1, 1, 1, 3, 5, 9, 1, 1, '2024-12-15 14:00:00', '2024-12-15 16:00:00', '2024-12-15 14:00:00', 12.981350, 77.644040, 'Ganja Possession reported outside a commercial complex within Indiranagar Police Station limits. Suresh Kambali recorded statements and initiated scene verification.');
INSERT INTO Inv_OccuranceTime (CaseMasterID, IncidentFromDate, IncidentToDate, latitude, longitude, PlaceOfOccurrence) VALUES (588, '2024-12-15 14:00:00', '2024-12-15 16:00:00', 12.981350, 77.644040, 'Outside a commercial complex, Indiranagar');
INSERT INTO ComplainantDetails (ComplainantID, CaseMasterID, ComplainantName, AgeYear, OccupationID, ReligionID, CasteID, GenderID) VALUES (588, 588, 'Naveena Shetty', 62, 2, 3, 1, 2);
INSERT INTO ActSectionAssociation (CaseMasterID, ActID, SectionID, ActOrderID, SectionOrderID) VALUES (588, 'NDPS', '20', 1, 1);
INSERT INTO Victim (VictimMasterID, CaseMasterID, VictimName, AgeYear, GenderID, VictimPolice) VALUES (588, 588, 'Vinay Rao', 55, 2, '0');
INSERT INTO Accused (AccusedMasterID, CaseMasterID, AccusedName, AgeYear, GenderID, PersonID) VALUES (693, 588, 'Mantu I. Naik', 29, 1, 'A1');
INSERT INTO ArrestSurrender (ArrestSurrenderID, CaseMasterID, ArrestSurrenderTypeID, ArrestSurrenderDate, ArrestSurrenderStateId, ArrestSurrenderDistrictId, PoliceStationID, IOID, CourtID, AccusedMasterID, IsAccused, IsComplainantAccused) VALUES (282, 588, 1, '2025-01-06', 1, 1, 1, 1, 1, 693, 1, 0);
INSERT INTO inv_arrestsurrenderaccused (ArrestSurrenderID, AccusedMasterID) VALUES (282, 693);
INSERT INTO CaseMaster (CaseMasterID, CrimeNo, CaseNo, CrimeRegisteredDate, PolicePersonID, PoliceStationID, CaseCategoryID, GravityOffenceID, CrimeMajorHeadID, CrimeMinorHeadID, CaseStatusID, CourtID, IncidentFromDate, IncidentToDate, InfoReceivedPSDate, latitude, longitude, BriefFacts) VALUES (589, '100050015202400589', '202400589', '2024-12-26', 29, 15, 1, 3, 3, 6, 5, 5, '2024-12-26 15:00:00', '2024-12-26 18:00:00', '2024-12-26 15:00:00', 15.853530, 74.503753, 'Camp Police Station Belagavi registered the case after an incident near the central market. Initial CCTV, witness, and digital-evidence checks were assigned to IO Prakash Patil.');
INSERT INTO Inv_OccuranceTime (CaseMasterID, IncidentFromDate, IncidentToDate, latitude, longitude, PlaceOfOccurrence) VALUES (589, '2024-12-26 15:00:00', '2024-12-26 18:00:00', 15.853530, 74.503753, 'Near the central market, Camp Belagavi');
INSERT INTO ComplainantDetails (ComplainantID, CaseMasterID, ComplainantName, AgeYear, OccupationID, ReligionID, CasteID, GenderID) VALUES (589, 589, 'Jagadish Shetty', 70, 7, 3, 4, 2);
INSERT INTO ActSectionAssociation (CaseMasterID, ActID, SectionID, ActOrderID, SectionOrderID) VALUES (589, 'IT_ACT', '66D', 1, 1);
INSERT INTO Victim (VictimMasterID, CaseMasterID, VictimName, AgeYear, GenderID, VictimPolice) VALUES (589, 589, 'Chaitra Poojary', 55, 1, '0');
INSERT INTO Accused (AccusedMasterID, CaseMasterID, AccusedName, AgeYear, GenderID, PersonID) VALUES (694, 589, 'Mohan P. Reddy', 32, 1, 'A1');
INSERT INTO CaseMaster (CaseMasterID, CrimeNo, CaseNo, CrimeRegisteredDate, PolicePersonID, PoliceStationID, CaseCategoryID, GravityOffenceID, CrimeMajorHeadID, CrimeMinorHeadID, CaseStatusID, CourtID, IncidentFromDate, IncidentToDate, InfoReceivedPSDate, latitude, longitude, BriefFacts) VALUES (590, '100010005202400590', '202400590', '2024-12-09', 9, 5, 1, 3, 1, 3, 3, 1, '2024-12-09 18:00:00', '2024-12-09 19:00:00', '2024-12-09 18:00:00', 12.998411, 77.559642, 'Complainant reported a suspected chain snatching incident beside a metro approach road. The matter was registered at Malleshwaram Police Station and assigned to Ramesh Pawar.');
INSERT INTO Inv_OccuranceTime (CaseMasterID, IncidentFromDate, IncidentToDate, latitude, longitude, PlaceOfOccurrence) VALUES (590, '2024-12-09 18:00:00', '2024-12-09 19:00:00', 12.998411, 77.559642, 'Beside a metro approach road, Malleshwaram');
INSERT INTO ComplainantDetails (ComplainantID, CaseMasterID, ComplainantName, AgeYear, OccupationID, ReligionID, CasteID, GenderID) VALUES (590, 590, 'Kavitha Poojary', 69, 2, 5, 1, 2);
INSERT INTO ActSectionAssociation (CaseMasterID, ActID, SectionID, ActOrderID, SectionOrderID) VALUES (590, 'IPC', '379', 1, 1);
INSERT INTO Victim (VictimMasterID, CaseMasterID, VictimName, AgeYear, GenderID, VictimPolice) VALUES (590, 590, 'Divya Gowda', 60, 1, '0');
INSERT INTO Accused (AccusedMasterID, CaseMasterID, AccusedName, AgeYear, GenderID, PersonID) VALUES (695, 590, 'Salman W. Gowda', 31, 1, 'A1');
INSERT INTO ChargesheetDetails (CSID, CaseMasterID, csdate, cstype, PolicePersonID) VALUES (352, 590, '2025-02-11 14:00:00', 'A', 9);
INSERT INTO CaseMaster (CaseMasterID, CrimeNo, CaseNo, CrimeRegisteredDate, PolicePersonID, PoliceStationID, CaseCategoryID, GravityOffenceID, CrimeMajorHeadID, CrimeMinorHeadID, CaseStatusID, CourtID, IncidentFromDate, IncidentToDate, InfoReceivedPSDate, latitude, longitude, BriefFacts) VALUES (591, '100050016202400591', '202400591', '2024-12-20', 31, 16, 1, 1, 2, 5, 1, 5, '2024-12-20 23:00:00', '2024-12-20 00:00:00', '2024-12-20 23:00:00', 15.837441, 74.514233, 'Tilakwadi Police Station registered the case after an incident beside an industrial access road. Initial CCTV, witness, and digital-evidence checks were assigned to IO Santosh Pawar.');
INSERT INTO Inv_OccuranceTime (CaseMasterID, IncidentFromDate, IncidentToDate, latitude, longitude, PlaceOfOccurrence) VALUES (591, '2024-12-20 23:00:00', '2024-12-20 00:00:00', 15.837441, 74.514233, 'Beside an industrial access road, Tilakwadi');
INSERT INTO ComplainantDetails (ComplainantID, CaseMasterID, ComplainantName, AgeYear, OccupationID, ReligionID, CasteID, GenderID) VALUES (591, 591, 'Naveena Naik', 56, 3, 1, 2, 2);
INSERT INTO ActSectionAssociation (CaseMasterID, ActID, SectionID, ActOrderID, SectionOrderID) VALUES (591, 'IPC', '302', 1, 1);
INSERT INTO Victim (VictimMasterID, CaseMasterID, VictimName, AgeYear, GenderID, VictimPolice) VALUES (591, 591, 'Nikhil Joshi', 72, 2, '0');
INSERT INTO Accused (AccusedMasterID, CaseMasterID, AccusedName, AgeYear, GenderID, PersonID) VALUES (696, 591, 'Mohan D. Reddy', 25, 1, 'A1');
INSERT INTO ArrestSurrender (ArrestSurrenderID, CaseMasterID, ArrestSurrenderTypeID, ArrestSurrenderDate, ArrestSurrenderStateId, ArrestSurrenderDistrictId, PoliceStationID, IOID, CourtID, AccusedMasterID, IsAccused, IsComplainantAccused) VALUES (283, 591, 1, '2024-12-30', 1, 5, 16, 31, 5, 696, 1, 0);
INSERT INTO inv_arrestsurrenderaccused (ArrestSurrenderID, AccusedMasterID) VALUES (283, 696);
INSERT INTO CaseMaster (CaseMasterID, CrimeNo, CaseNo, CrimeRegisteredDate, PolicePersonID, PoliceStationID, CaseCategoryID, GravityOffenceID, CrimeMajorHeadID, CrimeMinorHeadID, CaseStatusID, CourtID, IncidentFromDate, IncidentToDate, InfoReceivedPSDate, latitude, longitude, BriefFacts) VALUES (592, '100020006202400592', '202400592', '2024-12-03', 11, 6, 1, 3, 3, 6, 4, 2, '2024-12-03 11:00:00', '2024-12-03 14:00:00', '2024-12-03 11:00:00', 12.297831, 76.647386, 'Control room information regarding online financial fraud was received from near the central market. IO Anitha Gowda opened the investigation and secured preliminary evidence.');
INSERT INTO Inv_OccuranceTime (CaseMasterID, IncidentFromDate, IncidentToDate, latitude, longitude, PlaceOfOccurrence) VALUES (592, '2024-12-03 11:00:00', '2024-12-03 14:00:00', 12.297831, 76.647386, 'Near the central market, Devaraja');
INSERT INTO ComplainantDetails (ComplainantID, CaseMasterID, ComplainantName, AgeYear, OccupationID, ReligionID, CasteID, GenderID) VALUES (592, 592, 'Nandini Hegde', 32, 1, 1, 3, 2);
INSERT INTO ActSectionAssociation (CaseMasterID, ActID, SectionID, ActOrderID, SectionOrderID) VALUES (592, 'IT_ACT', '66D', 1, 1);
INSERT INTO Victim (VictimMasterID, CaseMasterID, VictimName, AgeYear, GenderID, VictimPolice) VALUES (592, 592, 'Nikhil Hegde', 32, 2, '0');
INSERT INTO Accused (AccusedMasterID, CaseMasterID, AccusedName, AgeYear, GenderID, PersonID) VALUES (697, 592, 'Lokesh K. Jadhav', 43, 1, 'A1');
INSERT INTO ChargesheetDetails (CSID, CaseMasterID, csdate, cstype, PolicePersonID) VALUES (353, 592, '2025-01-10 16:00:00', 'A', 11);
INSERT INTO CaseMaster (CaseMasterID, CrimeNo, CaseNo, CrimeRegisteredDate, PolicePersonID, PoliceStationID, CaseCategoryID, GravityOffenceID, CrimeMajorHeadID, CrimeMinorHeadID, CaseStatusID, CourtID, IncidentFromDate, IncidentToDate, InfoReceivedPSDate, latitude, longitude, BriefFacts) VALUES (593, '100020007202400593', '202400593', '2024-12-14', 13, 7, 1, 3, 1, 3, 1, 2, '2024-12-14 20:00:00', '2024-12-14 22:00:00', '2024-12-14 20:00:00', 12.317395, 76.652365, 'Control room information regarding chain snatching was received from near the inter-city bus stand. IO Suresh Rao opened the investigation and secured preliminary evidence.');
INSERT INTO Inv_OccuranceTime (CaseMasterID, IncidentFromDate, IncidentToDate, latitude, longitude, PlaceOfOccurrence) VALUES (593, '2024-12-14 20:00:00', '2024-12-14 22:00:00', 12.317395, 76.652365, 'Near the inter-city bus stand, Lashkar');
INSERT INTO ComplainantDetails (ComplainantID, CaseMasterID, ComplainantName, AgeYear, OccupationID, ReligionID, CasteID, GenderID) VALUES (593, 593, 'Radha Poojary', 56, 3, 1, 1, 1);
INSERT INTO ActSectionAssociation (CaseMasterID, ActID, SectionID, ActOrderID, SectionOrderID) VALUES (593, 'IPC', '379', 1, 1);
INSERT INTO Victim (VictimMasterID, CaseMasterID, VictimName, AgeYear, GenderID, VictimPolice) VALUES (593, 593, 'Asha Naik', 37, 2, '0');
INSERT INTO Accused (AccusedMasterID, CaseMasterID, AccusedName, AgeYear, GenderID, PersonID) VALUES (698, 593, 'Ajay R. Poojary', 38, 1, 'A1');
INSERT INTO ArrestSurrender (ArrestSurrenderID, CaseMasterID, ArrestSurrenderTypeID, ArrestSurrenderDate, ArrestSurrenderStateId, ArrestSurrenderDistrictId, PoliceStationID, IOID, CourtID, AccusedMasterID, IsAccused, IsComplainantAccused) VALUES (284, 593, 1, '2025-01-10', 1, 2, 7, 13, 2, 698, 1, 0);
INSERT INTO inv_arrestsurrenderaccused (ArrestSurrenderID, AccusedMasterID) VALUES (284, 698);
INSERT INTO CaseMaster (CaseMasterID, CrimeNo, CaseNo, CrimeRegisteredDate, PolicePersonID, PoliceStationID, CaseCategoryID, GravityOffenceID, CrimeMajorHeadID, CrimeMinorHeadID, CaseStatusID, CourtID, IncidentFromDate, IncidentToDate, InfoReceivedPSDate, latitude, longitude, BriefFacts) VALUES (594, '100010003202400594', '202400594', '2024-12-25', 5, 3, 1, 3, 4, 8, 1, 1, '2024-12-25 17:00:00', '2024-12-25 20:00:00', '2024-12-25 17:00:00', 12.962158, 77.757249, 'Control room information regarding cheating was received from outside a commercial complex. IO Lakshmi Shetty opened the investigation and secured preliminary evidence.');
INSERT INTO Inv_OccuranceTime (CaseMasterID, IncidentFromDate, IncidentToDate, latitude, longitude, PlaceOfOccurrence) VALUES (594, '2024-12-25 17:00:00', '2024-12-25 20:00:00', 12.962158, 77.757249, 'Outside a commercial complex, Whitefield');
INSERT INTO ComplainantDetails (ComplainantID, CaseMasterID, ComplainantName, AgeYear, OccupationID, ReligionID, CasteID, GenderID) VALUES (594, 594, 'Jagadish Khan', 72, 2, 5, 4, 1);
INSERT INTO ActSectionAssociation (CaseMasterID, ActID, SectionID, ActOrderID, SectionOrderID) VALUES (594, 'IPC', '420', 1, 1);
INSERT INTO Victim (VictimMasterID, CaseMasterID, VictimName, AgeYear, GenderID, VictimPolice) VALUES (594, 594, 'Asha Joshi', 24, 1, '0');
INSERT INTO Accused (AccusedMasterID, CaseMasterID, AccusedName, AgeYear, GenderID, PersonID) VALUES (699, 594, 'Sameer Y. Shaikh', 44, 1, 'A1');
INSERT INTO ArrestSurrender (ArrestSurrenderID, CaseMasterID, ArrestSurrenderTypeID, ArrestSurrenderDate, ArrestSurrenderStateId, ArrestSurrenderDistrictId, PoliceStationID, IOID, CourtID, AccusedMasterID, IsAccused, IsComplainantAccused) VALUES (285, 594, 1, '2025-01-06', 1, 1, 3, 5, 1, 699, 1, 0);
INSERT INTO inv_arrestsurrenderaccused (ArrestSurrenderID, AccusedMasterID) VALUES (285, 699);
INSERT INTO CaseMaster (CaseMasterID, CrimeNo, CaseNo, CrimeRegisteredDate, PolicePersonID, PoliceStationID, CaseCategoryID, GravityOffenceID, CrimeMajorHeadID, CrimeMinorHeadID, CaseStatusID, CourtID, IncidentFromDate, IncidentToDate, InfoReceivedPSDate, latitude, longitude, BriefFacts) VALUES (595, '100020008202400595', '202400595', '2024-12-08', 15, 8, 1, 2, 5, 9, 3, 2, '2024-12-08 11:00:00', '2024-12-08 14:00:00', '2024-12-08 11:00:00', 12.329115, 76.616388, 'Control room information regarding ganja possession was received from on the ring road service lane. IO Sunil Kulkarni opened the investigation and secured preliminary evidence.');
INSERT INTO Inv_OccuranceTime (CaseMasterID, IncidentFromDate, IncidentToDate, latitude, longitude, PlaceOfOccurrence) VALUES (595, '2024-12-08 11:00:00', '2024-12-08 14:00:00', 12.329115, 76.616388, 'On the ring road service lane, Vijayanagar Mysuru');
INSERT INTO ComplainantDetails (ComplainantID, CaseMasterID, ComplainantName, AgeYear, OccupationID, ReligionID, CasteID, GenderID) VALUES (595, 595, 'Pooja Murthy', 63, 5, 3, 5, 1);
INSERT INTO ActSectionAssociation (CaseMasterID, ActID, SectionID, ActOrderID, SectionOrderID) VALUES (595, 'NDPS', '20', 1, 1);
INSERT INTO Victim (VictimMasterID, CaseMasterID, VictimName, AgeYear, GenderID, VictimPolice) VALUES (595, 595, 'Divya Hegde', 64, 2, '0');
INSERT INTO Accused (AccusedMasterID, CaseMasterID, AccusedName, AgeYear, GenderID, PersonID) VALUES (700, 595, 'Nagesh F. Shetty', 37, 1, 'A1');
INSERT INTO ChargesheetDetails (CSID, CaseMasterID, csdate, cstype, PolicePersonID) VALUES (354, 595, '2025-02-15 11:00:00', 'A', 15);
INSERT INTO CaseMaster (CaseMasterID, CrimeNo, CaseNo, CrimeRegisteredDate, PolicePersonID, PoliceStationID, CaseCategoryID, GravityOffenceID, CrimeMajorHeadID, CrimeMinorHeadID, CaseStatusID, CourtID, IncidentFromDate, IncidentToDate, InfoReceivedPSDate, latitude, longitude, BriefFacts) VALUES (596, '100050015202400596', '202400596', '2024-12-19', 29, 15, 1, 3, 4, 8, 2, 5, '2024-12-19 16:00:00', '2024-12-19 17:00:00', '2024-12-19 16:00:00', 15.852799, 74.492970, 'Complainant reported a suspected cheating incident on the ring road service lane. The matter was registered at Camp Police Station Belagavi and assigned to Prakash Patil.');
INSERT INTO Inv_OccuranceTime (CaseMasterID, IncidentFromDate, IncidentToDate, latitude, longitude, PlaceOfOccurrence) VALUES (596, '2024-12-19 16:00:00', '2024-12-19 17:00:00', 15.852799, 74.492970, 'On the ring road service lane, Camp Belagavi');
INSERT INTO ComplainantDetails (ComplainantID, CaseMasterID, ComplainantName, AgeYear, OccupationID, ReligionID, CasteID, GenderID) VALUES (596, 596, 'Joel Joshi', 48, 7, 5, 5, 1);
INSERT INTO ActSectionAssociation (CaseMasterID, ActID, SectionID, ActOrderID, SectionOrderID) VALUES (596, 'IPC', '420', 1, 1);
INSERT INTO Victim (VictimMasterID, CaseMasterID, VictimName, AgeYear, GenderID, VictimPolice) VALUES (596, 596, 'Asha Naik', 48, 1, '0');
INSERT INTO Accused (AccusedMasterID, CaseMasterID, AccusedName, AgeYear, GenderID, PersonID) VALUES (701, 596, 'Pandu M. Salim', 33, 1, 'A1');
INSERT INTO ChargesheetDetails (CSID, CaseMasterID, csdate, cstype, PolicePersonID) VALUES (355, 596, '2025-01-17 17:00:00', 'A', 29);
INSERT INTO CaseMaster (CaseMasterID, CrimeNo, CaseNo, CrimeRegisteredDate, PolicePersonID, PoliceStationID, CaseCategoryID, GravityOffenceID, CrimeMajorHeadID, CrimeMinorHeadID, CaseStatusID, CourtID, IncidentFromDate, IncidentToDate, InfoReceivedPSDate, latitude, longitude, BriefFacts) VALUES (597, '100020008202400597', '202400597', '2024-12-02', 15, 8, 1, 3, 1, 2, 4, 2, '2024-12-02 23:00:00', '2024-12-02 01:00:00', '2024-12-02 23:00:00', 12.340529, 76.621604, 'House Breaking Night reported near the central market within Vijayanagar Police Station Mysuru limits. Sunil Kulkarni recorded statements and initiated scene verification.');
INSERT INTO Inv_OccuranceTime (CaseMasterID, IncidentFromDate, IncidentToDate, latitude, longitude, PlaceOfOccurrence) VALUES (597, '2024-12-02 23:00:00', '2024-12-02 01:00:00', 12.340529, 76.621604, 'Near the central market, Vijayanagar Mysuru');
INSERT INTO ComplainantDetails (ComplainantID, CaseMasterID, ComplainantName, AgeYear, OccupationID, ReligionID, CasteID, GenderID) VALUES (597, 597, 'Kavitha Fernandes', 66, 3, 1, 3, 2);
INSERT INTO ActSectionAssociation (CaseMasterID, ActID, SectionID, ActOrderID, SectionOrderID) VALUES (597, 'IPC', '379', 1, 1);
INSERT INTO Victim (VictimMasterID, CaseMasterID, VictimName, AgeYear, GenderID, VictimPolice) VALUES (597, 597, 'Divya Kulkarni', 35, 2, '0');
INSERT INTO Accused (AccusedMasterID, CaseMasterID, AccusedName, AgeYear, GenderID, PersonID) VALUES (702, 597, 'Sameer T. Kumar', 44, 1, 'A1');
INSERT INTO ChargesheetDetails (CSID, CaseMasterID, csdate, cstype, PolicePersonID) VALUES (356, 597, '2025-01-18 16:00:00', 'A', 15);
INSERT INTO CaseMaster (CaseMasterID, CrimeNo, CaseNo, CrimeRegisteredDate, PolicePersonID, PoliceStationID, CaseCategoryID, GravityOffenceID, CrimeMajorHeadID, CrimeMinorHeadID, CaseStatusID, CourtID, IncidentFromDate, IncidentToDate, InfoReceivedPSDate, latitude, longitude, BriefFacts) VALUES (598, '100050016202400598', '202400598', '2024-12-13', 31, 16, 1, 2, 1, 1, 1, 5, '2024-12-13 22:00:00', '2024-12-13 00:00:00', '2024-12-13 22:00:00', 15.837090, 74.508882, 'Complainant reported a suspected automobile theft incident near the central market. The matter was registered at Tilakwadi Police Station and assigned to Santosh Pawar.');
INSERT INTO Inv_OccuranceTime (CaseMasterID, IncidentFromDate, IncidentToDate, latitude, longitude, PlaceOfOccurrence) VALUES (598, '2024-12-13 22:00:00', '2024-12-13 00:00:00', 15.837090, 74.508882, 'Near the central market, Tilakwadi');
INSERT INTO ComplainantDetails (ComplainantID, CaseMasterID, ComplainantName, AgeYear, OccupationID, ReligionID, CasteID, GenderID) VALUES (598, 598, 'Anand Poojary', 69, 2, 3, 2, 1);
INSERT INTO ActSectionAssociation (CaseMasterID, ActID, SectionID, ActOrderID, SectionOrderID) VALUES (598, 'IPC', '379', 1, 1);
INSERT INTO Victim (VictimMasterID, CaseMasterID, VictimName, AgeYear, GenderID, VictimPolice) VALUES (598, 598, 'Manoj Hegde', 22, 1, '0');
INSERT INTO Accused (AccusedMasterID, CaseMasterID, AccusedName, AgeYear, GenderID, PersonID) VALUES (703, 598, 'Shiva A. Jadhav', 27, 1, 'A1');
INSERT INTO ChargesheetDetails (CSID, CaseMasterID, csdate, cstype, PolicePersonID) VALUES (357, 598, '2025-02-24 10:00:00', 'A', 31);
INSERT INTO CaseMaster (CaseMasterID, CrimeNo, CaseNo, CrimeRegisteredDate, PolicePersonID, PoliceStationID, CaseCategoryID, GravityOffenceID, CrimeMajorHeadID, CrimeMinorHeadID, CaseStatusID, CourtID, IncidentFromDate, IncidentToDate, InfoReceivedPSDate, latitude, longitude, BriefFacts) VALUES (599, '100020006202400599', '202400599', '2024-12-24', 11, 6, 1, 2, 2, 5, 1, 2, '2024-12-24 11:00:00', '2024-12-24 12:00:00', '2024-12-24 11:00:00', 12.314069, 76.649937, 'Complainant reported a suspected grievous hurt incident on the ring road service lane. The matter was registered at Devaraja Police Station and assigned to Anitha Gowda.');
INSERT INTO Inv_OccuranceTime (CaseMasterID, IncidentFromDate, IncidentToDate, latitude, longitude, PlaceOfOccurrence) VALUES (599, '2024-12-24 11:00:00', '2024-12-24 12:00:00', 12.314069, 76.649937, 'On the ring road service lane, Devaraja');
INSERT INTO ComplainantDetails (ComplainantID, CaseMasterID, ComplainantName, AgeYear, OccupationID, ReligionID, CasteID, GenderID) VALUES (599, 599, 'Farhan Gowda', 64, 1, 3, 2, 2);
INSERT INTO ActSectionAssociation (CaseMasterID, ActID, SectionID, ActOrderID, SectionOrderID) VALUES (599, 'IPC', '302', 1, 1);
INSERT INTO Victim (VictimMasterID, CaseMasterID, VictimName, AgeYear, GenderID, VictimPolice) VALUES (599, 599, 'Tarun Rao', 53, 1, '0');
INSERT INTO Accused (AccusedMasterID, CaseMasterID, AccusedName, AgeYear, GenderID, PersonID) VALUES (704, 599, 'Tukaram H. Verma', 20, 1, 'A1');
INSERT INTO CaseMaster (CaseMasterID, CrimeNo, CaseNo, CrimeRegisteredDate, PolicePersonID, PoliceStationID, CaseCategoryID, GravityOffenceID, CrimeMajorHeadID, CrimeMinorHeadID, CaseStatusID, CourtID, IncidentFromDate, IncidentToDate, InfoReceivedPSDate, latitude, longitude, BriefFacts) VALUES (600, '100030010202400600', '202400600', '2024-12-07', 19, 10, 1, 2, 2, 5, 1, 3, '2024-12-07 16:00:00', '2024-12-07 19:00:00', '2024-12-07 16:00:00', 12.861409, 74.845327, 'Pandeshwar Police Station registered the case after an incident near the inter-city bus stand. Initial CCTV, witness, and digital-evidence checks were assigned to IO Shankar Rao.');
INSERT INTO Inv_OccuranceTime (CaseMasterID, IncidentFromDate, IncidentToDate, latitude, longitude, PlaceOfOccurrence) VALUES (600, '2024-12-07 16:00:00', '2024-12-07 19:00:00', 12.861409, 74.845327, 'Near the inter-city bus stand, Pandeshwar');
INSERT INTO ComplainantDetails (ComplainantID, CaseMasterID, ComplainantName, AgeYear, OccupationID, ReligionID, CasteID, GenderID) VALUES (600, 600, 'Chetan Kulkarni', 34, 6, 3, 1, 1);
INSERT INTO ActSectionAssociation (CaseMasterID, ActID, SectionID, ActOrderID, SectionOrderID) VALUES (600, 'IPC', '302', 1, 1);
INSERT INTO Victim (VictimMasterID, CaseMasterID, VictimName, AgeYear, GenderID, VictimPolice) VALUES (600, 600, 'Divya Rao', 44, 1, '0');
INSERT INTO Accused (AccusedMasterID, CaseMasterID, AccusedName, AgeYear, GenderID, PersonID) VALUES (705, 600, 'Altaf O. Khan', 20, 1, 'A1');
INSERT INTO Accused (AccusedMasterID, CaseMasterID, AccusedName, AgeYear, GenderID, PersonID) VALUES (706, 600, 'Shiva Z. Patil', 30, 1, 'A2');